[?2026h[?25l[1Gpulling manifest ⠋ [K[?25h[?2026l[?2026h[?25l[1Gpulling manifest ⠙ [K[?25h[?2026l[?2026h[?25l[1Gpulling manifest ⠹ [K[?25h[?2026l[?2026h[?25l[1Gpulling manifest ⠸ [K[?25h[?2026l[?2026h[?25l[1Gpulling manifest ⠼ [K[?25h[?2026l[?2026h[?25l[1Gpulling manifest ⠴ [K[?25h[?2026l[?2026h[?25l[1Gpulling manifest [K
pulling 633fc5be925f:  63% ▕███████████       ▏ 1.4 GB/2.2 GB                  [K[?25h[?2026l[?2026h[?25l[A[1Gpulling manifest [K
pulling 633fc5be925f:  64% ▕███████████       ▏ 1.4 GB/2.2 GB                  [K[?25h[?2026l[?2026h[?25l[A[1Gpulling manifest [K
pulling 633fc5be925f:  64% ▕███████████       ▏ 1.4 GB/2.2 GB                  [K[?25h[?2026l[?2026h[?25l[A[1Gpulling manifest [K
pulling 633fc5be925f:  64% ▕███████████       ▏ 1.4 GB/2.2 GB                  [K[?25h[?2026l[?2026h[?25l[A[1Gpulling manifest [K
pulling 633fc5be925f:  64% ▕███████████       ▏ 1.4 GB/2.2 GB                  [K[?25h[?2026l[?2026h[?25l[A[1Gpulling manifest [K
pulling 633fc5be925f:  64% ▕███████████       ▏ 1.4 GB/2.2 GB                  [K[?25h[?2026l[?2026h[?25l[A[1Gpulling manifest [K
pulling 633fc5be925f:  64% ▕███████████       ▏ 1.4 GB/2.2 GB                  [K[?25h[?2026l[?2026h[?25l[A[1Gpulling manifest [K
pulling 633fc5be925f:  64% ▕███████████       ▏ 1.4 GB/2.2 GB                  [K[?25h[?2026l[?2026h[?25l[A[1Gpulling manifest [K
pulling 633fc5be925f:  64% ▕███████████       ▏ 1.4 GB/2.2 GB                  [K[?25h[?2026l[?2026h[?25l[A[1Gpulling manifest [K
pulling 633fc5be925f:  64% ▕███████████       ▏ 1.4 GB/2.2 GB                  [K[?25h[?2026l[?2026h[?25l[A[1Gpulling manifest [K
pulling 633fc5be925f:  64% ▕███████████       ▏ 1.4 GB/2.2 GB                  [K[?25h[?2026l[?2026h[?25l[A[1Gpulling manifest [K
pulling 633fc5be925f:  64% ▕███████████       ▏ 1.4 GB/2.2 GB   12 MB/s    1m2s[K[?25h[?2026l[?2026h[?25l[A[1Gpulling manifest [K
pulling 633fc5be925f:  64% ▕███████████       ▏ 1.4 GB/2.2 GB   12 MB/s    1m2s[K[?25h[?2026l[?2026h[?25l[A[1Gpulling manifest [K
pulling 633fc5be925f:  64% ▕███████████       ▏ 1.4 GB/2.2 GB   12 MB/s    1m2s[K[?25h[?2026l[?2026h[?25l[A[1Gpulling manifest [K
pulling 633fc5be925f:  64% ▕███████████       ▏ 1.4 GB/2.2 GB   12 MB/s    1m2s[K[?25h[?2026l[?2026h[?25l[A[1Gpulling manifest [K
pulling 633fc5be925f:  64% ▕███████████       ▏ 1.4 GB/2.2 GB   12 MB/s    1m2s[K[?25h[?2026l[?2026h[?25l[A[1Gpulling manifest [K
pulling 633fc5be925f:  64% ▕███████████       ▏ 1.4 GB/2.2 GB   12 MB/s    1m2s[K[?25h[?2026l[?2026h[?25l[A[1Gpulling manifest [K
pulling 633fc5be925f:  64% ▕███████████       ▏ 1.4 GB/2.2 GB   12 MB/s    1m2s[K[?25h[?2026l[?2026h[?25l[A[1Gpulling manifest [K
pulling 633fc5be925f:  64% ▕███████████       ▏ 1.4 GB/2.2 GB   12 MB/s    1m2s[K[?25h[?2026l[?2026h[?25l[A[1Gpulling manifest [K
pulling 633fc5be925f:  65% ▕███████████       ▏ 1.4 GB/2.2 GB   12 MB/s    1m2s[K[?25h[?2026l[?2026h[?25l[A[1Gpulling manifest [K
pulling 633fc5be925f:  65% ▕███████████       ▏ 1.4 GB/2.2 GB   12 MB/s    1m2s[K[?25h[?2026l[?2026h[?25l[A[1Gpulling manifest [K
pulling 633fc5be925f:  65% ▕███████████       ▏ 1.4 GB/2.2 GB   12 MB/s    1m1s[K[?25h[?2026l[?2026h[?25l[A[1Gpulling manifest [K
pulling 633fc5be925f:  65% ▕███████████       ▏ 1.4 GB/2.2 GB   12 MB/s    1m1s[K[?25h[?2026l[?2026h[?25l[A[1Gpulling manifest [K
pulling 633fc5be925f:  65% ▕███████████       ▏ 1.4 GB/2.2 GB   12 MB/s    1m1s[K[?25h[?2026l[?2026h[?25l[A[1Gpulling manifest [K
pulling 633fc5be925f:  65% ▕███████████       ▏ 1.4 GB/2.2 GB   12 MB/s    1m1s[K[?25h[?2026l[?2026h[?25l[A[1Gpulling manifest [K
pulling 633fc5be925f:  65% ▕███████████       ▏ 1.4 GB/2.2 GB   12 MB/s    1m1s[K[?25h[?2026l[?2026h[?25l[A[1Gpulling manifest [K
pulling 633fc5be925f:  65% ▕███████████       ▏ 1.4 GB/2.2 GB   12 MB/s    1m1s[K[?25h[?2026l[?2026h[?25l[A[1Gpulling manifest [K
pulling 633fc5be925f:  65% ▕███████████       ▏ 1.4 GB/2.2 GB   12 MB/s    1m1s[K[?25h[?2026l[?2026h[?25l[A[1Gpulling manifest [K
pulling 633fc5be925f:  65% ▕███████████       ▏ 1.4 GB/2.2 GB   12 MB/s    1m1s[K[?25h[?2026l[?2026h[?25l[A[1Gpulling manifest [K
pulling 633fc5be925f:  65% ▕███████████       ▏ 1.4 GB/2.2 GB   12 MB/s    1m1s[K[?25h[?2026l[?2026h[?25l[A[1Gpulling manifest [K
pulling 633fc5be925f:  65% ▕███████████       ▏ 1.4 GB/2.2 GB   12 MB/s    1m0s[K[?25h[?2026l[?2026h[?25l[A[1Gpulling manifest [K
pulling 633fc5be925f:  65% ▕███████████       ▏ 1.4 GB/2.2 GB   12 MB/s     58s[K[?25h[?2026l[?2026h[?25l[A[1Gpulling manifest [K
pulling 633fc5be925f:  65% ▕███████████       ▏ 1.4 GB/2.2 GB   12 MB/s     58s[K[?25h[?2026l[?2026h[?25l[A[1Gpulling manifest [K
pulling 633fc5be925f:  65% ▕███████████       ▏ 1.4 GB/2.2 GB   12 MB/s     58s[K[?25h[?2026l[?2026h[?25l[A[1Gpulling manifest [K
pulling 633fc5be925f:  65% ▕███████████       ▏ 1.4 GB/2.2 GB   12 MB/s     58s[K[?25h[?2026l[?2026h[?25l[A[1Gpulling manifest [K
pulling 633fc5be925f:  66% ▕███████████       ▏ 1.4 GB/2.2 GB   12 MB/s     58s[K[?25h[?2026l[?2026h[?25l[A[1Gpulling manifest [K
pulling 633fc5be925f:  66% ▕███████████       ▏ 1.4 GB/2.2 GB   12 MB/s     58s[K[?25h[?2026l[?2026h[?25l[A[1Gpulling manifest [K
pulling 633fc5be925f:  66% ▕███████████       ▏ 1.4 GB/2.2 GB   12 MB/s     58s[K[?25h[?2026l[?2026h[?25l[A[1Gpulling manifest [K
pulling 633fc5be925f:  66% ▕███████████       ▏ 1.4 GB/2.2 GB   12 MB/s     58s[K[?25h[?2026l[?2026h[?25l[A[1Gpulling manifest [K
pulling 633fc5be925f:  66% ▕███████████       ▏ 1.4 GB/2.2 GB   12 MB/s     57s[K[?25h[?2026l[?2026h[?25l[A[1Gpulling manifest [K
pulling 633fc5be925f:  66% ▕███████████       ▏ 1.4 GB/2.2 GB   12 MB/s     57s[K[?25h[?2026l[?2026h[?25l[A[1Gpulling manifest [K
pulling 633fc5be925f:  66% ▕███████████       ▏ 1.4 GB/2.2 GB   13 MB/s     57s[K[?25h[?2026l[?2026h[?25l[A[1Gpulling manifest [K
pulling 633fc5be925f:  66% ▕███████████       ▏ 1.4 GB/2.2 GB   13 MB/s     56s[K[?25h[?2026l[?2026h[?25l[A[1Gpulling manifest [K
pulling 633fc5be925f:  66% ▕███████████       ▏ 1.4 GB/2.2 GB   13 MB/s     56s[K[?25h[?2026l[?2026h[?25l[A[1Gpulling manifest [K
pulling 633fc5be925f:  66% ▕███████████       ▏ 1.4 GB/2.2 GB   13 MB/s     56s[K[?25h[?2026l[?2026h[?25l[A[1Gpulling manifest [K
pulling 633fc5be925f:  66% ▕███████████       ▏ 1.4 GB/2.2 GB   13 MB/s     56s[K[?25h[?2026l[?2026h[?25l[A[1Gpulling manifest [K
pulling 633fc5be925f:  66% ▕███████████       ▏ 1.4 GB/2.2 GB   13 MB/s     56s[K[?25h[?2026l[?2026h[?25l[A[1Gpulling manifest [K
pulling 633fc5be925f:  66% ▕███████████       ▏ 1.4 GB/2.2 GB   13 MB/s     56s[K[?25h[?2026l[?2026h[?25l[A[1Gpulling manifest [K
pulling 633fc5be925f:  66% ▕███████████       ▏ 1.4 GB/2.2 GB   13 MB/s     56s[K[?25h[?2026l[?2026h[?25l[A[1Gpulling manifest [K
pulling 633fc5be925f:  66% ▕███████████       ▏ 1.4 GB/2.2 GB   13 MB/s     56s[K[?25h[?2026l[?2026h[?25l[A[1Gpulling manifest [K
pulling 633fc5be925f:  66% ▕███████████       ▏ 1.4 GB/2.2 GB   13 MB/s     56s[K[?25h[?2026l[?2026h[?25l[A[1Gpulling manifest [K
pulling 633fc5be925f:  66% ▕███████████       ▏ 1.4 GB/2.2 GB   13 MB/s     55s[K[?25h[?2026l[?2026h[?25l[A[1Gpulling manifest [K
pulling 633fc5be925f:  67% ▕███████████       ▏ 1.4 GB/2.2 GB   13 MB/s     55s[K[?25h[?2026l[?2026h[?25l[A[1Gpulling manifest [K
pulling 633fc5be925f:  67% ▕███████████       ▏ 1.4 GB/2.2 GB   13 MB/s     55s[K[?25h[?2026l[?2026h[?25l[A[1Gpulling manifest [K
pulling 633fc5be925f:  67% ▕████████████      ▏ 1.5 GB/2.2 GB   13 MB/s     55s[K[?25h[?2026l[?2026h[?25l[A[1Gpulling manifest [K
pulling 633fc5be925f:  67% ▕████████████      ▏ 1.5 GB/2.2 GB   13 MB/s     55s[K[?25h[?2026l[?2026h[?25l[A[1Gpulling manifest [K
pulling 633fc5be925f:  67% ▕████████████      ▏ 1.5 GB/2.2 GB   13 MB/s     55s[K[?25h[?2026l[?2026h[?25l[A[1Gpulling manifest [K
pulling 633fc5be925f:  67% ▕████████████      ▏ 1.5 GB/2.2 GB   13 MB/s     55s[K[?25h[?2026l[?2026h[?25l[A[1Gpulling manifest [K
pulling 633fc5be925f:  67% ▕████████████      ▏ 1.5 GB/2.2 GB   13 MB/s     55s[K[?25h[?2026l[?2026h[?25l[A[1Gpulling manifest [K
pulling 633fc5be925f:  67% ▕████████████      ▏ 1.5 GB/2.2 GB   13 MB/s     55s[K[?25h[?2026l[?2026h[?25l[A[1Gpulling manifest [K
pulling 633fc5be925f:  67% ▕████████████      ▏ 1.5 GB/2.2 GB   13 MB/s     54s[K[?25h[?2026l[?2026h[?25l[A[1Gpulling manifest [K
pulling 633fc5be925f:  67% ▕████████████      ▏ 1.5 GB/2.2 GB   13 MB/s     54s[K[?25h[?2026l[?2026h[?25l[A[1Gpulling manifest [K
pulling 633fc5be925f:  67% ▕████████████      ▏ 1.5 GB/2.2 GB   13 MB/s     53s[K[?25h[?2026l[?2026h[?25l[A[1Gpulling manifest [K
pulling 633fc5be925f:  67% ▕████████████      ▏ 1.5 GB/2.2 GB   13 MB/s     53s[K[?25h[?2026l[?2026h[?25l[A[1Gpulling manifest [K
pulling 633fc5be925f:  67% ▕████████████      ▏ 1.5 GB/2.2 GB   13 MB/s     53s[K[?25h[?2026l[?2026h[?25l[A[1Gpulling manifest [K
pulling 633fc5be925f:  67% ▕████████████      ▏ 1.5 GB/2.2 GB   13 MB/s     53s[K[?25h[?2026l[?2026h[?25l[A[1Gpulling manifest [K
pulling 633fc5be925f:  67% ▕████████████      ▏ 1.5 GB/2.2 GB   13 MB/s     53s[K[?25h[?2026l[?2026h[?25l[A[1Gpulling manifest [K
pulling 633fc5be925f:  68% ▕████████████      ▏ 1.5 GB/2.2 GB   13 MB/s     53s[K[?25h[?2026l[?2026h[?25l[A[1Gpulling manifest [K
pulling 633fc5be925f:  68% ▕████████████      ▏ 1.5 GB/2.2 GB   13 MB/s     53s[K[?25h[?2026l[?2026h[?25l[A[1Gpulling manifest [K
pulling 633fc5be925f:  68% ▕████████████      ▏ 1.5 GB/2.2 GB   13 MB/s     53s[K[?25h[?2026l[?2026h[?25l[A[1Gpulling manifest [K
pulling 633fc5be925f:  68% ▕████████████      ▏ 1.5 GB/2.2 GB   13 MB/s     53s[K[?25h[?2026l[?2026h[?25l[A[1Gpulling manifest [K
pulling 633fc5be925f:  68% ▕████████████      ▏ 1.5 GB/2.2 GB   13 MB/s     52s[K[?25h[?2026l[?2026h[?25l[A[1Gpulling manifest [K
pulling 633fc5be925f:  68% ▕████████████      ▏ 1.5 GB/2.2 GB   13 MB/s     51s[K[?25h[?2026l[?2026h[?25l[A[1Gpulling manifest [K
pulling 633fc5be925f:  68% ▕████████████      ▏ 1.5 GB/2.2 GB   13 MB/s     51s[K[?25h[?2026l[?2026h[?25l[A[1Gpulling manifest [K
pulling 633fc5be925f:  68% ▕████████████      ▏ 1.5 GB/2.2 GB   13 MB/s     51s[K[?25h[?2026l[?2026h[?25l[A[1Gpulling manifest [K
pulling 633fc5be925f:  68% ▕████████████      ▏ 1.5 GB/2.2 GB   13 MB/s     51s[K[?25h[?2026l[?2026h[?25l[A[1Gpulling manifest [K
pulling 633fc5be925f:  68% ▕████████████      ▏ 1.5 GB/2.2 GB   13 MB/s     51s[K[?25h[?2026l[?2026h[?25l[A[1Gpulling manifest [K
pulling 633fc5be925f:  68% ▕████████████      ▏ 1.5 GB/2.2 GB   13 MB/s     51s[K[?25h[?2026l[?2026h[?25l[A[1Gpulling manifest [K
pulling 633fc5be925f:  68% ▕████████████      ▏ 1.5 GB/2.2 GB   13 MB/s     51s[K[?25h[?2026l[?2026h[?25l[A[1Gpulling manifest [K
pulling 633fc5be925f:  68% ▕████████████      ▏ 1.5 GB/2.2 GB   13 MB/s     51s[K[?25h[?2026l[?2026h[?25l[A[1Gpulling manifest [K
pulling 633fc5be925f:  68% ▕████████████      ▏ 1.5 GB/2.2 GB   13 MB/s     51s[K[?25h[?2026l[?2026h[?25l[A[1Gpulling manifest [K
pulling 633fc5be925f:  68% ▕████████████      ▏ 1.5 GB/2.2 GB   13 MB/s     50s[K[?25h[?2026l[?2026h[?25l[A[1Gpulling manifest [K
pulling 633fc5be925f:  68% ▕████████████      ▏ 1.5 GB/2.2 GB   13 MB/s     50s[K[?25h[?2026l[?2026h[?25l[A[1Gpulling manifest [K
pulling 633fc5be925f:  69% ▕████████████      ▏ 1.5 GB/2.2 GB   13 MB/s     50s[K[?25h[?2026l[?2026h[?25l[A[1Gpulling manifest [K
pulling 633fc5be925f:  69% ▕████████████      ▏ 1.5 GB/2.2 GB   13 MB/s     50s[K[?25h[?2026l[?2026h[?25l[A[1Gpulling manifest [K
pulling 633fc5be925f:  69% ▕████████████      ▏ 1.5 GB/2.2 GB   13 MB/s     50s[K[?25h[?2026l[?2026h[?25l[A[1Gpulling manifest [K
pulling 633fc5be925f:  69% ▕████████████      ▏ 1.5 GB/2.2 GB   13 MB/s     50s[K[?25h[?2026l[?2026h[?25l[A[1Gpulling manifest [K
pulling 633fc5be925f:  69% ▕████████████      ▏ 1.5 GB/2.2 GB   13 MB/s     50s[K[?25h[?2026l[?2026h[?25l[A[1Gpulling manifest [K
pulling 633fc5be925f:  69% ▕████████████      ▏ 1.5 GB/2.2 GB   13 MB/s     50s[K[?25h[?2026l[?2026h[?25l[A[1Gpulling manifest [K
pulling 633fc5be925f:  69% ▕████████████      ▏ 1.5 GB/2.2 GB   13 MB/s     50s[K[?25h[?2026l[?2026h[?25l[A[1Gpulling manifest [K
pulling 633fc5be925f:  69% ▕████████████      ▏ 1.5 GB/2.2 GB   13 MB/s     49s[K[?25h[?2026l[?2026h[?25l[A[1Gpulling manifest [K
pulling 633fc5be925f:  69% ▕████████████      ▏ 1.5 GB/2.2 GB   13 MB/s     49s[K[?25h[?2026l[?2026h[?25l[A[1Gpulling manifest [K
pulling 633fc5be925f:  69% ▕████████████      ▏ 1.5 GB/2.2 GB   13 MB/s     49s[K[?25h[?2026l[?2026h[?25l[A[1Gpulling manifest [K
pulling 633fc5be925f:  69% ▕████████████      ▏ 1.5 GB/2.2 GB   13 MB/s     49s[K[?25h[?2026l[?2026h[?25l[A[1Gpulling manifest [K
pulling 633fc5be925f:  69% ▕████████████      ▏ 1.5 GB/2.2 GB   13 MB/s     49s[K[?25h[?2026l[?2026h[?25l[A[1Gpulling manifest [K
pulling 633fc5be925f:  69% ▕████████████      ▏ 1.5 GB/2.2 GB   13 MB/s     49s[K[?25h[?2026l[?2026h[?25l[A[1Gpulling manifest [K
pulling 633fc5be925f:  69% ▕████████████      ▏ 1.5 GB/2.2 GB   13 MB/s     49s[K[?25h[?2026l[?2026h[?25l[A[1Gpulling manifest [K
pulling 633fc5be925f:  69% ▕████████████      ▏ 1.5 GB/2.2 GB   13 MB/s     49s[K[?25h[?2026l[?2026h[?25l[A[1Gpulling manifest [K
pulling 633fc5be925f:  69% ▕████████████      ▏ 1.5 GB/2.2 GB   13 MB/s     49s[K[?25h[?2026l[?2026h[?25l[A[1Gpulling manifest [K
pulling 633fc5be925f:  70% ▕████████████      ▏ 1.5 GB/2.2 GB   13 MB/s     49s[K[?25h[?2026l[?2026h[?25l[A[1Gpulling manifest [K
pulling 633fc5be925f:  70% ▕████████████      ▏ 1.5 GB/2.2 GB   13 MB/s     49s[K[?25h[?2026l[?2026h[?25l[A[1Gpulling manifest [K
pulling 633fc5be925f:  70% ▕████████████      ▏ 1.5 GB/2.2 GB   13 MB/s     48s[K[?25h[?2026l[?2026h[?25l[A[1Gpulling manifest [K
pulling 633fc5be925f:  70% ▕████████████      ▏ 1.5 GB/2.2 GB   13 MB/s     48s[K[?25h[?2026l[?2026h[?25l[A[1Gpulling manifest [K
pulling 633fc5be925f:  70% ▕████████████      ▏ 1.5 GB/2.2 GB   13 MB/s     48s[K[?25h[?2026l[?2026h[?25l[A[1Gpulling manifest [K
pulling 633fc5be925f:  70% ▕████████████      ▏ 1.5 GB/2.2 GB   13 MB/s     48s[K[?25h[?2026l[?2026h[?25l[A[1Gpulling manifest [K
pulling 633fc5be925f:  70% ▕████████████      ▏ 1.5 GB/2.2 GB   13 MB/s     48s[K[?25h[?2026l[?2026h[?25l[A[1Gpulling manifest [K
pulling 633fc5be925f:  70% ▕████████████      ▏ 1.5 GB/2.2 GB   13 MB/s     48s[K[?25h[?2026l[?2026h[?25l[A[1Gpulling manifest [K
pulling 633fc5be925f:  70% ▕████████████      ▏ 1.5 GB/2.2 GB   13 MB/s     48s[K[?25h[?2026l[?2026h[?25l[A[1Gpulling manifest [K
pulling 633fc5be925f:  70% ▕████████████      ▏ 1.5 GB/2.2 GB   13 MB/s     48s[K[?25h[?2026l[?2026h[?25l[A[1Gpulling manifest [K
pulling 633fc5be925f:  70% ▕████████████      ▏ 1.5 GB/2.2 GB   13 MB/s     47s[K[?25h[?2026l[?2026h[?25l[A[1Gpulling manifest [K
pulling 633fc5be925f:  70% ▕████████████      ▏ 1.5 GB/2.2 GB   13 MB/s     47s[K[?25h[?2026l[?2026h[?25l[A[1Gpulling manifest [K
pulling 633fc5be925f:  70% ▕████████████      ▏ 1.5 GB/2.2 GB   13 MB/s     47s[K[?25h[?2026l[?2026h[?25l[A[1Gpulling manifest [K
pulling 633fc5be925f:  70% ▕████████████      ▏ 1.5 GB/2.2 GB   13 MB/s     47s[K[?25h[?2026l[?2026h[?25l[A[1Gpulling manifest [K
pulling 633fc5be925f:  70% ▕████████████      ▏ 1.5 GB/2.2 GB   13 MB/s     47s[K[?25h[?2026l[?2026h[?25l[A[1Gpulling manifest [K
pulling 633fc5be925f:  70% ▕████████████      ▏ 1.5 GB/2.2 GB   13 MB/s     47s[K[?25h[?2026l[?2026h[?25l[A[1Gpulling manifest [K
pulling 633fc5be925f:  70% ▕████████████      ▏ 1.5 GB/2.2 GB   13 MB/s     47s[K[?25h[?2026l[?2026h[?25l[A[1Gpulling manifest [K
pulling 633fc5be925f:  70% ▕████████████      ▏ 1.5 GB/2.2 GB   13 MB/s     47s[K[?25h[?2026l[?2026h[?25l[A[1Gpulling manifest [K
pulling 633fc5be925f:  71% ▕████████████      ▏ 1.5 GB/2.2 GB   13 MB/s     46s[K[?25h[?2026l[?2026h[?25l[A[1Gpulling manifest [K
pulling 633fc5be925f:  71% ▕████████████      ▏ 1.5 GB/2.2 GB   13 MB/s     46s[K[?25h[?2026l[?2026h[?25l[A[1Gpulling manifest [K
pulling 633fc5be925f:  71% ▕████████████      ▏ 1.5 GB/2.2 GB   13 MB/s     46s[K[?25h[?2026l[?2026h[?25l[A[1Gpulling manifest [K
pulling 633fc5be925f:  71% ▕████████████      ▏ 1.5 GB/2.2 GB   13 MB/s     46s[K[?25h[?2026l[?2026h[?25l[A[1Gpulling manifest [K
pulling 633fc5be925f:  71% ▕████████████      ▏ 1.5 GB/2.2 GB   13 MB/s     46s[K[?25h[?2026l[?2026h[?25l[A[1Gpulling manifest [K
pulling 633fc5be925f:  71% ▕████████████      ▏ 1.5 GB/2.2 GB   13 MB/s     46s[K[?25h[?2026l[?2026h[?25l[A[1Gpulling manifest [K
pulling 633fc5be925f:  71% ▕████████████      ▏ 1.5 GB/2.2 GB   13 MB/s     46s[K[?25h[?2026l[?2026h[?25l[A[1Gpulling manifest [K
pulling 633fc5be925f:  71% ▕████████████      ▏ 1.5 GB/2.2 GB   13 MB/s     46s[K[?25h[?2026l[?2026h[?25l[A[1Gpulling manifest [K
pulling 633fc5be925f:  71% ▕████████████      ▏ 1.5 GB/2.2 GB   13 MB/s     46s[K[?25h[?2026l[?2026h[?25l[A[1Gpulling manifest [K
pulling 633fc5be925f:  71% ▕████████████      ▏ 1.5 GB/2.2 GB   13 MB/s     46s[K[?25h[?2026l[?2026h[?25l[A[1Gpulling manifest [K
pulling 633fc5be925f:  71% ▕████████████      ▏ 1.5 GB/2.2 GB   13 MB/s     46s[K[?25h[?2026l[?2026h[?25l[A[1Gpulling manifest [K
pulling 633fc5be925f:  71% ▕████████████      ▏ 1.5 GB/2.2 GB   13 MB/s     45s[K[?25h[?2026l[?2026h[?25l[A[1Gpulling manifest [K
pulling 633fc5be925f:  71% ▕████████████      ▏ 1.6 GB/2.2 GB   13 MB/s     45s[K[?25h[?2026l[?2026h[?25l[A[1Gpulling manifest [K
pulling 633fc5be925f:  71% ▕████████████      ▏ 1.6 GB/2.2 GB   13 MB/s     45s[K[?25h[?2026l[?2026h[?25l[A[1Gpulling manifest [K
pulling 633fc5be925f:  71% ▕████████████      ▏ 1.6 GB/2.2 GB   13 MB/s     45s[K[?25h[?2026l[?2026h[?25l[A[1Gpulling manifest [K
pulling 633fc5be925f:  71% ▕████████████      ▏ 1.6 GB/2.2 GB   13 MB/s     45s[K[?25h[?2026l[?2026h[?25l[A[1Gpulling manifest [K
pulling 633fc5be925f:  72% ▕████████████      ▏ 1.6 GB/2.2 GB   13 MB/s     45s[K[?25h[?2026l[?2026h[?25l[A[1Gpulling manifest [K
pulling 633fc5be925f:  72% ▕████████████      ▏ 1.6 GB/2.2 GB   13 MB/s     45s[K[?25h[?2026l[?2026h[?25l[A[1Gpulling manifest [K
pulling 633fc5be925f:  72% ▕████████████      ▏ 1.6 GB/2.2 GB   13 MB/s     45s[K[?25h[?2026l[?2026h[?25l[A[1Gpulling manifest [K
pulling 633fc5be925f:  72% ▕████████████      ▏ 1.6 GB/2.2 GB   13 MB/s     45s[K[?25h[?2026l[?2026h[?25l[A[1Gpulling manifest [K
pulling 633fc5be925f:  72% ▕████████████      ▏ 1.6 GB/2.2 GB   13 MB/s     45s[K[?25h[?2026l[?2026h[?25l[A[1Gpulling manifest [K
pulling 633fc5be925f:  72% ▕████████████      ▏ 1.6 GB/2.2 GB   13 MB/s     44s[K[?25h[?2026l[?2026h[?25l[A[1Gpulling manifest [K
pulling 633fc5be925f:  72% ▕████████████      ▏ 1.6 GB/2.2 GB   13 MB/s     44s[K[?25h[?2026l[?2026h[?25l[A[1Gpulling manifest [K
pulling 633fc5be925f:  72% ▕████████████      ▏ 1.6 GB/2.2 GB   13 MB/s     44s[K[?25h[?2026l[?2026h[?25l[A[1Gpulling manifest [K
pulling 633fc5be925f:  72% ▕████████████      ▏ 1.6 GB/2.2 GB   13 MB/s     44s[K[?25h[?2026l[?2026h[?25l[A[1Gpulling manifest [K
pulling 633fc5be925f:  72% ▕████████████      ▏ 1.6 GB/2.2 GB   13 MB/s     44s[K[?25h[?2026l[?2026h[?25l[A[1Gpulling manifest [K
pulling 633fc5be925f:  72% ▕████████████      ▏ 1.6 GB/2.2 GB   13 MB/s     44s[K[?25h[?2026l[?2026h[?25l[A[1Gpulling manifest [K
pulling 633fc5be925f:  72% ▕████████████      ▏ 1.6 GB/2.2 GB   13 MB/s     44s[K[?25h[?2026l[?2026h[?25l[A[1Gpulling manifest [K
pulling 633fc5be925f:  72% ▕█████████████     ▏ 1.6 GB/2.2 GB   13 MB/s     44s[K[?25h[?2026l[?2026h[?25l[A[1Gpulling manifest [K
pulling 633fc5be925f:  72% ▕█████████████     ▏ 1.6 GB/2.2 GB   13 MB/s     44s[K[?25h[?2026l[?2026h[?25l[A[1Gpulling manifest [K
pulling 633fc5be925f:  72% ▕█████████████     ▏ 1.6 GB/2.2 GB   13 MB/s     44s[K[?25h[?2026l[?2026h[?25l[A[1Gpulling manifest [K
pulling 633fc5be925f:  72% ▕█████████████     ▏ 1.6 GB/2.2 GB   13 MB/s     43s[K[?25h[?2026l[?2026h[?25l[A[1Gpulling manifest [K
pulling 633fc5be925f:  73% ▕█████████████     ▏ 1.6 GB/2.2 GB   13 MB/s     43s[K[?25h[?2026l[?2026h[?25l[A[1Gpulling manifest [K
pulling 633fc5be925f:  73% ▕█████████████     ▏ 1.6 GB/2.2 GB   13 MB/s     43s[K[?25h[?2026l[?2026h[?25l[A[1Gpulling manifest [K
pulling 633fc5be925f:  73% ▕█████████████     ▏ 1.6 GB/2.2 GB   13 MB/s     43s[K[?25h[?2026l[?2026h[?25l[A[1Gpulling manifest [K
pulling 633fc5be925f:  73% ▕█████████████     ▏ 1.6 GB/2.2 GB   13 MB/s     43s[K[?25h[?2026l[?2026h[?25l[A[1Gpulling manifest [K
pulling 633fc5be925f:  73% ▕█████████████     ▏ 1.6 GB/2.2 GB   13 MB/s     44s[K[?25h[?2026l[?2026h[?25l[A[1Gpulling manifest [K
pulling 633fc5be925f:  73% ▕█████████████     ▏ 1.6 GB/2.2 GB   13 MB/s     44s[K[?25h[?2026l[?2026h[?25l[A[1Gpulling manifest [K
pulling 633fc5be925f:  73% ▕█████████████     ▏ 1.6 GB/2.2 GB   13 MB/s     43s[K[?25h[?2026l[?2026h[?25l[A[1Gpulling manifest [K
pulling 633fc5be925f:  73% ▕█████████████     ▏ 1.6 GB/2.2 GB   13 MB/s     43s[K[?25h[?2026l[?2026h[?25l[A[1Gpulling manifest [K
pulling 633fc5be925f:  73% ▕█████████████     ▏ 1.6 GB/2.2 GB   13 MB/s     43s[K[?25h[?2026l[?2026h[?25l[A[1Gpulling manifest [K
pulling 633fc5be925f:  73% ▕█████████████     ▏ 1.6 GB/2.2 GB   13 MB/s     43s[K[?25h[?2026l[?2026h[?25l[A[1Gpulling manifest [K
pulling 633fc5be925f:  73% ▕█████████████     ▏ 1.6 GB/2.2 GB   13 MB/s     43s[K[?25h[?2026l[?2026h[?25l[A[1Gpulling manifest [K
pulling 633fc5be925f:  73% ▕█████████████     ▏ 1.6 GB/2.2 GB   13 MB/s     43s[K[?25h[?2026l[?2026h[?25l[A[1Gpulling manifest [K
pulling 633fc5be925f:  73% ▕█████████████     ▏ 1.6 GB/2.2 GB   13 MB/s     43s[K[?25h[?2026l[?2026h[?25l[A[1Gpulling manifest [K
pulling 633fc5be925f:  73% ▕█████████████     ▏ 1.6 GB/2.2 GB   13 MB/s     43s[K[?25h[?2026l[?2026h[?25l[A[1Gpulling manifest [K
pulling 633fc5be925f:  73% ▕█████████████     ▏ 1.6 GB/2.2 GB   13 MB/s     43s[K[?25h[?2026l[?2026h[?25l[A[1Gpulling manifest [K
pulling 633fc5be925f:  73% ▕█████████████     ▏ 1.6 GB/2.2 GB   13 MB/s     44s[K[?25h[?2026l[?2026h[?25l[A[1Gpulling manifest [K
pulling 633fc5be925f:  73% ▕█████████████     ▏ 1.6 GB/2.2 GB   13 MB/s     44s[K[?25h[?2026l[?2026h[?25l[A[1Gpulling manifest [K
pulling 633fc5be925f:  73% ▕█████████████     ▏ 1.6 GB/2.2 GB   13 MB/s     44s[K[?25h[?2026l[?2026h[?25l[A[1Gpulling manifest [K
pulling 633fc5be925f:  73% ▕█████████████     ▏ 1.6 GB/2.2 GB   13 MB/s     44s[K[?25h[?2026l[?2026h[?25l[A[1Gpulling manifest [K
pulling 633fc5be925f:  74% ▕█████████████     ▏ 1.6 GB/2.2 GB   13 MB/s     43s[K[?25h[?2026l[?2026h[?25l[A[1Gpulling manifest [K
pulling 633fc5be925f:  74% ▕█████████████     ▏ 1.6 GB/2.2 GB   13 MB/s     43s[K[?25h[?2026l[?2026h[?25l[A[1Gpulling manifest [K
pulling 633fc5be925f:  74% ▕█████████████     ▏ 1.6 GB/2.2 GB   13 MB/s     43s[K[?25h[?2026l[?2026h[?25l[A[1Gpulling manifest [K
pulling 633fc5be925f:  74% ▕█████████████     ▏ 1.6 GB/2.2 GB   13 MB/s     43s[K[?25h[?2026l[?2026h[?25l[A[1Gpulling manifest [K
pulling 633fc5be925f:  74% ▕█████████████     ▏ 1.6 GB/2.2 GB   13 MB/s     43s[K[?25h[?2026l[?2026h[?25l[A[1Gpulling manifest [K
pulling 633fc5be925f:  74% ▕█████████████     ▏ 1.6 GB/2.2 GB   13 MB/s     43s[K[?25h[?2026l[?2026h[?25l[A[1Gpulling manifest [K
pulling 633fc5be925f:  74% ▕█████████████     ▏ 1.6 GB/2.2 GB   12 MB/s     44s[K[?25h[?2026l[?2026h[?25l[A[1Gpulling manifest [K
pulling 633fc5be925f:  74% ▕█████████████     ▏ 1.6 GB/2.2 GB   12 MB/s     44s[K[?25h[?2026l[?2026h[?25l[A[1Gpulling manifest [K
pulling 633fc5be925f:  74% ▕█████████████     ▏ 1.6 GB/2.2 GB   12 MB/s     44s[K[?25h[?2026l[?2026h[?25l[A[1Gpulling manifest [K
pulling 633fc5be925f:  74% ▕█████████████     ▏ 1.6 GB/2.2 GB   12 MB/s     44s[K[?25h[?2026l[?2026h[?25l[A[1Gpulling manifest [K
pulling 633fc5be925f:  74% ▕█████████████     ▏ 1.6 GB/2.2 GB   12 MB/s     44s[K[?25h[?2026l[?2026h[?25l[A[1Gpulling manifest [K
pulling 633fc5be925f:  74% ▕█████████████     ▏ 1.6 GB/2.2 GB   12 MB/s     44s[K[?25h[?2026l[?2026h[?25l[A[1Gpulling manifest [K
pulling 633fc5be925f:  74% ▕█████████████     ▏ 1.6 GB/2.2 GB   12 MB/s     43s[K[?25h[?2026l[?2026h[?25l[A[1Gpulling manifest [K
pulling 633fc5be925f:  74% ▕█████████████     ▏ 1.6 GB/2.2 GB   12 MB/s     43s[K[?25h[?2026l[?2026h[?25l[A[1Gpulling manifest [K
pulling 633fc5be925f:  74% ▕█████████████     ▏ 1.6 GB/2.2 GB   12 MB/s     43s[K[?25h[?2026l[?2026h[?25l[A[1Gpulling manifest [K
pulling 633fc5be925f:  74% ▕█████████████     ▏ 1.6 GB/2.2 GB   12 MB/s     43s[K[?25h[?2026l[?2026h[?25l[A[1Gpulling manifest [K
pulling 633fc5be925f:  74% ▕█████████████     ▏ 1.6 GB/2.2 GB   12 MB/s     44s[K[?25h[?2026l[?2026h[?25l[A[1Gpulling manifest [K
pulling 633fc5be925f:  74% ▕█████████████     ▏ 1.6 GB/2.2 GB   12 MB/s     44s[K[?25h[?2026l[?2026h[?25l[A[1Gpulling manifest [K
pulling 633fc5be925f:  74% ▕█████████████     ▏ 1.6 GB/2.2 GB   12 MB/s     43s[K[?25h[?2026l[?2026h[?25l[A[1Gpulling manifest [K
pulling 633fc5be925f:  74% ▕█████████████     ▏ 1.6 GB/2.2 GB   12 MB/s     43s[K[?25h[?2026l[?2026h[?25l[A[1Gpulling manifest [K
pulling 633fc5be925f:  75% ▕█████████████     ▏ 1.6 GB/2.2 GB   12 MB/s     43s[K[?25h[?2026l[?2026h[?25l[A[1Gpulling manifest [K
pulling 633fc5be925f:  75% ▕█████████████     ▏ 1.6 GB/2.2 GB   12 MB/s     43s[K[?25h[?2026l[?2026h[?25l[A[1Gpulling manifest [K
pulling 633fc5be925f:  75% ▕█████████████     ▏ 1.6 GB/2.2 GB   12 MB/s     43s[K[?25h[?2026l[?2026h[?25l[A[1Gpulling manifest [K
pulling 633fc5be925f:  75% ▕█████████████     ▏ 1.6 GB/2.2 GB   12 MB/s     43s[K[?25h[?2026l[?2026h[?25l[A[1Gpulling manifest [K
pulling 633fc5be925f:  75% ▕█████████████     ▏ 1.6 GB/2.2 GB   12 MB/s     43s[K[?25h[?2026l[?2026h[?25l[A[1Gpulling manifest [K
pulling 633fc5be925f:  75% ▕█████████████     ▏ 1.6 GB/2.2 GB   12 MB/s     43s[K[?25h[?2026l[?2026h[?25l[A[1Gpulling manifest [K
pulling 633fc5be925f:  75% ▕█████████████     ▏ 1.6 GB/2.2 GB   12 MB/s     43s[K[?25h[?2026l[?2026h[?25l[A[1Gpulling manifest [K
pulling 633fc5be925f:  75% ▕█████████████     ▏ 1.6 GB/2.2 GB   12 MB/s     43s[K[?25h[?2026l[?2026h[?25l[A[1Gpulling manifest [K
pulling 633fc5be925f:  75% ▕█████████████     ▏ 1.6 GB/2.2 GB   12 MB/s     43s[K[?25h[?2026l[?2026h[?25l[A[1Gpulling manifest [K
pulling 633fc5be925f:  75% ▕█████████████     ▏ 1.6 GB/2.2 GB   12 MB/s     43s[K[?25h[?2026l[?2026h[?25l[A[1Gpulling manifest [K
pulling 633fc5be925f:  75% ▕█████████████     ▏ 1.6 GB/2.2 GB   12 MB/s     43s[K[?25h[?2026l[?2026h[?25l[A[1Gpulling manifest [K
pulling 633fc5be925f:  75% ▕█████████████     ▏ 1.6 GB/2.2 GB   12 MB/s     43s[K[?25h[?2026l[?2026h[?25l[A[1Gpulling manifest [K
pulling 633fc5be925f:  75% ▕█████████████     ▏ 1.6 GB/2.2 GB   12 MB/s     43s[K[?25h[?2026l[?2026h[?25l[A[1Gpulling manifest [K
pulling 633fc5be925f:  75% ▕█████████████     ▏ 1.6 GB/2.2 GB   12 MB/s     43s[K[?25h[?2026l[?2026h[?25l[A[1Gpulling manifest [K
pulling 633fc5be925f:  75% ▕█████████████     ▏ 1.6 GB/2.2 GB   12 MB/s     43s[K[?25h[?2026l[?2026h[?25l[A[1Gpulling manifest [K
pulling 633fc5be925f:  75% ▕█████████████     ▏ 1.6 GB/2.2 GB   12 MB/s     42s[K[?25h[?2026l[?2026h[?25l[A[1Gpulling manifest [K
pulling 633fc5be925f:  75% ▕█████████████     ▏ 1.6 GB/2.2 GB   12 MB/s     43s[K[?25h[?2026l[?2026h[?25l[A[1Gpulling manifest [K
pulling 633fc5be925f:  75% ▕█████████████     ▏ 1.6 GB/2.2 GB   12 MB/s     43s[K[?25h[?2026l[?2026h[?25l[A[1Gpulling manifest [K
pulling 633fc5be925f:  75% ▕█████████████     ▏ 1.6 GB/2.2 GB   12 MB/s     43s[K[?25h[?2026l[?2026h[?25l[A[1Gpulling manifest [K
pulling 633fc5be925f:  76% ▕█████████████     ▏ 1.6 GB/2.2 GB   12 MB/s     42s[K[?25h[?2026l[?2026h[?25l[A[1Gpulling manifest [K
pulling 633fc5be925f:  76% ▕█████████████     ▏ 1.6 GB/2.2 GB   12 MB/s     42s[K[?25h[?2026l[?2026h[?25l[A[1Gpulling manifest [K
pulling 633fc5be925f:  76% ▕█████████████     ▏ 1.6 GB/2.2 GB   12 MB/s     42s[K[?25h[?2026l[?2026h[?25l[A[1Gpulling manifest [K
pulling 633fc5be925f:  76% ▕█████████████     ▏ 1.6 GB/2.2 GB   12 MB/s     42s[K[?25h[?2026l[?2026h[?25l[A[1Gpulling manifest [K
pulling 633fc5be925f:  76% ▕█████████████     ▏ 1.6 GB/2.2 GB   12 MB/s     42s[K[?25h[?2026l[?2026h[?25l[A[1Gpulling manifest [K
pulling 633fc5be925f:  76% ▕█████████████     ▏ 1.6 GB/2.2 GB   12 MB/s     42s[K[?25h[?2026l[?2026h[?25l[A[1Gpulling manifest [K
pulling 633fc5be925f:  76% ▕█████████████     ▏ 1.7 GB/2.2 GB   12 MB/s     42s[K[?25h[?2026l[?2026h[?25l[A[1Gpulling manifest [K
pulling 633fc5be925f:  76% ▕█████████████     ▏ 1.7 GB/2.2 GB   12 MB/s     42s[K[?25h[?2026l[?2026h[?25l[A[1Gpulling manifest [K
pulling 633fc5be925f:  76% ▕█████████████     ▏ 1.7 GB/2.2 GB   12 MB/s     42s[K[?25h[?2026l[?2026h[?25l[A[1Gpulling manifest [K
pulling 633fc5be925f:  76% ▕█████████████     ▏ 1.7 GB/2.2 GB   12 MB/s     42s[K[?25h[?2026l[?2026h[?25l[A[1Gpulling manifest [K
pulling 633fc5be925f:  76% ▕█████████████     ▏ 1.7 GB/2.2 GB   12 MB/s     42s[K[?25h[?2026l[?2026h[?25l[A[1Gpulling manifest [K
pulling 633fc5be925f:  76% ▕█████████████     ▏ 1.7 GB/2.2 GB   12 MB/s     42s[K[?25h[?2026l[?2026h[?25l[A[1Gpulling manifest [K
pulling 633fc5be925f:  76% ▕█████████████     ▏ 1.7 GB/2.2 GB   12 MB/s     42s[K[?25h[?2026l[?2026h[?25l[A[1Gpulling manifest [K
pulling 633fc5be925f:  76% ▕█████████████     ▏ 1.7 GB/2.2 GB   12 MB/s     42s[K[?25h[?2026l[?2026h[?25l[A[1Gpulling manifest [K
pulling 633fc5be925f:  76% ▕█████████████     ▏ 1.7 GB/2.2 GB   12 MB/s     42s[K[?25h[?2026l[?2026h[?25l[A[1Gpulling manifest [K
pulling 633fc5be925f:  76% ▕█████████████     ▏ 1.7 GB/2.2 GB   12 MB/s     41s[K[?25h[?2026l[?2026h[?25l[A[1Gpulling manifest [K
pulling 633fc5be925f:  76% ▕█████████████     ▏ 1.7 GB/2.2 GB   12 MB/s     41s[K[?25h[?2026l[?2026h[?25l[A[1Gpulling manifest [K
pulling 633fc5be925f:  77% ▕█████████████     ▏ 1.7 GB/2.2 GB   12 MB/s     41s[K[?25h[?2026l[?2026h[?25l[A[1Gpulling manifest [K
pulling 633fc5be925f:  77% ▕█████████████     ▏ 1.7 GB/2.2 GB   12 MB/s     41s[K[?25h[?2026l[?2026h[?25l[A[1Gpulling manifest [K
pulling 633fc5be925f:  77% ▕█████████████     ▏ 1.7 GB/2.2 GB   12 MB/s     41s[K[?25h[?2026l[?2026h[?25l[A[1Gpulling manifest [K
pulling 633fc5be925f:  77% ▕█████████████     ▏ 1.7 GB/2.2 GB   12 MB/s     41s[K[?25h[?2026l[?2026h[?25l[A[1Gpulling manifest [K
pulling 633fc5be925f:  77% ▕█████████████     ▏ 1.7 GB/2.2 GB   12 MB/s     41s[K[?25h[?2026l[?2026h[?25l[A[1Gpulling manifest [K
pulling 633fc5be925f:  77% ▕█████████████     ▏ 1.7 GB/2.2 GB   12 MB/s     41s[K[?25h[?2026l[?2026h[?25l[A[1Gpulling manifest [K
pulling 633fc5be925f:  77% ▕█████████████     ▏ 1.7 GB/2.2 GB   12 MB/s     41s[K[?25h[?2026l[?2026h[?25l[A[1Gpulling manifest [K
pulling 633fc5be925f:  77% ▕█████████████     ▏ 1.7 GB/2.2 GB   12 MB/s     41s[K[?25h[?2026l[?2026h[?25l[A[1Gpulling manifest [K
pulling 633fc5be925f:  77% ▕█████████████     ▏ 1.7 GB/2.2 GB   12 MB/s     40s[K[?25h[?2026l[?2026h[?25l[A[1Gpulling manifest [K
pulling 633fc5be925f:  77% ▕█████████████     ▏ 1.7 GB/2.2 GB   12 MB/s     40s[K[?25h[?2026l[?2026h[?25l[A[1Gpulling manifest [K
pulling 633fc5be925f:  77% ▕█████████████     ▏ 1.7 GB/2.2 GB   12 MB/s     40s[K[?25h[?2026l[?2026h[?25l[A[1Gpulling manifest [K
pulling 633fc5be925f:  77% ▕█████████████     ▏ 1.7 GB/2.2 GB   12 MB/s     40s[K[?25h[?2026l[?2026h[?25l[A[1Gpulling manifest [K
pulling 633fc5be925f:  77% ▕█████████████     ▏ 1.7 GB/2.2 GB   12 MB/s     40s[K[?25h[?2026l[?2026h[?25l[A[1Gpulling manifest [K
pulling 633fc5be925f:  77% ▕█████████████     ▏ 1.7 GB/2.2 GB   12 MB/s     40s[K[?25h[?2026l[?2026h[?25l[A[1Gpulling manifest [K
pulling 633fc5be925f:  77% ▕█████████████     ▏ 1.7 GB/2.2 GB   12 MB/s     40s[K[?25h[?2026l[?2026h[?25l[A[1Gpulling manifest [K
pulling 633fc5be925f:  77% ▕█████████████     ▏ 1.7 GB/2.2 GB   12 MB/s     40s[K[?25h[?2026l[?2026h[?25l[A[1Gpulling manifest [K
pulling 633fc5be925f:  77% ▕█████████████     ▏ 1.7 GB/2.2 GB   12 MB/s     40s[K[?25h[?2026l[?2026h[?25l[A[1Gpulling manifest [K
pulling 633fc5be925f:  77% ▕█████████████     ▏ 1.7 GB/2.2 GB   12 MB/s     40s[K[?25h[?2026l[?2026h[?25l[A[1Gpulling manifest [K
pulling 633fc5be925f:  78% ▕█████████████     ▏ 1.7 GB/2.2 GB   12 MB/s     40s[K[?25h[?2026l[?2026h[?25l[A[1Gpulling manifest [K
pulling 633fc5be925f:  78% ▕█████████████     ▏ 1.7 GB/2.2 GB   12 MB/s     39s[K[?25h[?2026l[?2026h[?25l[A[1Gpulling manifest [K
pulling 633fc5be925f:  78% ▕█████████████     ▏ 1.7 GB/2.2 GB   12 MB/s     39s[K[?25h[?2026l[?2026h[?25l[A[1Gpulling manifest [K
pulling 633fc5be925f:  78% ▕█████████████     ▏ 1.7 GB/2.2 GB   12 MB/s     40s[K[?25h[?2026l[?2026h[?25l[A[1Gpulling manifest [K
pulling 633fc5be925f:  78% ▕█████████████     ▏ 1.7 GB/2.2 GB   12 MB/s     40s[K[?25h[?2026l[?2026h[?25l[A[1Gpulling manifest [K
pulling 633fc5be925f:  78% ▕██████████████    ▏ 1.7 GB/2.2 GB   12 MB/s     39s[K[?25h[?2026l[?2026h[?25l[A[1Gpulling manifest [K
pulling 633fc5be925f:  78% ▕██████████████    ▏ 1.7 GB/2.2 GB   12 MB/s     39s[K[?25h[?2026l[?2026h[?25l[A[1Gpulling manifest [K
pulling 633fc5be925f:  78% ▕██████████████    ▏ 1.7 GB/2.2 GB   12 MB/s     39s[K[?25h[?2026l[?2026h[?25l[A[1Gpulling manifest [K
pulling 633fc5be925f:  78% ▕██████████████    ▏ 1.7 GB/2.2 GB   12 MB/s     39s[K[?25h[?2026l[?2026h[?25l[A[1Gpulling manifest [K
pulling 633fc5be925f:  78% ▕██████████████    ▏ 1.7 GB/2.2 GB   12 MB/s     39s[K[?25h[?2026l[?2026h[?25l[A[1Gpulling manifest [K
pulling 633fc5be925f:  78% ▕██████████████    ▏ 1.7 GB/2.2 GB   12 MB/s     39s[K[?25h[?2026l[?2026h[?25l[A[1Gpulling manifest [K
pulling 633fc5be925f:  78% ▕██████████████    ▏ 1.7 GB/2.2 GB   12 MB/s     39s[K[?25h[?2026l[?2026h[?25l[A[1Gpulling manifest [K
pulling 633fc5be925f:  78% ▕██████████████    ▏ 1.7 GB/2.2 GB   12 MB/s     39s[K[?25h[?2026l[?2026h[?25l[A[1Gpulling manifest [K
pulling 633fc5be925f:  78% ▕██████████████    ▏ 1.7 GB/2.2 GB   12 MB/s     39s[K[?25h[?2026l[?2026h[?25l[A[1Gpulling manifest [K
pulling 633fc5be925f:  78% ▕██████████████    ▏ 1.7 GB/2.2 GB   12 MB/s     39s[K[?25h[?2026l[?2026h[?25l[A[1Gpulling manifest [K
pulling 633fc5be925f:  78% ▕██████████████    ▏ 1.7 GB/2.2 GB   12 MB/s     39s[K[?25h[?2026l[?2026h[?25l[A[1Gpulling manifest [K
pulling 633fc5be925f:  78% ▕██████████████    ▏ 1.7 GB/2.2 GB   12 MB/s     39s[K[?25h[?2026l[?2026h[?25l[A[1Gpulling manifest [K
pulling 633fc5be925f:  78% ▕██████████████    ▏ 1.7 GB/2.2 GB   12 MB/s     39s[K[?25h[?2026l[?2026h[?25l[A[1Gpulling manifest [K
pulling 633fc5be925f:  78% ▕██████████████    ▏ 1.7 GB/2.2 GB   12 MB/s     38s[K[?25h[?2026l[?2026h[?25l[A[1Gpulling manifest [K
pulling 633fc5be925f:  79% ▕██████████████    ▏ 1.7 GB/2.2 GB   12 MB/s     38s[K[?25h[?2026l[?2026h[?25l[A[1Gpulling manifest [K
pulling 633fc5be925f:  79% ▕██████████████    ▏ 1.7 GB/2.2 GB   12 MB/s     38s[K[?25h[?2026l[?2026h[?25l[A[1Gpulling manifest [K
pulling 633fc5be925f:  79% ▕██████████████    ▏ 1.7 GB/2.2 GB   12 MB/s     38s[K[?25h[?2026l[?2026h[?25l[A[1Gpulling manifest [K
pulling 633fc5be925f:  79% ▕██████████████    ▏ 1.7 GB/2.2 GB   12 MB/s     38s[K[?25h[?2026l[?2026h[?25l[A[1Gpulling manifest [K
pulling 633fc5be925f:  79% ▕██████████████    ▏ 1.7 GB/2.2 GB   12 MB/s     38s[K[?25h[?2026l[?2026h[?25l[A[1Gpulling manifest [K
pulling 633fc5be925f:  79% ▕██████████████    ▏ 1.7 GB/2.2 GB   12 MB/s     38s[K[?25h[?2026l[?2026h[?25l[A[1Gpulling manifest [K
pulling 633fc5be925f:  79% ▕██████████████    ▏ 1.7 GB/2.2 GB   12 MB/s     38s[K[?25h[?2026l[?2026h[?25l[A[1Gpulling manifest [K
pulling 633fc5be925f:  79% ▕██████████████    ▏ 1.7 GB/2.2 GB   12 MB/s     38s[K[?25h[?2026l[?2026h[?25l[A[1Gpulling manifest [K
pulling 633fc5be925f:  79% ▕██████████████    ▏ 1.7 GB/2.2 GB   12 MB/s     38s[K[?25h[?2026l[?2026h[?25l[A[1Gpulling manifest [K
pulling 633fc5be925f:  79% ▕██████████████    ▏ 1.7 GB/2.2 GB   12 MB/s     37s[K[?25h[?2026l[?2026h[?25l[A[1Gpulling manifest [K
pulling 633fc5be925f:  79% ▕██████████████    ▏ 1.7 GB/2.2 GB   12 MB/s     37s[K[?25h[?2026l[?2026h[?25l[A[1Gpulling manifest [K
pulling 633fc5be925f:  79% ▕██████████████    ▏ 1.7 GB/2.2 GB   12 MB/s     37s[K[?25h[?2026l[?2026h[?25l[A[1Gpulling manifest [K
pulling 633fc5be925f:  79% ▕██████████████    ▏ 1.7 GB/2.2 GB   12 MB/s     37s[K[?25h[?2026l[?2026h[?25l[A[1Gpulling manifest [K
pulling 633fc5be925f:  79% ▕██████████████    ▏ 1.7 GB/2.2 GB   12 MB/s     37s[K[?25h[?2026l[?2026h[?25l[A[1Gpulling manifest [K
pulling 633fc5be925f:  79% ▕██████████████    ▏ 1.7 GB/2.2 GB   12 MB/s     37s[K[?25h[?2026l[?2026h[?25l[A[1Gpulling manifest [K
pulling 633fc5be925f:  79% ▕██████████████    ▏ 1.7 GB/2.2 GB   11 MB/s     37s[K[?25h[?2026l[?2026h[?25l[A[1Gpulling manifest [K
pulling 633fc5be925f:  79% ▕██████████████    ▏ 1.7 GB/2.2 GB   11 MB/s     37s[K[?25h[?2026l[?2026h[?25l[A[1Gpulling manifest [K
pulling 633fc5be925f:  79% ▕██████████████    ▏ 1.7 GB/2.2 GB   11 MB/s     37s[K[?25h[?2026l[?2026h[?25l[A[1Gpulling manifest [K
pulling 633fc5be925f:  79% ▕██████████████    ▏ 1.7 GB/2.2 GB   11 MB/s     37s[K[?25h[?2026l[?2026h[?25l[A[1Gpulling manifest [K
pulling 633fc5be925f:  79% ▕██████████████    ▏ 1.7 GB/2.2 GB   11 MB/s     37s[K[?25h[?2026l[?2026h[?25l[A[1Gpulling manifest [K
pulling 633fc5be925f:  80% ▕██████████████    ▏ 1.7 GB/2.2 GB   11 MB/s     37s[K[?25h[?2026l[?2026h[?25l[A[1Gpulling manifest [K
pulling 633fc5be925f:  80% ▕██████████████    ▏ 1.7 GB/2.2 GB   11 MB/s     37s[K[?25h[?2026l[?2026h[?25l[A[1Gpulling manifest [K
pulling 633fc5be925f:  80% ▕██████████████    ▏ 1.7 GB/2.2 GB   11 MB/s     36s[K[?25h[?2026l[?2026h[?25l[A[1Gpulling manifest [K
pulling 633fc5be925f:  80% ▕██████████████    ▏ 1.7 GB/2.2 GB   11 MB/s     36s[K[?25h[?2026l[?2026h[?25l[A[1Gpulling manifest [K
pulling 633fc5be925f:  80% ▕██████████████    ▏ 1.7 GB/2.2 GB   11 MB/s     36s[K[?25h[?2026l[?2026h[?25l[A[1Gpulling manifest [K
pulling 633fc5be925f:  80% ▕██████████████    ▏ 1.7 GB/2.2 GB   11 MB/s     36s[K[?25h[?2026l[?2026h[?25l[A[1Gpulling manifest [K
pulling 633fc5be925f:  80% ▕██████████████    ▏ 1.7 GB/2.2 GB   11 MB/s     36s[K[?25h[?2026l[?2026h[?25l[A[1Gpulling manifest [K
pulling 633fc5be925f:  80% ▕██████████████    ▏ 1.7 GB/2.2 GB   11 MB/s     36s[K[?25h[?2026l[?2026h[?25l[A[1Gpulling manifest [K
pulling 633fc5be925f:  80% ▕██████████████    ▏ 1.7 GB/2.2 GB   11 MB/s     36s[K[?25h[?2026l[?2026h[?25l[A[1Gpulling manifest [K
pulling 633fc5be925f:  80% ▕██████████████    ▏ 1.7 GB/2.2 GB   11 MB/s     36s[K[?25h[?2026l[?2026h[?25l[A[1Gpulling manifest [K
pulling 633fc5be925f:  80% ▕██████████████    ▏ 1.7 GB/2.2 GB   11 MB/s     36s[K[?25h[?2026l[?2026h[?25l[A[1Gpulling manifest [K
pulling 633fc5be925f:  80% ▕██████████████    ▏ 1.7 GB/2.2 GB   11 MB/s     35s[K[?25h[?2026l[?2026h[?25l[A[1Gpulling manifest [K
pulling 633fc5be925f:  80% ▕██████████████    ▏ 1.7 GB/2.2 GB   11 MB/s     35s[K[?25h[?2026l[?2026h[?25l[A[1Gpulling manifest [K
pulling 633fc5be925f:  80% ▕██████████████    ▏ 1.7 GB/2.2 GB   11 MB/s     35s[K[?25h[?2026l[?2026h[?25l[A[1Gpulling manifest [K
pulling 633fc5be925f:  80% ▕██████████████    ▏ 1.7 GB/2.2 GB   11 MB/s     35s[K[?25h[?2026l[?2026h[?25l[A[1Gpulling manifest [K
pulling 633fc5be925f:  80% ▕██████████████    ▏ 1.7 GB/2.2 GB   12 MB/s     35s[K[?25h[?2026l[?2026h[?25l[A[1Gpulling manifest [K
pulling 633fc5be925f:  80% ▕██████████████    ▏ 1.8 GB/2.2 GB   12 MB/s     35s[K[?25h[?2026l[?2026h[?25l[A[1Gpulling manifest [K
pulling 633fc5be925f:  81% ▕██████████████    ▏ 1.8 GB/2.2 GB   12 MB/s     34s[K[?25h[?2026l[?2026h[?25l[A[1Gpulling manifest [K
pulling 633fc5be925f:  81% ▕██████████████    ▏ 1.8 GB/2.2 GB   12 MB/s     34s[K[?25h[?2026l[?2026h[?25l[A[1Gpulling manifest [K
pulling 633fc5be925f:  81% ▕██████████████    ▏ 1.8 GB/2.2 GB   12 MB/s     34s[K[?25h[?2026l[?2026h[?25l[A[1Gpulling manifest [K
pulling 633fc5be925f:  81% ▕██████████████    ▏ 1.8 GB/2.2 GB   12 MB/s     34s[K[?25h[?2026l[?2026h[?25l[A[1Gpulling manifest [K
pulling 633fc5be925f:  81% ▕██████████████    ▏ 1.8 GB/2.2 GB   12 MB/s     34s[K[?25h[?2026l[?2026h[?25l[A[1Gpulling manifest [K
pulling 633fc5be925f:  81% ▕██████████████    ▏ 1.8 GB/2.2 GB   12 MB/s     34s[K[?25h[?2026l[?2026h[?25l[A[1Gpulling manifest [K
pulling 633fc5be925f:  81% ▕██████████████    ▏ 1.8 GB/2.2 GB   12 MB/s     34s[K[?25h[?2026l[?2026h[?25l[A[1Gpulling manifest [K
pulling 633fc5be925f:  81% ▕██████████████    ▏ 1.8 GB/2.2 GB   12 MB/s     34s[K[?25h[?2026l[?2026h[?25l[A[1Gpulling manifest [K
pulling 633fc5be925f:  81% ▕██████████████    ▏ 1.8 GB/2.2 GB   12 MB/s     34s[K[?25h[?2026l[?2026h[?25l[A[1Gpulling manifest [K
pulling 633fc5be925f:  81% ▕██████████████    ▏ 1.8 GB/2.2 GB   12 MB/s     34s[K[?25h[?2026l[?2026h[?25l[A[1Gpulling manifest [K
pulling 633fc5be925f:  81% ▕██████████████    ▏ 1.8 GB/2.2 GB   12 MB/s     34s[K[?25h[?2026l[?2026h[?25l[A[1Gpulling manifest [K
pulling 633fc5be925f:  81% ▕██████████████    ▏ 1.8 GB/2.2 GB   12 MB/s     34s[K[?25h[?2026l[?2026h[?25l[A[1Gpulling manifest [K
pulling 633fc5be925f:  81% ▕██████████████    ▏ 1.8 GB/2.2 GB   12 MB/s     34s[K[?25h[?2026l[?2026h[?25l[A[1Gpulling manifest [K
pulling 633fc5be925f:  81% ▕██████████████    ▏ 1.8 GB/2.2 GB   12 MB/s     34s[K[?25h[?2026l[?2026h[?25l[A[1Gpulling manifest [K
pulling 633fc5be925f:  81% ▕██████████████    ▏ 1.8 GB/2.2 GB   12 MB/s     34s[K[?25h[?2026l[?2026h[?25l[A[1Gpulling manifest [K
pulling 633fc5be925f:  81% ▕██████████████    ▏ 1.8 GB/2.2 GB   12 MB/s     33s[K[?25h[?2026l[?2026h[?25l[A[1Gpulling manifest [K
pulling 633fc5be925f:  81% ▕██████████████    ▏ 1.8 GB/2.2 GB   12 MB/s     33s[K[?25h[?2026l[?2026h[?25l[A[1Gpulling manifest [K
pulling 633fc5be925f:  81% ▕██████████████    ▏ 1.8 GB/2.2 GB   12 MB/s     33s[K[?25h[?2026l[?2026h[?25l[A[1Gpulling manifest [K
pulling 633fc5be925f:  81% ▕██████████████    ▏ 1.8 GB/2.2 GB   12 MB/s     33s[K[?25h[?2026l[?2026h[?25l[A[1Gpulling manifest [K
pulling 633fc5be925f:  81% ▕██████████████    ▏ 1.8 GB/2.2 GB   11 MB/s     34s[K[?25h[?2026l[?2026h[?25l[A[1Gpulling manifest [K
pulling 633fc5be925f:  82% ▕██████████████    ▏ 1.8 GB/2.2 GB   11 MB/s     33s[K[?25h[?2026l[?2026h[?25l[A[1Gpulling manifest [K
pulling 633fc5be925f:  82% ▕██████████████    ▏ 1.8 GB/2.2 GB   11 MB/s     33s[K[?25h[?2026l[?2026h[?25l[A[1Gpulling manifest [K
pulling 633fc5be925f:  82% ▕██████████████    ▏ 1.8 GB/2.2 GB   11 MB/s     33s[K[?25h[?2026l[?2026h[?25l[A[1Gpulling manifest [K
pulling 633fc5be925f:  82% ▕██████████████    ▏ 1.8 GB/2.2 GB   11 MB/s     33s[K[?25h[?2026l[?2026h[?25l[A[1Gpulling manifest [K
pulling 633fc5be925f:  82% ▕██████████████    ▏ 1.8 GB/2.2 GB   11 MB/s     33s[K[?25h[?2026l[?2026h[?25l[A[1Gpulling manifest [K
pulling 633fc5be925f:  82% ▕██████████████    ▏ 1.8 GB/2.2 GB   11 MB/s     33s[K[?25h[?2026l[?2026h[?25l[A[1Gpulling manifest [K
pulling 633fc5be925f:  82% ▕██████████████    ▏ 1.8 GB/2.2 GB   11 MB/s     33s[K[?25h[?2026l[?2026h[?25l[A[1Gpulling manifest [K
pulling 633fc5be925f:  82% ▕██████████████    ▏ 1.8 GB/2.2 GB   11 MB/s     33s[K[?25h[?2026l[?2026h[?25l[A[1Gpulling manifest [K
pulling 633fc5be925f:  82% ▕██████████████    ▏ 1.8 GB/2.2 GB   11 MB/s     32s[K[?25h[?2026l[?2026h[?25l[A[1Gpulling manifest [K
pulling 633fc5be925f:  82% ▕██████████████    ▏ 1.8 GB/2.2 GB   12 MB/s     32s[K[?25h[?2026l[?2026h[?25l[A[1Gpulling manifest [K
pulling 633fc5be925f:  82% ▕██████████████    ▏ 1.8 GB/2.2 GB   12 MB/s     32s[K[?25h[?2026l[?2026h[?25l[A[1Gpulling manifest [K
pulling 633fc5be925f:  82% ▕██████████████    ▏ 1.8 GB/2.2 GB   12 MB/s     32s[K[?25h[?2026l[?2026h[?25l[A[1Gpulling manifest [K
pulling 633fc5be925f:  82% ▕██████████████    ▏ 1.8 GB/2.2 GB   12 MB/s     31s[K[?25h[?2026l[?2026h[?25l[A[1Gpulling manifest [K
pulling 633fc5be925f:  82% ▕██████████████    ▏ 1.8 GB/2.2 GB   12 MB/s     31s[K[?25h[?2026l[?2026h[?25l[A[1Gpulling manifest [K
pulling 633fc5be925f:  82% ▕██████████████    ▏ 1.8 GB/2.2 GB   12 MB/s     31s[K[?25h[?2026l[?2026h[?25l[A[1Gpulling manifest [K
pulling 633fc5be925f:  83% ▕██████████████    ▏ 1.8 GB/2.2 GB   12 MB/s     31s[K[?25h[?2026l[?2026h[?25l[A[1Gpulling manifest [K
pulling 633fc5be925f:  83% ▕██████████████    ▏ 1.8 GB/2.2 GB   12 MB/s     31s[K[?25h[?2026l[?2026h[?25l[A[1Gpulling manifest [K
pulling 633fc5be925f:  83% ▕██████████████    ▏ 1.8 GB/2.2 GB   12 MB/s     31s[K[?25h[?2026l[?2026h[?25l[A[1Gpulling manifest [K
pulling 633fc5be925f:  83% ▕██████████████    ▏ 1.8 GB/2.2 GB   12 MB/s     31s[K[?25h[?2026l[?2026h[?25l[A[1Gpulling manifest [K
pulling 633fc5be925f:  83% ▕██████████████    ▏ 1.8 GB/2.2 GB   12 MB/s     30s[K[?25h[?2026l[?2026h[?25l[A[1Gpulling manifest [K
pulling 633fc5be925f:  83% ▕██████████████    ▏ 1.8 GB/2.2 GB   12 MB/s     30s[K[?25h[?2026l[?2026h[?25l[A[1Gpulling manifest [K
pulling 633fc5be925f:  83% ▕██████████████    ▏ 1.8 GB/2.2 GB   12 MB/s     30s[K[?25h[?2026l[?2026h[?25l[A[1Gpulling manifest [K
pulling 633fc5be925f:  83% ▕██████████████    ▏ 1.8 GB/2.2 GB   12 MB/s     30s[K[?25h[?2026l[?2026h[?25l[A[1Gpulling manifest [K
pulling 633fc5be925f:  83% ▕██████████████    ▏ 1.8 GB/2.2 GB   12 MB/s     29s[K[?25h[?2026l[?2026h[?25l[A[1Gpulling manifest [K
pulling 633fc5be925f:  83% ▕██████████████    ▏ 1.8 GB/2.2 GB   12 MB/s     29s[K[?25h[?2026l[?2026h[?25l[A[1Gpulling manifest [K
pulling 633fc5be925f:  83% ▕██████████████    ▏ 1.8 GB/2.2 GB   12 MB/s     29s[K[?25h[?2026l[?2026h[?25l[A[1Gpulling manifest [K
pulling 633fc5be925f:  83% ▕██████████████    ▏ 1.8 GB/2.2 GB   12 MB/s     29s[K[?25h[?2026l[?2026h[?25l[A[1Gpulling manifest [K
pulling 633fc5be925f:  83% ▕███████████████   ▏ 1.8 GB/2.2 GB   12 MB/s     29s[K[?25h[?2026l[?2026h[?25l[A[1Gpulling manifest [K
pulling 633fc5be925f:  83% ▕███████████████   ▏ 1.8 GB/2.2 GB   12 MB/s     29s[K[?25h[?2026l[?2026h[?25l[A[1Gpulling manifest [K
pulling 633fc5be925f:  83% ▕███████████████   ▏ 1.8 GB/2.2 GB   12 MB/s     28s[K[?25h[?2026l[?2026h[?25l[A[1Gpulling manifest [K
pulling 633fc5be925f:  84% ▕███████████████   ▏ 1.8 GB/2.2 GB   12 MB/s     28s[K[?25h[?2026l[?2026h[?25l[A[1Gpulling manifest [K
pulling 633fc5be925f:  84% ▕███████████████   ▏ 1.8 GB/2.2 GB   12 MB/s     28s[K[?25h[?2026l[?2026h[?25l[A[1Gpulling manifest [K
pulling 633fc5be925f:  84% ▕███████████████   ▏ 1.8 GB/2.2 GB   12 MB/s     28s[K[?25h[?2026l[?2026h[?25l[A[1Gpulling manifest [K
pulling 633fc5be925f:  84% ▕███████████████   ▏ 1.8 GB/2.2 GB   12 MB/s     28s[K[?25h[?2026l[?2026h[?25l[A[1Gpulling manifest [K
pulling 633fc5be925f:  84% ▕███████████████   ▏ 1.8 GB/2.2 GB   12 MB/s     28s[K[?25h[?2026l[?2026h[?25l[A[1Gpulling manifest [K
pulling 633fc5be925f:  84% ▕███████████████   ▏ 1.8 GB/2.2 GB   12 MB/s     27s[K[?25h[?2026l[?2026h[?25l[A[1Gpulling manifest [K
pulling 633fc5be925f:  84% ▕███████████████   ▏ 1.8 GB/2.2 GB   12 MB/s     27s[K[?25h[?2026l[?2026h[?25l[A[1Gpulling manifest [K
pulling 633fc5be925f:  84% ▕███████████████   ▏ 1.8 GB/2.2 GB   12 MB/s     27s[K[?25h[?2026l[?2026h[?25l[A[1Gpulling manifest [K
pulling 633fc5be925f:  84% ▕███████████████   ▏ 1.8 GB/2.2 GB   12 MB/s     27s[K[?25h[?2026l[?2026h[?25l[A[1Gpulling manifest [K
pulling 633fc5be925f:  84% ▕███████████████   ▏ 1.8 GB/2.2 GB   12 MB/s     27s[K[?25h[?2026l[?2026h[?25l[A[1Gpulling manifest [K
pulling 633fc5be925f:  84% ▕███████████████   ▏ 1.8 GB/2.2 GB   12 MB/s     27s[K[?25h[?2026l[?2026h[?25l[A[1Gpulling manifest [K
pulling 633fc5be925f:  84% ▕███████████████   ▏ 1.8 GB/2.2 GB   12 MB/s     27s[K[?25h[?2026l[?2026h[?25l[A[1Gpulling manifest [K
pulling 633fc5be925f:  84% ▕███████████████   ▏ 1.8 GB/2.2 GB   12 MB/s     26s[K[?25h[?2026l[?2026h[?25l[A[1Gpulling manifest [K
pulling 633fc5be925f:  84% ▕███████████████   ▏ 1.8 GB/2.2 GB   12 MB/s     26s[K[?25h[?2026l[?2026h[?25l[A[1Gpulling manifest [K
pulling 633fc5be925f:  84% ▕███████████████   ▏ 1.8 GB/2.2 GB   12 MB/s     26s[K[?25h[?2026l[?2026h[?25l[A[1Gpulling manifest [K
pulling 633fc5be925f:  84% ▕███████████████   ▏ 1.8 GB/2.2 GB   12 MB/s     26s[K[?25h[?2026l[?2026h[?25l[A[1Gpulling manifest [K
pulling 633fc5be925f:  84% ▕███████████████   ▏ 1.8 GB/2.2 GB   12 MB/s     26s[K[?25h[?2026l[?2026h[?25l[A[1Gpulling manifest [K
pulling 633fc5be925f:  84% ▕███████████████   ▏ 1.8 GB/2.2 GB   12 MB/s     26s[K[?25h[?2026l[?2026h[?25l[A[1Gpulling manifest [K
pulling 633fc5be925f:  85% ▕███████████████   ▏ 1.8 GB/2.2 GB   12 MB/s     26s[K[?25h[?2026l[?2026h[?25l[A[1Gpulling manifest [K
pulling 633fc5be925f:  85% ▕███████████████   ▏ 1.8 GB/2.2 GB   12 MB/s     26s[K[?25h[?2026l[?2026h[?25l[A[1Gpulling manifest [K
pulling 633fc5be925f:  85% ▕███████████████   ▏ 1.8 GB/2.2 GB   12 MB/s     25s[K[?25h[?2026l[?2026h[?25l[A[1Gpulling manifest [K
pulling 633fc5be925f:  85% ▕███████████████   ▏ 1.8 GB/2.2 GB   12 MB/s     25s[K[?25h[?2026l[?2026h[?25l[A[1Gpulling manifest [K
pulling 633fc5be925f:  85% ▕███████████████   ▏ 1.8 GB/2.2 GB   12 MB/s     25s[K[?25h[?2026l[?2026h[?25l[A[1Gpulling manifest [K
pulling 633fc5be925f:  85% ▕███████████████   ▏ 1.8 GB/2.2 GB   12 MB/s     25s[K[?25h[?2026l[?2026h[?25l[A[1Gpulling manifest [K
pulling 633fc5be925f:  85% ▕███████████████   ▏ 1.8 GB/2.2 GB   12 MB/s     25s[K[?25h[?2026l[?2026h[?25l[A[1Gpulling manifest [K
pulling 633fc5be925f:  85% ▕███████████████   ▏ 1.8 GB/2.2 GB   12 MB/s     25s[K[?25h[?2026l[?2026h[?25l[A[1Gpulling manifest [K
pulling 633fc5be925f:  85% ▕███████████████   ▏ 1.8 GB/2.2 GB   12 MB/s     25s[K[?25h[?2026l[?2026h[?25l[A[1Gpulling manifest [K
pulling 633fc5be925f:  85% ▕███████████████   ▏ 1.9 GB/2.2 GB   12 MB/s     25s[K[?25h[?2026l[?2026h[?25l[A[1Gpulling manifest [K
pulling 633fc5be925f:  85% ▕███████████████   ▏ 1.9 GB/2.2 GB   12 MB/s     25s[K[?25h[?2026l[?2026h[?25l[A[1Gpulling manifest [K
pulling 633fc5be925f:  85% ▕███████████████   ▏ 1.9 GB/2.2 GB   12 MB/s     25s[K[?25h[?2026l[?2026h[?25l[A[1Gpulling manifest [K
pulling 633fc5be925f:  85% ▕███████████████   ▏ 1.9 GB/2.2 GB   13 MB/s     24s[K[?25h[?2026l[?2026h[?25l[A[1Gpulling manifest [K
pulling 633fc5be925f:  85% ▕███████████████   ▏ 1.9 GB/2.2 GB   13 MB/s     24s[K[?25h[?2026l[?2026h[?25l[A[1Gpulling manifest [K
pulling 633fc5be925f:  85% ▕███████████████   ▏ 1.9 GB/2.2 GB   13 MB/s     24s[K[?25h[?2026l[?2026h[?25l[A[1Gpulling manifest [K
pulling 633fc5be925f:  85% ▕███████████████   ▏ 1.9 GB/2.2 GB   13 MB/s     24s[K[?25h[?2026l[?2026h[?25l[A[1Gpulling manifest [K
pulling 633fc5be925f:  85% ▕███████████████   ▏ 1.9 GB/2.2 GB   13 MB/s     24s[K[?25h[?2026l[?2026h[?25l[A[1Gpulling manifest [K
pulling 633fc5be925f:  86% ▕███████████████   ▏ 1.9 GB/2.2 GB   13 MB/s     24s[K[?25h[?2026l[?2026h[?25l[A[1Gpulling manifest [K
pulling 633fc5be925f:  86% ▕███████████████   ▏ 1.9 GB/2.2 GB   13 MB/s     24s[K[?25h[?2026l[?2026h[?25l[A[1Gpulling manifest [K
pulling 633fc5be925f:  86% ▕███████████████   ▏ 1.9 GB/2.2 GB   13 MB/s     23s[K[?25h[?2026l[?2026h[?25l[A[1Gpulling manifest [K
pulling 633fc5be925f:  86% ▕███████████████   ▏ 1.9 GB/2.2 GB   13 MB/s     23s[K[?25h[?2026l[?2026h[?25l[A[1Gpulling manifest [K
pulling 633fc5be925f:  86% ▕███████████████   ▏ 1.9 GB/2.2 GB   13 MB/s     23s[K[?25h[?2026l[?2026h[?25l[A[1Gpulling manifest [K
pulling 633fc5be925f:  86% ▕███████████████   ▏ 1.9 GB/2.2 GB   13 MB/s     23s[K[?25h[?2026l[?2026h[?25l[A[1Gpulling manifest [K
pulling 633fc5be925f:  86% ▕███████████████   ▏ 1.9 GB/2.2 GB   13 MB/s     23s[K[?25h[?2026l[?2026h[?25l[A[1Gpulling manifest [K
pulling 633fc5be925f:  86% ▕███████████████   ▏ 1.9 GB/2.2 GB   13 MB/s     23s[K[?25h[?2026l[?2026h[?25l[A[1Gpulling manifest [K
pulling 633fc5be925f:  86% ▕███████████████   ▏ 1.9 GB/2.2 GB   13 MB/s     23s[K[?25h[?2026l[?2026h[?25l[A[1Gpulling manifest [K
pulling 633fc5be925f:  86% ▕███████████████   ▏ 1.9 GB/2.2 GB   13 MB/s     23s[K[?25h[?2026l[?2026h[?25l[A[1Gpulling manifest [K
pulling 633fc5be925f:  86% ▕███████████████   ▏ 1.9 GB/2.2 GB   13 MB/s     23s[K[?25h[?2026l[?2026h[?25l[A[1Gpulling manifest [K
pulling 633fc5be925f:  86% ▕███████████████   ▏ 1.9 GB/2.2 GB   13 MB/s     23s[K[?25h[?2026l[?2026h[?25l[A[1Gpulling manifest [K
pulling 633fc5be925f:  86% ▕███████████████   ▏ 1.9 GB/2.2 GB   13 MB/s     23s[K[?25h[?2026l[?2026h[?25l[A[1Gpulling manifest [K
pulling 633fc5be925f:  86% ▕███████████████   ▏ 1.9 GB/2.2 GB   13 MB/s     22s[K[?25h[?2026l[?2026h[?25l[A[1Gpulling manifest [K
pulling 633fc5be925f:  86% ▕███████████████   ▏ 1.9 GB/2.2 GB   13 MB/s     22s[K[?25h[?2026l[?2026h[?25l[A[1Gpulling manifest [K
pulling 633fc5be925f:  86% ▕███████████████   ▏ 1.9 GB/2.2 GB   13 MB/s     22s[K[?25h[?2026l[?2026h[?25l[A[1Gpulling manifest [K
pulling 633fc5be925f:  86% ▕███████████████   ▏ 1.9 GB/2.2 GB   13 MB/s     22s[K[?25h[?2026l[?2026h[?25l[A[1Gpulling manifest [K
pulling 633fc5be925f:  87% ▕███████████████   ▏ 1.9 GB/2.2 GB   13 MB/s     22s[K[?25h[?2026l[?2026h[?25l[A[1Gpulling manifest [K
pulling 633fc5be925f:  87% ▕███████████████   ▏ 1.9 GB/2.2 GB   13 MB/s     21s[K[?25h[?2026l[?2026h[?25l[A[1Gpulling manifest [K
pulling 633fc5be925f:  87% ▕███████████████   ▏ 1.9 GB/2.2 GB   13 MB/s     21s[K[?25h[?2026l[?2026h[?25l[A[1Gpulling manifest [K
pulling 633fc5be925f:  87% ▕███████████████   ▏ 1.9 GB/2.2 GB   13 MB/s     21s[K[?25h[?2026l[?2026h[?25l[A[1Gpulling manifest [K
pulling 633fc5be925f:  87% ▕███████████████   ▏ 1.9 GB/2.2 GB   13 MB/s     21s[K[?25h[?2026l[?2026h[?25l[A[1Gpulling manifest [K
pulling 633fc5be925f:  87% ▕███████████████   ▏ 1.9 GB/2.2 GB   13 MB/s     21s[K[?25h[?2026l[?2026h[?25l[A[1Gpulling manifest [K
pulling 633fc5be925f:  87% ▕███████████████   ▏ 1.9 GB/2.2 GB   13 MB/s     21s[K[?25h[?2026l[?2026h[?25l[A[1Gpulling manifest [K
pulling 633fc5be925f:  87% ▕███████████████   ▏ 1.9 GB/2.2 GB   13 MB/s     21s[K[?25h[?2026l[?2026h[?25l[A[1Gpulling manifest [K
pulling 633fc5be925f:  87% ▕███████████████   ▏ 1.9 GB/2.2 GB   13 MB/s     20s[K[?25h[?2026l[?2026h[?25l[A[1Gpulling manifest [K
pulling 633fc5be925f:  87% ▕███████████████   ▏ 1.9 GB/2.2 GB   13 MB/s     20s[K[?25h[?2026l[?2026h[?25l[A[1Gpulling manifest [K
pulling 633fc5be925f:  87% ▕███████████████   ▏ 1.9 GB/2.2 GB   13 MB/s     20s[K[?25h[?2026l[?2026h[?25l[A[1Gpulling manifest [K
pulling 633fc5be925f:  87% ▕███████████████   ▏ 1.9 GB/2.2 GB   13 MB/s     20s[K[?25h[?2026l[?2026h[?25l[A[1Gpulling manifest [K
pulling 633fc5be925f:  87% ▕███████████████   ▏ 1.9 GB/2.2 GB   13 MB/s     20s[K[?25h[?2026l[?2026h[?25l[A[1Gpulling manifest [K
pulling 633fc5be925f:  87% ▕███████████████   ▏ 1.9 GB/2.2 GB   13 MB/s     20s[K[?25h[?2026l[?2026h[?25l[A[1Gpulling manifest [K
pulling 633fc5be925f:  87% ▕███████████████   ▏ 1.9 GB/2.2 GB   13 MB/s     20s[K[?25h[?2026l[?2026h[?25l[A[1Gpulling manifest [K
pulling 633fc5be925f:  87% ▕███████████████   ▏ 1.9 GB/2.2 GB   13 MB/s     20s[K[?25h[?2026l[?2026h[?25l[A[1Gpulling manifest [K
pulling 633fc5be925f:  88% ▕███████████████   ▏ 1.9 GB/2.2 GB   13 MB/s     20s[K[?25h[?2026l[?2026h[?25l[A[1Gpulling manifest [K
pulling 633fc5be925f:  88% ▕███████████████   ▏ 1.9 GB/2.2 GB   13 MB/s     19s[K[?25h[?2026l[?2026h[?25l[A[1Gpulling manifest [K
pulling 633fc5be925f:  88% ▕███████████████   ▏ 1.9 GB/2.2 GB   13 MB/s     19s[K[?25h[?2026l[?2026h[?25l[A[1Gpulling manifest [K
pulling 633fc5be925f:  88% ▕███████████████   ▏ 1.9 GB/2.2 GB   13 MB/s     20s[K[?25h[?2026l[?2026h[?25l[A[1Gpulling manifest [K
pulling 633fc5be925f:  88% ▕███████████████   ▏ 1.9 GB/2.2 GB   13 MB/s     19s[K[?25h[?2026l[?2026h[?25l[A[1Gpulling manifest [K
pulling 633fc5be925f:  88% ▕███████████████   ▏ 1.9 GB/2.2 GB   13 MB/s     19s[K[?25h[?2026l[?2026h[?25l[A[1Gpulling manifest [K
pulling 633fc5be925f:  88% ▕███████████████   ▏ 1.9 GB/2.2 GB   13 MB/s     19s[K[?25h[?2026l[?2026h[?25l[A[1Gpulling manifest [K
pulling 633fc5be925f:  88% ▕███████████████   ▏ 1.9 GB/2.2 GB   13 MB/s     19s[K[?25h[?2026l[?2026h[?25l[A[1Gpulling manifest [K
pulling 633fc5be925f:  88% ▕███████████████   ▏ 1.9 GB/2.2 GB   13 MB/s     19s[K[?25h[?2026l[?2026h[?25l[A[1Gpulling manifest [K
pulling 633fc5be925f:  88% ▕███████████████   ▏ 1.9 GB/2.2 GB   13 MB/s     19s[K[?25h[?2026l[?2026h[?25l[A[1Gpulling manifest [K
pulling 633fc5be925f:  88% ▕███████████████   ▏ 1.9 GB/2.2 GB   13 MB/s     19s[K[?25h[?2026l[?2026h[?25l[A[1Gpulling manifest [K
pulling 633fc5be925f:  88% ▕███████████████   ▏ 1.9 GB/2.2 GB   13 MB/s     19s[K[?25h[?2026l[?2026h[?25l[A[1Gpulling manifest [K
pulling 633fc5be925f:  88% ▕███████████████   ▏ 1.9 GB/2.2 GB   13 MB/s     19s[K[?25h[?2026l[?2026h[?25l[A[1Gpulling manifest [K
pulling 633fc5be925f:  88% ▕███████████████   ▏ 1.9 GB/2.2 GB   13 MB/s     19s[K[?25h[?2026l[?2026h[?25l[A[1Gpulling manifest [K
pulling 633fc5be925f:  88% ▕███████████████   ▏ 1.9 GB/2.2 GB   13 MB/s     19s[K[?25h[?2026l[?2026h[?25l[A[1Gpulling manifest [K
pulling 633fc5be925f:  88% ▕███████████████   ▏ 1.9 GB/2.2 GB   13 MB/s     18s[K[?25h[?2026l[?2026h[?25l[A[1Gpulling manifest [K
pulling 633fc5be925f:  89% ▕███████████████   ▏ 1.9 GB/2.2 GB   13 MB/s     18s[K[?25h[?2026l[?2026h[?25l[A[1Gpulling manifest [K
pulling 633fc5be925f:  89% ▕███████████████   ▏ 1.9 GB/2.2 GB   13 MB/s     18s[K[?25h[?2026l[?2026h[?25l[A[1Gpulling manifest [K
pulling 633fc5be925f:  89% ▕███████████████   ▏ 1.9 GB/2.2 GB   13 MB/s     18s[K[?25h[?2026l[?2026h[?25l[A[1Gpulling manifest [K
pulling 633fc5be925f:  89% ▕███████████████   ▏ 1.9 GB/2.2 GB   13 MB/s     18s[K[?25h[?2026l[?2026h[?25l[A[1Gpulling manifest [K
pulling 633fc5be925f:  89% ▕███████████████   ▏ 1.9 GB/2.2 GB   13 MB/s     18s[K[?25h[?2026l[?2026h[?25l[A[1Gpulling manifest [K
pulling 633fc5be925f:  89% ▕███████████████   ▏ 1.9 GB/2.2 GB   13 MB/s     18s[K[?25h[?2026l[?2026h[?25l[A[1Gpulling manifest [K
pulling 633fc5be925f:  89% ▕████████████████  ▏ 1.9 GB/2.2 GB   13 MB/s     18s[K[?25h[?2026l[?2026h[?25l[A[1Gpulling manifest [K
pulling 633fc5be925f:  89% ▕████████████████  ▏ 1.9 GB/2.2 GB   13 MB/s     18s[K[?25h[?2026l[?2026h[?25l[A[1Gpulling manifest [K
pulling 633fc5be925f:  89% ▕████████████████  ▏ 1.9 GB/2.2 GB   13 MB/s     17s[K[?25h[?2026l[?2026h[?25l[A[1Gpulling manifest [K
pulling 633fc5be925f:  89% ▕████████████████  ▏ 1.9 GB/2.2 GB   13 MB/s     17s[K[?25h[?2026l[?2026h[?25l[A[1Gpulling manifest [K
pulling 633fc5be925f:  89% ▕████████████████  ▏ 1.9 GB/2.2 GB   13 MB/s     17s[K[?25h[?2026l[?2026h[?25l[A[1Gpulling manifest [K
pulling 633fc5be925f:  89% ▕████████████████  ▏ 1.9 GB/2.2 GB   13 MB/s     17s[K[?25h[?2026l[?2026h[?25l[A[1Gpulling manifest [K
pulling 633fc5be925f:  89% ▕████████████████  ▏ 1.9 GB/2.2 GB   13 MB/s     17s[K[?25h[?2026l[?2026h[?25l[A[1Gpulling manifest [K
pulling 633fc5be925f:  89% ▕████████████████  ▏ 1.9 GB/2.2 GB   13 MB/s     17s[K[?25h[?2026l[?2026h[?25l[A[1Gpulling manifest [K
pulling 633fc5be925f:  89% ▕████████████████  ▏ 1.9 GB/2.2 GB   13 MB/s     17s[K[?25h[?2026l[?2026h[?25l[A[1Gpulling manifest [K
pulling 633fc5be925f:  89% ▕████████████████  ▏ 1.9 GB/2.2 GB   13 MB/s     17s[K[?25h[?2026l[?2026h[?25l[A[1Gpulling manifest [K
pulling 633fc5be925f:  90% ▕████████████████  ▏ 1.9 GB/2.2 GB   13 MB/s     17s[K[?25h[?2026l[?2026h[?25l[A[1Gpulling manifest [K
pulling 633fc5be925f:  90% ▕████████████████  ▏ 2.0 GB/2.2 GB   13 MB/s     16s[K[?25h[?2026l[?2026h[?25l[A[1Gpulling manifest [K
pulling 633fc5be925f:  90% ▕████████████████  ▏ 2.0 GB/2.2 GB   13 MB/s     16s[K[?25h[?2026l[?2026h[?25l[A[1Gpulling manifest [K
pulling 633fc5be925f:  90% ▕████████████████  ▏ 2.0 GB/2.2 GB   13 MB/s     16s[K[?25h[?2026l[?2026h[?25l[A[1Gpulling manifest [K
pulling 633fc5be925f:  90% ▕████████████████  ▏ 2.0 GB/2.2 GB   13 MB/s     16s[K[?25h[?2026l[?2026h[?25l[A[1Gpulling manifest [K
pulling 633fc5be925f:  90% ▕████████████████  ▏ 2.0 GB/2.2 GB   13 MB/s     16s[K[?25h[?2026l[?2026h[?25l[A[1Gpulling manifest [K
pulling 633fc5be925f:  90% ▕████████████████  ▏ 2.0 GB/2.2 GB   13 MB/s     16s[K[?25h[?2026l[?2026h[?25l[A[1Gpulling manifest [K
pulling 633fc5be925f:  90% ▕████████████████  ▏ 2.0 GB/2.2 GB   13 MB/s     16s[K[?25h[?2026l[?2026h[?25l[A[1Gpulling manifest [K
pulling 633fc5be925f:  90% ▕████████████████  ▏ 2.0 GB/2.2 GB   13 MB/s     16s[K[?25h[?2026l[?2026h[?25l[A[1Gpulling manifest [K
pulling 633fc5be925f:  90% ▕████████████████  ▏ 2.0 GB/2.2 GB   13 MB/s     15s[K[?25h[?2026l[?2026h[?25l[A[1Gpulling manifest [K
pulling 633fc5be925f:  90% ▕████████████████  ▏ 2.0 GB/2.2 GB   13 MB/s     15s[K[?25h[?2026l[?2026h[?25l[A[1Gpulling manifest [K
pulling 633fc5be925f:  90% ▕████████████████  ▏ 2.0 GB/2.2 GB   13 MB/s     15s[K[?25h[?2026l[?2026h[?25l[A[1Gpulling manifest [K
pulling 633fc5be925f:  90% ▕████████████████  ▏ 2.0 GB/2.2 GB   13 MB/s     15s[K[?25h[?2026l[?2026h[?25l[A[1Gpulling manifest [K
pulling 633fc5be925f:  90% ▕████████████████  ▏ 2.0 GB/2.2 GB   13 MB/s     15s[K[?25h[?2026l[?2026h[?25l[A[1Gpulling manifest [K
pulling 633fc5be925f:  90% ▕████████████████  ▏ 2.0 GB/2.2 GB   13 MB/s     15s[K[?25h[?2026l[?2026h[?25l[A[1Gpulling manifest [K
pulling 633fc5be925f:  90% ▕████████████████  ▏ 2.0 GB/2.2 GB   13 MB/s     15s[K[?25h[?2026l[?2026h[?25l[A[1Gpulling manifest [K
pulling 633fc5be925f:  90% ▕████████████████  ▏ 2.0 GB/2.2 GB   13 MB/s     15s[K[?25h[?2026l[?2026h[?25l[A[1Gpulling manifest [K
pulling 633fc5be925f:  91% ▕████████████████  ▏ 2.0 GB/2.2 GB   13 MB/s     15s[K[?25h[?2026l[?2026h[?25l[A[1Gpulling manifest [K
pulling 633fc5be925f:  91% ▕████████████████  ▏ 2.0 GB/2.2 GB   13 MB/s     15s[K[?25h[?2026l[?2026h[?25l[A[1Gpulling manifest [K
pulling 633fc5be925f:  91% ▕████████████████  ▏ 2.0 GB/2.2 GB   13 MB/s     15s[K[?25h[?2026l[?2026h[?25l[A[1Gpulling manifest [K
pulling 633fc5be925f:  91% ▕████████████████  ▏ 2.0 GB/2.2 GB   13 MB/s     14s[K[?25h[?2026l[?2026h[?25l[A[1Gpulling manifest [K
pulling 633fc5be925f:  91% ▕████████████████  ▏ 2.0 GB/2.2 GB   13 MB/s     14s[K[?25h[?2026l[?2026h[?25l[A[1Gpulling manifest [K
pulling 633fc5be925f:  91% ▕████████████████  ▏ 2.0 GB/2.2 GB   13 MB/s     15s[K[?25h[?2026l[?2026h[?25l[A[1Gpulling manifest [K
pulling 633fc5be925f:  91% ▕████████████████  ▏ 2.0 GB/2.2 GB   13 MB/s     15s[K[?25h[?2026l[?2026h[?25l[A[1Gpulling manifest [K
pulling 633fc5be925f:  91% ▕████████████████  ▏ 2.0 GB/2.2 GB   13 MB/s     15s[K[?25h[?2026l[?2026h[?25l[A[1Gpulling manifest [K
pulling 633fc5be925f:  91% ▕████████████████  ▏ 2.0 GB/2.2 GB   13 MB/s     14s[K[?25h[?2026l[?2026h[?25l[A[1Gpulling manifest [K
pulling 633fc5be925f:  91% ▕████████████████  ▏ 2.0 GB/2.2 GB   13 MB/s     14s[K[?25h[?2026l[?2026h[?25l[A[1Gpulling manifest [K
pulling 633fc5be925f:  91% ▕████████████████  ▏ 2.0 GB/2.2 GB   13 MB/s     14s[K[?25h[?2026l[?2026h[?25l[A[1Gpulling manifest [K
pulling 633fc5be925f:  91% ▕████████████████  ▏ 2.0 GB/2.2 GB   13 MB/s     14s[K[?25h[?2026l[?2026h[?25l[A[1Gpulling manifest [K
pulling 633fc5be925f:  91% ▕████████████████  ▏ 2.0 GB/2.2 GB   13 MB/s     14s[K[?25h[?2026l[?2026h[?25l[A[1Gpulling manifest [K
pulling 633fc5be925f:  91% ▕████████████████  ▏ 2.0 GB/2.2 GB   13 MB/s     14s[K[?25h[?2026l[?2026h[?25l[A[1Gpulling manifest [K
pulling 633fc5be925f:  91% ▕████████████████  ▏ 2.0 GB/2.2 GB   13 MB/s     14s[K[?25h[?2026l[?2026h[?25l[A[1Gpulling manifest [K
pulling 633fc5be925f:  91% ▕████████████████  ▏ 2.0 GB/2.2 GB   13 MB/s     14s[K[?25h[?2026l[?2026h[?25l[A[1Gpulling manifest [K
pulling 633fc5be925f:  91% ▕████████████████  ▏ 2.0 GB/2.2 GB   13 MB/s     14s[K[?25h[?2026l[?2026h[?25l[A[1Gpulling manifest [K
pulling 633fc5be925f:  91% ▕████████████████  ▏ 2.0 GB/2.2 GB   13 MB/s     14s[K[?25h[?2026l[?2026h[?25l[A[1Gpulling manifest [K
pulling 633fc5be925f:  91% ▕████████████████  ▏ 2.0 GB/2.2 GB   13 MB/s     14s[K[?25h[?2026l[?2026h[?25l[A[1Gpulling manifest [K
pulling 633fc5be925f:  91% ▕████████████████  ▏ 2.0 GB/2.2 GB   13 MB/s     14s[K[?25h[?2026l[?2026h[?25l[A[1Gpulling manifest [K
pulling 633fc5be925f:  91% ▕████████████████  ▏ 2.0 GB/2.2 GB   13 MB/s     14s[K[?25h[?2026l[?2026h[?25l[A[1Gpulling manifest [K
pulling 633fc5be925f:  92% ▕████████████████  ▏ 2.0 GB/2.2 GB   13 MB/s     14s[K[?25h[?2026l[?2026h[?25l[A[1Gpulling manifest [K
pulling 633fc5be925f:  92% ▕████████████████  ▏ 2.0 GB/2.2 GB   13 MB/s     14s[K[?25h[?2026l[?2026h[?25l[A[1Gpulling manifest [K
pulling 633fc5be925f:  92% ▕████████████████  ▏ 2.0 GB/2.2 GB   13 MB/s     13s[K[?25h[?2026l[?2026h[?25l[A[1Gpulling manifest [K
pulling 633fc5be925f:  92% ▕████████████████  ▏ 2.0 GB/2.2 GB   13 MB/s     13s[K[?25h[?2026l[?2026h[?25l[A[1Gpulling manifest [K
pulling 633fc5be925f:  92% ▕████████████████  ▏ 2.0 GB/2.2 GB   12 MB/s     13s[K[?25h[?2026l[?2026h[?25l[A[1Gpulling manifest [K
pulling 633fc5be925f:  92% ▕████████████████  ▏ 2.0 GB/2.2 GB   12 MB/s     13s[K[?25h[?2026l[?2026h[?25l[A[1Gpulling manifest [K
pulling 633fc5be925f:  92% ▕████████████████  ▏ 2.0 GB/2.2 GB   12 MB/s     13s[K[?25h[?2026l[?2026h[?25l[A[1Gpulling manifest [K
pulling 633fc5be925f:  92% ▕████████████████  ▏ 2.0 GB/2.2 GB   12 MB/s     13s[K[?25h[?2026l[?2026h[?25l[A[1Gpulling manifest [K
pulling 633fc5be925f:  92% ▕████████████████  ▏ 2.0 GB/2.2 GB   12 MB/s     13s[K[?25h[?2026l[?2026h[?25l[A[1Gpulling manifest [K
pulling 633fc5be925f:  92% ▕████████████████  ▏ 2.0 GB/2.2 GB   12 MB/s     13s[K[?25h[?2026l[?2026h[?25l[A[1Gpulling manifest [K
pulling 633fc5be925f:  92% ▕████████████████  ▏ 2.0 GB/2.2 GB   12 MB/s     13s[K[?25h[?2026l[?2026h[?25l[A[1Gpulling manifest [K
pulling 633fc5be925f:  92% ▕████████████████  ▏ 2.0 GB/2.2 GB   12 MB/s     13s[K[?25h[?2026l[?2026h[?25l[A[1Gpulling manifest [K
pulling 633fc5be925f:  92% ▕████████████████  ▏ 2.0 GB/2.2 GB   12 MB/s     13s[K[?25h[?2026l[?2026h[?25l[A[1Gpulling manifest [K
pulling 633fc5be925f:  92% ▕████████████████  ▏ 2.0 GB/2.2 GB   12 MB/s     13s[K[?25h[?2026l[?2026h[?25l[A[1Gpulling manifest [K
pulling 633fc5be925f:  92% ▕████████████████  ▏ 2.0 GB/2.2 GB   12 MB/s     13s[K[?25h[?2026l[?2026h[?25l[A[1Gpulling manifest [K
pulling 633fc5be925f:  92% ▕████████████████  ▏ 2.0 GB/2.2 GB   12 MB/s     12s[K[?25h[?2026l[?2026h[?25l[A[1Gpulling manifest [K
pulling 633fc5be925f:  92% ▕████████████████  ▏ 2.0 GB/2.2 GB   12 MB/s     12s[K[?25h[?2026l[?2026h[?25l[A[1Gpulling manifest [K
pulling 633fc5be925f:  93% ▕████████████████  ▏ 2.0 GB/2.2 GB   12 MB/s     12s[K[?25h[?2026l[?2026h[?25l[A[1Gpulling manifest [K
pulling 633fc5be925f:  93% ▕████████████████  ▏ 2.0 GB/2.2 GB   12 MB/s     12s[K[?25h[?2026l[?2026h[?25l[A[1Gpulling manifest [K
pulling 633fc5be925f:  93% ▕████████████████  ▏ 2.0 GB/2.2 GB   12 MB/s     12s[K[?25h[?2026l[?2026h[?25l[A[1Gpulling manifest [K
pulling 633fc5be925f:  93% ▕████████████████  ▏ 2.0 GB/2.2 GB   12 MB/s     12s[K[?25h[?2026l[?2026h[?25l[A[1Gpulling manifest [K
pulling 633fc5be925f:  93% ▕████████████████  ▏ 2.0 GB/2.2 GB   12 MB/s     12s[K[?25h[?2026l[?2026h[?25l[A[1Gpulling manifest [K
pulling 633fc5be925f:  93% ▕████████████████  ▏ 2.0 GB/2.2 GB   12 MB/s     12s[K[?25h[?2026l[?2026h[?25l[A[1Gpulling manifest [K
pulling 633fc5be925f:  93% ▕████████████████  ▏ 2.0 GB/2.2 GB   12 MB/s     12s[K[?25h[?2026l[?2026h[?25l[A[1Gpulling manifest [K
pulling 633fc5be925f:  93% ▕████████████████  ▏ 2.0 GB/2.2 GB   12 MB/s     12s[K[?25h[?2026l[?2026h[?25l[A[1Gpulling manifest [K
pulling 633fc5be925f:  93% ▕████████████████  ▏ 2.0 GB/2.2 GB   12 MB/s     12s[K[?25h[?2026l[?2026h[?25l[A[1Gpulling manifest [K
pulling 633fc5be925f:  93% ▕████████████████  ▏ 2.0 GB/2.2 GB   12 MB/s     12s[K[?25h[?2026l[?2026h[?25l[A[1Gpulling manifest [K
pulling 633fc5be925f:  93% ▕████████████████  ▏ 2.0 GB/2.2 GB   12 MB/s     11s[K[?25h[?2026l[?2026h[?25l[A[1Gpulling manifest [K
pulling 633fc5be925f:  93% ▕████████████████  ▏ 2.0 GB/2.2 GB   12 MB/s     11s[K[?25h[?2026l[?2026h[?25l[A[1Gpulling manifest [K
pulling 633fc5be925f:  93% ▕████████████████  ▏ 2.0 GB/2.2 GB   12 MB/s     11s[K[?25h[?2026l[?2026h[?25l[A[1Gpulling manifest [K
pulling 633fc5be925f:  93% ▕████████████████  ▏ 2.0 GB/2.2 GB   12 MB/s     11s[K[?25h[?2026l[?2026h[?25l[A[1Gpulling manifest [K
pulling 633fc5be925f:  93% ▕████████████████  ▏ 2.0 GB/2.2 GB   12 MB/s     11s[K[?25h[?2026l[?2026h[?25l[A[1Gpulling manifest [K
pulling 633fc5be925f:  93% ▕████████████████  ▏ 2.0 GB/2.2 GB   12 MB/s     11s[K[?25h[?2026l[?2026h[?25l[A[1Gpulling manifest [K
pulling 633fc5be925f:  93% ▕████████████████  ▏ 2.0 GB/2.2 GB   12 MB/s     11s[K[?25h[?2026l[?2026h[?25l[A[1Gpulling manifest [K
pulling 633fc5be925f:  93% ▕████████████████  ▏ 2.0 GB/2.2 GB   12 MB/s     11s[K[?25h[?2026l[?2026h[?25l[A[1Gpulling manifest [K
pulling 633fc5be925f:  93% ▕████████████████  ▏ 2.0 GB/2.2 GB   12 MB/s     11s[K[?25h[?2026l[?2026h[?25l[A[1Gpulling manifest [K
pulling 633fc5be925f:  93% ▕████████████████  ▏ 2.0 GB/2.2 GB   12 MB/s     11s[K[?25h[?2026l[?2026h[?25l[A[1Gpulling manifest [K
pulling 633fc5be925f:  93% ▕████████████████  ▏ 2.0 GB/2.2 GB   12 MB/s     11s[K[?25h[?2026l[?2026h[?25l[A[1Gpulling manifest [K
pulling 633fc5be925f:  94% ▕████████████████  ▏ 2.0 GB/2.2 GB   12 MB/s     11s[K[?25h[?2026l[?2026h[?25l[A[1Gpulling manifest [K
pulling 633fc5be925f:  94% ▕████████████████  ▏ 2.0 GB/2.2 GB   12 MB/s     11s[K[?25h[?2026l[?2026h[?25l[A[1Gpulling manifest [K
pulling 633fc5be925f:  94% ▕████████████████  ▏ 2.0 GB/2.2 GB   12 MB/s     11s[K[?25h[?2026l[?2026h[?25l[A[1Gpulling manifest [K
pulling 633fc5be925f:  94% ▕████████████████  ▏ 2.0 GB/2.2 GB   12 MB/s     11s[K[?25h[?2026l[?2026h[?25l[A[1Gpulling manifest [K
pulling 633fc5be925f:  94% ▕████████████████  ▏ 2.0 GB/2.2 GB   12 MB/s     11s[K[?25h[?2026l[?2026h[?25l[A[1Gpulling manifest [K
pulling 633fc5be925f:  94% ▕████████████████  ▏ 2.0 GB/2.2 GB   12 MB/s     11s[K[?25h[?2026l[?2026h[?25l[A[1Gpulling manifest [K
pulling 633fc5be925f:  94% ▕████████████████  ▏ 2.0 GB/2.2 GB   12 MB/s     10s[K[?25h[?2026l[?2026h[?25l[A[1Gpulling manifest [K
pulling 633fc5be925f:  94% ▕████████████████  ▏ 2.0 GB/2.2 GB   11 MB/s     11s[K[?25h[?2026l[?2026h[?25l[A[1Gpulling manifest [K
pulling 633fc5be925f:  94% ▕████████████████  ▏ 2.0 GB/2.2 GB   11 MB/s     11s[K[?25h[?2026l[?2026h[?25l[A[1Gpulling manifest [K
pulling 633fc5be925f:  94% ▕████████████████  ▏ 2.0 GB/2.2 GB   11 MB/s     11s[K[?25h[?2026l[?2026h[?25l[A[1Gpulling manifest [K
pulling 633fc5be925f:  94% ▕████████████████  ▏ 2.0 GB/2.2 GB   11 MB/s     11s[K[?25h[?2026l[?2026h[?25l[A[1Gpulling manifest [K
pulling 633fc5be925f:  94% ▕████████████████  ▏ 2.0 GB/2.2 GB   11 MB/s     11s[K[?25h[?2026l[?2026h[?25l[A[1Gpulling manifest [K
pulling 633fc5be925f:  94% ▕████████████████  ▏ 2.0 GB/2.2 GB   11 MB/s     10s[K[?25h[?2026l[?2026h[?25l[A[1Gpulling manifest [K
pulling 633fc5be925f:  94% ▕████████████████  ▏ 2.0 GB/2.2 GB   11 MB/s     10s[K[?25h[?2026l[?2026h[?25l[A[1Gpulling manifest [K
pulling 633fc5be925f:  94% ▕████████████████  ▏ 2.0 GB/2.2 GB   11 MB/s     10s[K[?25h[?2026l[?2026h[?25l[A[1Gpulling manifest [K
pulling 633fc5be925f:  94% ▕████████████████  ▏ 2.1 GB/2.2 GB   11 MB/s     10s[K[?25h[?2026l[?2026h[?25l[A[1Gpulling manifest [K
pulling 633fc5be925f:  94% ▕████████████████  ▏ 2.1 GB/2.2 GB   11 MB/s     10s[K[?25h[?2026l[?2026h[?25l[A[1Gpulling manifest [K
pulling 633fc5be925f:  94% ▕████████████████  ▏ 2.1 GB/2.2 GB   11 MB/s     10s[K[?25h[?2026l[?2026h[?25l[A[1Gpulling manifest [K
pulling 633fc5be925f:  94% ▕████████████████  ▏ 2.1 GB/2.2 GB   11 MB/s     10s[K[?25h[?2026l[?2026h[?25l[A[1Gpulling manifest [K
pulling 633fc5be925f:  94% ▕████████████████  ▏ 2.1 GB/2.2 GB   11 MB/s     10s[K[?25h[?2026l[?2026h[?25l[A[1Gpulling manifest [K
pulling 633fc5be925f:  94% ▕████████████████  ▏ 2.1 GB/2.2 GB   11 MB/s     10s[K[?25h[?2026l[?2026h[?25l[A[1Gpulling manifest [K
pulling 633fc5be925f:  94% ▕█████████████████ ▏ 2.1 GB/2.2 GB   11 MB/s     10s[K[?25h[?2026l[?2026h[?25l[A[1Gpulling manifest [K
pulling 633fc5be925f:  95% ▕█████████████████ ▏ 2.1 GB/2.2 GB   11 MB/s     10s[K[?25h[?2026l[?2026h[?25l[A[1Gpulling manifest [K
pulling 633fc5be925f:  95% ▕█████████████████ ▏ 2.1 GB/2.2 GB   11 MB/s     10s[K[?25h[?2026l[?2026h[?25l[A[1Gpulling manifest [K
pulling 633fc5be925f:  95% ▕█████████████████ ▏ 2.1 GB/2.2 GB   11 MB/s     10s[K[?25h[?2026l[?2026h[?25l[A[1Gpulling manifest [K
pulling 633fc5be925f:  95% ▕█████████████████ ▏ 2.1 GB/2.2 GB   11 MB/s     10s[K[?25h[?2026l[?2026h[?25l[A[1Gpulling manifest [K
pulling 633fc5be925f:  95% ▕█████████████████ ▏ 2.1 GB/2.2 GB   11 MB/s     10s[K[?25h[?2026l[?2026h[?25l[A[1Gpulling manifest [K
pulling 633fc5be925f:  95% ▕█████████████████ ▏ 2.1 GB/2.2 GB   11 MB/s     10s[K[?25h[?2026l[?2026h[?25l[A[1Gpulling manifest [K
pulling 633fc5be925f:  95% ▕█████████████████ ▏ 2.1 GB/2.2 GB   11 MB/s     10s[K[?25h[?2026l[?2026h[?25l[A[1Gpulling manifest [K
pulling 633fc5be925f:  95% ▕█████████████████ ▏ 2.1 GB/2.2 GB   11 MB/s     10s[K[?25h[?2026l[?2026h[?25l[A[1Gpulling manifest [K
pulling 633fc5be925f:  95% ▕█████████████████ ▏ 2.1 GB/2.2 GB   11 MB/s     10s[K[?25h[?2026l[?2026h[?25l[A[1Gpulling manifest [K
pulling 633fc5be925f:  95% ▕█████████████████ ▏ 2.1 GB/2.2 GB   11 MB/s      9s[K[?25h[?2026l[?2026h[?25l[A[1Gpulling manifest [K
pulling 633fc5be925f:  95% ▕█████████████████ ▏ 2.1 GB/2.2 GB   11 MB/s      9s[K[?25h[?2026l[?2026h[?25l[A[1Gpulling manifest [K
pulling 633fc5be925f:  95% ▕█████████████████ ▏ 2.1 GB/2.2 GB   11 MB/s      9s[K[?25h[?2026l[?2026h[?25l[A[1Gpulling manifest [K
pulling 633fc5be925f:  95% ▕█████████████████ ▏ 2.1 GB/2.2 GB   11 MB/s      9s[K[?25h[?2026l[?2026h[?25l[A[1Gpulling manifest [K
pulling 633fc5be925f:  95% ▕█████████████████ ▏ 2.1 GB/2.2 GB   11 MB/s      9s[K[?25h[?2026l[?2026h[?25l[A[1Gpulling manifest [K
pulling 633fc5be925f:  95% ▕█████████████████ ▏ 2.1 GB/2.2 GB   11 MB/s      9s[K[?25h[?2026l[?2026h[?25l[A[1Gpulling manifest [K
pulling 633fc5be925f:  95% ▕█████████████████ ▏ 2.1 GB/2.2 GB   10 MB/s      9s[K[?25h[?2026l[?2026h[?25l[A[1Gpulling manifest [K
pulling 633fc5be925f:  95% ▕█████████████████ ▏ 2.1 GB/2.2 GB   10 MB/s      9s[K[?25h[?2026l[?2026h[?25l[A[1Gpulling manifest [K
pulling 633fc5be925f:  95% ▕█████████████████ ▏ 2.1 GB/2.2 GB   10 MB/s      9s[K[?25h[?2026l[?2026h[?25l[A[1Gpulling manifest [K
pulling 633fc5be925f:  95% ▕█████████████████ ▏ 2.1 GB/2.2 GB   10 MB/s      9s[K[?25h[?2026l[?2026h[?25l[A[1Gpulling manifest [K
pulling 633fc5be925f:  95% ▕█████████████████ ▏ 2.1 GB/2.2 GB   10 MB/s      9s[K[?25h[?2026l[?2026h[?25l[A[1Gpulling manifest [K
pulling 633fc5be925f:  95% ▕█████████████████ ▏ 2.1 GB/2.2 GB   10 MB/s      9s[K[?25h[?2026l[?2026h[?25l[A[1Gpulling manifest [K
pulling 633fc5be925f:  96% ▕█████████████████ ▏ 2.1 GB/2.2 GB   10 MB/s      8s[K[?25h[?2026l[?2026h[?25l[A[1Gpulling manifest [K
pulling 633fc5be925f:  96% ▕█████████████████ ▏ 2.1 GB/2.2 GB   10 MB/s      8s[K[?25h[?2026l[?2026h[?25l[A[1Gpulling manifest [K
pulling 633fc5be925f:  96% ▕█████████████████ ▏ 2.1 GB/2.2 GB   10 MB/s      8s[K[?25h[?2026l[?2026h[?25l[A[1Gpulling manifest [K
pulling 633fc5be925f:  96% ▕█████████████████ ▏ 2.1 GB/2.2 GB   10 MB/s      8s[K[?25h[?2026l[?2026h[?25l[A[1Gpulling manifest [K
pulling 633fc5be925f:  96% ▕█████████████████ ▏ 2.1 GB/2.2 GB   10 MB/s      8s[K[?25h[?2026l[?2026h[?25l[A[1Gpulling manifest [K
pulling 633fc5be925f:  96% ▕█████████████████ ▏ 2.1 GB/2.2 GB   10 MB/s      8s[K[?25h[?2026l[?2026h[?25l[A[1Gpulling manifest [K
pulling 633fc5be925f:  96% ▕█████████████████ ▏ 2.1 GB/2.2 GB   10 MB/s      8s[K[?25h[?2026l[?2026h[?25l[A[1Gpulling manifest [K
pulling 633fc5be925f:  96% ▕█████████████████ ▏ 2.1 GB/2.2 GB   10 MB/s      8s[K[?25h[?2026l[?2026h[?25l[A[1Gpulling manifest [K
pulling 633fc5be925f:  96% ▕█████████████████ ▏ 2.1 GB/2.2 GB   10 MB/s      8s[K[?25h[?2026l[?2026h[?25l[A[1Gpulling manifest [K
pulling 633fc5be925f:  96% ▕█████████████████ ▏ 2.1 GB/2.2 GB   10 MB/s      8s[K[?25h[?2026l[?2026h[?25l[A[1Gpulling manifest [K
pulling 633fc5be925f:  96% ▕█████████████████ ▏ 2.1 GB/2.2 GB   10 MB/s      8s[K[?25h[?2026l[?2026h[?25l[A[1Gpulling manifest [K
pulling 633fc5be925f:  96% ▕█████████████████ ▏ 2.1 GB/2.2 GB   10 MB/s      8s[K[?25h[?2026l[?2026h[?25l[A[1Gpulling manifest [K
pulling 633fc5be925f:  96% ▕█████████████████ ▏ 2.1 GB/2.2 GB   10 MB/s      8s[K[?25h[?2026l[?2026h[?25l[A[1Gpulling manifest [K
pulling 633fc5be925f:  96% ▕█████████████████ ▏ 2.1 GB/2.2 GB   10 MB/s      8s[K[?25h[?2026l[?2026h[?25l[A[1Gpulling manifest [K
pulling 633fc5be925f:  96% ▕█████████████████ ▏ 2.1 GB/2.2 GB   10 MB/s      7s[K[?25h[?2026l[?2026h[?25l[A[1Gpulling manifest [K
pulling 633fc5be925f:  96% ▕█████████████████ ▏ 2.1 GB/2.2 GB   10 MB/s      8s[K[?25h[?2026l[?2026h[?25l[A[1Gpulling manifest [K
pulling 633fc5be925f:  96% ▕█████████████████ ▏ 2.1 GB/2.2 GB   10 MB/s      8s[K[?25h[?2026l[?2026h[?25l[A[1Gpulling manifest [K
pulling 633fc5be925f:  96% ▕█████████████████ ▏ 2.1 GB/2.2 GB   10 MB/s      7s[K[?25h[?2026l[?2026h[?25l[A[1Gpulling manifest [K
pulling 633fc5be925f:  96% ▕█████████████████ ▏ 2.1 GB/2.2 GB   10 MB/s      7s[K[?25h[?2026l[?2026h[?25l[A[1Gpulling manifest [K
pulling 633fc5be925f:  96% ▕█████████████████ ▏ 2.1 GB/2.2 GB   10 MB/s      7s[K[?25h[?2026l[?2026h[?25l[A[1Gpulling manifest [K
pulling 633fc5be925f:  96% ▕█████████████████ ▏ 2.1 GB/2.2 GB   10 MB/s      7s[K[?25h[?2026l[?2026h[?25l[A[1Gpulling manifest [K
pulling 633fc5be925f:  96% ▕█████████████████ ▏ 2.1 GB/2.2 GB   10 MB/s      7s[K[?25h[?2026l[?2026h[?25l[A[1Gpulling manifest [K
pulling 633fc5be925f:  96% ▕█████████████████ ▏ 2.1 GB/2.2 GB   10 MB/s      7s[K[?25h[?2026l[?2026h[?25l[A[1Gpulling manifest [K
pulling 633fc5be925f:  96% ▕█████████████████ ▏ 2.1 GB/2.2 GB   10 MB/s      7s[K[?25h[?2026l[?2026h[?25l[A[1Gpulling manifest [K
pulling 633fc5be925f:  97% ▕█████████████████ ▏ 2.1 GB/2.2 GB   10 MB/s      7s[K[?25h[?2026l[?2026h[?25l[A[1Gpulling manifest [K
pulling 633fc5be925f:  97% ▕█████████████████ ▏ 2.1 GB/2.2 GB   10 MB/s      7s[K[?25h[?2026l[?2026h[?25l[A[1Gpulling manifest [K
pulling 633fc5be925f:  97% ▕█████████████████ ▏ 2.1 GB/2.2 GB   10 MB/s      7s[K[?25h[?2026l[?2026h[?25l[A[1Gpulling manifest [K
pulling 633fc5be925f:  97% ▕█████████████████ ▏ 2.1 GB/2.2 GB   10 MB/s      7s[K[?25h[?2026l[?2026h[?25l[A[1Gpulling manifest [K
pulling 633fc5be925f:  97% ▕█████████████████ ▏ 2.1 GB/2.2 GB   10 MB/s      7s[K[?25h[?2026l[?2026h[?25l[A[1Gpulling manifest [K
pulling 633fc5be925f:  97% ▕█████████████████ ▏ 2.1 GB/2.2 GB   10 MB/s      7s[K[?25h[?2026l[?2026h[?25l[A[1Gpulling manifest [K
pulling 633fc5be925f:  97% ▕█████████████████ ▏ 2.1 GB/2.2 GB   10 MB/s      6s[K[?25h[?2026l[?2026h[?25l[A[1Gpulling manifest [K
pulling 633fc5be925f:  97% ▕█████████████████ ▏ 2.1 GB/2.2 GB   10 MB/s      6s[K[?25h[?2026l[?2026h[?25l[A[1Gpulling manifest [K
pulling 633fc5be925f:  97% ▕█████████████████ ▏ 2.1 GB/2.2 GB   10 MB/s      6s[K[?25h[?2026l[?2026h[?25l[A[1Gpulling manifest [K
pulling 633fc5be925f:  97% ▕█████████████████ ▏ 2.1 GB/2.2 GB   10 MB/s      6s[K[?25h[?2026l[?2026h[?25l[A[1Gpulling manifest [K
pulling 633fc5be925f:  97% ▕█████████████████ ▏ 2.1 GB/2.2 GB   10 MB/s      6s[K[?25h[?2026l[?2026h[?25l[A[1Gpulling manifest [K
pulling 633fc5be925f:  97% ▕████████████████ ▏ 2.1 GB/2.2 GB  10.0 MB/s      6s[K[?25h[?2026l[?2026h[?25l[A[1Gpulling manifest [K
pulling 633fc5be925f:  97% ▕████████████████ ▏ 2.1 GB/2.2 GB  10.0 MB/s      6s[K[?25h[?2026l[?2026h[?25l[A[1Gpulling manifest [K
pulling 633fc5be925f:  97% ▕████████████████ ▏ 2.1 GB/2.2 GB  10.0 MB/s      6s[K[?25h[?2026l[?2026h[?25l[A[1Gpulling manifest [K
pulling 633fc5be925f:  97% ▕████████████████ ▏ 2.1 GB/2.2 GB  10.0 MB/s      6s[K[?25h[?2026l[?2026h[?25l[A[1Gpulling manifest [K
pulling 633fc5be925f:  97% ▕████████████████ ▏ 2.1 GB/2.2 GB  10.0 MB/s      6s[K[?25h[?2026l[?2026h[?25l[A[1Gpulling manifest [K
pulling 633fc5be925f:  97% ▕████████████████ ▏ 2.1 GB/2.2 GB  10.0 MB/s      6s[K[?25h[?2026l[?2026h[?25l[A[1Gpulling manifest [K
pulling 633fc5be925f:  97% ▕████████████████ ▏ 2.1 GB/2.2 GB  10.0 MB/s      5s[K[?25h[?2026l[?2026h[?25l[A[1Gpulling manifest [K
pulling 633fc5be925f:  97% ▕████████████████ ▏ 2.1 GB/2.2 GB  10.0 MB/s      5s[K[?25h[?2026l[?2026h[?25l[A[1Gpulling manifest [K
pulling 633fc5be925f:  97% ▕████████████████ ▏ 2.1 GB/2.2 GB  10.0 MB/s      5s[K[?25h[?2026l[?2026h[?25l[A[1Gpulling manifest [K
pulling 633fc5be925f:  97% ▕████████████████ ▏ 2.1 GB/2.2 GB  10.0 MB/s      5s[K[?25h[?2026l[?2026h[?25l[A[1Gpulling manifest [K
pulling 633fc5be925f:  97% ▕████████████████ ▏ 2.1 GB/2.2 GB  10.0 MB/s      5s[K[?25h[?2026l[?2026h[?25l[A[1Gpulling manifest [K
pulling 633fc5be925f:  98% ▕████████████████ ▏ 2.1 GB/2.2 GB  10.0 MB/s      5s[K[?25h[?2026l[?2026h[?25l[A[1Gpulling manifest [K
pulling 633fc5be925f:  98% ▕████████████████ ▏ 2.1 GB/2.2 GB  10.0 MB/s      5s[K[?25h[?2026l[?2026h[?25l[A[1Gpulling manifest [K
pulling 633fc5be925f:  98% ▕████████████████ ▏ 2.1 GB/2.2 GB  10.0 MB/s      5s[K[?25h[?2026l[?2026h[?25l[A[1Gpulling manifest [K
pulling 633fc5be925f:  98% ▕████████████████ ▏ 2.1 GB/2.2 GB  10.0 MB/s      5s[K[?25h[?2026l[?2026h[?25l[A[1Gpulling manifest [K
pulling 633fc5be925f:  98% ▕████████████████ ▏ 2.1 GB/2.2 GB  10.0 MB/s      4s[K[?25h[?2026l[?2026h[?25l[A[1Gpulling manifest [K
pulling 633fc5be925f:  98% ▕████████████████ ▏ 2.1 GB/2.2 GB  10.0 MB/s      4s[K[?25h[?2026l[?2026h[?25l[A[1Gpulling manifest [K
pulling 633fc5be925f:  98% ▕████████████████ ▏ 2.1 GB/2.2 GB  10.0 MB/s      4s[K[?25h[?2026l[?2026h[?25l[A[1Gpulling manifest [K
pulling 633fc5be925f:  98% ▕████████████████ ▏ 2.1 GB/2.2 GB  10.0 MB/s      4s[K[?25h[?2026l[?2026h[?25l[A[1Gpulling manifest [K
pulling 633fc5be925f:  98% ▕████████████████ ▏ 2.1 GB/2.2 GB  10.0 MB/s      4s[K[?25h[?2026l[?2026h[?25l[A[1Gpulling manifest [K
pulling 633fc5be925f:  98% ▕████████████████ ▏ 2.1 GB/2.2 GB  10.0 MB/s      4s[K[?25h[?2026l[?2026h[?25l[A[1Gpulling manifest [K
pulling 633fc5be925f:  98% ▕████████████████ ▏ 2.1 GB/2.2 GB  10.0 MB/s      4s[K[?25h[?2026l[?2026h[?25l[A[1Gpulling manifest [K
pulling 633fc5be925f:  98% ▕████████████████ ▏ 2.1 GB/2.2 GB  10.0 MB/s      4s[K[?25h[?2026l[?2026h[?25l[A[1Gpulling manifest [K
pulling 633fc5be925f:  98% ▕████████████████ ▏ 2.1 GB/2.2 GB  10.0 MB/s      4s[K[?25h[?2026l[?2026h[?25l[A[1Gpulling manifest [K
pulling 633fc5be925f:  98% ▕████████████████ ▏ 2.1 GB/2.2 GB  10.0 MB/s      4s[K[?25h[?2026l[?2026h[?25l[A[1Gpulling manifest [K
pulling 633fc5be925f:  98% ▕████████████████ ▏ 2.1 GB/2.2 GB  10.0 MB/s      4s[K[?25h[?2026l[?2026h[?25l[A[1Gpulling manifest [K
pulling 633fc5be925f:  98% ▕████████████████ ▏ 2.1 GB/2.2 GB  10.0 MB/s      3s[K[?25h[?2026l[?2026h[?25l[A[1Gpulling manifest [K
pulling 633fc5be925f:  98% ▕████████████████ ▏ 2.1 GB/2.2 GB  10.0 MB/s      3s[K[?25h[?2026l[?2026h[?25l[A[1Gpulling manifest [K
pulling 633fc5be925f:  98% ▕████████████████ ▏ 2.1 GB/2.2 GB  10.0 MB/s      3s[K[?25h[?2026l[?2026h[?25l[A[1Gpulling manifest [K
pulling 633fc5be925f:  98% ▕████████████████ ▏ 2.1 GB/2.2 GB  10.0 MB/s      3s[K[?25h[?2026l[?2026h[?25l[A[1Gpulling manifest [K
pulling 633fc5be925f:  98% ▕████████████████ ▏ 2.1 GB/2.2 GB  10.0 MB/s      3s[K[?25h[?2026l[?2026h[?25l[A[1Gpulling manifest [K
pulling 633fc5be925f:  98% ▕█████████████████ ▏ 2.1 GB/2.2 GB  9.8 MB/s      3s[K[?25h[?2026l[?2026h[?25l[A[1Gpulling manifest [K
pulling 633fc5be925f:  98% ▕█████████████████ ▏ 2.1 GB/2.2 GB  9.8 MB/s      3s[K[?25h[?2026l[?2026h[?25l[A[1Gpulling manifest [K
pulling 633fc5be925f:  98% ▕█████████████████ ▏ 2.1 GB/2.2 GB  9.8 MB/s      3s[K[?25h[?2026l[?2026h[?25l[A[1Gpulling manifest [K
pulling 633fc5be925f:  99% ▕█████████████████ ▏ 2.1 GB/2.2 GB  9.8 MB/s      3s[K[?25h[?2026l[?2026h[?25l[A[1Gpulling manifest [K
pulling 633fc5be925f:  99% ▕█████████████████ ▏ 2.1 GB/2.2 GB  9.8 MB/s      3s[K[?25h[?2026l[?2026h[?25l[A[1Gpulling manifest [K
pulling 633fc5be925f:  99% ▕█████████████████ ▏ 2.1 GB/2.2 GB  9.8 MB/s      3s[K[?25h[?2026l[?2026h[?25l[A[1Gpulling manifest [K
pulling 633fc5be925f:  99% ▕█████████████████ ▏ 2.1 GB/2.2 GB  9.8 MB/s      2s[K[?25h[?2026l[?2026h[?25l[A[1Gpulling manifest [K
pulling 633fc5be925f:  99% ▕█████████████████ ▏ 2.1 GB/2.2 GB  9.8 MB/s      2s[K[?25h[?2026l[?2026h[?25l[A[1Gpulling manifest [K
pulling 633fc5be925f:  99% ▕█████████████████ ▏ 2.1 GB/2.2 GB  9.8 MB/s      2s[K[?25h[?2026l[?2026h[?25l[A[1Gpulling manifest [K
pulling 633fc5be925f:  99% ▕█████████████████ ▏ 2.1 GB/2.2 GB  9.8 MB/s      2s[K[?25h[?2026l[?2026h[?25l[A[1Gpulling manifest [K
pulling 633fc5be925f:  99% ▕█████████████████ ▏ 2.2 GB/2.2 GB  9.7 MB/s      2s[K[?25h[?2026l[?2026h[?25l[A[1Gpulling manifest [K
pulling 633fc5be925f:  99% ▕█████████████████ ▏ 2.2 GB/2.2 GB  9.7 MB/s      2s[K[?25h[?2026l[?2026h[?25l[A[1Gpulling manifest [K
pulling 633fc5be925f:  99% ▕█████████████████ ▏ 2.2 GB/2.2 GB  9.7 MB/s      2s[K[?25h[?2026l[?2026h[?25l[A[1Gpulling manifest [K
pulling 633fc5be925f:  99% ▕█████████████████ ▏ 2.2 GB/2.2 GB  9.7 MB/s      2s[K[?25h[?2026l[?2026h[?25l[A[1Gpulling manifest [K
pulling 633fc5be925f:  99% ▕█████████████████ ▏ 2.2 GB/2.2 GB  9.7 MB/s      2s[K[?25h[?2026l[?2026h[?25l[A[1Gpulling manifest [K
pulling 633fc5be925f:  99% ▕█████████████████ ▏ 2.2 GB/2.2 GB  9.7 MB/s      2s[K[?25h[?2026l[?2026h[?25l[A[1Gpulling manifest [K
pulling 633fc5be925f:  99% ▕█████████████████ ▏ 2.2 GB/2.2 GB  9.7 MB/s      1s[K[?25h[?2026l[?2026h[?25l[A[1Gpulling manifest [K
pulling 633fc5be925f:  99% ▕█████████████████ ▏ 2.2 GB/2.2 GB  9.7 MB/s      1s[K[?25h[?2026l[?2026h[?25l[A[1Gpulling manifest [K
pulling 633fc5be925f:  99% ▕█████████████████ ▏ 2.2 GB/2.2 GB  9.7 MB/s      1s[K[?25h[?2026l[?2026h[?25l[A[1Gpulling manifest [K
pulling 633fc5be925f:  99% ▕█████████████████ ▏ 2.2 GB/2.2 GB  9.7 MB/s      1s[K[?25h[?2026l[?2026h[?25l[A[1Gpulling manifest [K
pulling 633fc5be925f:  99% ▕█████████████████ ▏ 2.2 GB/2.2 GB  9.9 MB/s      1s[K[?25h[?2026l[?2026h[?25l[A[1Gpulling manifest [K
pulling 633fc5be925f:  99% ▕█████████████████ ▏ 2.2 GB/2.2 GB  9.9 MB/s      1s[K[?25h[?2026l[?2026h[?25l[A[1Gpulling manifest [K
pulling 633fc5be925f:  99% ▕█████████████████ ▏ 2.2 GB/2.2 GB  9.9 MB/s      1s[K[?25h[?2026l[?2026h[?25l[A[1Gpulling manifest [K
pulling 633fc5be925f:  99% ▕█████████████████ ▏ 2.2 GB/2.2 GB  9.9 MB/s      1s[K[?25h[?2026l[?2026h[?25l[A[1Gpulling manifest [K
pulling 633fc5be925f: 100% ▕█████████████████ ▏ 2.2 GB/2.2 GB  9.9 MB/s      1s[K[?25h[?2026l[?2026h[?25l[A[1Gpulling manifest [K
pulling 633fc5be925f: 100% ▕█████████████████ ▏ 2.2 GB/2.2 GB  9.9 MB/s      0s[K[?25h[?2026l[?2026h[?25l[A[1Gpulling manifest [K
pulling 633fc5be925f: 100% ▕█████████████████ ▏ 2.2 GB/2.2 GB  9.9 MB/s      0s[K[?25h[?2026l[?2026h[?25l[A[1Gpulling manifest [K
pulling 633fc5be925f: 100% ▕█████████████████ ▏ 2.2 GB/2.2 GB  9.9 MB/s      0s[K[?25h[?2026l[?2026h[?25l[A[1Gpulling manifest [K
pulling 633fc5be925f: 100% ▕█████████████████ ▏ 2.2 GB/2.2 GB  9.9 MB/s      0s[K[?25h[?2026l[?2026h[?25l[A[1Gpulling manifest [K
pulling 633fc5be925f: 100% ▕█████████████████ ▏ 2.2 GB/2.2 GB  9.9 MB/s      0s[K[?25h[?2026l[?2026h[?25l[A[1Gpulling manifest [K
pulling 633fc5be925f: 100% ▕█████████████████ ▏ 2.2 GB/2.2 GB   10 MB/s      0s[K[?25h[?2026l[?2026h[?25l[A[1Gpulling manifest [K
pulling 633fc5be925f: 100% ▕█████████████████ ▏ 2.2 GB/2.2 GB   10 MB/s      0s[K[?25h[?2026l[?2026h[?25l[A[1Gpulling manifest [K
pulling 633fc5be925f: 100% ▕██████████████████▏ 2.2 GB                         [K[?25h[?2026l[?2026h[?25l[A[1Gpulling manifest [K
pulling 633fc5be925f: 100% ▕██████████████████▏ 2.2 GB                         [K[?25h[?2026l[?2026h[?25l[A[1Gpulling manifest [K
pulling 633fc5be925f: 100% ▕██████████████████▏ 2.2 GB                         [K[?25h[?2026l[?2026h[?25l[A[1Gpulling manifest [K
pulling 633fc5be925f: 100% ▕██████████████████▏ 2.2 GB                         [K[?25h[?2026l[?2026h[?25l[A[1Gpulling manifest [K
pulling 633fc5be925f: 100% ▕██████████████████▏ 2.2 GB                         [K[?25h[?2026l[?2026h[?25l[A[1Gpulling manifest [K
pulling 633fc5be925f: 100% ▕██████████████████▏ 2.2 GB                         [K[?25h[?2026l[?2026h[?25l[A[1Gpulling manifest [K
pulling 633fc5be925f: 100% ▕██████████████████▏ 2.2 GB                         [K[?25h[?2026l[?2026h[?25l[A[1Gpulling manifest [K
pulling 633fc5be925f: 100% ▕██████████████████▏ 2.2 GB                         [K[?25h[?2026l[?2026h[?25l[A[1Gpulling manifest [K
pulling 633fc5be925f: 100% ▕██████████████████▏ 2.2 GB                         [K[?25h[?2026l[?2026h[?25l[A[1Gpulling manifest [K
pulling 633fc5be925f: 100% ▕██████████████████▏ 2.2 GB                         [K[?25h[?2026l[?2026h[?25l[A[1Gpulling manifest [K
pulling 633fc5be925f: 100% ▕██████████████████▏ 2.2 GB                         [K[?25h[?2026l[?2026h[?25l[A[1Gpulling manifest [K
pulling 633fc5be925f: 100% ▕██████████████████▏ 2.2 GB                         [K
pulling fa8235e5b48f: 100% ▕██████████████████▏ 1.1 KB                         [K[?25h[?2026l[?2026h[?25l[A[A[1Gpulling manifest [K
pulling 633fc5be925f: 100% ▕██████████████████▏ 2.2 GB                         [K
pulling fa8235e5b48f: 100% ▕██████████████████▏ 1.1 KB                         [K[?25h[?2026l[?2026h[?25l[A[A[1Gpulling manifest [K
pulling 633fc5be925f: 100% ▕██████████████████▏ 2.2 GB                         [K
pulling fa8235e5b48f: 100% ▕██████████████████▏ 1.1 KB                         [K[?25h[?2026l[?2026h[?25l[A[A[1Gpulling manifest [K
pulling 633fc5be925f: 100% ▕██████████████████▏ 2.2 GB                         [K
pulling fa8235e5b48f: 100% ▕██████████████████▏ 1.1 KB                         [K[?25h[?2026l[?2026h[?25l[A[A[1Gpulling manifest [K
pulling 633fc5be925f: 100% ▕██████████████████▏ 2.2 GB                         [K
pulling fa8235e5b48f: 100% ▕██████████████████▏ 1.1 KB                         [K[?25h[?2026l[?2026h[?25l[A[A[1Gpulling manifest [K
pulling 633fc5be925f: 100% ▕██████████████████▏ 2.2 GB                         [K
pulling fa8235e5b48f: 100% ▕██████████████████▏ 1.1 KB                         [K[?25h[?2026l[?2026h[?25l[A[A[1Gpulling manifest [K
pulling 633fc5be925f: 100% ▕██████████████████▏ 2.2 GB                         [K
pulling fa8235e5b48f: 100% ▕██████████████████▏ 1.1 KB                         [K[?25h[?2026l[?2026h[?25l[A[A[1Gpulling manifest [K
pulling 633fc5be925f: 100% ▕██████████████████▏ 2.2 GB                         [K
pulling fa8235e5b48f: 100% ▕██████████████████▏ 1.1 KB                         [K[?25h[?2026l[?2026h[?25l[A[A[1Gpulling manifest [K
pulling 633fc5be925f: 100% ▕██████████████████▏ 2.2 GB                         [K
pulling fa8235e5b48f: 100% ▕██████████████████▏ 1.1 KB                         [K[?25h[?2026l[?2026h[?25l[A[A[1Gpulling manifest [K
pulling 633fc5be925f: 100% ▕██████████████████▏ 2.2 GB                         [K
pulling fa8235e5b48f: 100% ▕██████████████████▏ 1.1 KB                         [K[?25h[?2026l[?2026h[?25l[A[A[1Gpulling manifest [K
pulling 633fc5be925f: 100% ▕██████████████████▏ 2.2 GB                         [K
pulling fa8235e5b48f: 100% ▕██████████████████▏ 1.1 KB                         [K[?25h[?2026l[?2026h[?25l[A[A[1Gpulling manifest [K
pulling 633fc5be925f: 100% ▕██████████████████▏ 2.2 GB                         [K
pulling fa8235e5b48f: 100% ▕██████████████████▏ 1.1 KB                         [K[?25h[?2026l[?2026h[?25l[A[A[1Gpulling manifest [K
pulling 633fc5be925f: 100% ▕██████████████████▏ 2.2 GB                         [K
pulling fa8235e5b48f: 100% ▕██████████████████▏ 1.1 KB                         [K[?25h[?2026l[?2026h[?25l[A[A[1Gpulling manifest [K
pulling 633fc5be925f: 100% ▕██████████████████▏ 2.2 GB                         [K
pulling fa8235e5b48f: 100% ▕██████████████████▏ 1.1 KB                         [K
pulling 542b217f179c: 100% ▕██████████████████▏  148 B                         [K[?25h[?2026l[?2026h[?25l[A[A[A[1Gpulling manifest [K
pulling 633fc5be925f: 100% ▕██████████████████▏ 2.2 GB                         [K
pulling fa8235e5b48f: 100% ▕██████████████████▏ 1.1 KB                         [K
pulling 542b217f179c: 100% ▕██████████████████▏  148 B                         [K[?25h[?2026l[?2026h[?25l[A[A[A[1Gpulling manifest [K
pulling 633fc5be925f: 100% ▕██████████████████▏ 2.2 GB                         [K
pulling fa8235e5b48f: 100% ▕██████████████████▏ 1.1 KB                         [K
pulling 542b217f179c: 100% ▕██████████████████▏  148 B                         [K[?25h[?2026l[?2026h[?25l[A[A[A[1Gpulling manifest [K
pulling 633fc5be925f: 100% ▕██████████████████▏ 2.2 GB                         [K
pulling fa8235e5b48f: 100% ▕██████████████████▏ 1.1 KB                         [K
pulling 542b217f179c: 100% ▕██████████████████▏  148 B                         [K[?25h[?2026l[?2026h[?25l[A[A[A[1Gpulling manifest [K
pulling 633fc5be925f: 100% ▕██████████████████▏ 2.2 GB                         [K
pulling fa8235e5b48f: 100% ▕██████████████████▏ 1.1 KB                         [K
pulling 542b217f179c: 100% ▕██████████████████▏  148 B                         [K[?25h[?2026l[?2026h[?25l[A[A[A[1Gpulling manifest [K
pulling 633fc5be925f: 100% ▕██████████████████▏ 2.2 GB                         [K
pulling fa8235e5b48f: 100% ▕██████████████████▏ 1.1 KB                         [K
pulling 542b217f179c: 100% ▕██████████████████▏  148 B                         [K[?25h[?2026l[?2026h[?25l[A[A[A[1Gpulling manifest [K
pulling 633fc5be925f: 100% ▕██████████████████▏ 2.2 GB                         [K
pulling fa8235e5b48f: 100% ▕██████████████████▏ 1.1 KB                         [K
pulling 542b217f179c: 100% ▕██████████████████▏  148 B                         [K[?25h[?2026l[?2026h[?25l[A[A[A[1Gpulling manifest [K
pulling 633fc5be925f: 100% ▕██████████████████▏ 2.2 GB                         [K
pulling fa8235e5b48f: 100% ▕██████████████████▏ 1.1 KB                         [K
pulling 542b217f179c: 100% ▕██████████████████▏  148 B                         [K[?25h[?2026l[?2026h[?25l[A[A[A[1Gpulling manifest [K
pulling 633fc5be925f: 100% ▕██████████████████▏ 2.2 GB                         [K
pulling fa8235e5b48f: 100% ▕██████████████████▏ 1.1 KB                         [K
pulling 542b217f179c: 100% ▕██████████████████▏  148 B                         [K[?25h[?2026l[?2026h[?25l[A[A[A[1Gpulling manifest [K
pulling 633fc5be925f: 100% ▕██████████████████▏ 2.2 GB                         [K
pulling fa8235e5b48f: 100% ▕██████████████████▏ 1.1 KB                         [K
pulling 542b217f179c: 100% ▕██████████████████▏  148 B                         [K[?25h[?2026l[?2026h[?25l[A[A[A[1Gpulling manifest [K
pulling 633fc5be925f: 100% ▕██████████████████▏ 2.2 GB                         [K
pulling fa8235e5b48f: 100% ▕██████████████████▏ 1.1 KB                         [K
pulling 542b217f179c: 100% ▕██████████████████▏  148 B                         [K[?25h[?2026l[?2026h[?25l[A[A[A[1Gpulling manifest [K
pulling 633fc5be925f: 100% ▕██████████████████▏ 2.2 GB                         [K
pulling fa8235e5b48f: 100% ▕██████████████████▏ 1.1 KB                         [K
pulling 542b217f179c: 100% ▕██████████████████▏  148 B                         [K[?25h[?2026l[?2026h[?25l[A[A[A[1Gpulling manifest [K
pulling 633fc5be925f: 100% ▕██████████████████▏ 2.2 GB                         [K
pulling fa8235e5b48f: 100% ▕██████████████████▏ 1.1 KB                         [K
pulling 542b217f179c: 100% ▕██████████████████▏  148 B                         [K[?25h[?2026l[?2026h[?25l[A[A[A[1Gpulling manifest [K
pulling 633fc5be925f: 100% ▕██████████████████▏ 2.2 GB                         [K
pulling fa8235e5b48f: 100% ▕██████████████████▏ 1.1 KB                         [K
pulling 542b217f179c: 100% ▕██████████████████▏  148 B                         [K
pulling 8dde1baf1db0: 100% ▕██████████████████▏   78 B                         [K[?25h[?2026l[?2026h[?25l[A[A[A[A[1Gpulling manifest [K
pulling 633fc5be925f: 100% ▕██████████████████▏ 2.2 GB                         [K
pulling fa8235e5b48f: 100% ▕██████████████████▏ 1.1 KB                         [K
pulling 542b217f179c: 100% ▕██████████████████▏  148 B                         [K
pulling 8dde1baf1db0: 100% ▕██████████████████▏   78 B                         [K[?25h[?2026l[?2026h[?25l[A[A[A[A[1Gpulling manifest [K
pulling 633fc5be925f: 100% ▕██████████████████▏ 2.2 GB                         [K
pulling fa8235e5b48f: 100% ▕██████████████████▏ 1.1 KB                         [K
pulling 542b217f179c: 100% ▕██████████████████▏  148 B                         [K
pulling 8dde1baf1db0: 100% ▕██████████████████▏   78 B                         [K[?25h[?2026l[?2026h[?25l[A[A[A[A[1Gpulling manifest [K
pulling 633fc5be925f: 100% ▕██████████████████▏ 2.2 GB                         [K
pulling fa8235e5b48f: 100% ▕██████████████████▏ 1.1 KB                         [K
pulling 542b217f179c: 100% ▕██████████████████▏  148 B                         [K
pulling 8dde1baf1db0: 100% ▕██████████████████▏   78 B                         [K[?25h[?2026l[?2026h[?25l[A[A[A[A[1Gpulling manifest [K
pulling 633fc5be925f: 100% ▕██████████████████▏ 2.2 GB                         [K
pulling fa8235e5b48f: 100% ▕██████████████████▏ 1.1 KB                         [K
pulling 542b217f179c: 100% ▕██████████████████▏  148 B                         [K
pulling 8dde1baf1db0: 100% ▕██████████████████▏   78 B                         [K[?25h[?2026l[?2026h[?25l[A[A[A[A[1Gpulling manifest [K
pulling 633fc5be925f: 100% ▕██████████████████▏ 2.2 GB                         [K
pulling fa8235e5b48f: 100% ▕██████████████████▏ 1.1 KB                         [K
pulling 542b217f179c: 100% ▕██████████████████▏  148 B                         [K
pulling 8dde1baf1db0: 100% ▕██████████████████▏   78 B                         [K[?25h[?2026l[?2026h[?25l[A[A[A[A[1Gpulling manifest [K
pulling 633fc5be925f: 100% ▕██████████████████▏ 2.2 GB                         [K
pulling fa8235e5b48f: 100% ▕██████████████████▏ 1.1 KB                         [K
pulling 542b217f179c: 100% ▕██████████████████▏  148 B                         [K
pulling 8dde1baf1db0: 100% ▕██████████████████▏   78 B                         [K[?25h[?2026l[?2026h[?25l[A[A[A[A[1Gpulling manifest [K
pulling 633fc5be925f: 100% ▕██████████████████▏ 2.2 GB                         [K
pulling fa8235e5b48f: 100% ▕██████████████████▏ 1.1 KB                         [K
pulling 542b217f179c: 100% ▕██████████████████▏  148 B                         [K
pulling 8dde1baf1db0: 100% ▕██████████████████▏   78 B                         [K[?25h[?2026l[?2026h[?25l[A[A[A[A[1Gpulling manifest [K
pulling 633fc5be925f: 100% ▕██████████████████▏ 2.2 GB                         [K
pulling fa8235e5b48f: 100% ▕██████████████████▏ 1.1 KB                         [K
pulling 542b217f179c: 100% ▕██████████████████▏  148 B                         [K
pulling 8dde1baf1db0: 100% ▕██████████████████▏   78 B                         [K[?25h[?2026l[?2026h[?25l[A[A[A[A[1Gpulling manifest [K
pulling 633fc5be925f: 100% ▕██████████████████▏ 2.2 GB                         [K
pulling fa8235e5b48f: 100% ▕██████████████████▏ 1.1 KB                         [K
pulling 542b217f179c: 100% ▕██████████████████▏  148 B                         [K
pulling 8dde1baf1db0: 100% ▕██████████████████▏   78 B                         [K[?25h[?2026l[?2026h[?25l[A[A[A[A[1Gpulling manifest [K
pulling 633fc5be925f: 100% ▕██████████████████▏ 2.2 GB                         [K
pulling fa8235e5b48f: 100% ▕██████████████████▏ 1.1 KB                         [K
pulling 542b217f179c: 100% ▕██████████████████▏  148 B                         [K
pulling 8dde1baf1db0: 100% ▕██████████████████▏   78 B                         [K[?25h[?2026l[?2026h[?25l[A[A[A[A[1Gpulling manifest [K
pulling 633fc5be925f: 100% ▕██████████████████▏ 2.2 GB                         [K
pulling fa8235e5b48f: 100% ▕██████████████████▏ 1.1 KB                         [K
pulling 542b217f179c: 100% ▕██████████████████▏  148 B                         [K
pulling 8dde1baf1db0: 100% ▕██████████████████▏   78 B                         [K[?25h[?2026l[?2026h[?25l[A[A[A[A[1Gpulling manifest [K
pulling 633fc5be925f: 100% ▕██████████████████▏ 2.2 GB                         [K
pulling fa8235e5b48f: 100% ▕██████████████████▏ 1.1 KB                         [K
pulling 542b217f179c: 100% ▕██████████████████▏  148 B                         [K
pulling 8dde1baf1db0: 100% ▕██████████████████▏   78 B                         [K[?25h[?2026l[?2026h[?25l[A[A[A[A[1Gpulling manifest [K
pulling 633fc5be925f: 100% ▕██████████████████▏ 2.2 GB                         [K
pulling fa8235e5b48f: 100% ▕██████████████████▏ 1.1 KB                         [K
pulling 542b217f179c: 100% ▕██████████████████▏  148 B                         [K
pulling 8dde1baf1db0: 100% ▕██████████████████▏   78 B                         [K
pulling 23291dc44752: 100% ▕██████████████████▏  483 B                         [K[?25h[?2026l[?2026h[?25l[A[A[A[A[A[1Gpulling manifest [K
pulling 633fc5be925f: 100% ▕██████████████████▏ 2.2 GB                         [K
pulling fa8235e5b48f: 100% ▕██████████████████▏ 1.1 KB                         [K
pulling 542b217f179c: 100% ▕██████████████████▏  148 B                         [K
pulling 8dde1baf1db0: 100% ▕██████████████████▏   78 B                         [K
pulling 23291dc44752: 100% ▕██████████████████▏  483 B                         [K[?25h[?2026l[?2026h[?25l[A[A[A[A[A[1Gpulling manifest [K
pulling 633fc5be925f: 100% ▕██████████████████▏ 2.2 GB                         [K
pulling fa8235e5b48f: 100% ▕██████████████████▏ 1.1 KB                         [K
pulling 542b217f179c: 100% ▕██████████████████▏  148 B                         [K
pulling 8dde1baf1db0: 100% ▕██████████████████▏   78 B                         [K
pulling 23291dc44752: 100% ▕██████████████████▏  483 B                         [K[?25h[?2026l[?2026h[?25l[A[A[A[A[A[1Gpulling manifest [K
pulling 633fc5be925f: 100% ▕██████████████████▏ 2.2 GB                         [K
pulling fa8235e5b48f: 100% ▕██████████████████▏ 1.1 KB                         [K
pulling 542b217f179c: 100% ▕██████████████████▏  148 B                         [K
pulling 8dde1baf1db0: 100% ▕██████████████████▏   78 B                         [K
pulling 23291dc44752: 100% ▕██████████████████▏  483 B                         [K[?25h[?2026l[?2026h[?25l[A[A[A[A[A[1Gpulling manifest [K
pulling 633fc5be925f: 100% ▕██████████████████▏ 2.2 GB                         [K
pulling fa8235e5b48f: 100% ▕██████████████████▏ 1.1 KB                         [K
pulling 542b217f179c: 100% ▕██████████████████▏  148 B                         [K
pulling 8dde1baf1db0: 100% ▕██████████████████▏   78 B                         [K
pulling 23291dc44752: 100% ▕██████████████████▏  483 B                         [K[?25h[?2026l[?2026h[?25l[A[A[A[A[A[1Gpulling manifest [K
pulling 633fc5be925f: 100% ▕██████████████████▏ 2.2 GB                         [K
pulling fa8235e5b48f: 100% ▕██████████████████▏ 1.1 KB                         [K
pulling 542b217f179c: 100% ▕██████████████████▏  148 B                         [K
pulling 8dde1baf1db0: 100% ▕██████████████████▏   78 B                         [K
pulling 23291dc44752: 100% ▕██████████████████▏  483 B                         [K[?25h[?2026l[?2026h[?25l[A[A[A[A[A[1Gpulling manifest [K
pulling 633fc5be925f: 100% ▕██████████████████▏ 2.2 GB                         [K
pulling fa8235e5b48f: 100% ▕██████████████████▏ 1.1 KB                         [K
pulling 542b217f179c: 100% ▕██████████████████▏  148 B                         [K
pulling 8dde1baf1db0: 100% ▕██████████████████▏   78 B                         [K
pulling 23291dc44752: 100% ▕██████████████████▏  483 B                         [K[?25h[?2026l[?2026h[?25l[A[A[A[A[A[1Gpulling manifest [K
pulling 633fc5be925f: 100% ▕██████████████████▏ 2.2 GB                         [K
pulling fa8235e5b48f: 100% ▕██████████████████▏ 1.1 KB                         [K
pulling 542b217f179c: 100% ▕██████████████████▏  148 B                         [K
pulling 8dde1baf1db0: 100% ▕██████████████████▏   78 B                         [K
pulling 23291dc44752: 100% ▕██████████████████▏  483 B                         [K[?25h[?2026l[?2026h[?25l[A[A[A[A[A[1Gpulling manifest [K
pulling 633fc5be925f: 100% ▕██████████████████▏ 2.2 GB                         [K
pulling fa8235e5b48f: 100% ▕██████████████████▏ 1.1 KB                         [K
pulling 542b217f179c: 100% ▕██████████████████▏  148 B                         [K
pulling 8dde1baf1db0: 100% ▕██████████████████▏   78 B                         [K
pulling 23291dc44752: 100% ▕██████████████████▏  483 B                         [K[?25h[?2026l[?2026h[?25l[A[A[A[A[A[1Gpulling manifest [K
pulling 633fc5be925f: 100% ▕██████████████████▏ 2.2 GB                         [K
pulling fa8235e5b48f: 100% ▕██████████████████▏ 1.1 KB                         [K
pulling 542b217f179c: 100% ▕██████████████████▏  148 B                         [K
pulling 8dde1baf1db0: 100% ▕██████████████████▏   78 B                         [K
pulling 23291dc44752: 100% ▕██████████████████▏  483 B                         [K
verifying sha256 digest ⠋ [K[?25h[?2026l[?2026h[?25l[A[A[A[A[A[A[1Gpulling manifest [K
pulling 633fc5be925f: 100% ▕██████████████████▏ 2.2 GB                         [K
pulling fa8235e5b48f: 100% ▕██████████████████▏ 1.1 KB                         [K
pulling 542b217f179c: 100% ▕██████████████████▏  148 B                         [K
pulling 8dde1baf1db0: 100% ▕██████████████████▏   78 B                         [K
pulling 23291dc44752: 100% ▕██████████████████▏  483 B                         [K
verifying sha256 digest ⠙ [K[?25h[?2026l[?2026h[?25l[A[A[A[A[A[A[1Gpulling manifest [K
pulling 633fc5be925f: 100% ▕██████████████████▏ 2.2 GB                         [K
pulling fa8235e5b48f: 100% ▕██████████████████▏ 1.1 KB                         [K
pulling 542b217f179c: 100% ▕██████████████████▏  148 B                         [K
pulling 8dde1baf1db0: 100% ▕██████████████████▏   78 B                         [K
pulling 23291dc44752: 100% ▕██████████████████▏  483 B                         [K
verifying sha256 digest ⠹ [K[?25h[?2026l[?2026h[?25l[A[A[A[A[A[A[1Gpulling manifest [K
pulling 633fc5be925f: 100% ▕██████████████████▏ 2.2 GB                         [K
pulling fa8235e5b48f: 100% ▕██████████████████▏ 1.1 KB                         [K
pulling 542b217f179c: 100% ▕██████████████████▏  148 B                         [K
pulling 8dde1baf1db0: 100% ▕██████████████████▏   78 B                         [K
pulling 23291dc44752: 100% ▕██████████████████▏  483 B                         [K
verifying sha256 digest ⠼ [K[?25h[?2026l[?2026h[?25l[A[A[A[A[A[A[1Gpulling manifest [K
pulling 633fc5be925f: 100% ▕██████████████████▏ 2.2 GB                         [K
pulling fa8235e5b48f: 100% ▕██████████████████▏ 1.1 KB                         [K
pulling 542b217f179c: 100% ▕██████████████████▏  148 B                         [K
pulling 8dde1baf1db0: 100% ▕██████████████████▏   78 B                         [K
pulling 23291dc44752: 100% ▕██████████████████▏  483 B                         [K
verifying sha256 digest ⠼ [K[?25h[?2026l[?2026h[?25l[A[A[A[A[A[A[1Gpulling manifest [K
pulling 633fc5be925f: 100% ▕██████████████████▏ 2.2 GB                         [K
pulling fa8235e5b48f: 100% ▕██████████████████▏ 1.1 KB                         [K
pulling 542b217f179c: 100% ▕██████████████████▏  148 B                         [K
pulling 8dde1baf1db0: 100% ▕██████████████████▏   78 B                         [K
pulling 23291dc44752: 100% ▕██████████████████▏  483 B                         [K
verifying sha256 digest ⠴ [K[?25h[?2026l[?2026h[?25l[A[A[A[A[A[A[1Gpulling manifest [K
pulling 633fc5be925f: 100% ▕██████████████████▏ 2.2 GB                         [K
pulling fa8235e5b48f: 100% ▕██████████████████▏ 1.1 KB                         [K
pulling 542b217f179c: 100% ▕██████████████████▏  148 B                         [K
pulling 8dde1baf1db0: 100% ▕██████████████████▏   78 B                         [K
pulling 23291dc44752: 100% ▕██████████████████▏  483 B                         [K
verifying sha256 digest ⠦ [K[?25h[?2026l[?2026h[?25l[A[A[A[A[A[A[1Gpulling manifest [K
pulling 633fc5be925f: 100% ▕██████████████████▏ 2.2 GB                         [K
pulling fa8235e5b48f: 100% ▕██████████████████▏ 1.1 KB                         [K
pulling 542b217f179c: 100% ▕██████████████████▏  148 B                         [K
pulling 8dde1baf1db0: 100% ▕██████████████████▏   78 B                         [K
pulling 23291dc44752: 100% ▕██████████████████▏  483 B                         [K
verifying sha256 digest ⠧ [K[?25h[?2026l[?2026h[?25l[A[A[A[A[A[A[1Gpulling manifest [K
pulling 633fc5be925f: 100% ▕██████████████████▏ 2.2 GB                         [K
pulling fa8235e5b48f: 100% ▕██████████████████▏ 1.1 KB                         [K
pulling 542b217f179c: 100% ▕██████████████████▏  148 B                         [K
pulling 8dde1baf1db0: 100% ▕██████████████████▏   78 B                         [K
pulling 23291dc44752: 100% ▕██████████████████▏  483 B                         [K
verifying sha256 digest ⠇ [K[?25h[?2026l[?2026h[?25l[A[A[A[A[A[A[1Gpulling manifest [K
pulling 633fc5be925f: 100% ▕██████████████████▏ 2.2 GB                         [K
pulling fa8235e5b48f: 100% ▕██████████████████▏ 1.1 KB                         [K
pulling 542b217f179c: 100% ▕██████████████████▏  148 B                         [K
pulling 8dde1baf1db0: 100% ▕██████████████████▏   78 B                         [K
pulling 23291dc44752: 100% ▕██████████████████▏  483 B                         [K
verifying sha256 digest ⠏ [K[?25h[?2026l[?2026h[?25l[A[A[A[A[A[A[1Gpulling manifest [K
pulling 633fc5be925f: 100% ▕██████████████████▏ 2.2 GB                         [K
pulling fa8235e5b48f: 100% ▕██████████████████▏ 1.1 KB                         [K
pulling 542b217f179c: 100% ▕██████████████████▏  148 B                         [K
pulling 8dde1baf1db0: 100% ▕██████████████████▏   78 B                         [K
pulling 23291dc44752: 100% ▕██████████████████▏  483 B                         [K
verifying sha256 digest ⠋ [K[?25h[?2026l[?2026h[?25l[A[A[A[A[A[A[1Gpulling manifest [K
pulling 633fc5be925f: 100% ▕██████████████████▏ 2.2 GB                         [K
pulling fa8235e5b48f: 100% ▕██████████████████▏ 1.1 KB                         [K
pulling 542b217f179c: 100% ▕██████████████████▏  148 B                         [K
pulling 8dde1baf1db0: 100% ▕██████████████████▏   78 B                         [K
pulling 23291dc44752: 100% ▕██████████████████▏  483 B                         [K
verifying sha256 digest ⠙ [K[?25h[?2026l[?2026h[?25l[A[A[A[A[A[A[1Gpulling manifest [K
pulling 633fc5be925f: 100% ▕██████████████████▏ 2.2 GB                         [K
pulling fa8235e5b48f: 100% ▕██████████████████▏ 1.1 KB                         [K
pulling 542b217f179c: 100% ▕██████████████████▏  148 B                         [K
pulling 8dde1baf1db0: 100% ▕██████████████████▏   78 B                         [K
pulling 23291dc44752: 100% ▕██████████████████▏  483 B                         [K
verifying sha256 digest ⠹ [K[?25h[?2026l[?2026h[?25l[A[A[A[A[A[A[1Gpulling manifest [K
pulling 633fc5be925f: 100% ▕██████████████████▏ 2.2 GB                         [K
pulling fa8235e5b48f: 100% ▕██████████████████▏ 1.1 KB                         [K
pulling 542b217f179c: 100% ▕██████████████████▏  148 B                         [K
pulling 8dde1baf1db0: 100% ▕██████████████████▏   78 B                         [K
pulling 23291dc44752: 100% ▕██████████████████▏  483 B                         [K
verifying sha256 digest ⠸ [K[?25h[?2026l[?2026h[?25l[A[A[A[A[A[A[1Gpulling manifest [K
pulling 633fc5be925f: 100% ▕██████████████████▏ 2.2 GB                         [K
pulling fa8235e5b48f: 100% ▕██████████████████▏ 1.1 KB                         [K
pulling 542b217f179c: 100% ▕██████████████████▏  148 B                         [K
pulling 8dde1baf1db0: 100% ▕██████████████████▏   78 B                         [K
pulling 23291dc44752: 100% ▕██████████████████▏  483 B                         [K
verifying sha256 digest ⠼ [K[?25h[?2026l[?2026h[?25l[A[A[A[A[A[A[1Gpulling manifest [K
pulling 633fc5be925f: 100% ▕██████████████████▏ 2.2 GB                         [K
pulling fa8235e5b48f: 100% ▕██████████████████▏ 1.1 KB                         [K
pulling 542b217f179c: 100% ▕██████████████████▏  148 B                         [K
pulling 8dde1baf1db0: 100% ▕██████████████████▏   78 B                         [K
pulling 23291dc44752: 100% ▕██████████████████▏  483 B                         [K
verifying sha256 digest ⠦ [K[?25h[?2026l[?2026h[?25l[A[A[A[A[A[A[1Gpulling manifest [K
pulling 633fc5be925f: 100% ▕██████████████████▏ 2.2 GB                         [K
pulling fa8235e5b48f: 100% ▕██████████████████▏ 1.1 KB                         [K
pulling 542b217f179c: 100% ▕██████████████████▏  148 B                         [K
pulling 8dde1baf1db0: 100% ▕██████████████████▏   78 B                         [K
pulling 23291dc44752: 100% ▕██████████████████▏  483 B                         [K
verifying sha256 digest ⠧ [K[?25h[?2026l[?2026h[?25l[A[A[A[A[A[A[1Gpulling manifest [K
pulling 633fc5be925f: 100% ▕██████████████████▏ 2.2 GB                         [K
pulling fa8235e5b48f: 100% ▕██████████████████▏ 1.1 KB                         [K
pulling 542b217f179c: 100% ▕██████████████████▏  148 B                         [K
pulling 8dde1baf1db0: 100% ▕██████████████████▏   78 B                         [K
pulling 23291dc44752: 100% ▕██████████████████▏  483 B                         [K
verifying sha256 digest ⠧ [K[?25h[?2026l[?2026h[?25l[A[A[A[A[A[A[1Gpulling manifest [K
pulling 633fc5be925f: 100% ▕██████████████████▏ 2.2 GB                         [K
pulling fa8235e5b48f: 100% ▕██████████████████▏ 1.1 KB                         [K
pulling 542b217f179c: 100% ▕██████████████████▏  148 B                         [K
pulling 8dde1baf1db0: 100% ▕██████████████████▏   78 B                         [K
pulling 23291dc44752: 100% ▕██████████████████▏  483 B                         [K
verifying sha256 digest ⠇ [K[?25h[?2026l[?2026h[?25l[A[A[A[A[A[A[1Gpulling manifest [K
pulling 633fc5be925f: 100% ▕██████████████████▏ 2.2 GB                         [K
pulling fa8235e5b48f: 100% ▕██████████████████▏ 1.1 KB                         [K
pulling 542b217f179c: 100% ▕██████████████████▏  148 B                         [K
pulling 8dde1baf1db0: 100% ▕██████████████████▏   78 B                         [K
pulling 23291dc44752: 100% ▕██████████████████▏  483 B                         [K
verifying sha256 digest ⠏ [K[?25h[?2026l[?2026h[?25l[A[A[A[A[A[A[1Gpulling manifest [K
pulling 633fc5be925f: 100% ▕██████████████████▏ 2.2 GB                         [K
pulling fa8235e5b48f: 100% ▕██████████████████▏ 1.1 KB                         [K
pulling 542b217f179c: 100% ▕██████████████████▏  148 B                         [K
pulling 8dde1baf1db0: 100% ▕██████████████████▏   78 B                         [K
pulling 23291dc44752: 100% ▕██████████████████▏  483 B                         [K
verifying sha256 digest ⠋ [K[?25h[?2026l[?2026h[?25l[A[A[A[A[A[A[1Gpulling manifest [K
pulling 633fc5be925f: 100% ▕██████████████████▏ 2.2 GB                         [K
pulling fa8235e5b48f: 100% ▕██████████████████▏ 1.1 KB                         [K
pulling 542b217f179c: 100% ▕██████████████████▏  148 B                         [K
pulling 8dde1baf1db0: 100% ▕██████████████████▏   78 B                         [K
pulling 23291dc44752: 100% ▕██████████████████▏  483 B                         [K
verifying sha256 digest ⠙ [K[?25h[?2026l[?2026h[?25l[A[A[A[A[A[A[1Gpulling manifest [K
pulling 633fc5be925f: 100% ▕██████████████████▏ 2.2 GB                         [K
pulling fa8235e5b48f: 100% ▕██████████████████▏ 1.1 KB                         [K
pulling 542b217f179c: 100% ▕██████████████████▏  148 B                         [K
pulling 8dde1baf1db0: 100% ▕██████████████████▏   78 B                         [K
pulling 23291dc44752: 100% ▕██████████████████▏  483 B                         [K
verifying sha256 digest ⠹ [K[?25h[?2026l[?2026h[?25l[A[A[A[A[A[A[1Gpulling manifest [K
pulling 633fc5be925f: 100% ▕██████████████████▏ 2.2 GB                         [K
pulling fa8235e5b48f: 100% ▕██████████████████▏ 1.1 KB                         [K
pulling 542b217f179c: 100% ▕██████████████████▏  148 B                         [K
pulling 8dde1baf1db0: 100% ▕██████████████████▏   78 B                         [K
pulling 23291dc44752: 100% ▕██████████████████▏  483 B                         [K
verifying sha256 digest ⠸ [K[?25h[?2026l[?2026h[?25l[A[A[A[A[A[A[1Gpulling manifest [K
pulling 633fc5be925f: 100% ▕██████████████████▏ 2.2 GB                         [K
pulling fa8235e5b48f: 100% ▕██████████████████▏ 1.1 KB                         [K
pulling 542b217f179c: 100% ▕██████████████████▏  148 B                         [K
pulling 8dde1baf1db0: 100% ▕██████████████████▏   78 B                         [K
pulling 23291dc44752: 100% ▕██████████████████▏  483 B                         [K
verifying sha256 digest ⠼ [K[?25h[?2026l[?2026h[?25l[A[A[A[A[A[A[1Gpulling manifest [K
pulling 633fc5be925f: 100% ▕██████████████████▏ 2.2 GB                         [K
pulling fa8235e5b48f: 100% ▕██████████████████▏ 1.1 KB                         [K
pulling 542b217f179c: 100% ▕██████████████████▏  148 B                         [K
pulling 8dde1baf1db0: 100% ▕██████████████████▏   78 B                         [K
pulling 23291dc44752: 100% ▕██████████████████▏  483 B                         [K
verifying sha256 digest ⠴ [K[?25h[?2026l[?2026h[?25l[A[A[A[A[A[A[1Gpulling manifest [K
pulling 633fc5be925f: 100% ▕██████████████████▏ 2.2 GB                         [K
pulling fa8235e5b48f: 100% ▕██████████████████▏ 1.1 KB                         [K
pulling 542b217f179c: 100% ▕██████████████████▏  148 B                         [K
pulling 8dde1baf1db0: 100% ▕██████████████████▏   78 B                         [K
pulling 23291dc44752: 100% ▕██████████████████▏  483 B                         [K
verifying sha256 digest ⠦ [K[?25h[?2026l[?2026h[?25l[A[A[A[A[A[A[1Gpulling manifest [K
pulling 633fc5be925f: 100% ▕██████████████████▏ 2.2 GB                         [K
pulling fa8235e5b48f: 100% ▕██████████████████▏ 1.1 KB                         [K
pulling 542b217f179c: 100% ▕██████████████████▏  148 B                         [K
pulling 8dde1baf1db0: 100% ▕██████████████████▏   78 B                         [K
pulling 23291dc44752: 100% ▕██████████████████▏  483 B                         [K
verifying sha256 digest ⠧ [K[?25h[?2026l[?2026h[?25l[A[A[A[A[A[A[1Gpulling manifest [K
pulling 633fc5be925f: 100% ▕██████████████████▏ 2.2 GB                         [K
pulling fa8235e5b48f: 100% ▕██████████████████▏ 1.1 KB                         [K
pulling 542b217f179c: 100% ▕██████████████████▏  148 B                         [K
pulling 8dde1baf1db0: 100% ▕██████████████████▏   78 B                         [K
pulling 23291dc44752: 100% ▕██████████████████▏  483 B                         [K
verifying sha256 digest [K
writing manifest [K
success [K[?25h[?2026l
