[?2026h[?25l[1Gpulling manifest ⠋ [K[?25h[?2026l[?2026h[?25l[1Gpulling manifest ⠙ [K[?25h[?2026l[?2026h[?25l[1Gpulling manifest ⠹ [K[?25h[?2026l[?2026h[?25l[1Gpulling manifest ⠸ [K[?25h[?2026l[?2026h[?25l[1Gpulling manifest ⠼ [K[?25h[?2026l[?2026h[?25l[1Gpulling manifest ⠴ [K[?25h[?2026l[?2026h[?25l[1Gpulling manifest ⠦ [K[?25h[?2026l[?2026h[?25l[1Gpulling manifest ⠧ [K[?25h[?2026l[?2026h[?25l[1Gpulling manifest ⠇ [K[?25h[?2026l[?2026h[?25l[1Gpulling manifest ⠏ [K[?25h[?2026l[?2026h[?25l[1Gpulling manifest ⠋ [K[?25h[?2026l[?2026h[?25l[1Gpulling manifest [K
pulling 2bada8a74506:   0% ▕                  ▏ 152 KB/4.7 GB                  [K[?25h[?2026l[?2026h[?25l[A[1Gpulling manifest [K
pulling 2bada8a74506:   0% ▕                  ▏ 1.6 MB/4.7 GB                  [K[?25h[?2026l[?2026h[?25l[A[1Gpulling manifest [K
pulling 2bada8a74506:   0% ▕                  ▏ 2.8 MB/4.7 GB                  [K[?25h[?2026l[?2026h[?25l[A[1Gpulling manifest [K
pulling 2bada8a74506:   0% ▕                  ▏ 3.4 MB/4.7 GB                  [K[?25h[?2026l[?2026h[?25l[A[1Gpulling manifest [K
pulling 2bada8a74506:   0% ▕                  ▏ 4.7 MB/4.7 GB                  [K[?25h[?2026l[?2026h[?25l[A[1Gpulling manifest [K
pulling 2bada8a74506:   0% ▕                  ▏ 5.9 MB/4.7 GB                  [K[?25h[?2026l[?2026h[?25l[A[1Gpulling manifest [K
pulling 2bada8a74506:   0% ▕                  ▏ 6.6 MB/4.7 GB                  [K[?25h[?2026l[?2026h[?25l[A[1Gpulling manifest [K
pulling 2bada8a74506:   0% ▕                  ▏ 7.8 MB/4.7 GB                  [K[?25h[?2026l[?2026h[?25l[A[1Gpulling manifest [K
pulling 2bada8a74506:   0% ▕                  ▏ 9.0 MB/4.7 GB                  [K[?25h[?2026l[?2026h[?25l[A[1Gpulling manifest [K
pulling 2bada8a74506:   0% ▕                  ▏ 9.6 MB/4.7 GB                  [K[?25h[?2026l[?2026h[?25l[A[1Gpulling manifest [K
pulling 2bada8a74506:   0% ▕                  ▏  10 MB/4.7 GB   10 MB/s   7m27s[K[?25h[?2026l[?2026h[?25l[A[1Gpulling manifest [K
pulling 2bada8a74506:   0% ▕                  ▏  11 MB/4.7 GB   10 MB/s   7m27s[K[?25h[?2026l[?2026h[?25l[A[1Gpulling manifest [K
pulling 2bada8a74506:   0% ▕                  ▏  12 MB/4.7 GB   10 MB/s   7m27s[K[?25h[?2026l[?2026h[?25l[A[1Gpulling manifest [K
pulling 2bada8a74506:   0% ▕                  ▏  13 MB/4.7 GB   10 MB/s   7m27s[K[?25h[?2026l[?2026h[?25l[A[1Gpulling manifest [K
pulling 2bada8a74506:   0% ▕                  ▏  15 MB/4.7 GB   10 MB/s   7m27s[K[?25h[?2026l[?2026h[?25l[A[1Gpulling manifest [K
pulling 2bada8a74506:   0% ▕                  ▏  15 MB/4.7 GB   10 MB/s   7m27s[K[?25h[?2026l[?2026h[?25l[A[1Gpulling manifest [K
pulling 2bada8a74506:   0% ▕                  ▏  17 MB/4.7 GB   10 MB/s   7m26s[K[?25h[?2026l[?2026h[?25l[A[1Gpulling manifest [K
pulling 2bada8a74506:   0% ▕                  ▏  18 MB/4.7 GB   10 MB/s   7m26s[K[?25h[?2026l[?2026h[?25l[A[1Gpulling manifest [K
pulling 2bada8a74506:   0% ▕                  ▏  19 MB/4.7 GB   10 MB/s   7m26s[K[?25h[?2026l[?2026h[?25l[A[1Gpulling manifest [K
pulling 2bada8a74506:   0% ▕                  ▏  20 MB/4.7 GB   10 MB/s   7m26s[K[?25h[?2026l[?2026h[?25l[A[1Gpulling manifest [K
pulling 2bada8a74506:   0% ▕                  ▏  21 MB/4.7 GB   10 MB/s   7m10s[K[?25h[?2026l[?2026h[?25l[A[1Gpulling manifest [K
pulling 2bada8a74506:   0% ▕                  ▏  22 MB/4.7 GB   10 MB/s   7m10s[K[?25h[?2026l[?2026h[?25l[A[1Gpulling manifest [K
pulling 2bada8a74506:   1% ▕                  ▏  23 MB/4.7 GB   10 MB/s    7m9s[K[?25h[?2026l[?2026h[?25l[A[1Gpulling manifest [K
pulling 2bada8a74506:   1% ▕                  ▏  25 MB/4.7 GB   10 MB/s    7m9s[K[?25h[?2026l[?2026h[?25l[A[1Gpulling manifest [K
pulling 2bada8a74506:   1% ▕                  ▏  25 MB/4.7 GB   10 MB/s    7m9s[K[?25h[?2026l[?2026h[?25l[A[1Gpulling manifest [K
pulling 2bada8a74506:   1% ▕                  ▏  27 MB/4.7 GB   10 MB/s    7m9s[K[?25h[?2026l[?2026h[?25l[A[1Gpulling manifest [K
pulling 2bada8a74506:   1% ▕                  ▏  28 MB/4.7 GB   10 MB/s    7m9s[K[?25h[?2026l[?2026h[?25l[A[1Gpulling manifest [K
pulling 2bada8a74506:   1% ▕                  ▏  29 MB/4.7 GB   10 MB/s    7m9s[K[?25h[?2026l[?2026h[?25l[A[1Gpulling manifest [K
pulling 2bada8a74506:   1% ▕                  ▏  30 MB/4.7 GB   10 MB/s    7m9s[K[?25h[?2026l[?2026h[?25l[A[1Gpulling manifest [K
pulling 2bada8a74506:   1% ▕                  ▏  31 MB/4.7 GB   10 MB/s    7m9s[K[?25h[?2026l[?2026h[?25l[A[1Gpulling manifest [K
pulling 2bada8a74506:   1% ▕                  ▏  32 MB/4.7 GB   10 MB/s    7m9s[K[?25h[?2026l[?2026h[?25l[A[1Gpulling manifest [K
pulling 2bada8a74506:   1% ▕                  ▏  33 MB/4.7 GB   11 MB/s    7m2s[K[?25h[?2026l[?2026h[?25l[A[1Gpulling manifest [K
pulling 2bada8a74506:   1% ▕                  ▏  35 MB/4.7 GB   11 MB/s    7m2s[K[?25h[?2026l[?2026h[?25l[A[1Gpulling manifest [K
pulling 2bada8a74506:   1% ▕                  ▏  35 MB/4.7 GB   11 MB/s    7m2s[K[?25h[?2026l[?2026h[?25l[A[1Gpulling manifest [K
pulling 2bada8a74506:   1% ▕                  ▏  36 MB/4.7 GB   11 MB/s    7m1s[K[?25h[?2026l[?2026h[?25l[A[1Gpulling manifest [K
pulling 2bada8a74506:   1% ▕                  ▏  38 MB/4.7 GB   11 MB/s    7m1s[K[?25h[?2026l[?2026h[?25l[A[1Gpulling manifest [K
pulling 2bada8a74506:   1% ▕                  ▏  38 MB/4.7 GB   11 MB/s    7m1s[K[?25h[?2026l[?2026h[?25l[A[1Gpulling manifest [K
pulling 2bada8a74506:   1% ▕                  ▏  40 MB/4.7 GB   11 MB/s    7m1s[K[?25h[?2026l[?2026h[?25l[A[1Gpulling manifest [K
pulling 2bada8a74506:   1% ▕                  ▏  41 MB/4.7 GB   11 MB/s    7m1s[K[?25h[?2026l[?2026h[?25l[A[1Gpulling manifest [K
pulling 2bada8a74506:   1% ▕                  ▏  42 MB/4.7 GB   11 MB/s    7m1s[K[?25h[?2026l[?2026h[?25l[A[1Gpulling manifest [K
pulling 2bada8a74506:   1% ▕                  ▏  43 MB/4.7 GB   11 MB/s    7m1s[K[?25h[?2026l[?2026h[?25l[A[1Gpulling manifest [K
pulling 2bada8a74506:   1% ▕                  ▏  44 MB/4.7 GB   11 MB/s   6m59s[K[?25h[?2026l[?2026h[?25l[A[1Gpulling manifest [K
pulling 2bada8a74506:   1% ▕                  ▏  45 MB/4.7 GB   11 MB/s   6m59s[K[?25h[?2026l[?2026h[?25l[A[1Gpulling manifest [K
pulling 2bada8a74506:   1% ▕                  ▏  47 MB/4.7 GB   11 MB/s   6m59s[K[?25h[?2026l[?2026h[?25l[A[1Gpulling manifest [K
pulling 2bada8a74506:   1% ▕                  ▏  48 MB/4.7 GB   11 MB/s   6m59s[K[?25h[?2026l[?2026h[?25l[A[1Gpulling manifest [K
pulling 2bada8a74506:   1% ▕                  ▏  49 MB/4.7 GB   11 MB/s   6m59s[K[?25h[?2026l[?2026h[?25l[A[1Gpulling manifest [K
pulling 2bada8a74506:   1% ▕                  ▏  50 MB/4.7 GB   11 MB/s   6m59s[K[?25h[?2026l[?2026h[?25l[A[1Gpulling manifest [K
pulling 2bada8a74506:   1% ▕                  ▏  52 MB/4.7 GB   11 MB/s   6m59s[K[?25h[?2026l[?2026h[?25l[A[1Gpulling manifest [K
pulling 2bada8a74506:   1% ▕                  ▏  52 MB/4.7 GB   11 MB/s   6m59s[K[?25h[?2026l[?2026h[?25l[A[1Gpulling manifest [K
pulling 2bada8a74506:   1% ▕                  ▏  54 MB/4.7 GB   11 MB/s   6m59s[K[?25h[?2026l[?2026h[?25l[A[1Gpulling manifest [K
pulling 2bada8a74506:   1% ▕                  ▏  55 MB/4.7 GB   11 MB/s   6m58s[K[?25h[?2026l[?2026h[?25l[A[1Gpulling manifest [K
pulling 2bada8a74506:   1% ▕                  ▏  56 MB/4.7 GB   11 MB/s   6m53s[K[?25h[?2026l[?2026h[?25l[A[1Gpulling manifest [K
pulling 2bada8a74506:   1% ▕                  ▏  57 MB/4.7 GB   11 MB/s   6m53s[K[?25h[?2026l[?2026h[?25l[A[1Gpulling manifest [K
pulling 2bada8a74506:   1% ▕                  ▏  58 MB/4.7 GB   11 MB/s   6m53s[K[?25h[?2026l[?2026h[?25l[A[1Gpulling manifest [K
pulling 2bada8a74506:   1% ▕                  ▏  59 MB/4.7 GB   11 MB/s   6m53s[K[?25h[?2026l[?2026h[?25l[A[1Gpulling manifest [K
pulling 2bada8a74506:   1% ▕                  ▏  60 MB/4.7 GB   11 MB/s   6m53s[K[?25h[?2026l[?2026h[?25l[A[1Gpulling manifest [K
pulling 2bada8a74506:   1% ▕                  ▏  62 MB/4.7 GB   11 MB/s   6m53s[K[?25h[?2026l[?2026h[?25l[A[1Gpulling manifest [K
pulling 2bada8a74506:   1% ▕                  ▏  62 MB/4.7 GB   11 MB/s   6m53s[K[?25h[?2026l[?2026h[?25l[A[1Gpulling manifest [K
pulling 2bada8a74506:   1% ▕                  ▏  63 MB/4.7 GB   11 MB/s   6m52s[K[?25h[?2026l[?2026h[?25l[A[1Gpulling manifest [K
pulling 2bada8a74506:   1% ▕                  ▏  64 MB/4.7 GB   11 MB/s   6m52s[K[?25h[?2026l[?2026h[?25l[A[1Gpulling manifest [K
pulling 2bada8a74506:   1% ▕                  ▏  65 MB/4.7 GB   11 MB/s   6m52s[K[?25h[?2026l[?2026h[?25l[A[1Gpulling manifest [K
pulling 2bada8a74506:   1% ▕                  ▏  66 MB/4.7 GB   11 MB/s   6m54s[K[?25h[?2026l[?2026h[?25l[A[1Gpulling manifest [K
pulling 2bada8a74506:   1% ▕                  ▏  68 MB/4.7 GB   11 MB/s   6m54s[K[?25h[?2026l[?2026h[?25l[A[1Gpulling manifest [K
pulling 2bada8a74506:   1% ▕                  ▏  68 MB/4.7 GB   11 MB/s   6m54s[K[?25h[?2026l[?2026h[?25l[A[1Gpulling manifest [K
pulling 2bada8a74506:   1% ▕                  ▏  70 MB/4.7 GB   11 MB/s   6m54s[K[?25h[?2026l[?2026h[?25l[A[1Gpulling manifest [K
pulling 2bada8a74506:   2% ▕                  ▏  71 MB/4.7 GB   11 MB/s   6m54s[K[?25h[?2026l[?2026h[?25l[A[1Gpulling manifest [K
pulling 2bada8a74506:   2% ▕                  ▏  72 MB/4.7 GB   11 MB/s   6m53s[K[?25h[?2026l[?2026h[?25l[A[1Gpulling manifest [K
pulling 2bada8a74506:   2% ▕                  ▏  73 MB/4.7 GB   11 MB/s   6m53s[K[?25h[?2026l[?2026h[?25l[A[1Gpulling manifest [K
pulling 2bada8a74506:   2% ▕                  ▏  74 MB/4.7 GB   11 MB/s   6m53s[K[?25h[?2026l[?2026h[?25l[A[1Gpulling manifest [K
pulling 2bada8a74506:   2% ▕                  ▏  75 MB/4.7 GB   11 MB/s   6m53s[K[?25h[?2026l[?2026h[?25l[A[1Gpulling manifest [K
pulling 2bada8a74506:   2% ▕                  ▏  76 MB/4.7 GB   11 MB/s   6m53s[K[?25h[?2026l[?2026h[?25l[A[1Gpulling manifest [K
pulling 2bada8a74506:   2% ▕                  ▏  78 MB/4.7 GB   11 MB/s   6m53s[K[?25h[?2026l[?2026h[?25l[A[1Gpulling manifest [K
pulling 2bada8a74506:   2% ▕                  ▏  78 MB/4.7 GB   11 MB/s   6m53s[K[?25h[?2026l[?2026h[?25l[A[1Gpulling manifest [K
pulling 2bada8a74506:   2% ▕                  ▏  80 MB/4.7 GB   11 MB/s   6m53s[K[?25h[?2026l[?2026h[?25l[A[1Gpulling manifest [K
pulling 2bada8a74506:   2% ▕                  ▏  81 MB/4.7 GB   11 MB/s   6m53s[K[?25h[?2026l[?2026h[?25l[A[1Gpulling manifest [K
pulling 2bada8a74506:   2% ▕                  ▏  82 MB/4.7 GB   11 MB/s   6m53s[K[?25h[?2026l[?2026h[?25l[A[1Gpulling manifest [K
pulling 2bada8a74506:   2% ▕                  ▏  83 MB/4.7 GB   11 MB/s   6m53s[K[?25h[?2026l[?2026h[?25l[A[1Gpulling manifest [K
pulling 2bada8a74506:   2% ▕                  ▏  84 MB/4.7 GB   11 MB/s   6m53s[K[?25h[?2026l[?2026h[?25l[A[1Gpulling manifest [K
pulling 2bada8a74506:   2% ▕                  ▏  85 MB/4.7 GB   11 MB/s   6m53s[K[?25h[?2026l[?2026h[?25l[A[1Gpulling manifest [K
pulling 2bada8a74506:   2% ▕                  ▏  86 MB/4.7 GB   11 MB/s   6m53s[K[?25h[?2026l[?2026h[?25l[A[1Gpulling manifest [K
pulling 2bada8a74506:   2% ▕                  ▏  87 MB/4.7 GB   11 MB/s   6m52s[K[?25h[?2026l[?2026h[?25l[A[1Gpulling manifest [K
pulling 2bada8a74506:   2% ▕                  ▏  88 MB/4.7 GB   11 MB/s   6m52s[K[?25h[?2026l[?2026h[?25l[A[1Gpulling manifest [K
pulling 2bada8a74506:   2% ▕                  ▏  89 MB/4.7 GB   11 MB/s   6m53s[K[?25h[?2026l[?2026h[?25l[A[1Gpulling manifest [K
pulling 2bada8a74506:   2% ▕                  ▏  90 MB/4.7 GB   11 MB/s   6m53s[K[?25h[?2026l[?2026h[?25l[A[1Gpulling manifest [K
pulling 2bada8a74506:   2% ▕                  ▏  90 MB/4.7 GB   11 MB/s   6m53s[K[?25h[?2026l[?2026h[?25l[A[1Gpulling manifest [K
pulling 2bada8a74506:   2% ▕                  ▏  92 MB/4.7 GB   11 MB/s   6m53s[K[?25h[?2026l[?2026h[?25l[A[1Gpulling manifest [K
pulling 2bada8a74506:   2% ▕                  ▏  93 MB/4.7 GB   11 MB/s   6m53s[K[?25h[?2026l[?2026h[?25l[A[1Gpulling manifest [K
pulling 2bada8a74506:   2% ▕                  ▏  93 MB/4.7 GB   11 MB/s   6m53s[K[?25h[?2026l[?2026h[?25l[A[1Gpulling manifest [K
pulling 2bada8a74506:   2% ▕                  ▏  95 MB/4.7 GB   11 MB/s   6m53s[K[?25h[?2026l[?2026h[?25l[A[1Gpulling manifest [K
pulling 2bada8a74506:   2% ▕                  ▏  96 MB/4.7 GB   11 MB/s   6m53s[K[?25h[?2026l[?2026h[?25l[A[1Gpulling manifest [K
pulling 2bada8a74506:   2% ▕                  ▏  96 MB/4.7 GB   11 MB/s   6m53s[K[?25h[?2026l[?2026h[?25l[A[1Gpulling manifest [K
pulling 2bada8a74506:   2% ▕                  ▏  98 MB/4.7 GB   11 MB/s   6m53s[K[?25h[?2026l[?2026h[?25l[A[1Gpulling manifest [K
pulling 2bada8a74506:   2% ▕                  ▏  99 MB/4.7 GB   10 MB/s   6m58s[K[?25h[?2026l[?2026h[?25l[A[1Gpulling manifest [K
pulling 2bada8a74506:   2% ▕                  ▏ 100 MB/4.7 GB   10 MB/s   6m58s[K[?25h[?2026l[?2026h[?25l[A[1Gpulling manifest [K
pulling 2bada8a74506:   2% ▕                  ▏ 101 MB/4.7 GB   10 MB/s   6m58s[K[?25h[?2026l[?2026h[?25l[A[1Gpulling manifest [K
pulling 2bada8a74506:   2% ▕                  ▏ 102 MB/4.7 GB   10 MB/s   6m57s[K[?25h[?2026l[?2026h[?25l[A[1Gpulling manifest [K
pulling 2bada8a74506:   2% ▕                  ▏ 102 MB/4.7 GB   10 MB/s   6m57s[K[?25h[?2026l[?2026h[?25l[A[1Gpulling manifest [K
pulling 2bada8a74506:   2% ▕                  ▏ 103 MB/4.7 GB   10 MB/s   6m57s[K[?25h[?2026l[?2026h[?25l[A[1Gpulling manifest [K
pulling 2bada8a74506:   2% ▕                  ▏ 104 MB/4.7 GB   10 MB/s   6m57s[K[?25h[?2026l[?2026h[?25l[A[1Gpulling manifest [K
pulling 2bada8a74506:   2% ▕                  ▏ 105 MB/4.7 GB   10 MB/s   6m57s[K[?25h[?2026l[?2026h[?25l[A[1Gpulling manifest [K
pulling 2bada8a74506:   2% ▕                  ▏ 106 MB/4.7 GB   10 MB/s   6m57s[K[?25h[?2026l[?2026h[?25l[A[1Gpulling manifest [K
pulling 2bada8a74506:   2% ▕                  ▏ 108 MB/4.7 GB   10 MB/s   6m57s[K[?25h[?2026l[?2026h[?25l[A[1Gpulling manifest [K
pulling 2bada8a74506:   2% ▕                  ▏ 108 MB/4.7 GB   10 MB/s   6m58s[K[?25h[?2026l[?2026h[?25l[A[1Gpulling manifest [K
pulling 2bada8a74506:   2% ▕                  ▏ 110 MB/4.7 GB   10 MB/s   6m58s[K[?25h[?2026l[?2026h[?25l[A[1Gpulling manifest [K
pulling 2bada8a74506:   2% ▕                  ▏ 111 MB/4.7 GB   10 MB/s   6m58s[K[?25h[?2026l[?2026h[?25l[A[1Gpulling manifest [K
pulling 2bada8a74506:   2% ▕                  ▏ 112 MB/4.7 GB   10 MB/s   6m58s[K[?25h[?2026l[?2026h[?25l[A[1Gpulling manifest [K
pulling 2bada8a74506:   2% ▕                  ▏ 113 MB/4.7 GB   10 MB/s   6m58s[K[?25h[?2026l[?2026h[?25l[A[1Gpulling manifest [K
pulling 2bada8a74506:   2% ▕                  ▏ 114 MB/4.7 GB   10 MB/s   6m58s[K[?25h[?2026l[?2026h[?25l[A[1Gpulling manifest [K
pulling 2bada8a74506:   2% ▕                  ▏ 115 MB/4.7 GB   10 MB/s   6m58s[K[?25h[?2026l[?2026h[?25l[A[1Gpulling manifest [K
pulling 2bada8a74506:   2% ▕                  ▏ 116 MB/4.7 GB   10 MB/s   6m58s[K[?25h[?2026l[?2026h[?25l[A[1Gpulling manifest [K
pulling 2bada8a74506:   3% ▕                  ▏ 118 MB/4.7 GB   10 MB/s   6m58s[K[?25h[?2026l[?2026h[?25l[A[1Gpulling manifest [K
pulling 2bada8a74506:   3% ▕                  ▏ 118 MB/4.7 GB   10 MB/s   6m58s[K[?25h[?2026l[?2026h[?25l[A[1Gpulling manifest [K
pulling 2bada8a74506:   3% ▕                  ▏ 119 MB/4.7 GB   10 MB/s   6m58s[K[?25h[?2026l[?2026h[?25l[A[1Gpulling manifest [K
pulling 2bada8a74506:   3% ▕                  ▏ 121 MB/4.7 GB   10 MB/s   6m58s[K[?25h[?2026l[?2026h[?25l[A[1Gpulling manifest [K
pulling 2bada8a74506:   3% ▕                  ▏ 122 MB/4.7 GB   10 MB/s   6m58s[K[?25h[?2026l[?2026h[?25l[A[1Gpulling manifest [K
pulling 2bada8a74506:   3% ▕                  ▏ 123 MB/4.7 GB   10 MB/s   6m58s[K[?25h[?2026l[?2026h[?25l[A[1Gpulling manifest [K
pulling 2bada8a74506:   3% ▕                  ▏ 124 MB/4.7 GB   10 MB/s   6m57s[K[?25h[?2026l[?2026h[?25l[A[1Gpulling manifest [K
pulling 2bada8a74506:   3% ▕                  ▏ 125 MB/4.7 GB   10 MB/s   6m57s[K[?25h[?2026l[?2026h[?25l[A[1Gpulling manifest [K
pulling 2bada8a74506:   3% ▕                  ▏ 126 MB/4.7 GB   10 MB/s   6m57s[K[?25h[?2026l[?2026h[?25l[A[1Gpulling manifest [K
pulling 2bada8a74506:   3% ▕                  ▏ 128 MB/4.7 GB   10 MB/s   6m57s[K[?25h[?2026l[?2026h[?25l[A[1Gpulling manifest [K
pulling 2bada8a74506:   3% ▕                  ▏ 128 MB/4.7 GB   10 MB/s   6m57s[K[?25h[?2026l[?2026h[?25l[A[1Gpulling manifest [K
pulling 2bada8a74506:   3% ▕                  ▏ 130 MB/4.7 GB   10 MB/s   6m57s[K[?25h[?2026l[?2026h[?25l[A[1Gpulling manifest [K
pulling 2bada8a74506:   3% ▕                  ▏ 131 MB/4.7 GB   10 MB/s   6m54s[K[?25h[?2026l[?2026h[?25l[A[1Gpulling manifest [K
pulling 2bada8a74506:   3% ▕                  ▏ 132 MB/4.7 GB   10 MB/s   6m54s[K[?25h[?2026l[?2026h[?25l[A[1Gpulling manifest [K
pulling 2bada8a74506:   3% ▕                  ▏ 133 MB/4.7 GB   10 MB/s   6m54s[K[?25h[?2026l[?2026h[?25l[A[1Gpulling manifest [K
pulling 2bada8a74506:   3% ▕                  ▏ 134 MB/4.7 GB   10 MB/s   6m54s[K[?25h[?2026l[?2026h[?25l[A[1Gpulling manifest [K
pulling 2bada8a74506:   3% ▕                  ▏ 135 MB/4.7 GB   10 MB/s   6m54s[K[?25h[?2026l[?2026h[?25l[A[1Gpulling manifest [K
pulling 2bada8a74506:   3% ▕                  ▏ 137 MB/4.7 GB   10 MB/s   6m54s[K[?25h[?2026l[?2026h[?25l[A[1Gpulling manifest [K
pulling 2bada8a74506:   3% ▕                  ▏ 138 MB/4.7 GB   10 MB/s   6m54s[K[?25h[?2026l[?2026h[?25l[A[1Gpulling manifest [K
pulling 2bada8a74506:   3% ▕                  ▏ 139 MB/4.7 GB   10 MB/s   6m54s[K[?25h[?2026l[?2026h[?25l[A[1Gpulling manifest [K
pulling 2bada8a74506:   3% ▕                  ▏ 140 MB/4.7 GB   10 MB/s   6m54s[K[?25h[?2026l[?2026h[?25l[A[1Gpulling manifest [K
pulling 2bada8a74506:   3% ▕                  ▏ 142 MB/4.7 GB   10 MB/s   6m54s[K[?25h[?2026l[?2026h[?25l[A[1Gpulling manifest [K
pulling 2bada8a74506:   3% ▕                  ▏ 142 MB/4.7 GB   10 MB/s   6m54s[K[?25h[?2026l[?2026h[?25l[A[1Gpulling manifest [K
pulling 2bada8a74506:   3% ▕                  ▏ 143 MB/4.7 GB   10 MB/s   6m53s[K[?25h[?2026l[?2026h[?25l[A[1Gpulling manifest [K
pulling 2bada8a74506:   3% ▕                  ▏ 144 MB/4.7 GB   10 MB/s   6m53s[K[?25h[?2026l[?2026h[?25l[A[1Gpulling manifest [K
pulling 2bada8a74506:   3% ▕                  ▏ 144 MB/4.7 GB   10 MB/s   6m53s[K[?25h[?2026l[?2026h[?25l[A[1Gpulling manifest [K
pulling 2bada8a74506:   3% ▕                  ▏ 146 MB/4.7 GB   10 MB/s   6m53s[K[?25h[?2026l[?2026h[?25l[A[1Gpulling manifest [K
pulling 2bada8a74506:   3% ▕                  ▏ 147 MB/4.7 GB   10 MB/s   6m53s[K[?25h[?2026l[?2026h[?25l[A[1Gpulling manifest [K
pulling 2bada8a74506:   3% ▕                  ▏ 147 MB/4.7 GB   10 MB/s   6m53s[K[?25h[?2026l[?2026h[?25l[A[1Gpulling manifest [K
pulling 2bada8a74506:   3% ▕                  ▏ 149 MB/4.7 GB   10 MB/s   6m53s[K[?25h[?2026l[?2026h[?25l[A[1Gpulling manifest [K
pulling 2bada8a74506:   3% ▕                  ▏ 150 MB/4.7 GB   10 MB/s   6m53s[K[?25h[?2026l[?2026h[?25l[A[1Gpulling manifest [K
pulling 2bada8a74506:   3% ▕                  ▏ 150 MB/4.7 GB   10 MB/s   6m53s[K[?25h[?2026l[?2026h[?25l[A[1Gpulling manifest [K
pulling 2bada8a74506:   3% ▕                  ▏ 151 MB/4.7 GB   10 MB/s   6m53s[K[?25h[?2026l[?2026h[?25l[A[1Gpulling manifest [K
pulling 2bada8a74506:   3% ▕                  ▏ 153 MB/4.7 GB   10 MB/s    7m2s[K[?25h[?2026l[?2026h[?25l[A[1Gpulling manifest [K
pulling 2bada8a74506:   3% ▕                  ▏ 153 MB/4.7 GB   10 MB/s    7m2s[K[?25h[?2026l[?2026h[?25l[A[1Gpulling manifest [K
pulling 2bada8a74506:   3% ▕                  ▏ 154 MB/4.7 GB   10 MB/s    7m2s[K[?25h[?2026l[?2026h[?25l[A[1Gpulling manifest [K
pulling 2bada8a74506:   3% ▕                  ▏ 156 MB/4.7 GB   10 MB/s    7m2s[K[?25h[?2026l[?2026h[?25l[A[1Gpulling manifest [K
pulling 2bada8a74506:   3% ▕                  ▏ 156 MB/4.7 GB   10 MB/s    7m2s[K[?25h[?2026l[?2026h[?25l[A[1Gpulling manifest [K
pulling 2bada8a74506:   3% ▕                  ▏ 157 MB/4.7 GB   10 MB/s    7m2s[K[?25h[?2026l[?2026h[?25l[A[1Gpulling manifest [K
pulling 2bada8a74506:   3% ▕                  ▏ 159 MB/4.7 GB   10 MB/s    7m2s[K[?25h[?2026l[?2026h[?25l[A[1Gpulling manifest [K
pulling 2bada8a74506:   3% ▕                  ▏ 159 MB/4.7 GB   10 MB/s    7m2s[K[?25h[?2026l[?2026h[?25l[A[1Gpulling manifest [K
pulling 2bada8a74506:   3% ▕                  ▏ 161 MB/4.7 GB   10 MB/s    7m2s[K[?25h[?2026l[?2026h[?25l[A[1Gpulling manifest [K
pulling 2bada8a74506:   3% ▕                  ▏ 162 MB/4.7 GB   10 MB/s    7m1s[K[?25h[?2026l[?2026h[?25l[A[1Gpulling manifest [K
pulling 2bada8a74506:   3% ▕                  ▏ 162 MB/4.7 GB   10 MB/s    7m4s[K[?25h[?2026l[?2026h[?25l[A[1Gpulling manifest [K
pulling 2bada8a74506:   4% ▕                  ▏ 163 MB/4.7 GB   10 MB/s    7m4s[K[?25h[?2026l[?2026h[?25l[A[1Gpulling manifest [K
pulling 2bada8a74506:   4% ▕                  ▏ 165 MB/4.7 GB   10 MB/s    7m4s[K[?25h[?2026l[?2026h[?25l[A[1Gpulling manifest [K
pulling 2bada8a74506:   4% ▕                  ▏ 165 MB/4.7 GB   10 MB/s    7m4s[K[?25h[?2026l[?2026h[?25l[A[1Gpulling manifest [K
pulling 2bada8a74506:   4% ▕                  ▏ 167 MB/4.7 GB   10 MB/s    7m4s[K[?25h[?2026l[?2026h[?25l[A[1Gpulling manifest [K
pulling 2bada8a74506:   4% ▕                  ▏ 168 MB/4.7 GB   10 MB/s    7m4s[K[?25h[?2026l[?2026h[?25l[A[1Gpulling manifest [K
pulling 2bada8a74506:   4% ▕                  ▏ 169 MB/4.7 GB   10 MB/s    7m3s[K[?25h[?2026l[?2026h[?25l[A[1Gpulling manifest [K
pulling 2bada8a74506:   4% ▕                  ▏ 170 MB/4.7 GB   10 MB/s    7m3s[K[?25h[?2026l[?2026h[?25l[A[1Gpulling manifest [K
pulling 2bada8a74506:   4% ▕                  ▏ 171 MB/4.7 GB   10 MB/s    7m3s[K[?25h[?2026l[?2026h[?25l[A[1Gpulling manifest [K
pulling 2bada8a74506:   4% ▕                  ▏ 172 MB/4.7 GB   10 MB/s    7m3s[K[?25h[?2026l[?2026h[?25l[A[1Gpulling manifest [K
pulling 2bada8a74506:   4% ▕                  ▏ 173 MB/4.7 GB   10 MB/s    7m5s[K[?25h[?2026l[?2026h[?25l[A[1Gpulling manifest [K
pulling 2bada8a74506:   4% ▕                  ▏ 174 MB/4.7 GB   10 MB/s    7m5s[K[?25h[?2026l[?2026h[?25l[A[1Gpulling manifest [K
pulling 2bada8a74506:   4% ▕                  ▏ 175 MB/4.7 GB   10 MB/s    7m5s[K[?25h[?2026l[?2026h[?25l[A[1Gpulling manifest [K
pulling 2bada8a74506:   4% ▕                  ▏ 176 MB/4.7 GB   10 MB/s    7m5s[K[?25h[?2026l[?2026h[?25l[A[1Gpulling manifest [K
pulling 2bada8a74506:   4% ▕                  ▏ 177 MB/4.7 GB   10 MB/s    7m5s[K[?25h[?2026l[?2026h[?25l[A[1Gpulling manifest [K
pulling 2bada8a74506:   4% ▕                  ▏ 178 MB/4.7 GB   10 MB/s    7m5s[K[?25h[?2026l[?2026h[?25l[A[1Gpulling manifest [K
pulling 2bada8a74506:   4% ▕                  ▏ 179 MB/4.7 GB   10 MB/s    7m5s[K[?25h[?2026l[?2026h[?25l[A[1Gpulling manifest [K
pulling 2bada8a74506:   4% ▕                  ▏ 180 MB/4.7 GB   10 MB/s    7m5s[K[?25h[?2026l[?2026h[?25l[A[1Gpulling manifest [K
pulling 2bada8a74506:   4% ▕                  ▏ 181 MB/4.7 GB   10 MB/s    7m5s[K[?25h[?2026l[?2026h[?25l[A[1Gpulling manifest [K
pulling 2bada8a74506:   4% ▕                  ▏ 182 MB/4.7 GB   10 MB/s    7m5s[K[?25h[?2026l[?2026h[?25l[A[1Gpulling manifest [K
pulling 2bada8a74506:   4% ▕                  ▏ 183 MB/4.7 GB   10 MB/s    7m8s[K[?25h[?2026l[?2026h[?25l[A[1Gpulling manifest [K
pulling 2bada8a74506:   4% ▕                  ▏ 184 MB/4.7 GB   10 MB/s    7m8s[K[?25h[?2026l[?2026h[?25l[A[1Gpulling manifest [K
pulling 2bada8a74506:   4% ▕                  ▏ 185 MB/4.7 GB   10 MB/s    7m7s[K[?25h[?2026l[?2026h[?25l[A[1Gpulling manifest [K
pulling 2bada8a74506:   4% ▕                  ▏ 186 MB/4.7 GB   10 MB/s    7m7s[K[?25h[?2026l[?2026h[?25l[A[1Gpulling manifest [K
pulling 2bada8a74506:   4% ▕                  ▏ 187 MB/4.7 GB   10 MB/s    7m7s[K[?25h[?2026l[?2026h[?25l[A[1Gpulling manifest [K
pulling 2bada8a74506:   4% ▕                  ▏ 188 MB/4.7 GB   10 MB/s    7m7s[K[?25h[?2026l[?2026h[?25l[A[1Gpulling manifest [K
pulling 2bada8a74506:   4% ▕                  ▏ 189 MB/4.7 GB   10 MB/s    7m7s[K[?25h[?2026l[?2026h[?25l[A[1Gpulling manifest [K
pulling 2bada8a74506:   4% ▕                  ▏ 190 MB/4.7 GB   10 MB/s    7m7s[K[?25h[?2026l[?2026h[?25l[A[1Gpulling manifest [K
pulling 2bada8a74506:   4% ▕                  ▏ 191 MB/4.7 GB   10 MB/s    7m7s[K[?25h[?2026l[?2026h[?25l[A[1Gpulling manifest [K
pulling 2bada8a74506:   4% ▕                  ▏ 193 MB/4.7 GB   10 MB/s    7m7s[K[?25h[?2026l[?2026h[?25l[A[1Gpulling manifest [K
pulling 2bada8a74506:   4% ▕                  ▏ 193 MB/4.7 GB   10 MB/s    7m7s[K[?25h[?2026l[?2026h[?25l[A[1Gpulling manifest [K
pulling 2bada8a74506:   4% ▕                  ▏ 195 MB/4.7 GB   10 MB/s    7m2s[K[?25h[?2026l[?2026h[?25l[A[1Gpulling manifest [K
pulling 2bada8a74506:   4% ▕                  ▏ 196 MB/4.7 GB   10 MB/s    7m2s[K[?25h[?2026l[?2026h[?25l[A[1Gpulling manifest [K
pulling 2bada8a74506:   4% ▕                  ▏ 196 MB/4.7 GB   10 MB/s    7m2s[K[?25h[?2026l[?2026h[?25l[A[1Gpulling manifest [K
pulling 2bada8a74506:   4% ▕                  ▏ 198 MB/4.7 GB   10 MB/s    7m2s[K[?25h[?2026l[?2026h[?25l[A[1Gpulling manifest [K
pulling 2bada8a74506:   4% ▕                  ▏ 199 MB/4.7 GB   10 MB/s    7m2s[K[?25h[?2026l[?2026h[?25l[A[1Gpulling manifest [K
pulling 2bada8a74506:   4% ▕                  ▏ 199 MB/4.7 GB   10 MB/s    7m2s[K[?25h[?2026l[?2026h[?25l[A[1Gpulling manifest [K
pulling 2bada8a74506:   4% ▕                  ▏ 201 MB/4.7 GB   10 MB/s    7m2s[K[?25h[?2026l[?2026h[?25l[A[1Gpulling manifest [K
pulling 2bada8a74506:   4% ▕                  ▏ 202 MB/4.7 GB   10 MB/s    7m2s[K[?25h[?2026l[?2026h[?25l[A[1Gpulling manifest [K
pulling 2bada8a74506:   4% ▕                  ▏ 203 MB/4.7 GB   10 MB/s    7m2s[K[?25h[?2026l[?2026h[?25l[A[1Gpulling manifest [K
pulling 2bada8a74506:   4% ▕                  ▏ 204 MB/4.7 GB   10 MB/s    7m1s[K[?25h[?2026l[?2026h[?25l[A[1Gpulling manifest [K
pulling 2bada8a74506:   4% ▕                  ▏ 205 MB/4.7 GB   10 MB/s   6m59s[K[?25h[?2026l[?2026h[?25l[A[1Gpulling manifest [K
pulling 2bada8a74506:   4% ▕                  ▏ 206 MB/4.7 GB   10 MB/s   6m59s[K[?25h[?2026l[?2026h[?25l[A[1Gpulling manifest [K
pulling 2bada8a74506:   4% ▕                  ▏ 207 MB/4.7 GB   10 MB/s   6m59s[K[?25h[?2026l[?2026h[?25l[A[1Gpulling manifest [K
pulling 2bada8a74506:   4% ▕                  ▏ 208 MB/4.7 GB   10 MB/s   6m59s[K[?25h[?2026l[?2026h[?25l[A[1Gpulling manifest [K
pulling 2bada8a74506:   4% ▕                  ▏ 209 MB/4.7 GB   10 MB/s   6m59s[K[?25h[?2026l[?2026h[?25l[A[1Gpulling manifest [K
pulling 2bada8a74506:   4% ▕                  ▏ 210 MB/4.7 GB   10 MB/s   6m59s[K[?25h[?2026l[?2026h[?25l[A[1Gpulling manifest [K
pulling 2bada8a74506:   5% ▕                  ▏ 211 MB/4.7 GB   10 MB/s   6m59s[K[?25h[?2026l[?2026h[?25l[A[1Gpulling manifest [K
pulling 2bada8a74506:   5% ▕                  ▏ 211 MB/4.7 GB   10 MB/s   6m59s[K[?25h[?2026l[?2026h[?25l[A[1Gpulling manifest [K
pulling 2bada8a74506:   5% ▕                  ▏ 213 MB/4.7 GB   10 MB/s   6m59s[K[?25h[?2026l[?2026h[?25l[A[1Gpulling manifest [K
pulling 2bada8a74506:   5% ▕                  ▏ 214 MB/4.7 GB   10 MB/s   6m58s[K[?25h[?2026l[?2026h[?25l[A[1Gpulling manifest [K
pulling 2bada8a74506:   5% ▕                  ▏ 214 MB/4.7 GB   10 MB/s    7m3s[K[?25h[?2026l[?2026h[?25l[A[1Gpulling manifest [K
pulling 2bada8a74506:   5% ▕                  ▏ 216 MB/4.7 GB   10 MB/s    7m3s[K[?25h[?2026l[?2026h[?25l[A[1Gpulling manifest [K
pulling 2bada8a74506:   5% ▕                  ▏ 217 MB/4.7 GB   10 MB/s    7m3s[K[?25h[?2026l[?2026h[?25l[A[1Gpulling manifest [K
pulling 2bada8a74506:   5% ▕                  ▏ 218 MB/4.7 GB   10 MB/s    7m3s[K[?25h[?2026l[?2026h[?25l[A[1Gpulling manifest [K
pulling 2bada8a74506:   5% ▕                  ▏ 219 MB/4.7 GB   10 MB/s    7m3s[K[?25h[?2026l[?2026h[?25l[A[1Gpulling manifest [K
pulling 2bada8a74506:   5% ▕                  ▏ 220 MB/4.7 GB   10 MB/s    7m3s[K[?25h[?2026l[?2026h[?25l[A[1Gpulling manifest [K
pulling 2bada8a74506:   5% ▕                  ▏ 221 MB/4.7 GB   10 MB/s    7m3s[K[?25h[?2026l[?2026h[?25l[A[1Gpulling manifest [K
pulling 2bada8a74506:   5% ▕                  ▏ 222 MB/4.7 GB   10 MB/s    7m3s[K[?25h[?2026l[?2026h[?25l[A[1Gpulling manifest [K
pulling 2bada8a74506:   5% ▕                  ▏ 223 MB/4.7 GB   10 MB/s    7m3s[K[?25h[?2026l[?2026h[?25l[A[1Gpulling manifest [K
pulling 2bada8a74506:   5% ▕                  ▏ 224 MB/4.7 GB   10 MB/s    7m2s[K[?25h[?2026l[?2026h[?25l[A[1Gpulling manifest [K
pulling 2bada8a74506:   5% ▕                  ▏ 225 MB/4.7 GB   10 MB/s    7m9s[K[?25h[?2026l[?2026h[?25l[A[1Gpulling manifest [K
pulling 2bada8a74506:   5% ▕                  ▏ 226 MB/4.7 GB   10 MB/s    7m9s[K[?25h[?2026l[?2026h[?25l[A[1Gpulling manifest [K
pulling 2bada8a74506:   5% ▕                  ▏ 227 MB/4.7 GB   10 MB/s    7m9s[K[?25h[?2026l[?2026h[?25l[A[1Gpulling manifest [K
pulling 2bada8a74506:   5% ▕                  ▏ 228 MB/4.7 GB   10 MB/s    7m9s[K[?25h[?2026l[?2026h[?25l[A[1Gpulling manifest [K
pulling 2bada8a74506:   5% ▕                  ▏ 229 MB/4.7 GB   10 MB/s    7m9s[K[?25h[?2026l[?2026h[?25l[A[1Gpulling manifest [K
pulling 2bada8a74506:   5% ▕                  ▏ 230 MB/4.7 GB   10 MB/s    7m9s[K[?25h[?2026l[?2026h[?25l[A[1Gpulling manifest [K
pulling 2bada8a74506:   5% ▕                  ▏ 231 MB/4.7 GB   10 MB/s    7m9s[K[?25h[?2026l[?2026h[?25l[A[1Gpulling manifest [K
pulling 2bada8a74506:   5% ▕                  ▏ 232 MB/4.7 GB   10 MB/s    7m8s[K[?25h[?2026l[?2026h[?25l[A[1Gpulling manifest [K
pulling 2bada8a74506:   5% ▕                  ▏ 233 MB/4.7 GB   10 MB/s    7m8s[K[?25h[?2026l[?2026h[?25l[A[1Gpulling manifest [K
pulling 2bada8a74506:   5% ▕                  ▏ 234 MB/4.7 GB   10 MB/s    7m8s[K[?25h[?2026l[?2026h[?25l[A[1Gpulling manifest [K
pulling 2bada8a74506:   5% ▕                  ▏ 235 MB/4.7 GB   10 MB/s   7m12s[K[?25h[?2026l[?2026h[?25l[A[1Gpulling manifest [K
pulling 2bada8a74506:   5% ▕                  ▏ 236 MB/4.7 GB   10 MB/s   7m12s[K[?25h[?2026l[?2026h[?25l[A[1Gpulling manifest [K
pulling 2bada8a74506:   5% ▕                  ▏ 237 MB/4.7 GB   10 MB/s   7m12s[K[?25h[?2026l[?2026h[?25l[A[1Gpulling manifest [K
pulling 2bada8a74506:   5% ▕                  ▏ 238 MB/4.7 GB   10 MB/s   7m12s[K[?25h[?2026l[?2026h[?25l[A[1Gpulling manifest [K
pulling 2bada8a74506:   5% ▕                  ▏ 239 MB/4.7 GB   10 MB/s   7m12s[K[?25h[?2026l[?2026h[?25l[A[1Gpulling manifest [K
pulling 2bada8a74506:   5% ▕                  ▏ 240 MB/4.7 GB   10 MB/s   7m12s[K[?25h[?2026l[?2026h[?25l[A[1Gpulling manifest [K
pulling 2bada8a74506:   5% ▕                  ▏ 241 MB/4.7 GB   10 MB/s   7m12s[K[?25h[?2026l[?2026h[?25l[A[1Gpulling manifest [K
pulling 2bada8a74506:   5% ▕                  ▏ 242 MB/4.7 GB   10 MB/s   7m12s[K[?25h[?2026l[?2026h[?25l[A[1Gpulling manifest [K
pulling 2bada8a74506:   5% ▕                  ▏ 243 MB/4.7 GB   10 MB/s   7m11s[K[?25h[?2026l[?2026h[?25l[A[1Gpulling manifest [K
pulling 2bada8a74506:   5% ▕                  ▏ 244 MB/4.7 GB   10 MB/s   7m11s[K[?25h[?2026l[?2026h[?25l[A[1Gpulling manifest [K
pulling 2bada8a74506:   5% ▕                  ▏ 245 MB/4.7 GB   10 MB/s   7m11s[K[?25h[?2026l[?2026h[?25l[A[1Gpulling manifest [K
pulling 2bada8a74506:   5% ▕                  ▏ 246 MB/4.7 GB   10 MB/s    7m7s[K[?25h[?2026l[?2026h[?25l[A[1Gpulling manifest [K
pulling 2bada8a74506:   5% ▕                  ▏ 247 MB/4.7 GB   10 MB/s    7m7s[K[?25h[?2026l[?2026h[?25l[A[1Gpulling manifest [K
pulling 2bada8a74506:   5% ▕                  ▏ 248 MB/4.7 GB   10 MB/s    7m7s[K[?25h[?2026l[?2026h[?25l[A[1Gpulling manifest [K
pulling 2bada8a74506:   5% ▕                  ▏ 249 MB/4.7 GB   10 MB/s    7m7s[K[?25h[?2026l[?2026h[?25l[A[1Gpulling manifest [K
pulling 2bada8a74506:   5% ▕                  ▏ 250 MB/4.7 GB   10 MB/s    7m6s[K[?25h[?2026l[?2026h[?25l[A[1Gpulling manifest [K
pulling 2bada8a74506:   5% ▕                  ▏ 251 MB/4.7 GB   10 MB/s    7m6s[K[?25h[?2026l[?2026h[?25l[A[1Gpulling manifest [K
pulling 2bada8a74506:   5% ▕                  ▏ 252 MB/4.7 GB   10 MB/s    7m6s[K[?25h[?2026l[?2026h[?25l[A[1Gpulling manifest [K
pulling 2bada8a74506:   5% ▕                  ▏ 253 MB/4.7 GB   10 MB/s    7m6s[K[?25h[?2026l[?2026h[?25l[A[1Gpulling manifest [K
pulling 2bada8a74506:   5% ▕                  ▏ 254 MB/4.7 GB   10 MB/s    7m6s[K[?25h[?2026l[?2026h[?25l[A[1Gpulling manifest [K
pulling 2bada8a74506:   5% ▕                  ▏ 255 MB/4.7 GB   10 MB/s    7m6s[K[?25h[?2026l[?2026h[?25l[A[1Gpulling manifest [K
pulling 2bada8a74506:   5% ▕                  ▏ 257 MB/4.7 GB   10 MB/s    7m5s[K[?25h[?2026l[?2026h[?25l[A[1Gpulling manifest [K
pulling 2bada8a74506:   6% ▕                  ▏ 257 MB/4.7 GB   10 MB/s    7m5s[K[?25h[?2026l[?2026h[?25l[A[1Gpulling manifest [K
pulling 2bada8a74506:   6% ▕                  ▏ 259 MB/4.7 GB   10 MB/s    7m5s[K[?25h[?2026l[?2026h[?25l[A[1Gpulling manifest [K
pulling 2bada8a74506:   6% ▕█                 ▏ 260 MB/4.7 GB   10 MB/s    7m5s[K[?25h[?2026l[?2026h[?25l[A[1Gpulling manifest [K
pulling 2bada8a74506:   6% ▕█                 ▏ 260 MB/4.7 GB   10 MB/s    7m5s[K[?25h[?2026l[?2026h[?25l[A[1Gpulling manifest [K
pulling 2bada8a74506:   6% ▕█                 ▏ 262 MB/4.7 GB   10 MB/s    7m5s[K[?25h[?2026l[?2026h[?25l[A[1Gpulling manifest [K
pulling 2bada8a74506:   6% ▕█                 ▏ 263 MB/4.7 GB   10 MB/s    7m5s[K[?25h[?2026l[?2026h[?25l[A[1Gpulling manifest [K
pulling 2bada8a74506:   6% ▕█                 ▏ 264 MB/4.7 GB   10 MB/s    7m5s[K[?25h[?2026l[?2026h[?25l[A[1Gpulling manifest [K
pulling 2bada8a74506:   6% ▕█                 ▏ 265 MB/4.7 GB   10 MB/s    7m4s[K[?25h[?2026l[?2026h[?25l[A[1Gpulling manifest [K
pulling 2bada8a74506:   6% ▕█                 ▏ 266 MB/4.7 GB   10 MB/s    7m4s[K[?25h[?2026l[?2026h[?25l[A[1Gpulling manifest [K
pulling 2bada8a74506:   6% ▕█                 ▏ 267 MB/4.7 GB   10 MB/s    7m2s[K[?25h[?2026l[?2026h[?25l[A[1Gpulling manifest [K
pulling 2bada8a74506:   6% ▕█                 ▏ 268 MB/4.7 GB   10 MB/s    7m2s[K[?25h[?2026l[?2026h[?25l[A[1Gpulling manifest [K
pulling 2bada8a74506:   6% ▕█                 ▏ 269 MB/4.7 GB   10 MB/s    7m1s[K[?25h[?2026l[?2026h[?25l[A[1Gpulling manifest [K
pulling 2bada8a74506:   6% ▕█                 ▏ 270 MB/4.7 GB   10 MB/s    7m1s[K[?25h[?2026l[?2026h[?25l[A[1Gpulling manifest [K
pulling 2bada8a74506:   6% ▕█                 ▏ 272 MB/4.7 GB   10 MB/s    7m1s[K[?25h[?2026l[?2026h[?25l[A[1Gpulling manifest [K
pulling 2bada8a74506:   6% ▕█                 ▏ 273 MB/4.7 GB   10 MB/s    7m1s[K[?25h[?2026l[?2026h[?25l[A[1Gpulling manifest [K
pulling 2bada8a74506:   6% ▕█                 ▏ 273 MB/4.7 GB   10 MB/s    7m1s[K[?25h[?2026l[?2026h[?25l[A[1Gpulling manifest [K
pulling 2bada8a74506:   6% ▕█                 ▏ 275 MB/4.7 GB   10 MB/s    7m1s[K[?25h[?2026l[?2026h[?25l[A[1Gpulling manifest [K
pulling 2bada8a74506:   6% ▕█                 ▏ 276 MB/4.7 GB   10 MB/s    7m1s[K[?25h[?2026l[?2026h[?25l[A[1Gpulling manifest [K
pulling 2bada8a74506:   6% ▕█                 ▏ 277 MB/4.7 GB   10 MB/s    7m1s[K[?25h[?2026l[?2026h[?25l[A[1Gpulling manifest [K
pulling 2bada8a74506:   6% ▕█                 ▏ 278 MB/4.7 GB   10 MB/s   6m57s[K[?25h[?2026l[?2026h[?25l[A[1Gpulling manifest [K
pulling 2bada8a74506:   6% ▕█                 ▏ 279 MB/4.7 GB   10 MB/s   6m57s[K[?25h[?2026l[?2026h[?25l[A[1Gpulling manifest [K
pulling 2bada8a74506:   6% ▕█                 ▏ 280 MB/4.7 GB   10 MB/s   6m57s[K[?25h[?2026l[?2026h[?25l[A[1Gpulling manifest [K
pulling 2bada8a74506:   6% ▕█                 ▏ 281 MB/4.7 GB   10 MB/s   6m57s[K[?25h[?2026l[?2026h[?25l[A[1Gpulling manifest [K
pulling 2bada8a74506:   6% ▕█                 ▏ 282 MB/4.7 GB   10 MB/s   6m57s[K[?25h[?2026l[?2026h[?25l[A[1Gpulling manifest [K
pulling 2bada8a74506:   6% ▕█                 ▏ 283 MB/4.7 GB   10 MB/s   6m57s[K[?25h[?2026l[?2026h[?25l[A[1Gpulling manifest [K
pulling 2bada8a74506:   6% ▕█                 ▏ 284 MB/4.7 GB   10 MB/s   6m57s[K[?25h[?2026l[?2026h[?25l[A[1Gpulling manifest [K
pulling 2bada8a74506:   6% ▕█                 ▏ 285 MB/4.7 GB   10 MB/s   6m57s[K[?25h[?2026l[?2026h[?25l[A[1Gpulling manifest [K
pulling 2bada8a74506:   6% ▕█                 ▏ 286 MB/4.7 GB   10 MB/s   6m57s[K[?25h[?2026l[?2026h[?25l[A[1Gpulling manifest [K
pulling 2bada8a74506:   6% ▕█                 ▏ 287 MB/4.7 GB   10 MB/s   6m56s[K[?25h[?2026l[?2026h[?25l[A[1Gpulling manifest [K
pulling 2bada8a74506:   6% ▕█                 ▏ 289 MB/4.7 GB   10 MB/s   6m56s[K[?25h[?2026l[?2026h[?25l[A[1Gpulling manifest [K
pulling 2bada8a74506:   6% ▕█                 ▏ 289 MB/4.7 GB   10 MB/s   6m56s[K[?25h[?2026l[?2026h[?25l[A[1Gpulling manifest [K
pulling 2bada8a74506:   6% ▕█                 ▏ 291 MB/4.7 GB   10 MB/s   6m56s[K[?25h[?2026l[?2026h[?25l[A[1Gpulling manifest [K
pulling 2bada8a74506:   6% ▕█                 ▏ 292 MB/4.7 GB   10 MB/s   6m55s[K[?25h[?2026l[?2026h[?25l[A[1Gpulling manifest [K
pulling 2bada8a74506:   6% ▕█                 ▏ 293 MB/4.7 GB   10 MB/s   6m55s[K[?25h[?2026l[?2026h[?25l[A[1Gpulling manifest [K
pulling 2bada8a74506:   6% ▕█                 ▏ 294 MB/4.7 GB   10 MB/s   6m55s[K[?25h[?2026l[?2026h[?25l[A[1Gpulling manifest [K
pulling 2bada8a74506:   6% ▕█                 ▏ 295 MB/4.7 GB   10 MB/s   6m55s[K[?25h[?2026l[?2026h[?25l[A[1Gpulling manifest [K
pulling 2bada8a74506:   6% ▕█                 ▏ 296 MB/4.7 GB   10 MB/s   6m55s[K[?25h[?2026l[?2026h[?25l[A[1Gpulling manifest [K
pulling 2bada8a74506:   6% ▕█                 ▏ 297 MB/4.7 GB   10 MB/s   6m55s[K[?25h[?2026l[?2026h[?25l[A[1Gpulling manifest [K
pulling 2bada8a74506:   6% ▕█                 ▏ 298 MB/4.7 GB   10 MB/s   6m55s[K[?25h[?2026l[?2026h[?25l[A[1Gpulling manifest [K
pulling 2bada8a74506:   6% ▕█                 ▏ 299 MB/4.7 GB   10 MB/s   6m55s[K[?25h[?2026l[?2026h[?25l[A[1Gpulling manifest [K
pulling 2bada8a74506:   6% ▕█                 ▏ 300 MB/4.7 GB   10 MB/s   6m54s[K[?25h[?2026l[?2026h[?25l[A[1Gpulling manifest [K
pulling 2bada8a74506:   6% ▕█                 ▏ 301 MB/4.7 GB   10 MB/s   6m54s[K[?25h[?2026l[?2026h[?25l[A[1Gpulling manifest [K
pulling 2bada8a74506:   6% ▕█                 ▏ 302 MB/4.7 GB   10 MB/s   6m54s[K[?25h[?2026l[?2026h[?25l[A[1Gpulling manifest [K
pulling 2bada8a74506:   6% ▕█                 ▏ 303 MB/4.7 GB   10 MB/s   6m54s[K[?25h[?2026l[?2026h[?25l[A[1Gpulling manifest [K
pulling 2bada8a74506:   7% ▕█                 ▏ 304 MB/4.7 GB   10 MB/s   6m54s[K[?25h[?2026l[?2026h[?25l[A[1Gpulling manifest [K
pulling 2bada8a74506:   7% ▕█                 ▏ 305 MB/4.7 GB   10 MB/s   6m54s[K[?25h[?2026l[?2026h[?25l[A[1Gpulling manifest [K
pulling 2bada8a74506:   7% ▕█                 ▏ 306 MB/4.7 GB   10 MB/s   6m54s[K[?25h[?2026l[?2026h[?25l[A[1Gpulling manifest [K
pulling 2bada8a74506:   7% ▕█                 ▏ 306 MB/4.7 GB   10 MB/s   6m54s[K[?25h[?2026l[?2026h[?25l[A[1Gpulling manifest [K
pulling 2bada8a74506:   7% ▕█                 ▏ 307 MB/4.7 GB   10 MB/s   6m54s[K[?25h[?2026l[?2026h[?25l[A[1Gpulling manifest [K
pulling 2bada8a74506:   7% ▕█                 ▏ 308 MB/4.7 GB   10 MB/s   6m54s[K[?25h[?2026l[?2026h[?25l[A[1Gpulling manifest [K
pulling 2bada8a74506:   7% ▕█                 ▏ 310 MB/4.7 GB   10 MB/s   6m56s[K[?25h[?2026l[?2026h[?25l[A[1Gpulling manifest [K
pulling 2bada8a74506:   7% ▕█                 ▏ 310 MB/4.7 GB   10 MB/s   6m55s[K[?25h[?2026l[?2026h[?25l[A[1Gpulling manifest [K
pulling 2bada8a74506:   7% ▕█                 ▏ 311 MB/4.7 GB   10 MB/s   6m55s[K[?25h[?2026l[?2026h[?25l[A[1Gpulling manifest [K
pulling 2bada8a74506:   7% ▕█                 ▏ 313 MB/4.7 GB   10 MB/s   6m55s[K[?25h[?2026l[?2026h[?25l[A[1Gpulling manifest [K
pulling 2bada8a74506:   7% ▕█                 ▏ 313 MB/4.7 GB   10 MB/s   6m55s[K[?25h[?2026l[?2026h[?25l[A[1Gpulling manifest [K
pulling 2bada8a74506:   7% ▕█                 ▏ 314 MB/4.7 GB   10 MB/s   6m55s[K[?25h[?2026l[?2026h[?25l[A[1Gpulling manifest [K
pulling 2bada8a74506:   7% ▕█                 ▏ 316 MB/4.7 GB   10 MB/s   6m55s[K[?25h[?2026l[?2026h[?25l[A[1Gpulling manifest [K
pulling 2bada8a74506:   7% ▕█                 ▏ 316 MB/4.7 GB   10 MB/s   6m55s[K[?25h[?2026l[?2026h[?25l[A[1Gpulling manifest [K
pulling 2bada8a74506:   7% ▕█                 ▏ 318 MB/4.7 GB   10 MB/s   6m55s[K[?25h[?2026l[?2026h[?25l[A[1Gpulling manifest [K
pulling 2bada8a74506:   7% ▕█                 ▏ 319 MB/4.7 GB   10 MB/s   6m55s[K[?25h[?2026l[?2026h[?25l[A[1Gpulling manifest [K
pulling 2bada8a74506:   7% ▕█                 ▏ 320 MB/4.7 GB   10 MB/s   6m53s[K[?25h[?2026l[?2026h[?25l[A[1Gpulling manifest [K
pulling 2bada8a74506:   7% ▕█                 ▏ 321 MB/4.7 GB   10 MB/s   6m53s[K[?25h[?2026l[?2026h[?25l[A[1Gpulling manifest [K
pulling 2bada8a74506:   7% ▕█                 ▏ 322 MB/4.7 GB   10 MB/s   6m53s[K[?25h[?2026l[?2026h[?25l[A[1Gpulling manifest [K
pulling 2bada8a74506:   7% ▕█                 ▏ 322 MB/4.7 GB   10 MB/s   6m53s[K[?25h[?2026l[?2026h[?25l[A[1Gpulling manifest [K
pulling 2bada8a74506:   7% ▕█                 ▏ 324 MB/4.7 GB   10 MB/s   6m53s[K[?25h[?2026l[?2026h[?25l[A[1Gpulling manifest [K
pulling 2bada8a74506:   7% ▕█                 ▏ 325 MB/4.7 GB   10 MB/s   6m53s[K[?25h[?2026l[?2026h[?25l[A[1Gpulling manifest [K
pulling 2bada8a74506:   7% ▕█                 ▏ 326 MB/4.7 GB   10 MB/s   6m53s[K[?25h[?2026l[?2026h[?25l[A[1Gpulling manifest [K
pulling 2bada8a74506:   7% ▕█                 ▏ 327 MB/4.7 GB   10 MB/s   6m53s[K[?25h[?2026l[?2026h[?25l[A[1Gpulling manifest [K
pulling 2bada8a74506:   7% ▕█                 ▏ 329 MB/4.7 GB   10 MB/s   6m52s[K[?25h[?2026l[?2026h[?25l[A[1Gpulling manifest [K
pulling 2bada8a74506:   7% ▕█                 ▏ 329 MB/4.7 GB   10 MB/s   6m52s[K[?25h[?2026l[?2026h[?25l[A[1Gpulling manifest [K
pulling 2bada8a74506:   7% ▕█                 ▏ 331 MB/4.7 GB   10 MB/s   6m48s[K[?25h[?2026l[?2026h[?25l[A[1Gpulling manifest [K
pulling 2bada8a74506:   7% ▕█                 ▏ 332 MB/4.7 GB   10 MB/s   6m48s[K[?25h[?2026l[?2026h[?25l[A[1Gpulling manifest [K
pulling 2bada8a74506:   7% ▕█                 ▏ 333 MB/4.7 GB   10 MB/s   6m48s[K[?25h[?2026l[?2026h[?25l[A[1Gpulling manifest [K
pulling 2bada8a74506:   7% ▕█                 ▏ 334 MB/4.7 GB   10 MB/s   6m48s[K[?25h[?2026l[?2026h[?25l[A[1Gpulling manifest [K
pulling 2bada8a74506:   7% ▕█                 ▏ 335 MB/4.7 GB   10 MB/s   6m48s[K[?25h[?2026l[?2026h[?25l[A[1Gpulling manifest [K
pulling 2bada8a74506:   7% ▕█                 ▏ 336 MB/4.7 GB   10 MB/s   6m48s[K[?25h[?2026l[?2026h[?25l[A[1Gpulling manifest [K
pulling 2bada8a74506:   7% ▕█                 ▏ 337 MB/4.7 GB   10 MB/s   6m48s[K[?25h[?2026l[?2026h[?25l[A[1Gpulling manifest [K
pulling 2bada8a74506:   7% ▕█                 ▏ 339 MB/4.7 GB   10 MB/s   6m48s[K[?25h[?2026l[?2026h[?25l[A[1Gpulling manifest [K
pulling 2bada8a74506:   7% ▕█                 ▏ 339 MB/4.7 GB   10 MB/s   6m48s[K[?25h[?2026l[?2026h[?25l[A[1Gpulling manifest [K
pulling 2bada8a74506:   7% ▕█                 ▏ 341 MB/4.7 GB   10 MB/s   6m48s[K[?25h[?2026l[?2026h[?25l[A[1Gpulling manifest [K
pulling 2bada8a74506:   7% ▕█                 ▏ 342 MB/4.7 GB   10 MB/s   6m43s[K[?25h[?2026l[?2026h[?25l[A[1Gpulling manifest [K
pulling 2bada8a74506:   7% ▕█                 ▏ 343 MB/4.7 GB   10 MB/s   6m43s[K[?25h[?2026l[?2026h[?25l[A[1Gpulling manifest [K
pulling 2bada8a74506:   7% ▕█                 ▏ 344 MB/4.7 GB   10 MB/s   6m43s[K[?25h[?2026l[?2026h[?25l[A[1Gpulling manifest [K
pulling 2bada8a74506:   7% ▕█                 ▏ 346 MB/4.7 GB   10 MB/s   6m43s[K[?25h[?2026l[?2026h[?25l[A[1Gpulling manifest [K
pulling 2bada8a74506:   7% ▕█                 ▏ 346 MB/4.7 GB   10 MB/s   6m43s[K[?25h[?2026l[?2026h[?25l[A[1Gpulling manifest [K
pulling 2bada8a74506:   7% ▕█                 ▏ 348 MB/4.7 GB   10 MB/s   6m43s[K[?25h[?2026l[?2026h[?25l[A[1Gpulling manifest [K
pulling 2bada8a74506:   7% ▕█                 ▏ 349 MB/4.7 GB   10 MB/s   6m43s[K[?25h[?2026l[?2026h[?25l[A[1Gpulling manifest [K
pulling 2bada8a74506:   7% ▕█                 ▏ 349 MB/4.7 GB   10 MB/s   6m43s[K[?25h[?2026l[?2026h[?25l[A[1Gpulling manifest [K
pulling 2bada8a74506:   7% ▕█                 ▏ 351 MB/4.7 GB   10 MB/s   6m42s[K[?25h[?2026l[?2026h[?25l[A[1Gpulling manifest [K
pulling 2bada8a74506:   8% ▕█                 ▏ 352 MB/4.7 GB   10 MB/s   6m42s[K[?25h[?2026l[?2026h[?25l[A[1Gpulling manifest [K
pulling 2bada8a74506:   8% ▕█                 ▏ 353 MB/4.7 GB   10 MB/s   6m42s[K[?25h[?2026l[?2026h[?25l[A[1Gpulling manifest [K
pulling 2bada8a74506:   8% ▕█                 ▏ 354 MB/4.7 GB   10 MB/s   6m39s[K[?25h[?2026l[?2026h[?25l[A[1Gpulling manifest [K
pulling 2bada8a74506:   8% ▕█                 ▏ 355 MB/4.7 GB   10 MB/s   6m39s[K[?25h[?2026l[?2026h[?25l[A[1Gpulling manifest [K
pulling 2bada8a74506:   8% ▕█                 ▏ 356 MB/4.7 GB   10 MB/s   6m39s[K[?25h[?2026l[?2026h[?25l[A[1Gpulling manifest [K
pulling 2bada8a74506:   8% ▕█                 ▏ 357 MB/4.7 GB   10 MB/s   6m39s[K[?25h[?2026l[?2026h[?25l[A[1Gpulling manifest [K
pulling 2bada8a74506:   8% ▕█                 ▏ 359 MB/4.7 GB   10 MB/s   6m39s[K[?25h[?2026l[?2026h[?25l[A[1Gpulling manifest [K
pulling 2bada8a74506:   8% ▕█                 ▏ 359 MB/4.7 GB   10 MB/s   6m39s[K[?25h[?2026l[?2026h[?25l[A[1Gpulling manifest [K
pulling 2bada8a74506:   8% ▕█                 ▏ 361 MB/4.7 GB   10 MB/s   6m38s[K[?25h[?2026l[?2026h[?25l[A[1Gpulling manifest [K
pulling 2bada8a74506:   8% ▕█                 ▏ 362 MB/4.7 GB   10 MB/s   6m38s[K[?25h[?2026l[?2026h[?25l[A[1Gpulling manifest [K
pulling 2bada8a74506:   8% ▕█                 ▏ 362 MB/4.7 GB   10 MB/s   6m38s[K[?25h[?2026l[?2026h[?25l[A[1Gpulling manifest [K
pulling 2bada8a74506:   8% ▕█                 ▏ 364 MB/4.7 GB   10 MB/s   6m38s[K[?25h[?2026l[?2026h[?25l[A[1Gpulling manifest [K
pulling 2bada8a74506:   8% ▕█                 ▏ 365 MB/4.7 GB   10 MB/s   6m37s[K[?25h[?2026l[?2026h[?25l[A[1Gpulling manifest [K
pulling 2bada8a74506:   8% ▕█                 ▏ 366 MB/4.7 GB   10 MB/s   6m37s[K[?25h[?2026l[?2026h[?25l[A[1Gpulling manifest [K
pulling 2bada8a74506:   8% ▕█                 ▏ 367 MB/4.7 GB   10 MB/s   6m37s[K[?25h[?2026l[?2026h[?25l[A[1Gpulling manifest [K
pulling 2bada8a74506:   8% ▕█                 ▏ 369 MB/4.7 GB   10 MB/s   6m37s[K[?25h[?2026l[?2026h[?25l[A[1Gpulling manifest [K
pulling 2bada8a74506:   8% ▕█                 ▏ 369 MB/4.7 GB   10 MB/s   6m37s[K[?25h[?2026l[?2026h[?25l[A[1Gpulling manifest [K
pulling 2bada8a74506:   8% ▕█                 ▏ 370 MB/4.7 GB   10 MB/s   6m37s[K[?25h[?2026l[?2026h[?25l[A[1Gpulling manifest [K
pulling 2bada8a74506:   8% ▕█                 ▏ 372 MB/4.7 GB   10 MB/s   6m36s[K[?25h[?2026l[?2026h[?25l[A[1Gpulling manifest [K
pulling 2bada8a74506:   8% ▕█                 ▏ 372 MB/4.7 GB   10 MB/s   6m36s[K[?25h[?2026l[?2026h[?25l[A[1Gpulling manifest [K
pulling 2bada8a74506:   8% ▕█                 ▏ 373 MB/4.7 GB   10 MB/s   6m36s[K[?25h[?2026l[?2026h[?25l[A[1Gpulling manifest [K
pulling 2bada8a74506:   8% ▕█                 ▏ 375 MB/4.7 GB   10 MB/s   6m36s[K[?25h[?2026l[?2026h[?25l[A[1Gpulling manifest [K
pulling 2bada8a74506:   8% ▕█                 ▏ 375 MB/4.7 GB   10 MB/s   6m37s[K[?25h[?2026l[?2026h[?25l[A[1Gpulling manifest [K
pulling 2bada8a74506:   8% ▕█                 ▏ 377 MB/4.7 GB   10 MB/s   6m37s[K[?25h[?2026l[?2026h[?25l[A[1Gpulling manifest [K
pulling 2bada8a74506:   8% ▕█                 ▏ 378 MB/4.7 GB   10 MB/s   6m37s[K[?25h[?2026l[?2026h[?25l[A[1Gpulling manifest [K
pulling 2bada8a74506:   8% ▕█                 ▏ 379 MB/4.7 GB   10 MB/s   6m37s[K[?25h[?2026l[?2026h[?25l[A[1Gpulling manifest [K
pulling 2bada8a74506:   8% ▕█                 ▏ 380 MB/4.7 GB   10 MB/s   6m36s[K[?25h[?2026l[?2026h[?25l[A[1Gpulling manifest [K
pulling 2bada8a74506:   8% ▕█                 ▏ 381 MB/4.7 GB   10 MB/s   6m36s[K[?25h[?2026l[?2026h[?25l[A[1Gpulling manifest [K
pulling 2bada8a74506:   8% ▕█                 ▏ 382 MB/4.7 GB   10 MB/s   6m36s[K[?25h[?2026l[?2026h[?25l[A[1Gpulling manifest [K
pulling 2bada8a74506:   8% ▕█                 ▏ 384 MB/4.7 GB   10 MB/s   6m36s[K[?25h[?2026l[?2026h[?25l[A[1Gpulling manifest [K
pulling 2bada8a74506:   8% ▕█                 ▏ 385 MB/4.7 GB   10 MB/s   6m36s[K[?25h[?2026l[?2026h[?25l[A[1Gpulling manifest [K
pulling 2bada8a74506:   8% ▕█                 ▏ 385 MB/4.7 GB   10 MB/s   6m36s[K[?25h[?2026l[?2026h[?25l[A[1Gpulling manifest [K
pulling 2bada8a74506:   8% ▕█                 ▏ 387 MB/4.7 GB   10 MB/s   6m34s[K[?25h[?2026l[?2026h[?25l[A[1Gpulling manifest [K
pulling 2bada8a74506:   8% ▕█                 ▏ 388 MB/4.7 GB   10 MB/s   6m34s[K[?25h[?2026l[?2026h[?25l[A[1Gpulling manifest [K
pulling 2bada8a74506:   8% ▕█                 ▏ 389 MB/4.7 GB   10 MB/s   6m34s[K[?25h[?2026l[?2026h[?25l[A[1Gpulling manifest [K
pulling 2bada8a74506:   8% ▕█                 ▏ 390 MB/4.7 GB   10 MB/s   6m34s[K[?25h[?2026l[?2026h[?25l[A[1Gpulling manifest [K
pulling 2bada8a74506:   8% ▕█                 ▏ 391 MB/4.7 GB   10 MB/s   6m34s[K[?25h[?2026l[?2026h[?25l[A[1Gpulling manifest [K
pulling 2bada8a74506:   8% ▕█                 ▏ 392 MB/4.7 GB   10 MB/s   6m34s[K[?25h[?2026l[?2026h[?25l[A[1Gpulling manifest [K
pulling 2bada8a74506:   8% ▕█                 ▏ 393 MB/4.7 GB   10 MB/s   6m33s[K[?25h[?2026l[?2026h[?25l[A[1Gpulling manifest [K
pulling 2bada8a74506:   8% ▕█                 ▏ 394 MB/4.7 GB   10 MB/s   6m33s[K[?25h[?2026l[?2026h[?25l[A[1Gpulling manifest [K
pulling 2bada8a74506:   8% ▕█                 ▏ 395 MB/4.7 GB   10 MB/s   6m33s[K[?25h[?2026l[?2026h[?25l[A[1Gpulling manifest [K
pulling 2bada8a74506:   8% ▕█                 ▏ 397 MB/4.7 GB   10 MB/s   6m33s[K[?25h[?2026l[?2026h[?25l[A[1Gpulling manifest [K
pulling 2bada8a74506:   9% ▕█                 ▏ 398 MB/4.7 GB   10 MB/s   6m31s[K[?25h[?2026l[?2026h[?25l[A[1Gpulling manifest [K
pulling 2bada8a74506:   9% ▕█                 ▏ 398 MB/4.7 GB   10 MB/s   6m31s[K[?25h[?2026l[?2026h[?25l[A[1Gpulling manifest [K
pulling 2bada8a74506:   9% ▕█                 ▏ 399 MB/4.7 GB   10 MB/s   6m31s[K[?25h[?2026l[?2026h[?25l[A[1Gpulling manifest [K
pulling 2bada8a74506:   9% ▕█                 ▏ 400 MB/4.7 GB   10 MB/s   6m31s[K[?25h[?2026l[?2026h[?25l[A[1Gpulling manifest [K
pulling 2bada8a74506:   9% ▕█                 ▏ 401 MB/4.7 GB   10 MB/s   6m31s[K[?25h[?2026l[?2026h[?25l[A[1Gpulling manifest [K
pulling 2bada8a74506:   9% ▕█                 ▏ 402 MB/4.7 GB   10 MB/s   6m31s[K[?25h[?2026l[?2026h[?25l[A[1Gpulling manifest [K
pulling 2bada8a74506:   9% ▕█                 ▏ 404 MB/4.7 GB   10 MB/s   6m31s[K[?25h[?2026l[?2026h[?25l[A[1Gpulling manifest [K
pulling 2bada8a74506:   9% ▕█                 ▏ 404 MB/4.7 GB   10 MB/s   6m31s[K[?25h[?2026l[?2026h[?25l[A[1Gpulling manifest [K
pulling 2bada8a74506:   9% ▕█                 ▏ 405 MB/4.7 GB   10 MB/s   6m31s[K[?25h[?2026l[?2026h[?25l[A[1Gpulling manifest [K
pulling 2bada8a74506:   9% ▕█                 ▏ 407 MB/4.7 GB   10 MB/s   6m31s[K[?25h[?2026l[?2026h[?25l[A[1Gpulling manifest [K
pulling 2bada8a74506:   9% ▕█                 ▏ 408 MB/4.7 GB   10 MB/s   6m31s[K[?25h[?2026l[?2026h[?25l[A[1Gpulling manifest [K
pulling 2bada8a74506:   9% ▕█                 ▏ 409 MB/4.7 GB   11 MB/s   6m27s[K[?25h[?2026l[?2026h[?25l[A[1Gpulling manifest [K
pulling 2bada8a74506:   9% ▕█                 ▏ 410 MB/4.7 GB   11 MB/s   6m27s[K[?25h[?2026l[?2026h[?25l[A[1Gpulling manifest [K
pulling 2bada8a74506:   9% ▕█                 ▏ 411 MB/4.7 GB   11 MB/s   6m27s[K[?25h[?2026l[?2026h[?25l[A[1Gpulling manifest [K
pulling 2bada8a74506:   9% ▕█                 ▏ 412 MB/4.7 GB   11 MB/s   6m27s[K[?25h[?2026l[?2026h[?25l[A[1Gpulling manifest [K
pulling 2bada8a74506:   9% ▕█                 ▏ 413 MB/4.7 GB   11 MB/s   6m27s[K[?25h[?2026l[?2026h[?25l[A[1Gpulling manifest [K
pulling 2bada8a74506:   9% ▕█                 ▏ 414 MB/4.7 GB   11 MB/s   6m27s[K[?25h[?2026l[?2026h[?25l[A[1Gpulling manifest [K
pulling 2bada8a74506:   9% ▕█                 ▏ 416 MB/4.7 GB   11 MB/s   6m27s[K[?25h[?2026l[?2026h[?25l[A[1Gpulling manifest [K
pulling 2bada8a74506:   9% ▕█                 ▏ 417 MB/4.7 GB   11 MB/s   6m26s[K[?25h[?2026l[?2026h[?25l[A[1Gpulling manifest [K
pulling 2bada8a74506:   9% ▕█                 ▏ 418 MB/4.7 GB   11 MB/s   6m26s[K[?25h[?2026l[?2026h[?25l[A[1Gpulling manifest [K
pulling 2bada8a74506:   9% ▕█                 ▏ 419 MB/4.7 GB   11 MB/s   6m26s[K[?25h[?2026l[?2026h[?25l[A[1Gpulling manifest [K
pulling 2bada8a74506:   9% ▕█                 ▏ 420 MB/4.7 GB   11 MB/s   6m24s[K[?25h[?2026l[?2026h[?25l[A[1Gpulling manifest [K
pulling 2bada8a74506:   9% ▕█                 ▏ 421 MB/4.7 GB   11 MB/s   6m24s[K[?25h[?2026l[?2026h[?25l[A[1Gpulling manifest [K
pulling 2bada8a74506:   9% ▕█                 ▏ 422 MB/4.7 GB   11 MB/s   6m24s[K[?25h[?2026l[?2026h[?25l[A[1Gpulling manifest [K
pulling 2bada8a74506:   9% ▕█                 ▏ 423 MB/4.7 GB   11 MB/s   6m24s[K[?25h[?2026l[?2026h[?25l[A[1Gpulling manifest [K
pulling 2bada8a74506:   9% ▕█                 ▏ 424 MB/4.7 GB   11 MB/s   6m24s[K[?25h[?2026l[?2026h[?25l[A[1Gpulling manifest [K
pulling 2bada8a74506:   9% ▕█                 ▏ 425 MB/4.7 GB   11 MB/s   6m24s[K[?25h[?2026l[?2026h[?25l[A[1Gpulling manifest [K
pulling 2bada8a74506:   9% ▕█                 ▏ 427 MB/4.7 GB   11 MB/s   6m24s[K[?25h[?2026l[?2026h[?25l[A[1Gpulling manifest [K
pulling 2bada8a74506:   9% ▕█                 ▏ 427 MB/4.7 GB   11 MB/s   6m24s[K[?25h[?2026l[?2026h[?25l[A[1Gpulling manifest [K
pulling 2bada8a74506:   9% ▕█                 ▏ 429 MB/4.7 GB   11 MB/s   6m24s[K[?25h[?2026l[?2026h[?25l[A[1Gpulling manifest [K
pulling 2bada8a74506:   9% ▕█                 ▏ 430 MB/4.7 GB   11 MB/s   6m23s[K[?25h[?2026l[?2026h[?25l[A[1Gpulling manifest [K
pulling 2bada8a74506:   9% ▕█                 ▏ 431 MB/4.7 GB   11 MB/s   6m22s[K[?25h[?2026l[?2026h[?25l[A[1Gpulling manifest [K
pulling 2bada8a74506:   9% ▕█                 ▏ 432 MB/4.7 GB   11 MB/s   6m22s[K[?25h[?2026l[?2026h[?25l[A[1Gpulling manifest [K
pulling 2bada8a74506:   9% ▕█                 ▏ 433 MB/4.7 GB   11 MB/s   6m22s[K[?25h[?2026l[?2026h[?25l[A[1Gpulling manifest [K
pulling 2bada8a74506:   9% ▕█                 ▏ 434 MB/4.7 GB   11 MB/s   6m22s[K[?25h[?2026l[?2026h[?25l[A[1Gpulling manifest [K
pulling 2bada8a74506:   9% ▕█                 ▏ 435 MB/4.7 GB   11 MB/s   6m22s[K[?25h[?2026l[?2026h[?25l[A[1Gpulling manifest [K
pulling 2bada8a74506:   9% ▕█                 ▏ 437 MB/4.7 GB   11 MB/s   6m22s[K[?25h[?2026l[?2026h[?25l[A[1Gpulling manifest [K
pulling 2bada8a74506:   9% ▕█                 ▏ 437 MB/4.7 GB   11 MB/s   6m21s[K[?25h[?2026l[?2026h[?25l[A[1Gpulling manifest [K
pulling 2bada8a74506:   9% ▕█                 ▏ 439 MB/4.7 GB   11 MB/s   6m21s[K[?25h[?2026l[?2026h[?25l[A[1Gpulling manifest [K
pulling 2bada8a74506:   9% ▕█                 ▏ 440 MB/4.7 GB   11 MB/s   6m21s[K[?25h[?2026l[?2026h[?25l[A[1Gpulling manifest [K
pulling 2bada8a74506:   9% ▕█                 ▏ 440 MB/4.7 GB   11 MB/s   6m21s[K[?25h[?2026l[?2026h[?25l[A[1Gpulling manifest [K
pulling 2bada8a74506:   9% ▕█                 ▏ 441 MB/4.7 GB   11 MB/s   6m24s[K[?25h[?2026l[?2026h[?25l[A[1Gpulling manifest [K
pulling 2bada8a74506:   9% ▕█                 ▏ 443 MB/4.7 GB   11 MB/s   6m24s[K[?25h[?2026l[?2026h[?25l[A[1Gpulling manifest [K
pulling 2bada8a74506:   9% ▕█                 ▏ 443 MB/4.7 GB   11 MB/s   6m24s[K[?25h[?2026l[?2026h[?25l[A[1Gpulling manifest [K
pulling 2bada8a74506:   9% ▕█                 ▏ 444 MB/4.7 GB   11 MB/s   6m24s[K[?25h[?2026l[?2026h[?25l[A[1Gpulling manifest [K
pulling 2bada8a74506:  10% ▕█                 ▏ 445 MB/4.7 GB   11 MB/s   6m24s[K[?25h[?2026l[?2026h[?25l[A[1Gpulling manifest [K
pulling 2bada8a74506:  10% ▕█                 ▏ 446 MB/4.7 GB   11 MB/s   6m24s[K[?25h[?2026l[?2026h[?25l[A[1Gpulling manifest [K
pulling 2bada8a74506:  10% ▕█                 ▏ 447 MB/4.7 GB   11 MB/s   6m24s[K[?25h[?2026l[?2026h[?25l[A[1Gpulling manifest [K
pulling 2bada8a74506:  10% ▕█                 ▏ 448 MB/4.7 GB   11 MB/s   6m24s[K[?25h[?2026l[?2026h[?25l[A[1Gpulling manifest [K
pulling 2bada8a74506:  10% ▕█                 ▏ 449 MB/4.7 GB   11 MB/s   6m24s[K[?25h[?2026l[?2026h[?25l[A[1Gpulling manifest [K
pulling 2bada8a74506:  10% ▕█                 ▏ 450 MB/4.7 GB   11 MB/s   6m24s[K[?25h[?2026l[?2026h[?25l[A[1Gpulling manifest [K
pulling 2bada8a74506:  10% ▕█                 ▏ 451 MB/4.7 GB   10 MB/s   6m28s[K[?25h[?2026l[?2026h[?25l[A[1Gpulling manifest [K
pulling 2bada8a74506:  10% ▕█                 ▏ 452 MB/4.7 GB   10 MB/s   6m28s[K[?25h[?2026l[?2026h[?25l[A[1Gpulling manifest [K
pulling 2bada8a74506:  10% ▕█                 ▏ 453 MB/4.7 GB   10 MB/s   6m28s[K[?25h[?2026l[?2026h[?25l[A[1Gpulling manifest [K
pulling 2bada8a74506:  10% ▕█                 ▏ 454 MB/4.7 GB   10 MB/s   6m28s[K[?25h[?2026l[?2026h[?25l[A[1Gpulling manifest [K
pulling 2bada8a74506:  10% ▕█                 ▏ 455 MB/4.7 GB   10 MB/s   6m28s[K[?25h[?2026l[?2026h[?25l[A[1Gpulling manifest [K
pulling 2bada8a74506:  10% ▕█                 ▏ 456 MB/4.7 GB   10 MB/s   6m27s[K[?25h[?2026l[?2026h[?25l[A[1Gpulling manifest [K
pulling 2bada8a74506:  10% ▕█                 ▏ 458 MB/4.7 GB   10 MB/s   6m27s[K[?25h[?2026l[?2026h[?25l[A[1Gpulling manifest [K
pulling 2bada8a74506:  10% ▕█                 ▏ 458 MB/4.7 GB   10 MB/s   6m27s[K[?25h[?2026l[?2026h[?25l[A[1Gpulling manifest [K
pulling 2bada8a74506:  10% ▕█                 ▏ 460 MB/4.7 GB   10 MB/s   6m27s[K[?25h[?2026l[?2026h[?25l[A[1Gpulling manifest [K
pulling 2bada8a74506:  10% ▕█                 ▏ 461 MB/4.7 GB   10 MB/s   6m27s[K[?25h[?2026l[?2026h[?25l[A[1Gpulling manifest [K
pulling 2bada8a74506:  10% ▕█                 ▏ 461 MB/4.7 GB   10 MB/s   6m27s[K[?25h[?2026l[?2026h[?25l[A[1Gpulling manifest [K
pulling 2bada8a74506:  10% ▕█                 ▏ 463 MB/4.7 GB   10 MB/s   6m30s[K[?25h[?2026l[?2026h[?25l[A[1Gpulling manifest [K
pulling 2bada8a74506:  10% ▕█                 ▏ 464 MB/4.7 GB   10 MB/s   6m29s[K[?25h[?2026l[?2026h[?25l[A[1Gpulling manifest [K
pulling 2bada8a74506:  10% ▕█                 ▏ 465 MB/4.7 GB   10 MB/s   6m29s[K[?25h[?2026l[?2026h[?25l[A[1Gpulling manifest [K
pulling 2bada8a74506:  10% ▕█                 ▏ 466 MB/4.7 GB   10 MB/s   6m29s[K[?25h[?2026l[?2026h[?25l[A[1Gpulling manifest [K
pulling 2bada8a74506:  10% ▕█                 ▏ 467 MB/4.7 GB   10 MB/s   6m29s[K[?25h[?2026l[?2026h[?25l[A[1Gpulling manifest [K
pulling 2bada8a74506:  10% ▕█                 ▏ 468 MB/4.7 GB   10 MB/s   6m29s[K[?25h[?2026l[?2026h[?25l[A[1Gpulling manifest [K
pulling 2bada8a74506:  10% ▕█                 ▏ 469 MB/4.7 GB   10 MB/s   6m29s[K[?25h[?2026l[?2026h[?25l[A[1Gpulling manifest [K
pulling 2bada8a74506:  10% ▕█                 ▏ 470 MB/4.7 GB   10 MB/s   6m29s[K[?25h[?2026l[?2026h[?25l[A[1Gpulling manifest [K
pulling 2bada8a74506:  10% ▕█                 ▏ 470 MB/4.7 GB   10 MB/s   6m29s[K[?25h[?2026l[?2026h[?25l[A[1Gpulling manifest [K
pulling 2bada8a74506:  10% ▕█                 ▏ 472 MB/4.7 GB   10 MB/s   6m29s[K[?25h[?2026l[?2026h[?25l[A[1Gpulling manifest [K
pulling 2bada8a74506:  10% ▕█                 ▏ 473 MB/4.7 GB   10 MB/s   6m31s[K[?25h[?2026l[?2026h[?25l[A[1Gpulling manifest [K
pulling 2bada8a74506:  10% ▕█                 ▏ 473 MB/4.7 GB   10 MB/s   6m31s[K[?25h[?2026l[?2026h[?25l[A[1Gpulling manifest [K
pulling 2bada8a74506:  10% ▕█                 ▏ 474 MB/4.7 GB   10 MB/s   6m31s[K[?25h[?2026l[?2026h[?25l[A[1Gpulling manifest [K
pulling 2bada8a74506:  10% ▕█                 ▏ 476 MB/4.7 GB   10 MB/s   6m31s[K[?25h[?2026l[?2026h[?25l[A[1Gpulling manifest [K
pulling 2bada8a74506:  10% ▕█                 ▏ 476 MB/4.7 GB   10 MB/s   6m31s[K[?25h[?2026l[?2026h[?25l[A[1Gpulling manifest [K
pulling 2bada8a74506:  10% ▕█                 ▏ 477 MB/4.7 GB   10 MB/s   6m31s[K[?25h[?2026l[?2026h[?25l[A[1Gpulling manifest [K
pulling 2bada8a74506:  10% ▕█                 ▏ 479 MB/4.7 GB   10 MB/s   6m31s[K[?25h[?2026l[?2026h[?25l[A[1Gpulling manifest [K
pulling 2bada8a74506:  10% ▕█                 ▏ 479 MB/4.7 GB   10 MB/s   6m30s[K[?25h[?2026l[?2026h[?25l[A[1Gpulling manifest [K
pulling 2bada8a74506:  10% ▕█                 ▏ 481 MB/4.7 GB   10 MB/s   6m30s[K[?25h[?2026l[?2026h[?25l[A[1Gpulling manifest [K
pulling 2bada8a74506:  10% ▕█                 ▏ 482 MB/4.7 GB   10 MB/s   6m30s[K[?25h[?2026l[?2026h[?25l[A[1Gpulling manifest [K
pulling 2bada8a74506:  10% ▕█                 ▏ 482 MB/4.7 GB   10 MB/s   6m35s[K[?25h[?2026l[?2026h[?25l[A[1Gpulling manifest [K
pulling 2bada8a74506:  10% ▕█                 ▏ 484 MB/4.7 GB   10 MB/s   6m35s[K[?25h[?2026l[?2026h[?25l[A[1Gpulling manifest [K
pulling 2bada8a74506:  10% ▕█                 ▏ 485 MB/4.7 GB   10 MB/s   6m35s[K[?25h[?2026l[?2026h[?25l[A[1Gpulling manifest [K
pulling 2bada8a74506:  10% ▕█                 ▏ 486 MB/4.7 GB   10 MB/s   6m35s[K[?25h[?2026l[?2026h[?25l[A[1Gpulling manifest [K
pulling 2bada8a74506:  10% ▕█                 ▏ 487 MB/4.7 GB   10 MB/s   6m34s[K[?25h[?2026l[?2026h[?25l[A[1Gpulling manifest [K
pulling 2bada8a74506:  10% ▕█                 ▏ 489 MB/4.7 GB   10 MB/s   6m34s[K[?25h[?2026l[?2026h[?25l[A[1Gpulling manifest [K
pulling 2bada8a74506:  10% ▕█                 ▏ 489 MB/4.7 GB   10 MB/s   6m34s[K[?25h[?2026l[?2026h[?25l[A[1Gpulling manifest [K
pulling 2bada8a74506:  10% ▕█                 ▏ 491 MB/4.7 GB   10 MB/s   6m34s[K[?25h[?2026l[?2026h[?25l[A[1Gpulling manifest [K
pulling 2bada8a74506:  11% ▕█                 ▏ 492 MB/4.7 GB   10 MB/s   6m34s[K[?25h[?2026l[?2026h[?25l[A[1Gpulling manifest [K
pulling 2bada8a74506:  11% ▕█                 ▏ 493 MB/4.7 GB   10 MB/s   6m34s[K[?25h[?2026l[?2026h[?25l[A[1Gpulling manifest [K
pulling 2bada8a74506:  11% ▕█                 ▏ 494 MB/4.7 GB   10 MB/s   6m31s[K[?25h[?2026l[?2026h[?25l[A[1Gpulling manifest [K
pulling 2bada8a74506:  11% ▕█                 ▏ 495 MB/4.7 GB   10 MB/s   6m31s[K[?25h[?2026l[?2026h[?25l[A[1Gpulling manifest [K
pulling 2bada8a74506:  11% ▕█                 ▏ 496 MB/4.7 GB   10 MB/s   6m31s[K[?25h[?2026l[?2026h[?25l[A[1Gpulling manifest [K
pulling 2bada8a74506:  11% ▕█                 ▏ 497 MB/4.7 GB   10 MB/s   6m31s[K[?25h[?2026l[?2026h[?25l[A[1Gpulling manifest [K
pulling 2bada8a74506:  11% ▕█                 ▏ 499 MB/4.7 GB   10 MB/s   6m31s[K[?25h[?2026l[?2026h[?25l[A[1Gpulling manifest [K
pulling 2bada8a74506:  11% ▕█                 ▏ 499 MB/4.7 GB   10 MB/s   6m31s[K[?25h[?2026l[?2026h[?25l[A[1Gpulling manifest [K
pulling 2bada8a74506:  11% ▕█                 ▏ 501 MB/4.7 GB   10 MB/s   6m31s[K[?25h[?2026l[?2026h[?25l[A[1Gpulling manifest [K
pulling 2bada8a74506:  11% ▕█                 ▏ 502 MB/4.7 GB   10 MB/s   6m31s[K[?25h[?2026l[?2026h[?25l[A[1Gpulling manifest [K
pulling 2bada8a74506:  11% ▕█                 ▏ 503 MB/4.7 GB   10 MB/s   6m31s[K[?25h[?2026l[?2026h[?25l[A[1Gpulling manifest [K
pulling 2bada8a74506:  11% ▕█                 ▏ 504 MB/4.7 GB   10 MB/s   6m31s[K[?25h[?2026l[?2026h[?25l[A[1Gpulling manifest [K
pulling 2bada8a74506:  11% ▕█                 ▏ 505 MB/4.7 GB   10 MB/s   6m27s[K[?25h[?2026l[?2026h[?25l[A[1Gpulling manifest [K
pulling 2bada8a74506:  11% ▕█                 ▏ 506 MB/4.7 GB   10 MB/s   6m27s[K[?25h[?2026l[?2026h[?25l[A[1Gpulling manifest [K
pulling 2bada8a74506:  11% ▕█                 ▏ 507 MB/4.7 GB   10 MB/s   6m27s[K[?25h[?2026l[?2026h[?25l[A[1Gpulling manifest [K
pulling 2bada8a74506:  11% ▕█                 ▏ 508 MB/4.7 GB   10 MB/s   6m27s[K[?25h[?2026l[?2026h[?25l[A[1Gpulling manifest [K
pulling 2bada8a74506:  11% ▕█                 ▏ 509 MB/4.7 GB   10 MB/s   6m27s[K[?25h[?2026l[?2026h[?25l[A[1Gpulling manifest [K
pulling 2bada8a74506:  11% ▕█                 ▏ 511 MB/4.7 GB   10 MB/s   6m27s[K[?25h[?2026l[?2026h[?25l[A[1Gpulling manifest [K
pulling 2bada8a74506:  11% ▕█                 ▏ 512 MB/4.7 GB   10 MB/s   6m27s[K[?25h[?2026l[?2026h[?25l[A[1Gpulling manifest [K
pulling 2bada8a74506:  11% ▕█                 ▏ 513 MB/4.7 GB   10 MB/s   6m26s[K[?25h[?2026l[?2026h[?25l[A[1Gpulling manifest [K
pulling 2bada8a74506:  11% ▕█                 ▏ 514 MB/4.7 GB   10 MB/s   6m26s[K[?25h[?2026l[?2026h[?25l[A[1Gpulling manifest [K
pulling 2bada8a74506:  11% ▕█                 ▏ 515 MB/4.7 GB   10 MB/s   6m26s[K[?25h[?2026l[?2026h[?25l[A[1Gpulling manifest [K
pulling 2bada8a74506:  11% ▕█                 ▏ 516 MB/4.7 GB   10 MB/s   6m26s[K[?25h[?2026l[?2026h[?25l[A[1Gpulling manifest [K
pulling 2bada8a74506:  11% ▕█                 ▏ 517 MB/4.7 GB   10 MB/s   6m25s[K[?25h[?2026l[?2026h[?25l[A[1Gpulling manifest [K
pulling 2bada8a74506:  11% ▕█                 ▏ 518 MB/4.7 GB   10 MB/s   6m25s[K[?25h[?2026l[?2026h[?25l[A[1Gpulling manifest [K
pulling 2bada8a74506:  11% ▕█                 ▏ 519 MB/4.7 GB   10 MB/s   6m25s[K[?25h[?2026l[?2026h[?25l[A[1Gpulling manifest [K
pulling 2bada8a74506:  11% ▕██                ▏ 520 MB/4.7 GB   10 MB/s   6m25s[K[?25h[?2026l[?2026h[?25l[A[1Gpulling manifest [K
pulling 2bada8a74506:  11% ▕██                ▏ 522 MB/4.7 GB   10 MB/s   6m25s[K[?25h[?2026l[?2026h[?25l[A[1Gpulling manifest [K
pulling 2bada8a74506:  11% ▕██                ▏ 522 MB/4.7 GB   10 MB/s   6m25s[K[?25h[?2026l[?2026h[?25l[A[1Gpulling manifest [K
pulling 2bada8a74506:  11% ▕██                ▏ 524 MB/4.7 GB   10 MB/s   6m25s[K[?25h[?2026l[?2026h[?25l[A[1Gpulling manifest [K
pulling 2bada8a74506:  11% ▕██                ▏ 525 MB/4.7 GB   10 MB/s   6m25s[K[?25h[?2026l[?2026h[?25l[A[1Gpulling manifest [K
pulling 2bada8a74506:  11% ▕██                ▏ 526 MB/4.7 GB   10 MB/s   6m25s[K[?25h[?2026l[?2026h[?25l[A[1Gpulling manifest [K
pulling 2bada8a74506:  11% ▕██                ▏ 527 MB/4.7 GB   10 MB/s   6m24s[K[?25h[?2026l[?2026h[?25l[A[1Gpulling manifest [K
pulling 2bada8a74506:  11% ▕██                ▏ 528 MB/4.7 GB   10 MB/s   6m27s[K[?25h[?2026l[?2026h[?25l[A[1Gpulling manifest [K
pulling 2bada8a74506:  11% ▕██                ▏ 529 MB/4.7 GB   10 MB/s   6m26s[K[?25h[?2026l[?2026h[?25l[A[1Gpulling manifest [K
pulling 2bada8a74506:  11% ▕██                ▏ 530 MB/4.7 GB   10 MB/s   6m26s[K[?25h[?2026l[?2026h[?25l[A[1Gpulling manifest [K
pulling 2bada8a74506:  11% ▕██                ▏ 531 MB/4.7 GB   10 MB/s   6m26s[K[?25h[?2026l[?2026h[?25l[A[1Gpulling manifest [K
pulling 2bada8a74506:  11% ▕██                ▏ 531 MB/4.7 GB   10 MB/s   6m26s[K[?25h[?2026l[?2026h[?25l[A[1Gpulling manifest [K
pulling 2bada8a74506:  11% ▕██                ▏ 532 MB/4.7 GB   10 MB/s   6m26s[K[?25h[?2026l[?2026h[?25l[A[1Gpulling manifest [K
pulling 2bada8a74506:  11% ▕██                ▏ 533 MB/4.7 GB   10 MB/s   6m26s[K[?25h[?2026l[?2026h[?25l[A[1Gpulling manifest [K
pulling 2bada8a74506:  11% ▕██                ▏ 534 MB/4.7 GB   10 MB/s   6m26s[K[?25h[?2026l[?2026h[?25l[A[1Gpulling manifest [K
pulling 2bada8a74506:  11% ▕██                ▏ 535 MB/4.7 GB   10 MB/s   6m26s[K[?25h[?2026l[?2026h[?25l[A[1Gpulling manifest [K
pulling 2bada8a74506:  11% ▕██                ▏ 536 MB/4.7 GB   10 MB/s   6m26s[K[?25h[?2026l[?2026h[?25l[A[1Gpulling manifest [K
pulling 2bada8a74506:  11% ▕██                ▏ 537 MB/4.7 GB   10 MB/s   6m30s[K[?25h[?2026l[?2026h[?25l[A[1Gpulling manifest [K
pulling 2bada8a74506:  11% ▕██                ▏ 538 MB/4.7 GB   10 MB/s   6m30s[K[?25h[?2026l[?2026h[?25l[A[1Gpulling manifest [K
pulling 2bada8a74506:  12% ▕██                ▏ 539 MB/4.7 GB   10 MB/s   6m30s[K[?25h[?2026l[?2026h[?25l[A[1Gpulling manifest [K
pulling 2bada8a74506:  12% ▕██                ▏ 540 MB/4.7 GB   10 MB/s   6m30s[K[?25h[?2026l[?2026h[?25l[A[1Gpulling manifest [K
pulling 2bada8a74506:  12% ▕██                ▏ 541 MB/4.7 GB   10 MB/s   6m30s[K[?25h[?2026l[?2026h[?25l[A[1Gpulling manifest [K
pulling 2bada8a74506:  12% ▕██                ▏ 542 MB/4.7 GB   10 MB/s   6m30s[K[?25h[?2026l[?2026h[?25l[A[1Gpulling manifest [K
pulling 2bada8a74506:  12% ▕██                ▏ 542 MB/4.7 GB   10 MB/s   6m30s[K[?25h[?2026l[?2026h[?25l[A[1Gpulling manifest [K
pulling 2bada8a74506:  12% ▕██                ▏ 544 MB/4.7 GB   10 MB/s   6m30s[K[?25h[?2026l[?2026h[?25l[A[1Gpulling manifest [K
pulling 2bada8a74506:  12% ▕██                ▏ 545 MB/4.7 GB   10 MB/s   6m30s[K[?25h[?2026l[?2026h[?25l[A[1Gpulling manifest [K
pulling 2bada8a74506:  12% ▕██                ▏ 545 MB/4.7 GB   10 MB/s   6m30s[K[?25h[?2026l[?2026h[?25l[A[1Gpulling manifest [K
pulling 2bada8a74506:  12% ▕██                ▏ 547 MB/4.7 GB   10 MB/s   6m31s[K[?25h[?2026l[?2026h[?25l[A[1Gpulling manifest [K
pulling 2bada8a74506:  12% ▕██                ▏ 548 MB/4.7 GB   10 MB/s   6m31s[K[?25h[?2026l[?2026h[?25l[A[1Gpulling manifest [K
pulling 2bada8a74506:  12% ▕██                ▏ 548 MB/4.7 GB   10 MB/s   6m31s[K[?25h[?2026l[?2026h[?25l[A[1Gpulling manifest [K
pulling 2bada8a74506:  12% ▕██                ▏ 550 MB/4.7 GB   10 MB/s   6m31s[K[?25h[?2026l[?2026h[?25l[A[1Gpulling manifest [K
pulling 2bada8a74506:  12% ▕██                ▏ 551 MB/4.7 GB   10 MB/s   6m30s[K[?25h[?2026l[?2026h[?25l[A[1Gpulling manifest [K
pulling 2bada8a74506:  12% ▕██                ▏ 551 MB/4.7 GB   10 MB/s   6m30s[K[?25h[?2026l[?2026h[?25l[A[1Gpulling manifest [K
pulling 2bada8a74506:  12% ▕██                ▏ 552 MB/4.7 GB   10 MB/s   6m30s[K[?25h[?2026l[?2026h[?25l[A[1Gpulling manifest [K
pulling 2bada8a74506:  12% ▕██                ▏ 553 MB/4.7 GB   10 MB/s   6m30s[K[?25h[?2026l[?2026h[?25l[A[1Gpulling manifest [K
pulling 2bada8a74506:  12% ▕██                ▏ 554 MB/4.7 GB   10 MB/s   6m30s[K[?25h[?2026l[?2026h[?25l[A[1Gpulling manifest [K
pulling 2bada8a74506:  12% ▕██                ▏ 555 MB/4.7 GB   10 MB/s   6m30s[K[?25h[?2026l[?2026h[?25l[A[1Gpulling manifest [K
pulling 2bada8a74506:  12% ▕██                ▏ 556 MB/4.7 GB   10 MB/s   6m34s[K[?25h[?2026l[?2026h[?25l[A[1Gpulling manifest [K
pulling 2bada8a74506:  12% ▕██                ▏ 557 MB/4.7 GB   10 MB/s   6m34s[K[?25h[?2026l[?2026h[?25l[A[1Gpulling manifest [K
pulling 2bada8a74506:  12% ▕██                ▏ 558 MB/4.7 GB   10 MB/s   6m34s[K[?25h[?2026l[?2026h[?25l[A[1Gpulling manifest [K
pulling 2bada8a74506:  12% ▕██                ▏ 559 MB/4.7 GB   10 MB/s   6m33s[K[?25h[?2026l[?2026h[?25l[A[1Gpulling manifest [K
pulling 2bada8a74506:  12% ▕██                ▏ 560 MB/4.7 GB   10 MB/s   6m33s[K[?25h[?2026l[?2026h[?25l[A[1Gpulling manifest [K
pulling 2bada8a74506:  12% ▕██                ▏ 561 MB/4.7 GB   10 MB/s   6m33s[K[?25h[?2026l[?2026h[?25l[A[1Gpulling manifest [K
pulling 2bada8a74506:  12% ▕██                ▏ 562 MB/4.7 GB   10 MB/s   6m33s[K[?25h[?2026l[?2026h[?25l[A[1Gpulling manifest [K
pulling 2bada8a74506:  12% ▕██                ▏ 562 MB/4.7 GB   10 MB/s   6m33s[K[?25h[?2026l[?2026h[?25l[A[1Gpulling manifest [K
pulling 2bada8a74506:  12% ▕██                ▏ 564 MB/4.7 GB   10 MB/s   6m33s[K[?25h[?2026l[?2026h[?25l[A[1Gpulling manifest [K
pulling 2bada8a74506:  12% ▕██                ▏ 565 MB/4.7 GB   10 MB/s   6m33s[K[?25h[?2026l[?2026h[?25l[A[1Gpulling manifest [K
pulling 2bada8a74506:  12% ▕██                ▏ 565 MB/4.7 GB   10 MB/s   6m33s[K[?25h[?2026l[?2026h[?25l[A[1Gpulling manifest [K
pulling 2bada8a74506:  12% ▕██                ▏ 567 MB/4.7 GB   10 MB/s   6m34s[K[?25h[?2026l[?2026h[?25l[A[1Gpulling manifest [K
pulling 2bada8a74506:  12% ▕██                ▏ 568 MB/4.7 GB   10 MB/s   6m34s[K[?25h[?2026l[?2026h[?25l[A[1Gpulling manifest [K
pulling 2bada8a74506:  12% ▕██                ▏ 568 MB/4.7 GB   10 MB/s   6m34s[K[?25h[?2026l[?2026h[?25l[A[1Gpulling manifest [K
pulling 2bada8a74506:  12% ▕██                ▏ 570 MB/4.7 GB   10 MB/s   6m34s[K[?25h[?2026l[?2026h[?25l[A[1Gpulling manifest [K
pulling 2bada8a74506:  12% ▕██                ▏ 571 MB/4.7 GB   10 MB/s   6m33s[K[?25h[?2026l[?2026h[?25l[A[1Gpulling manifest [K
pulling 2bada8a74506:  12% ▕██                ▏ 571 MB/4.7 GB   10 MB/s   6m33s[K[?25h[?2026l[?2026h[?25l[A[1Gpulling manifest [K
pulling 2bada8a74506:  12% ▕██                ▏ 573 MB/4.7 GB   10 MB/s   6m33s[K[?25h[?2026l[?2026h[?25l[A[1Gpulling manifest [K
pulling 2bada8a74506:  12% ▕██                ▏ 574 MB/4.7 GB   10 MB/s   6m33s[K[?25h[?2026l[?2026h[?25l[A[1Gpulling manifest [K
pulling 2bada8a74506:  12% ▕██                ▏ 574 MB/4.7 GB   10 MB/s   6m33s[K[?25h[?2026l[?2026h[?25l[A[1Gpulling manifest [K
pulling 2bada8a74506:  12% ▕██                ▏ 576 MB/4.7 GB   10 MB/s   6m33s[K[?25h[?2026l[?2026h[?25l[A[1Gpulling manifest [K
pulling 2bada8a74506:  12% ▕██                ▏ 577 MB/4.7 GB   10 MB/s   6m34s[K[?25h[?2026l[?2026h[?25l[A[1Gpulling manifest [K
pulling 2bada8a74506:  12% ▕██                ▏ 577 MB/4.7 GB   10 MB/s   6m34s[K[?25h[?2026l[?2026h[?25l[A[1Gpulling manifest [K
pulling 2bada8a74506:  12% ▕██                ▏ 579 MB/4.7 GB   10 MB/s   6m34s[K[?25h[?2026l[?2026h[?25l[A[1Gpulling manifest [K
pulling 2bada8a74506:  12% ▕██                ▏ 580 MB/4.7 GB   10 MB/s   6m33s[K[?25h[?2026l[?2026h[?25l[A[1Gpulling manifest [K
pulling 2bada8a74506:  12% ▕██                ▏ 580 MB/4.7 GB   10 MB/s   6m33s[K[?25h[?2026l[?2026h[?25l[A[1Gpulling manifest [K
pulling 2bada8a74506:  12% ▕██                ▏ 582 MB/4.7 GB   10 MB/s   6m33s[K[?25h[?2026l[?2026h[?25l[A[1Gpulling manifest [K
pulling 2bada8a74506:  12% ▕██                ▏ 583 MB/4.7 GB   10 MB/s   6m33s[K[?25h[?2026l[?2026h[?25l[A[1Gpulling manifest [K
pulling 2bada8a74506:  12% ▕██                ▏ 583 MB/4.7 GB   10 MB/s   6m33s[K[?25h[?2026l[?2026h[?25l[A[1Gpulling manifest [K
pulling 2bada8a74506:  12% ▕██                ▏ 585 MB/4.7 GB   10 MB/s   6m33s[K[?25h[?2026l[?2026h[?25l[A[1Gpulling manifest [K
pulling 2bada8a74506:  13% ▕██                ▏ 586 MB/4.7 GB   10 MB/s   6m33s[K[?25h[?2026l[?2026h[?25l[A[1Gpulling manifest [K
pulling 2bada8a74506:  13% ▕██                ▏ 586 MB/4.7 GB   10 MB/s   6m38s[K[?25h[?2026l[?2026h[?25l[A[1Gpulling manifest [K
pulling 2bada8a74506:  13% ▕██                ▏ 588 MB/4.7 GB   10 MB/s   6m38s[K[?25h[?2026l[?2026h[?25l[A[1Gpulling manifest [K
pulling 2bada8a74506:  13% ▕██                ▏ 589 MB/4.7 GB   10 MB/s   6m38s[K[?25h[?2026l[?2026h[?25l[A[1Gpulling manifest [K
pulling 2bada8a74506:  13% ▕██                ▏ 589 MB/4.7 GB   10 MB/s   6m38s[K[?25h[?2026l[?2026h[?25l[A[1Gpulling manifest [K
pulling 2bada8a74506:  13% ▕██                ▏ 591 MB/4.7 GB   10 MB/s   6m38s[K[?25h[?2026l[?2026h[?25l[A[1Gpulling manifest [K
pulling 2bada8a74506:  13% ▕██                ▏ 592 MB/4.7 GB   10 MB/s   6m38s[K[?25h[?2026l[?2026h[?25l[A[1Gpulling manifest [K
pulling 2bada8a74506:  13% ▕██                ▏ 592 MB/4.7 GB   10 MB/s   6m38s[K[?25h[?2026l[?2026h[?25l[A[1Gpulling manifest [K
pulling 2bada8a74506:  13% ▕██                ▏ 594 MB/4.7 GB   10 MB/s   6m38s[K[?25h[?2026l[?2026h[?25l[A[1Gpulling manifest [K
pulling 2bada8a74506:  13% ▕██                ▏ 595 MB/4.7 GB   10 MB/s   6m38s[K[?25h[?2026l[?2026h[?25l[A[1Gpulling manifest [K
pulling 2bada8a74506:  13% ▕██                ▏ 595 MB/4.7 GB   10 MB/s   6m38s[K[?25h[?2026l[?2026h[?25l[A[1Gpulling manifest [K
pulling 2bada8a74506:  13% ▕██                ▏ 596 MB/4.7 GB   10 MB/s   6m43s[K[?25h[?2026l[?2026h[?25l[A[1Gpulling manifest [K
pulling 2bada8a74506:  13% ▕██                ▏ 598 MB/4.7 GB   10 MB/s   6m43s[K[?25h[?2026l[?2026h[?25l[A[1Gpulling manifest [K
pulling 2bada8a74506:  13% ▕██                ▏ 598 MB/4.7 GB   10 MB/s   6m43s[K[?25h[?2026l[?2026h[?25l[A[1Gpulling manifest [K
pulling 2bada8a74506:  13% ▕██                ▏ 599 MB/4.7 GB   10 MB/s   6m42s[K[?25h[?2026l[?2026h[?25l[A[1Gpulling manifest [K
pulling 2bada8a74506:  13% ▕██                ▏ 600 MB/4.7 GB   10 MB/s   6m42s[K[?25h[?2026l[?2026h[?25l[A[1Gpulling manifest [K
pulling 2bada8a74506:  13% ▕██                ▏ 601 MB/4.7 GB   10 MB/s   6m42s[K[?25h[?2026l[?2026h[?25l[A[1Gpulling manifest [K
pulling 2bada8a74506:  13% ▕██                ▏ 602 MB/4.7 GB   10 MB/s   6m42s[K[?25h[?2026l[?2026h[?25l[A[1Gpulling manifest [K
pulling 2bada8a74506:  13% ▕██                ▏ 603 MB/4.7 GB   10 MB/s   6m42s[K[?25h[?2026l[?2026h[?25l[A[1Gpulling manifest [K
pulling 2bada8a74506:  13% ▕██                ▏ 604 MB/4.7 GB   10 MB/s   6m42s[K[?25h[?2026l[?2026h[?25l[A[1Gpulling manifest [K
pulling 2bada8a74506:  13% ▕██                ▏ 605 MB/4.7 GB   10 MB/s   6m42s[K[?25h[?2026l[?2026h[?25l[A[1Gpulling manifest [K
pulling 2bada8a74506:  13% ▕██                ▏ 607 MB/4.7 GB   10 MB/s   6m46s[K[?25h[?2026l[?2026h[?25l[A[1Gpulling manifest [K
pulling 2bada8a74506:  13% ▕██                ▏ 607 MB/4.7 GB   10 MB/s   6m46s[K[?25h[?2026l[?2026h[?25l[A[1Gpulling manifest [K
pulling 2bada8a74506:  13% ▕██                ▏ 608 MB/4.7 GB   10 MB/s   6m46s[K[?25h[?2026l[?2026h[?25l[A[1Gpulling manifest [K
pulling 2bada8a74506:  13% ▕██                ▏ 609 MB/4.7 GB   10 MB/s   6m46s[K[?25h[?2026l[?2026h[?25l[A[1Gpulling manifest [K
pulling 2bada8a74506:  13% ▕██                ▏ 610 MB/4.7 GB   10 MB/s   6m46s[K[?25h[?2026l[?2026h[?25l[A[1Gpulling manifest [K
pulling 2bada8a74506:  13% ▕██                ▏ 611 MB/4.7 GB   10 MB/s   6m46s[K[?25h[?2026l[?2026h[?25l[A[1Gpulling manifest [K
pulling 2bada8a74506:  13% ▕██                ▏ 613 MB/4.7 GB   10 MB/s   6m46s[K[?25h[?2026l[?2026h[?25l[A[1Gpulling manifest [K
pulling 2bada8a74506:  13% ▕██                ▏ 613 MB/4.7 GB   10 MB/s   6m46s[K[?25h[?2026l[?2026h[?25l[A[1Gpulling manifest [K
pulling 2bada8a74506:  13% ▕██                ▏ 614 MB/4.7 GB   10 MB/s   6m46s[K[?25h[?2026l[?2026h[?25l[A[1Gpulling manifest [K
pulling 2bada8a74506:  13% ▕██                ▏ 616 MB/4.7 GB   10 MB/s   6m46s[K[?25h[?2026l[?2026h[?25l[A[1Gpulling manifest [K
pulling 2bada8a74506:  13% ▕██                ▏ 616 MB/4.7 GB   10 MB/s   6m45s[K[?25h[?2026l[?2026h[?25l[A[1Gpulling manifest [K
pulling 2bada8a74506:  13% ▕██                ▏ 617 MB/4.7 GB  9.9 MB/s   6m49s[K[?25h[?2026l[?2026h[?25l[A[1Gpulling manifest [K
pulling 2bada8a74506:  13% ▕██                ▏ 619 MB/4.7 GB  9.9 MB/s   6m49s[K[?25h[?2026l[?2026h[?25l[A[1Gpulling manifest [K
pulling 2bada8a74506:  13% ▕██                ▏ 619 MB/4.7 GB  9.9 MB/s   6m49s[K[?25h[?2026l[?2026h[?25l[A[1Gpulling manifest [K
pulling 2bada8a74506:  13% ▕██                ▏ 620 MB/4.7 GB  9.9 MB/s   6m49s[K[?25h[?2026l[?2026h[?25l[A[1Gpulling manifest [K
pulling 2bada8a74506:  13% ▕██                ▏ 622 MB/4.7 GB  9.9 MB/s   6m49s[K[?25h[?2026l[?2026h[?25l[A[1Gpulling manifest [K
pulling 2bada8a74506:  13% ▕██                ▏ 622 MB/4.7 GB  9.9 MB/s   6m48s[K[?25h[?2026l[?2026h[?25l[A[1Gpulling manifest [K
pulling 2bada8a74506:  13% ▕██                ▏ 624 MB/4.7 GB  9.9 MB/s   6m48s[K[?25h[?2026l[?2026h[?25l[A[1Gpulling manifest [K
pulling 2bada8a74506:  13% ▕██                ▏ 625 MB/4.7 GB  9.9 MB/s   6m48s[K[?25h[?2026l[?2026h[?25l[A[1Gpulling manifest [K
pulling 2bada8a74506:  13% ▕██                ▏ 625 MB/4.7 GB  9.9 MB/s   6m48s[K[?25h[?2026l[?2026h[?25l[A[1Gpulling manifest [K
pulling 2bada8a74506:  13% ▕██                ▏ 627 MB/4.7 GB  9.9 MB/s   6m48s[K[?25h[?2026l[?2026h[?25l[A[1Gpulling manifest [K
pulling 2bada8a74506:  13% ▕██                ▏ 628 MB/4.7 GB   10 MB/s   6m43s[K[?25h[?2026l[?2026h[?25l[A[1Gpulling manifest [K
pulling 2bada8a74506:  13% ▕██                ▏ 629 MB/4.7 GB   10 MB/s   6m43s[K[?25h[?2026l[?2026h[?25l[A[1Gpulling manifest [K
pulling 2bada8a74506:  13% ▕██                ▏ 630 MB/4.7 GB   10 MB/s   6m43s[K[?25h[?2026l[?2026h[?25l[A[1Gpulling manifest [K
pulling 2bada8a74506:  13% ▕██                ▏ 631 MB/4.7 GB   10 MB/s   6m43s[K[?25h[?2026l[?2026h[?25l[A[1Gpulling manifest [K
pulling 2bada8a74506:  14% ▕██                ▏ 632 MB/4.7 GB   10 MB/s   6m43s[K[?25h[?2026l[?2026h[?25l[A[1Gpulling manifest [K
pulling 2bada8a74506:  14% ▕██                ▏ 634 MB/4.7 GB   10 MB/s   6m43s[K[?25h[?2026l[?2026h[?25l[A[1Gpulling manifest [K
pulling 2bada8a74506:  14% ▕██                ▏ 635 MB/4.7 GB   10 MB/s   6m43s[K[?25h[?2026l[?2026h[?25l[A[1Gpulling manifest [K
pulling 2bada8a74506:  14% ▕██                ▏ 636 MB/4.7 GB   10 MB/s   6m43s[K[?25h[?2026l[?2026h[?25l[A[1Gpulling manifest [K
pulling 2bada8a74506:  14% ▕██                ▏ 637 MB/4.7 GB   10 MB/s   6m42s[K[?25h[?2026l[?2026h[?25l[A[1Gpulling manifest [K
pulling 2bada8a74506:  14% ▕██                ▏ 638 MB/4.7 GB   10 MB/s   6m42s[K[?25h[?2026l[?2026h[?25l[A[1Gpulling manifest [K
pulling 2bada8a74506:  14% ▕██                ▏ 639 MB/4.7 GB   10 MB/s   6m32s[K[?25h[?2026l[?2026h[?25l[A[1Gpulling manifest [K
pulling 2bada8a74506:  14% ▕██                ▏ 641 MB/4.7 GB   10 MB/s   6m32s[K[?25h[?2026l[?2026h[?25l[A[1Gpulling manifest [K
pulling 2bada8a74506:  14% ▕██                ▏ 642 MB/4.7 GB   10 MB/s   6m32s[K[?25h[?2026l[?2026h[?25l[A[1Gpulling manifest [K
pulling 2bada8a74506:  14% ▕██                ▏ 643 MB/4.7 GB   10 MB/s   6m32s[K[?25h[?2026l[?2026h[?25l[A[1Gpulling manifest [K
pulling 2bada8a74506:  14% ▕██                ▏ 644 MB/4.7 GB   10 MB/s   6m32s[K[?25h[?2026l[?2026h[?25l[A[1Gpulling manifest [K
pulling 2bada8a74506:  14% ▕██                ▏ 645 MB/4.7 GB   10 MB/s   6m32s[K[?25h[?2026l[?2026h[?25l[A[1Gpulling manifest [K
pulling 2bada8a74506:  14% ▕██                ▏ 646 MB/4.7 GB   10 MB/s   6m32s[K[?25h[?2026l[?2026h[?25l[A[1Gpulling manifest [K
pulling 2bada8a74506:  14% ▕██                ▏ 647 MB/4.7 GB   10 MB/s   6m32s[K[?25h[?2026l[?2026h[?25l[A[1Gpulling manifest [K
pulling 2bada8a74506:  14% ▕██                ▏ 648 MB/4.7 GB   10 MB/s   6m31s[K[?25h[?2026l[?2026h[?25l[A[1Gpulling manifest [K
pulling 2bada8a74506:  14% ▕██                ▏ 649 MB/4.7 GB   10 MB/s   6m31s[K[?25h[?2026l[?2026h[?25l[A[1Gpulling manifest [K
pulling 2bada8a74506:  14% ▕██                ▏ 650 MB/4.7 GB   10 MB/s   6m25s[K[?25h[?2026l[?2026h[?25l[A[1Gpulling manifest [K
pulling 2bada8a74506:  14% ▕██                ▏ 652 MB/4.7 GB   10 MB/s   6m25s[K[?25h[?2026l[?2026h[?25l[A[1Gpulling manifest [K
pulling 2bada8a74506:  14% ▕██                ▏ 653 MB/4.7 GB   10 MB/s   6m25s[K[?25h[?2026l[?2026h[?25l[A[1Gpulling manifest [K
pulling 2bada8a74506:  14% ▕██                ▏ 654 MB/4.7 GB   10 MB/s   6m25s[K[?25h[?2026l[?2026h[?25l[A[1Gpulling manifest [K
pulling 2bada8a74506:  14% ▕██                ▏ 655 MB/4.7 GB   10 MB/s   6m25s[K[?25h[?2026l[?2026h[?25l[A[1Gpulling manifest [K
pulling 2bada8a74506:  14% ▕██                ▏ 656 MB/4.7 GB   10 MB/s   6m25s[K[?25h[?2026l[?2026h[?25l[A[1Gpulling manifest [K
pulling 2bada8a74506:  14% ▕██                ▏ 657 MB/4.7 GB   10 MB/s   6m25s[K[?25h[?2026l[?2026h[?25l[A[1Gpulling manifest [K
pulling 2bada8a74506:  14% ▕██                ▏ 658 MB/4.7 GB   10 MB/s   6m25s[K[?25h[?2026l[?2026h[?25l[A[1Gpulling manifest [K
pulling 2bada8a74506:  14% ▕██                ▏ 659 MB/4.7 GB   10 MB/s   6m25s[K[?25h[?2026l[?2026h[?25l[A[1Gpulling manifest [K
pulling 2bada8a74506:  14% ▕██                ▏ 660 MB/4.7 GB   10 MB/s   6m24s[K[?25h[?2026l[?2026h[?25l[A[1Gpulling manifest [K
pulling 2bada8a74506:  14% ▕██                ▏ 661 MB/4.7 GB   10 MB/s   6m21s[K[?25h[?2026l[?2026h[?25l[A[1Gpulling manifest [K
pulling 2bada8a74506:  14% ▕██                ▏ 662 MB/4.7 GB   10 MB/s   6m21s[K[?25h[?2026l[?2026h[?25l[A[1Gpulling manifest [K
pulling 2bada8a74506:  14% ▕██                ▏ 663 MB/4.7 GB   10 MB/s   6m21s[K[?25h[?2026l[?2026h[?25l[A[1Gpulling manifest [K
pulling 2bada8a74506:  14% ▕██                ▏ 664 MB/4.7 GB   10 MB/s   6m21s[K[?25h[?2026l[?2026h[?25l[A[1Gpulling manifest [K
pulling 2bada8a74506:  14% ▕██                ▏ 665 MB/4.7 GB   10 MB/s   6m21s[K[?25h[?2026l[?2026h[?25l[A[1Gpulling manifest [K
pulling 2bada8a74506:  14% ▕██                ▏ 666 MB/4.7 GB   10 MB/s   6m20s[K[?25h[?2026l[?2026h[?25l[A[1Gpulling manifest [K
pulling 2bada8a74506:  14% ▕██                ▏ 667 MB/4.7 GB   10 MB/s   6m20s[K[?25h[?2026l[?2026h[?25l[A[1Gpulling manifest [K
pulling 2bada8a74506:  14% ▕██                ▏ 668 MB/4.7 GB   10 MB/s   6m20s[K[?25h[?2026l[?2026h[?25l[A[1Gpulling manifest [K
pulling 2bada8a74506:  14% ▕██                ▏ 669 MB/4.7 GB   10 MB/s   6m20s[K[?25h[?2026l[?2026h[?25l[A[1Gpulling manifest [K
pulling 2bada8a74506:  14% ▕██                ▏ 671 MB/4.7 GB   10 MB/s   6m20s[K[?25h[?2026l[?2026h[?25l[A[1Gpulling manifest [K
pulling 2bada8a74506:  14% ▕██                ▏ 671 MB/4.7 GB   10 MB/s   6m20s[K[?25h[?2026l[?2026h[?25l[A[1Gpulling manifest [K
pulling 2bada8a74506:  14% ▕██                ▏ 672 MB/4.7 GB   10 MB/s   6m17s[K[?25h[?2026l[?2026h[?25l[A[1Gpulling manifest [K
pulling 2bada8a74506:  14% ▕██                ▏ 674 MB/4.7 GB   10 MB/s   6m17s[K[?25h[?2026l[?2026h[?25l[A[1Gpulling manifest [K
pulling 2bada8a74506:  14% ▕██                ▏ 675 MB/4.7 GB   10 MB/s   6m16s[K[?25h[?2026l[?2026h[?25l[A[1Gpulling manifest [K
pulling 2bada8a74506:  14% ▕██                ▏ 676 MB/4.7 GB   10 MB/s   6m16s[K[?25h[?2026l[?2026h[?25l[A[1Gpulling manifest [K
pulling 2bada8a74506:  14% ▕██                ▏ 677 MB/4.7 GB   10 MB/s   6m16s[K[?25h[?2026l[?2026h[?25l[A[1Gpulling manifest [K
pulling 2bada8a74506:  14% ▕██                ▏ 678 MB/4.7 GB   10 MB/s   6m16s[K[?25h[?2026l[?2026h[?25l[A[1Gpulling manifest [K
pulling 2bada8a74506:  15% ▕██                ▏ 679 MB/4.7 GB   10 MB/s   6m16s[K[?25h[?2026l[?2026h[?25l[A[1Gpulling manifest [K
pulling 2bada8a74506:  15% ▕██                ▏ 680 MB/4.7 GB   10 MB/s   6m16s[K[?25h[?2026l[?2026h[?25l[A[1Gpulling manifest [K
pulling 2bada8a74506:  15% ▕██                ▏ 681 MB/4.7 GB   10 MB/s   6m16s[K[?25h[?2026l[?2026h[?25l[A[1Gpulling manifest [K
pulling 2bada8a74506:  15% ▕██                ▏ 682 MB/4.7 GB   10 MB/s   6m16s[K[?25h[?2026l[?2026h[?25l[A[1Gpulling manifest [K
pulling 2bada8a74506:  15% ▕██                ▏ 683 MB/4.7 GB   10 MB/s   6m12s[K[?25h[?2026l[?2026h[?25l[A[1Gpulling manifest [K
pulling 2bada8a74506:  15% ▕██                ▏ 684 MB/4.7 GB   10 MB/s   6m12s[K[?25h[?2026l[?2026h[?25l[A[1Gpulling manifest [K
pulling 2bada8a74506:  15% ▕██                ▏ 686 MB/4.7 GB   10 MB/s   6m12s[K[?25h[?2026l[?2026h[?25l[A[1Gpulling manifest [K
pulling 2bada8a74506:  15% ▕██                ▏ 687 MB/4.7 GB   10 MB/s   6m12s[K[?25h[?2026l[?2026h[?25l[A[1Gpulling manifest [K
pulling 2bada8a74506:  15% ▕██                ▏ 687 MB/4.7 GB   10 MB/s   6m12s[K[?25h[?2026l[?2026h[?25l[A[1Gpulling manifest [K
pulling 2bada8a74506:  15% ▕██                ▏ 689 MB/4.7 GB   10 MB/s   6m12s[K[?25h[?2026l[?2026h[?25l[A[1Gpulling manifest [K
pulling 2bada8a74506:  15% ▕██                ▏ 690 MB/4.7 GB   10 MB/s   6m12s[K[?25h[?2026l[?2026h[?25l[A[1Gpulling manifest [K
pulling 2bada8a74506:  15% ▕██                ▏ 691 MB/4.7 GB   10 MB/s   6m12s[K[?25h[?2026l[?2026h[?25l[A[1Gpulling manifest [K
pulling 2bada8a74506:  15% ▕██                ▏ 692 MB/4.7 GB   10 MB/s   6m12s[K[?25h[?2026l[?2026h[?25l[A[1Gpulling manifest [K
pulling 2bada8a74506:  15% ▕██                ▏ 693 MB/4.7 GB   10 MB/s   6m12s[K[?25h[?2026l[?2026h[?25l[A[1Gpulling manifest [K
pulling 2bada8a74506:  15% ▕██                ▏ 694 MB/4.7 GB   10 MB/s    6m9s[K[?25h[?2026l[?2026h[?25l[A[1Gpulling manifest [K
pulling 2bada8a74506:  15% ▕██                ▏ 695 MB/4.7 GB   10 MB/s    6m8s[K[?25h[?2026l[?2026h[?25l[A[1Gpulling manifest [K
pulling 2bada8a74506:  15% ▕██                ▏ 696 MB/4.7 GB   10 MB/s    6m8s[K[?25h[?2026l[?2026h[?25l[A[1Gpulling manifest [K
pulling 2bada8a74506:  15% ▕██                ▏ 697 MB/4.7 GB   10 MB/s    6m8s[K[?25h[?2026l[?2026h[?25l[A[1Gpulling manifest [K
pulling 2bada8a74506:  15% ▕██                ▏ 698 MB/4.7 GB   10 MB/s    6m8s[K[?25h[?2026l[?2026h[?25l[A[1Gpulling manifest [K
pulling 2bada8a74506:  15% ▕██                ▏ 699 MB/4.7 GB   10 MB/s    6m8s[K[?25h[?2026l[?2026h[?25l[A[1Gpulling manifest [K
pulling 2bada8a74506:  15% ▕██                ▏ 700 MB/4.7 GB   10 MB/s    6m8s[K[?25h[?2026l[?2026h[?25l[A[1Gpulling manifest [K
pulling 2bada8a74506:  15% ▕██                ▏ 701 MB/4.7 GB   10 MB/s    6m8s[K[?25h[?2026l[?2026h[?25l[A[1Gpulling manifest [K
pulling 2bada8a74506:  15% ▕██                ▏ 702 MB/4.7 GB   10 MB/s    6m8s[K[?25h[?2026l[?2026h[?25l[A[1Gpulling manifest [K
pulling 2bada8a74506:  15% ▕██                ▏ 703 MB/4.7 GB   10 MB/s    6m8s[K[?25h[?2026l[?2026h[?25l[A[1Gpulling manifest [K
pulling 2bada8a74506:  15% ▕██                ▏ 704 MB/4.7 GB   10 MB/s    6m7s[K[?25h[?2026l[?2026h[?25l[A[1Gpulling manifest [K
pulling 2bada8a74506:  15% ▕██                ▏ 705 MB/4.7 GB   10 MB/s    6m7s[K[?25h[?2026l[?2026h[?25l[A[1Gpulling manifest [K
pulling 2bada8a74506:  15% ▕██                ▏ 706 MB/4.7 GB   10 MB/s    6m7s[K[?25h[?2026l[?2026h[?25l[A[1Gpulling manifest [K
pulling 2bada8a74506:  15% ▕██                ▏ 707 MB/4.7 GB   10 MB/s    6m6s[K[?25h[?2026l[?2026h[?25l[A[1Gpulling manifest [K
pulling 2bada8a74506:  15% ▕██                ▏ 708 MB/4.7 GB   10 MB/s    6m6s[K[?25h[?2026l[?2026h[?25l[A[1Gpulling manifest [K
pulling 2bada8a74506:  15% ▕██                ▏ 709 MB/4.7 GB   10 MB/s    6m6s[K[?25h[?2026l[?2026h[?25l[A[1Gpulling manifest [K
pulling 2bada8a74506:  15% ▕██                ▏ 710 MB/4.7 GB   10 MB/s    6m6s[K[?25h[?2026l[?2026h[?25l[A[1Gpulling manifest [K
pulling 2bada8a74506:  15% ▕██                ▏ 711 MB/4.7 GB   10 MB/s    6m6s[K[?25h[?2026l[?2026h[?25l[A[1Gpulling manifest [K
pulling 2bada8a74506:  15% ▕██                ▏ 712 MB/4.7 GB   10 MB/s    6m6s[K[?25h[?2026l[?2026h[?25l[A[1Gpulling manifest [K
pulling 2bada8a74506:  15% ▕██                ▏ 713 MB/4.7 GB   10 MB/s    6m6s[K[?25h[?2026l[?2026h[?25l[A[1Gpulling manifest [K
pulling 2bada8a74506:  15% ▕██                ▏ 715 MB/4.7 GB   10 MB/s    6m4s[K[?25h[?2026l[?2026h[?25l[A[1Gpulling manifest [K
pulling 2bada8a74506:  15% ▕██                ▏ 715 MB/4.7 GB   10 MB/s    6m4s[K[?25h[?2026l[?2026h[?25l[A[1Gpulling manifest [K
pulling 2bada8a74506:  15% ▕██                ▏ 717 MB/4.7 GB   10 MB/s    6m4s[K[?25h[?2026l[?2026h[?25l[A[1Gpulling manifest [K
pulling 2bada8a74506:  15% ▕██                ▏ 718 MB/4.7 GB   10 MB/s    6m4s[K[?25h[?2026l[?2026h[?25l[A[1Gpulling manifest [K
pulling 2bada8a74506:  15% ▕██                ▏ 718 MB/4.7 GB   10 MB/s    6m4s[K[?25h[?2026l[?2026h[?25l[A[1Gpulling manifest [K
pulling 2bada8a74506:  15% ▕██                ▏ 720 MB/4.7 GB   10 MB/s    6m4s[K[?25h[?2026l[?2026h[?25l[A[1Gpulling manifest [K
pulling 2bada8a74506:  15% ▕██                ▏ 721 MB/4.7 GB   10 MB/s    6m4s[K[?25h[?2026l[?2026h[?25l[A[1Gpulling manifest [K
pulling 2bada8a74506:  15% ▕██                ▏ 722 MB/4.7 GB   10 MB/s    6m3s[K[?25h[?2026l[?2026h[?25l[A[1Gpulling manifest [K
pulling 2bada8a74506:  15% ▕██                ▏ 723 MB/4.7 GB   10 MB/s    6m3s[K[?25h[?2026l[?2026h[?25l[A[1Gpulling manifest [K
pulling 2bada8a74506:  15% ▕██                ▏ 724 MB/4.7 GB   10 MB/s    6m3s[K[?25h[?2026l[?2026h[?25l[A[1Gpulling manifest [K
pulling 2bada8a74506:  15% ▕██                ▏ 725 MB/4.7 GB   10 MB/s    6m3s[K[?25h[?2026l[?2026h[?25l[A[1Gpulling manifest [K
pulling 2bada8a74506:  16% ▕██                ▏ 726 MB/4.7 GB   10 MB/s    6m3s[K[?25h[?2026l[?2026h[?25l[A[1Gpulling manifest [K
pulling 2bada8a74506:  16% ▕██                ▏ 727 MB/4.7 GB   10 MB/s    6m3s[K[?25h[?2026l[?2026h[?25l[A[1Gpulling manifest [K
pulling 2bada8a74506:  16% ▕██                ▏ 728 MB/4.7 GB   10 MB/s    6m3s[K[?25h[?2026l[?2026h[?25l[A[1Gpulling manifest [K
pulling 2bada8a74506:  16% ▕██                ▏ 729 MB/4.7 GB   10 MB/s    6m3s[K[?25h[?2026l[?2026h[?25l[A[1Gpulling manifest [K
pulling 2bada8a74506:  16% ▕██                ▏ 730 MB/4.7 GB   10 MB/s    6m2s[K[?25h[?2026l[?2026h[?25l[A[1Gpulling manifest [K
pulling 2bada8a74506:  16% ▕██                ▏ 730 MB/4.7 GB   10 MB/s    6m2s[K[?25h[?2026l[?2026h[?25l[A[1Gpulling manifest [K
pulling 2bada8a74506:  16% ▕██                ▏ 731 MB/4.7 GB   10 MB/s    6m2s[K[?25h[?2026l[?2026h[?25l[A[1Gpulling manifest [K
pulling 2bada8a74506:  16% ▕██                ▏ 733 MB/4.7 GB   10 MB/s    6m2s[K[?25h[?2026l[?2026h[?25l[A[1Gpulling manifest [K
pulling 2bada8a74506:  16% ▕██                ▏ 733 MB/4.7 GB   10 MB/s    6m2s[K[?25h[?2026l[?2026h[?25l[A[1Gpulling manifest [K
pulling 2bada8a74506:  16% ▕██                ▏ 734 MB/4.7 GB   10 MB/s    6m2s[K[?25h[?2026l[?2026h[?25l[A[1Gpulling manifest [K
pulling 2bada8a74506:  16% ▕██                ▏ 735 MB/4.7 GB   10 MB/s   6m10s[K[?25h[?2026l[?2026h[?25l[A[1Gpulling manifest [K
pulling 2bada8a74506:  16% ▕██                ▏ 736 MB/4.7 GB   10 MB/s   6m10s[K[?25h[?2026l[?2026h[?25l[A[1Gpulling manifest [K
pulling 2bada8a74506:  16% ▕██                ▏ 737 MB/4.7 GB   10 MB/s   6m10s[K[?25h[?2026l[?2026h[?25l[A[1Gpulling manifest [K
pulling 2bada8a74506:  16% ▕██                ▏ 738 MB/4.7 GB   10 MB/s   6m10s[K[?25h[?2026l[?2026h[?25l[A[1Gpulling manifest [K
pulling 2bada8a74506:  16% ▕██                ▏ 739 MB/4.7 GB   10 MB/s   6m10s[K[?25h[?2026l[?2026h[?25l[A[1Gpulling manifest [K
pulling 2bada8a74506:  16% ▕██                ▏ 740 MB/4.7 GB   10 MB/s   6m10s[K[?25h[?2026l[?2026h[?25l[A[1Gpulling manifest [K
pulling 2bada8a74506:  16% ▕██                ▏ 741 MB/4.7 GB   10 MB/s   6m10s[K[?25h[?2026l[?2026h[?25l[A[1Gpulling manifest [K
pulling 2bada8a74506:  16% ▕██                ▏ 742 MB/4.7 GB   10 MB/s   6m10s[K[?25h[?2026l[?2026h[?25l[A[1Gpulling manifest [K
pulling 2bada8a74506:  16% ▕██                ▏ 743 MB/4.7 GB   10 MB/s   6m10s[K[?25h[?2026l[?2026h[?25l[A[1Gpulling manifest [K
pulling 2bada8a74506:  16% ▕██                ▏ 745 MB/4.7 GB   10 MB/s   6m10s[K[?25h[?2026l[?2026h[?25l[A[1Gpulling manifest [K
pulling 2bada8a74506:  16% ▕██                ▏ 745 MB/4.7 GB   10 MB/s   6m13s[K[?25h[?2026l[?2026h[?25l[A[1Gpulling manifest [K
pulling 2bada8a74506:  16% ▕██                ▏ 747 MB/4.7 GB   10 MB/s   6m13s[K[?25h[?2026l[?2026h[?25l[A[1Gpulling manifest [K
pulling 2bada8a74506:  16% ▕██                ▏ 748 MB/4.7 GB   10 MB/s   6m13s[K[?25h[?2026l[?2026h[?25l[A[1Gpulling manifest [K
pulling 2bada8a74506:  16% ▕██                ▏ 749 MB/4.7 GB   10 MB/s   6m13s[K[?25h[?2026l[?2026h[?25l[A[1Gpulling manifest [K
pulling 2bada8a74506:  16% ▕██                ▏ 750 MB/4.7 GB   10 MB/s   6m12s[K[?25h[?2026l[?2026h[?25l[A[1Gpulling manifest [K
pulling 2bada8a74506:  16% ▕██                ▏ 751 MB/4.7 GB   10 MB/s   6m12s[K[?25h[?2026l[?2026h[?25l[A[1Gpulling manifest [K
pulling 2bada8a74506:  16% ▕██                ▏ 752 MB/4.7 GB   10 MB/s   6m12s[K[?25h[?2026l[?2026h[?25l[A[1Gpulling manifest [K
pulling 2bada8a74506:  16% ▕██                ▏ 753 MB/4.7 GB   10 MB/s   6m12s[K[?25h[?2026l[?2026h[?25l[A[1Gpulling manifest [K
pulling 2bada8a74506:  16% ▕██                ▏ 755 MB/4.7 GB   10 MB/s   6m12s[K[?25h[?2026l[?2026h[?25l[A[1Gpulling manifest [K
pulling 2bada8a74506:  16% ▕██                ▏ 755 MB/4.7 GB   10 MB/s   6m12s[K[?25h[?2026l[?2026h[?25l[A[1Gpulling manifest [K
pulling 2bada8a74506:  16% ▕██                ▏ 757 MB/4.7 GB   10 MB/s    6m9s[K[?25h[?2026l[?2026h[?25l[A[1Gpulling manifest [K
pulling 2bada8a74506:  16% ▕██                ▏ 758 MB/4.7 GB   10 MB/s    6m9s[K[?25h[?2026l[?2026h[?25l[A[1Gpulling manifest [K
pulling 2bada8a74506:  16% ▕██                ▏ 759 MB/4.7 GB   10 MB/s    6m9s[K[?25h[?2026l[?2026h[?25l[A[1Gpulling manifest [K
pulling 2bada8a74506:  16% ▕██                ▏ 760 MB/4.7 GB   10 MB/s    6m9s[K[?25h[?2026l[?2026h[?25l[A[1Gpulling manifest [K
pulling 2bada8a74506:  16% ▕██                ▏ 761 MB/4.7 GB   10 MB/s    6m9s[K[?25h[?2026l[?2026h[?25l[A[1Gpulling manifest [K
pulling 2bada8a74506:  16% ▕██                ▏ 762 MB/4.7 GB   10 MB/s    6m9s[K[?25h[?2026l[?2026h[?25l[A[1Gpulling manifest [K
pulling 2bada8a74506:  16% ▕██                ▏ 763 MB/4.7 GB   10 MB/s    6m8s[K[?25h[?2026l[?2026h[?25l[A[1Gpulling manifest [K
pulling 2bada8a74506:  16% ▕██                ▏ 764 MB/4.7 GB   10 MB/s    6m8s[K[?25h[?2026l[?2026h[?25l[A[1Gpulling manifest [K
pulling 2bada8a74506:  16% ▕██                ▏ 765 MB/4.7 GB   10 MB/s    6m8s[K[?25h[?2026l[?2026h[?25l[A[1Gpulling manifest [K
pulling 2bada8a74506:  16% ▕██                ▏ 766 MB/4.7 GB   10 MB/s    6m8s[K[?25h[?2026l[?2026h[?25l[A[1Gpulling manifest [K
pulling 2bada8a74506:  16% ▕██                ▏ 767 MB/4.7 GB   10 MB/s    6m8s[K[?25h[?2026l[?2026h[?25l[A[1Gpulling manifest [K
pulling 2bada8a74506:  16% ▕██                ▏ 768 MB/4.7 GB   10 MB/s    6m8s[K[?25h[?2026l[?2026h[?25l[A[1Gpulling manifest [K
pulling 2bada8a74506:  16% ▕██                ▏ 769 MB/4.7 GB   10 MB/s    6m8s[K[?25h[?2026l[?2026h[?25l[A[1Gpulling manifest [K
pulling 2bada8a74506:  16% ▕██                ▏ 770 MB/4.7 GB   10 MB/s    6m8s[K[?25h[?2026l[?2026h[?25l[A[1Gpulling manifest [K
pulling 2bada8a74506:  16% ▕██                ▏ 771 MB/4.7 GB   10 MB/s    6m8s[K[?25h[?2026l[?2026h[?25l[A[1Gpulling manifest [K
pulling 2bada8a74506:  17% ▕██                ▏ 772 MB/4.7 GB   10 MB/s    6m8s[K[?25h[?2026l[?2026h[?25l[A[1Gpulling manifest [K
pulling 2bada8a74506:  17% ▕██                ▏ 774 MB/4.7 GB   10 MB/s    6m8s[K[?25h[?2026l[?2026h[?25l[A[1Gpulling manifest [K
pulling 2bada8a74506:  17% ▕██                ▏ 774 MB/4.7 GB   10 MB/s    6m8s[K[?25h[?2026l[?2026h[?25l[A[1Gpulling manifest [K
pulling 2bada8a74506:  17% ▕██                ▏ 776 MB/4.7 GB   10 MB/s    6m8s[K[?25h[?2026l[?2026h[?25l[A[1Gpulling manifest [K
pulling 2bada8a74506:  17% ▕██                ▏ 777 MB/4.7 GB   10 MB/s    6m7s[K[?25h[?2026l[?2026h[?25l[A[1Gpulling manifest [K
pulling 2bada8a74506:  17% ▕██                ▏ 778 MB/4.7 GB   10 MB/s    6m7s[K[?25h[?2026l[?2026h[?25l[A[1Gpulling manifest [K
pulling 2bada8a74506:  17% ▕██                ▏ 779 MB/4.7 GB   10 MB/s    6m7s[K[?25h[?2026l[?2026h[?25l[A[1Gpulling manifest [K
pulling 2bada8a74506:  17% ▕███               ▏ 780 MB/4.7 GB   10 MB/s    6m7s[K[?25h[?2026l[?2026h[?25l[A[1Gpulling manifest [K
pulling 2bada8a74506:  17% ▕███               ▏ 781 MB/4.7 GB   10 MB/s    6m7s[K[?25h[?2026l[?2026h[?25l[A[1Gpulling manifest [K
pulling 2bada8a74506:  17% ▕███               ▏ 782 MB/4.7 GB   10 MB/s    6m7s[K[?25h[?2026l[?2026h[?25l[A[1Gpulling manifest [K
pulling 2bada8a74506:  17% ▕███               ▏ 783 MB/4.7 GB   10 MB/s    6m7s[K[?25h[?2026l[?2026h[?25l[A[1Gpulling manifest [K
pulling 2bada8a74506:  17% ▕███               ▏ 784 MB/4.7 GB   10 MB/s    6m7s[K[?25h[?2026l[?2026h[?25l[A[1Gpulling manifest [K
pulling 2bada8a74506:  17% ▕███               ▏ 785 MB/4.7 GB   10 MB/s    6m7s[K[?25h[?2026l[?2026h[?25l[A[1Gpulling manifest [K
pulling 2bada8a74506:  17% ▕███               ▏ 786 MB/4.7 GB   10 MB/s    6m7s[K[?25h[?2026l[?2026h[?25l[A[1Gpulling manifest [K
pulling 2bada8a74506:  17% ▕███               ▏ 787 MB/4.7 GB   10 MB/s    6m6s[K[?25h[?2026l[?2026h[?25l[A[1Gpulling manifest [K
pulling 2bada8a74506:  17% ▕███               ▏ 789 MB/4.7 GB   10 MB/s    6m6s[K[?25h[?2026l[?2026h[?25l[A[1Gpulling manifest [K
pulling 2bada8a74506:  17% ▕███               ▏ 790 MB/4.7 GB   10 MB/s    6m6s[K[?25h[?2026l[?2026h[?25l[A[1Gpulling manifest [K
pulling 2bada8a74506:  17% ▕███               ▏ 790 MB/4.7 GB   10 MB/s    6m6s[K[?25h[?2026l[?2026h[?25l[A[1Gpulling manifest [K
pulling 2bada8a74506:  17% ▕███               ▏ 792 MB/4.7 GB   10 MB/s    6m6s[K[?25h[?2026l[?2026h[?25l[A[1Gpulling manifest [K
pulling 2bada8a74506:  17% ▕███               ▏ 793 MB/4.7 GB   10 MB/s    6m6s[K[?25h[?2026l[?2026h[?25l[A[1Gpulling manifest [K
pulling 2bada8a74506:  17% ▕███               ▏ 794 MB/4.7 GB   10 MB/s    6m6s[K[?25h[?2026l[?2026h[?25l[A[1Gpulling manifest [K
pulling 2bada8a74506:  17% ▕███               ▏ 795 MB/4.7 GB   10 MB/s    6m6s[K[?25h[?2026l[?2026h[?25l[A[1Gpulling manifest [K
pulling 2bada8a74506:  17% ▕███               ▏ 797 MB/4.7 GB   10 MB/s    6m6s[K[?25h[?2026l[?2026h[?25l[A[1Gpulling manifest [K
pulling 2bada8a74506:  17% ▕███               ▏ 797 MB/4.7 GB   10 MB/s    6m5s[K[?25h[?2026l[?2026h[?25l[A[1Gpulling manifest [K
pulling 2bada8a74506:  17% ▕███               ▏ 799 MB/4.7 GB   10 MB/s    6m5s[K[?25h[?2026l[?2026h[?25l[A[1Gpulling manifest [K
pulling 2bada8a74506:  17% ▕███               ▏ 800 MB/4.7 GB   10 MB/s    6m5s[K[?25h[?2026l[?2026h[?25l[A[1Gpulling manifest [K
pulling 2bada8a74506:  17% ▕███               ▏ 801 MB/4.7 GB   10 MB/s    6m2s[K[?25h[?2026l[?2026h[?25l[A[1Gpulling manifest [K
pulling 2bada8a74506:  17% ▕███               ▏ 802 MB/4.7 GB   10 MB/s    6m2s[K[?25h[?2026l[?2026h[?25l[A[1Gpulling manifest [K
pulling 2bada8a74506:  17% ▕███               ▏ 803 MB/4.7 GB   10 MB/s    6m2s[K[?25h[?2026l[?2026h[?25l[A[1Gpulling manifest [K
pulling 2bada8a74506:  17% ▕███               ▏ 804 MB/4.7 GB   10 MB/s    6m1s[K[?25h[?2026l[?2026h[?25l[A[1Gpulling manifest [K
pulling 2bada8a74506:  17% ▕███               ▏ 806 MB/4.7 GB   10 MB/s    6m1s[K[?25h[?2026l[?2026h[?25l[A[1Gpulling manifest [K
pulling 2bada8a74506:  17% ▕███               ▏ 807 MB/4.7 GB   10 MB/s    6m1s[K[?25h[?2026l[?2026h[?25l[A[1Gpulling manifest [K
pulling 2bada8a74506:  17% ▕███               ▏ 808 MB/4.7 GB   10 MB/s    6m1s[K[?25h[?2026l[?2026h[?25l[A[1Gpulling manifest [K
pulling 2bada8a74506:  17% ▕███               ▏ 809 MB/4.7 GB   10 MB/s    6m1s[K[?25h[?2026l[?2026h[?25l[A[1Gpulling manifest [K
pulling 2bada8a74506:  17% ▕███               ▏ 810 MB/4.7 GB   10 MB/s    6m1s[K[?25h[?2026l[?2026h[?25l[A[1Gpulling manifest [K
pulling 2bada8a74506:  17% ▕███               ▏ 811 MB/4.7 GB   10 MB/s    6m1s[K[?25h[?2026l[?2026h[?25l[A[1Gpulling manifest [K
pulling 2bada8a74506:  17% ▕███               ▏ 812 MB/4.7 GB   10 MB/s   5m56s[K[?25h[?2026l[?2026h[?25l[A[1Gpulling manifest [K
pulling 2bada8a74506:  17% ▕███               ▏ 814 MB/4.7 GB   10 MB/s   5m56s[K[?25h[?2026l[?2026h[?25l[A[1Gpulling manifest [K
pulling 2bada8a74506:  17% ▕███               ▏ 814 MB/4.7 GB   10 MB/s   5m56s[K[?25h[?2026l[?2026h[?25l[A[1Gpulling manifest [K
pulling 2bada8a74506:  17% ▕███               ▏ 816 MB/4.7 GB   10 MB/s   5m56s[K[?25h[?2026l[?2026h[?25l[A[1Gpulling manifest [K
pulling 2bada8a74506:  17% ▕███               ▏ 817 MB/4.7 GB   10 MB/s   5m56s[K[?25h[?2026l[?2026h[?25l[A[1Gpulling manifest [K
pulling 2bada8a74506:  17% ▕███               ▏ 818 MB/4.7 GB   10 MB/s   5m56s[K[?25h[?2026l[?2026h[?25l[A[1Gpulling manifest [K
pulling 2bada8a74506:  17% ▕███               ▏ 819 MB/4.7 GB   10 MB/s   5m55s[K[?25h[?2026l[?2026h[?25l[A[1Gpulling manifest [K
pulling 2bada8a74506:  18% ▕███               ▏ 820 MB/4.7 GB   10 MB/s   5m55s[K[?25h[?2026l[?2026h[?25l[A[1Gpulling manifest [K
pulling 2bada8a74506:  18% ▕███               ▏ 821 MB/4.7 GB   10 MB/s   5m55s[K[?25h[?2026l[?2026h[?25l[A[1Gpulling manifest [K
pulling 2bada8a74506:  18% ▕███               ▏ 822 MB/4.7 GB   10 MB/s   5m55s[K[?25h[?2026l[?2026h[?25l[A[1Gpulling manifest [K
pulling 2bada8a74506:  18% ▕███               ▏ 824 MB/4.7 GB   10 MB/s   5m53s[K[?25h[?2026l[?2026h[?25l[A[1Gpulling manifest [K
pulling 2bada8a74506:  18% ▕███               ▏ 824 MB/4.7 GB   10 MB/s   5m53s[K[?25h[?2026l[?2026h[?25l[A[1Gpulling manifest [K
pulling 2bada8a74506:  18% ▕███               ▏ 825 MB/4.7 GB   10 MB/s   5m52s[K[?25h[?2026l[?2026h[?25l[A[1Gpulling manifest [K
pulling 2bada8a74506:  18% ▕███               ▏ 827 MB/4.7 GB   10 MB/s   5m52s[K[?25h[?2026l[?2026h[?25l[A[1Gpulling manifest [K
pulling 2bada8a74506:  18% ▕███               ▏ 828 MB/4.7 GB   10 MB/s   5m52s[K[?25h[?2026l[?2026h[?25l[A[1Gpulling manifest [K
pulling 2bada8a74506:  18% ▕███               ▏ 829 MB/4.7 GB   10 MB/s   5m52s[K[?25h[?2026l[?2026h[?25l[A[1Gpulling manifest [K
pulling 2bada8a74506:  18% ▕███               ▏ 830 MB/4.7 GB   10 MB/s   5m52s[K[?25h[?2026l[?2026h[?25l[A[1Gpulling manifest [K
pulling 2bada8a74506:  18% ▕███               ▏ 831 MB/4.7 GB   10 MB/s   5m52s[K[?25h[?2026l[?2026h[?25l[A[1Gpulling manifest [K
pulling 2bada8a74506:  18% ▕███               ▏ 832 MB/4.7 GB   10 MB/s   5m52s[K[?25h[?2026l[?2026h[?25l[A[1Gpulling manifest [K
pulling 2bada8a74506:  18% ▕███               ▏ 833 MB/4.7 GB   10 MB/s   5m52s[K[?25h[?2026l[?2026h[?25l[A[1Gpulling manifest [K
pulling 2bada8a74506:  18% ▕███               ▏ 834 MB/4.7 GB   10 MB/s   5m52s[K[?25h[?2026l[?2026h[?25l[A[1Gpulling manifest [K
pulling 2bada8a74506:  18% ▕███               ▏ 835 MB/4.7 GB   11 MB/s   5m47s[K[?25h[?2026l[?2026h[?25l[A[1Gpulling manifest [K
pulling 2bada8a74506:  18% ▕███               ▏ 837 MB/4.7 GB   11 MB/s   5m47s[K[?25h[?2026l[?2026h[?25l[A[1Gpulling manifest [K
pulling 2bada8a74506:  18% ▕███               ▏ 837 MB/4.7 GB   11 MB/s   5m47s[K[?25h[?2026l[?2026h[?25l[A[1Gpulling manifest [K
pulling 2bada8a74506:  18% ▕███               ▏ 839 MB/4.7 GB   11 MB/s   5m47s[K[?25h[?2026l[?2026h[?25l[A[1Gpulling manifest [K
pulling 2bada8a74506:  18% ▕███               ▏ 840 MB/4.7 GB   11 MB/s   5m46s[K[?25h[?2026l[?2026h[?25l[A[1Gpulling manifest [K
pulling 2bada8a74506:  18% ▕███               ▏ 841 MB/4.7 GB   11 MB/s   5m46s[K[?25h[?2026l[?2026h[?25l[A[1Gpulling manifest [K
pulling 2bada8a74506:  18% ▕███               ▏ 842 MB/4.7 GB   11 MB/s   5m46s[K[?25h[?2026l[?2026h[?25l[A[1Gpulling manifest [K
pulling 2bada8a74506:  18% ▕███               ▏ 843 MB/4.7 GB   11 MB/s   5m46s[K[?25h[?2026l[?2026h[?25l[A[1Gpulling manifest [K
pulling 2bada8a74506:  18% ▕███               ▏ 843 MB/4.7 GB   11 MB/s   5m46s[K[?25h[?2026l[?2026h[?25l[A[1Gpulling manifest [K
pulling 2bada8a74506:  18% ▕███               ▏ 845 MB/4.7 GB   11 MB/s   5m46s[K[?25h[?2026l[?2026h[?25l[A[1Gpulling manifest [K
pulling 2bada8a74506:  18% ▕███               ▏ 846 MB/4.7 GB   11 MB/s   5m44s[K[?25h[?2026l[?2026h[?25l[A[1Gpulling manifest [K
pulling 2bada8a74506:  18% ▕███               ▏ 847 MB/4.7 GB   11 MB/s   5m44s[K[?25h[?2026l[?2026h[?25l[A[1Gpulling manifest [K
pulling 2bada8a74506:  18% ▕███               ▏ 848 MB/4.7 GB   11 MB/s   5m44s[K[?25h[?2026l[?2026h[?25l[A[1Gpulling manifest [K
pulling 2bada8a74506:  18% ▕███               ▏ 849 MB/4.7 GB   11 MB/s   5m43s[K[?25h[?2026l[?2026h[?25l[A[1Gpulling manifest [K
pulling 2bada8a74506:  18% ▕███               ▏ 850 MB/4.7 GB   11 MB/s   5m43s[K[?25h[?2026l[?2026h[?25l[A[1Gpulling manifest [K
pulling 2bada8a74506:  18% ▕███               ▏ 851 MB/4.7 GB   11 MB/s   5m43s[K[?25h[?2026l[?2026h[?25l[A[1Gpulling manifest [K
pulling 2bada8a74506:  18% ▕███               ▏ 852 MB/4.7 GB   11 MB/s   5m43s[K[?25h[?2026l[?2026h[?25l[A[1Gpulling manifest [K
pulling 2bada8a74506:  18% ▕███               ▏ 853 MB/4.7 GB   11 MB/s   5m43s[K[?25h[?2026l[?2026h[?25l[A[1Gpulling manifest [K
pulling 2bada8a74506:  18% ▕███               ▏ 854 MB/4.7 GB   11 MB/s   5m43s[K[?25h[?2026l[?2026h[?25l[A[1Gpulling manifest [K
pulling 2bada8a74506:  18% ▕███               ▏ 855 MB/4.7 GB   11 MB/s   5m43s[K[?25h[?2026l[?2026h[?25l[A[1Gpulling manifest [K
pulling 2bada8a74506:  18% ▕███               ▏ 856 MB/4.7 GB   11 MB/s   5m47s[K[?25h[?2026l[?2026h[?25l[A[1Gpulling manifest [K
pulling 2bada8a74506:  18% ▕███               ▏ 857 MB/4.7 GB   11 MB/s   5m47s[K[?25h[?2026l[?2026h[?25l[A[1Gpulling manifest [K
pulling 2bada8a74506:  18% ▕███               ▏ 858 MB/4.7 GB   11 MB/s   5m47s[K[?25h[?2026l[?2026h[?25l[A[1Gpulling manifest [K
pulling 2bada8a74506:  18% ▕███               ▏ 859 MB/4.7 GB   11 MB/s   5m47s[K[?25h[?2026l[?2026h[?25l[A[1Gpulling manifest [K
pulling 2bada8a74506:  18% ▕███               ▏ 860 MB/4.7 GB   11 MB/s   5m47s[K[?25h[?2026l[?2026h[?25l[A[1Gpulling manifest [K
pulling 2bada8a74506:  18% ▕███               ▏ 862 MB/4.7 GB   11 MB/s   5m47s[K[?25h[?2026l[?2026h[?25l[A[1Gpulling manifest [K
pulling 2bada8a74506:  18% ▕███               ▏ 862 MB/4.7 GB   11 MB/s   5m47s[K[?25h[?2026l[?2026h[?25l[A[1Gpulling manifest [K
pulling 2bada8a74506:  18% ▕███               ▏ 863 MB/4.7 GB   11 MB/s   5m46s[K[?25h[?2026l[?2026h[?25l[A[1Gpulling manifest [K
pulling 2bada8a74506:  18% ▕███               ▏ 865 MB/4.7 GB   11 MB/s   5m46s[K[?25h[?2026l[?2026h[?25l[A[1Gpulling manifest [K
pulling 2bada8a74506:  18% ▕███               ▏ 865 MB/4.7 GB   11 MB/s   5m46s[K[?25h[?2026l[?2026h[?25l[A[1Gpulling manifest [K
pulling 2bada8a74506:  19% ▕███               ▏ 867 MB/4.7 GB   11 MB/s   5m46s[K[?25h[?2026l[?2026h[?25l[A[1Gpulling manifest [K
pulling 2bada8a74506:  19% ▕███               ▏ 868 MB/4.7 GB   11 MB/s   5m46s[K[?25h[?2026l[?2026h[?25l[A[1Gpulling manifest [K
pulling 2bada8a74506:  19% ▕███               ▏ 868 MB/4.7 GB   11 MB/s   5m46s[K[?25h[?2026l[?2026h[?25l[A[1Gpulling manifest [K
pulling 2bada8a74506:  19% ▕███               ▏ 869 MB/4.7 GB   11 MB/s   5m45s[K[?25h[?2026l[?2026h[?25l[A[1Gpulling manifest [K
pulling 2bada8a74506:  19% ▕███               ▏ 871 MB/4.7 GB   11 MB/s   5m45s[K[?25h[?2026l[?2026h[?25l[A[1Gpulling manifest [K
pulling 2bada8a74506:  19% ▕███               ▏ 872 MB/4.7 GB   11 MB/s   5m45s[K[?25h[?2026l[?2026h[?25l[A[1Gpulling manifest [K
pulling 2bada8a74506:  19% ▕███               ▏ 873 MB/4.7 GB   11 MB/s   5m45s[K[?25h[?2026l[?2026h[?25l[A[1Gpulling manifest [K
pulling 2bada8a74506:  19% ▕███               ▏ 874 MB/4.7 GB   11 MB/s   5m45s[K[?25h[?2026l[?2026h[?25l[A[1Gpulling manifest [K
pulling 2bada8a74506:  19% ▕███               ▏ 875 MB/4.7 GB   11 MB/s   5m45s[K[?25h[?2026l[?2026h[?25l[A[1Gpulling manifest [K
pulling 2bada8a74506:  19% ▕███               ▏ 876 MB/4.7 GB   11 MB/s   5m45s[K[?25h[?2026l[?2026h[?25l[A[1Gpulling manifest [K
pulling 2bada8a74506:  19% ▕███               ▏ 877 MB/4.7 GB   10 MB/s   5m46s[K[?25h[?2026l[?2026h[?25l[A[1Gpulling manifest [K
pulling 2bada8a74506:  19% ▕███               ▏ 878 MB/4.7 GB   10 MB/s   5m45s[K[?25h[?2026l[?2026h[?25l[A[1Gpulling manifest [K
pulling 2bada8a74506:  19% ▕███               ▏ 879 MB/4.7 GB   10 MB/s   5m45s[K[?25h[?2026l[?2026h[?25l[A[1Gpulling manifest [K
pulling 2bada8a74506:  19% ▕███               ▏ 881 MB/4.7 GB   10 MB/s   5m45s[K[?25h[?2026l[?2026h[?25l[A[1Gpulling manifest [K
pulling 2bada8a74506:  19% ▕███               ▏ 881 MB/4.7 GB   10 MB/s   5m45s[K[?25h[?2026l[?2026h[?25l[A[1Gpulling manifest [K
pulling 2bada8a74506:  19% ▕███               ▏ 883 MB/4.7 GB   10 MB/s   5m45s[K[?25h[?2026l[?2026h[?25l[A[1Gpulling manifest [K
pulling 2bada8a74506:  19% ▕███               ▏ 884 MB/4.7 GB   10 MB/s   5m45s[K[?25h[?2026l[?2026h[?25l[A[1Gpulling manifest [K
pulling 2bada8a74506:  19% ▕███               ▏ 885 MB/4.7 GB   10 MB/s   5m45s[K[?25h[?2026l[?2026h[?25l[A[1Gpulling manifest [K
pulling 2bada8a74506:  19% ▕███               ▏ 886 MB/4.7 GB   10 MB/s   5m45s[K[?25h[?2026l[?2026h[?25l[A[1Gpulling manifest [K
pulling 2bada8a74506:  19% ▕███               ▏ 888 MB/4.7 GB   10 MB/s   5m45s[K[?25h[?2026l[?2026h[?25l[A[1Gpulling manifest [K
pulling 2bada8a74506:  19% ▕███               ▏ 888 MB/4.7 GB   10 MB/s   5m45s[K[?25h[?2026l[?2026h[?25l[A[1Gpulling manifest [K
pulling 2bada8a74506:  19% ▕███               ▏ 890 MB/4.7 GB   11 MB/s   5m41s[K[?25h[?2026l[?2026h[?25l[A[1Gpulling manifest [K
pulling 2bada8a74506:  19% ▕███               ▏ 891 MB/4.7 GB   11 MB/s   5m41s[K[?25h[?2026l[?2026h[?25l[A[1Gpulling manifest [K
pulling 2bada8a74506:  19% ▕███               ▏ 892 MB/4.7 GB   11 MB/s   5m41s[K[?25h[?2026l[?2026h[?25l[A[1Gpulling manifest [K
pulling 2bada8a74506:  19% ▕███               ▏ 893 MB/4.7 GB   11 MB/s   5m41s[K[?25h[?2026l[?2026h[?25l[A[1Gpulling manifest [K
pulling 2bada8a74506:  19% ▕███               ▏ 895 MB/4.7 GB   11 MB/s   5m41s[K[?25h[?2026l[?2026h[?25l[A[1Gpulling manifest [K
pulling 2bada8a74506:  19% ▕███               ▏ 895 MB/4.7 GB   11 MB/s   5m41s[K[?25h[?2026l[?2026h[?25l[A[1Gpulling manifest [K
pulling 2bada8a74506:  19% ▕███               ▏ 896 MB/4.7 GB   11 MB/s   5m41s[K[?25h[?2026l[?2026h[?25l[A[1Gpulling manifest [K
pulling 2bada8a74506:  19% ▕███               ▏ 897 MB/4.7 GB   11 MB/s   5m41s[K[?25h[?2026l[?2026h[?25l[A[1Gpulling manifest [K
pulling 2bada8a74506:  19% ▕███               ▏ 898 MB/4.7 GB   11 MB/s   5m40s[K[?25h[?2026l[?2026h[?25l[A[1Gpulling manifest [K
pulling 2bada8a74506:  19% ▕███               ▏ 900 MB/4.7 GB   11 MB/s   5m40s[K[?25h[?2026l[?2026h[?25l[A[1Gpulling manifest [K
pulling 2bada8a74506:  19% ▕███               ▏ 901 MB/4.7 GB   11 MB/s   5m41s[K[?25h[?2026l[?2026h[?25l[A[1Gpulling manifest [K
pulling 2bada8a74506:  19% ▕███               ▏ 902 MB/4.7 GB   11 MB/s   5m41s[K[?25h[?2026l[?2026h[?25l[A[1Gpulling manifest [K
pulling 2bada8a74506:  19% ▕███               ▏ 903 MB/4.7 GB   11 MB/s   5m41s[K[?25h[?2026l[?2026h[?25l[A[1Gpulling manifest [K
pulling 2bada8a74506:  19% ▕███               ▏ 904 MB/4.7 GB   11 MB/s   5m41s[K[?25h[?2026l[?2026h[?25l[A[1Gpulling manifest [K
pulling 2bada8a74506:  19% ▕███               ▏ 905 MB/4.7 GB   11 MB/s   5m41s[K[?25h[?2026l[?2026h[?25l[A[1Gpulling manifest [K
pulling 2bada8a74506:  19% ▕███               ▏ 906 MB/4.7 GB   11 MB/s   5m40s[K[?25h[?2026l[?2026h[?25l[A[1Gpulling manifest [K
pulling 2bada8a74506:  19% ▕███               ▏ 907 MB/4.7 GB   11 MB/s   5m40s[K[?25h[?2026l[?2026h[?25l[A[1Gpulling manifest [K
pulling 2bada8a74506:  19% ▕███               ▏ 908 MB/4.7 GB   11 MB/s   5m40s[K[?25h[?2026l[?2026h[?25l[A[1Gpulling manifest [K
pulling 2bada8a74506:  19% ▕███               ▏ 909 MB/4.7 GB   11 MB/s   5m40s[K[?25h[?2026l[?2026h[?25l[A[1Gpulling manifest [K
pulling 2bada8a74506:  19% ▕███               ▏ 911 MB/4.7 GB   11 MB/s   5m40s[K[?25h[?2026l[?2026h[?25l[A[1Gpulling manifest [K
pulling 2bada8a74506:  19% ▕███               ▏ 911 MB/4.7 GB   10 MB/s   5m43s[K[?25h[?2026l[?2026h[?25l[A[1Gpulling manifest [K
pulling 2bada8a74506:  19% ▕███               ▏ 913 MB/4.7 GB   10 MB/s   5m43s[K[?25h[?2026l[?2026h[?25l[A[1Gpulling manifest [K
pulling 2bada8a74506:  20% ▕███               ▏ 914 MB/4.7 GB   10 MB/s   5m43s[K[?25h[?2026l[?2026h[?25l[A[1Gpulling manifest [K
pulling 2bada8a74506:  20% ▕███               ▏ 915 MB/4.7 GB   10 MB/s   5m43s[K[?25h[?2026l[?2026h[?25l[A[1Gpulling manifest [K
pulling 2bada8a74506:  20% ▕███               ▏ 916 MB/4.7 GB   10 MB/s   5m42s[K[?25h[?2026l[?2026h[?25l[A[1Gpulling manifest [K
pulling 2bada8a74506:  20% ▕███               ▏ 918 MB/4.7 GB   10 MB/s   5m42s[K[?25h[?2026l[?2026h[?25l[A[1Gpulling manifest [K
pulling 2bada8a74506:  20% ▕███               ▏ 918 MB/4.7 GB   10 MB/s   5m42s[K[?25h[?2026l[?2026h[?25l[A[1Gpulling manifest [K
pulling 2bada8a74506:  20% ▕███               ▏ 920 MB/4.7 GB   10 MB/s   5m42s[K[?25h[?2026l[?2026h[?25l[A[1Gpulling manifest [K
pulling 2bada8a74506:  20% ▕███               ▏ 921 MB/4.7 GB   10 MB/s   5m42s[K[?25h[?2026l[?2026h[?25l[A[1Gpulling manifest [K
pulling 2bada8a74506:  20% ▕███               ▏ 922 MB/4.7 GB   10 MB/s   5m42s[K[?25h[?2026l[?2026h[?25l[A[1Gpulling manifest [K
pulling 2bada8a74506:  20% ▕███               ▏ 923 MB/4.7 GB   11 MB/s   5m41s[K[?25h[?2026l[?2026h[?25l[A[1Gpulling manifest [K
pulling 2bada8a74506:  20% ▕███               ▏ 924 MB/4.7 GB   11 MB/s   5m40s[K[?25h[?2026l[?2026h[?25l[A[1Gpulling manifest [K
pulling 2bada8a74506:  20% ▕███               ▏ 924 MB/4.7 GB   11 MB/s   5m40s[K[?25h[?2026l[?2026h[?25l[A[1Gpulling manifest [K
pulling 2bada8a74506:  20% ▕███               ▏ 925 MB/4.7 GB   11 MB/s   5m40s[K[?25h[?2026l[?2026h[?25l[A[1Gpulling manifest [K
pulling 2bada8a74506:  20% ▕███               ▏ 926 MB/4.7 GB   11 MB/s   5m40s[K[?25h[?2026l[?2026h[?25l[A[1Gpulling manifest [K
pulling 2bada8a74506:  20% ▕███               ▏ 927 MB/4.7 GB   11 MB/s   5m40s[K[?25h[?2026l[?2026h[?25l[A[1Gpulling manifest [K
pulling 2bada8a74506:  20% ▕███               ▏ 928 MB/4.7 GB   11 MB/s   5m40s[K[?25h[?2026l[?2026h[?25l[A[1Gpulling manifest [K
pulling 2bada8a74506:  20% ▕███               ▏ 929 MB/4.7 GB   11 MB/s   5m40s[K[?25h[?2026l[?2026h[?25l[A[1Gpulling manifest [K
pulling 2bada8a74506:  20% ▕███               ▏ 929 MB/4.7 GB   11 MB/s   5m40s[K[?25h[?2026l[?2026h[?25l[A[1Gpulling manifest [K
pulling 2bada8a74506:  20% ▕███               ▏ 930 MB/4.7 GB   11 MB/s   5m40s[K[?25h[?2026l[?2026h[?25l[A[1Gpulling manifest [K
pulling 2bada8a74506:  20% ▕███               ▏ 931 MB/4.7 GB   10 MB/s   5m49s[K[?25h[?2026l[?2026h[?25l[A[1Gpulling manifest [K
pulling 2bada8a74506:  20% ▕███               ▏ 932 MB/4.7 GB   10 MB/s   5m49s[K[?25h[?2026l[?2026h[?25l[A[1Gpulling manifest [K
pulling 2bada8a74506:  20% ▕███               ▏ 933 MB/4.7 GB   10 MB/s   5m49s[K[?25h[?2026l[?2026h[?25l[A[1Gpulling manifest [K
pulling 2bada8a74506:  20% ▕███               ▏ 934 MB/4.7 GB   10 MB/s   5m48s[K[?25h[?2026l[?2026h[?25l[A[1Gpulling manifest [K
pulling 2bada8a74506:  20% ▕███               ▏ 934 MB/4.7 GB   10 MB/s   5m48s[K[?25h[?2026l[?2026h[?25l[A[1Gpulling manifest [K
pulling 2bada8a74506:  20% ▕███               ▏ 935 MB/4.7 GB   10 MB/s   5m48s[K[?25h[?2026l[?2026h[?25l[A[1Gpulling manifest [K
pulling 2bada8a74506:  20% ▕███               ▏ 936 MB/4.7 GB   10 MB/s   5m48s[K[?25h[?2026l[?2026h[?25l[A[1Gpulling manifest [K
pulling 2bada8a74506:  20% ▕███               ▏ 937 MB/4.7 GB   10 MB/s   5m48s[K[?25h[?2026l[?2026h[?25l[A[1Gpulling manifest [K
pulling 2bada8a74506:  20% ▕███               ▏ 938 MB/4.7 GB   10 MB/s   5m48s[K[?25h[?2026l[?2026h[?25l[A[1Gpulling manifest [K
pulling 2bada8a74506:  20% ▕███               ▏ 939 MB/4.7 GB   10 MB/s   5m48s[K[?25h[?2026l[?2026h[?25l[A[1Gpulling manifest [K
pulling 2bada8a74506:  20% ▕███               ▏ 939 MB/4.7 GB   10 MB/s   5m48s[K[?25h[?2026l[?2026h[?25l[A[1Gpulling manifest [K
pulling 2bada8a74506:  20% ▕███               ▏ 940 MB/4.7 GB   10 MB/s   5m57s[K[?25h[?2026l[?2026h[?25l[A[1Gpulling manifest [K
pulling 2bada8a74506:  20% ▕███               ▏ 941 MB/4.7 GB   10 MB/s   5m57s[K[?25h[?2026l[?2026h[?25l[A[1Gpulling manifest [K
pulling 2bada8a74506:  20% ▕███               ▏ 942 MB/4.7 GB   10 MB/s   5m57s[K[?25h[?2026l[?2026h[?25l[A[1Gpulling manifest [K
pulling 2bada8a74506:  20% ▕███               ▏ 943 MB/4.7 GB   10 MB/s   5m57s[K[?25h[?2026l[?2026h[?25l[A[1Gpulling manifest [K
pulling 2bada8a74506:  20% ▕███               ▏ 944 MB/4.7 GB   10 MB/s   5m57s[K[?25h[?2026l[?2026h[?25l[A[1Gpulling manifest [K
pulling 2bada8a74506:  20% ▕███               ▏ 944 MB/4.7 GB   10 MB/s   5m57s[K[?25h[?2026l[?2026h[?25l[A[1Gpulling manifest [K
pulling 2bada8a74506:  20% ▕███               ▏ 945 MB/4.7 GB   10 MB/s   5m57s[K[?25h[?2026l[?2026h[?25l[A[1Gpulling manifest [K
pulling 2bada8a74506:  20% ▕███               ▏ 946 MB/4.7 GB   10 MB/s   5m57s[K[?25h[?2026l[?2026h[?25l[A[1Gpulling manifest [K
pulling 2bada8a74506:  20% ▕███               ▏ 947 MB/4.7 GB   10 MB/s   5m57s[K[?25h[?2026l[?2026h[?25l[A[1Gpulling manifest [K
pulling 2bada8a74506:  20% ▕███               ▏ 948 MB/4.7 GB   10 MB/s   5m57s[K[?25h[?2026l[?2026h[?25l[A[1Gpulling manifest [K
pulling 2bada8a74506:  20% ▕███               ▏ 949 MB/4.7 GB   10 MB/s    6m3s[K[?25h[?2026l[?2026h[?25l[A[1Gpulling manifest [K
pulling 2bada8a74506:  20% ▕███               ▏ 949 MB/4.7 GB   10 MB/s    6m3s[K[?25h[?2026l[?2026h[?25l[A[1Gpulling manifest [K
pulling 2bada8a74506:  20% ▕███               ▏ 950 MB/4.7 GB   10 MB/s    6m3s[K[?25h[?2026l[?2026h[?25l[A[1Gpulling manifest [K
pulling 2bada8a74506:  20% ▕███               ▏ 951 MB/4.7 GB   10 MB/s    6m3s[K[?25h[?2026l[?2026h[?25l[A[1Gpulling manifest [K
pulling 2bada8a74506:  20% ▕███               ▏ 951 MB/4.7 GB   10 MB/s    6m3s[K[?25h[?2026l[?2026h[?25l[A[1Gpulling manifest [K
pulling 2bada8a74506:  20% ▕███               ▏ 952 MB/4.7 GB   10 MB/s    6m3s[K[?25h[?2026l[?2026h[?25l[A[1Gpulling manifest [K
pulling 2bada8a74506:  20% ▕███               ▏ 953 MB/4.7 GB   10 MB/s    6m3s[K[?25h[?2026l[?2026h[?25l[A[1Gpulling manifest [K
pulling 2bada8a74506:  20% ▕███               ▏ 954 MB/4.7 GB   10 MB/s    6m3s[K[?25h[?2026l[?2026h[?25l[A[1Gpulling manifest [K
pulling 2bada8a74506:  20% ▕███               ▏ 955 MB/4.7 GB   10 MB/s    6m3s[K[?25h[?2026l[?2026h[?25l[A[1Gpulling manifest [K
pulling 2bada8a74506:  20% ▕███               ▏ 956 MB/4.7 GB   10 MB/s    6m3s[K[?25h[?2026l[?2026h[?25l[A[1Gpulling manifest [K
pulling 2bada8a74506:  20% ▕███              ▏ 956 MB/4.7 GB  10.0 MB/s   6m14s[K[?25h[?2026l[?2026h[?25l[A[1Gpulling manifest [K
pulling 2bada8a74506:  20% ▕███              ▏ 957 MB/4.7 GB  10.0 MB/s   6m14s[K[?25h[?2026l[?2026h[?25l[A[1Gpulling manifest [K
pulling 2bada8a74506:  20% ▕███              ▏ 958 MB/4.7 GB  10.0 MB/s   6m14s[K[?25h[?2026l[?2026h[?25l[A[1Gpulling manifest [K
pulling 2bada8a74506:  20% ▕███              ▏ 958 MB/4.7 GB  10.0 MB/s   6m14s[K[?25h[?2026l[?2026h[?25l[A[1Gpulling manifest [K
pulling 2bada8a74506:  20% ▕███              ▏ 959 MB/4.7 GB  10.0 MB/s   6m13s[K[?25h[?2026l[?2026h[?25l[A[1Gpulling manifest [K
pulling 2bada8a74506:  21% ▕███              ▏ 960 MB/4.7 GB  10.0 MB/s   6m13s[K[?25h[?2026l[?2026h[?25l[A[1Gpulling manifest [K
pulling 2bada8a74506:  21% ▕███              ▏ 960 MB/4.7 GB  10.0 MB/s   6m13s[K[?25h[?2026l[?2026h[?25l[A[1Gpulling manifest [K
pulling 2bada8a74506:  21% ▕███              ▏ 961 MB/4.7 GB  10.0 MB/s   6m13s[K[?25h[?2026l[?2026h[?25l[A[1Gpulling manifest [K
pulling 2bada8a74506:  21% ▕███              ▏ 961 MB/4.7 GB  10.0 MB/s   6m13s[K[?25h[?2026l[?2026h[?25l[A[1Gpulling manifest [K
pulling 2bada8a74506:  21% ▕███              ▏ 962 MB/4.7 GB  10.0 MB/s   6m13s[K[?25h[?2026l[?2026h[?25l[A[1Gpulling manifest [K
pulling 2bada8a74506:  21% ▕███               ▏ 962 MB/4.7 GB  9.5 MB/s   6m33s[K[?25h[?2026l[?2026h[?25l[A[1Gpulling manifest [K
pulling 2bada8a74506:  21% ▕███               ▏ 963 MB/4.7 GB  9.5 MB/s   6m33s[K[?25h[?2026l[?2026h[?25l[A[1Gpulling manifest [K
pulling 2bada8a74506:  21% ▕███               ▏ 964 MB/4.7 GB  9.5 MB/s   6m33s[K[?25h[?2026l[?2026h[?25l[A[1Gpulling manifest [K
pulling 2bada8a74506:  21% ▕███               ▏ 964 MB/4.7 GB  9.5 MB/s   6m33s[K[?25h[?2026l[?2026h[?25l[A[1Gpulling manifest [K
pulling 2bada8a74506:  21% ▕███               ▏ 965 MB/4.7 GB  9.5 MB/s   6m32s[K[?25h[?2026l[?2026h[?25l[A[1Gpulling manifest [K
pulling 2bada8a74506:  21% ▕███               ▏ 966 MB/4.7 GB  9.5 MB/s   6m32s[K[?25h[?2026l[?2026h[?25l[A[1Gpulling manifest [K
pulling 2bada8a74506:  21% ▕███               ▏ 967 MB/4.7 GB  9.5 MB/s   6m32s[K[?25h[?2026l[?2026h[?25l[A[1Gpulling manifest [K
pulling 2bada8a74506:  21% ▕███               ▏ 968 MB/4.7 GB  9.5 MB/s   6m32s[K[?25h[?2026l[?2026h[?25l[A[1Gpulling manifest [K
pulling 2bada8a74506:  21% ▕███               ▏ 968 MB/4.7 GB  9.5 MB/s   6m32s[K[?25h[?2026l[?2026h[?25l[A[1Gpulling manifest [K
pulling 2bada8a74506:  21% ▕███               ▏ 969 MB/4.7 GB  9.5 MB/s   6m32s[K[?25h[?2026l[?2026h[?25l[A[1Gpulling manifest [K
pulling 2bada8a74506:  21% ▕███               ▏ 970 MB/4.7 GB  9.0 MB/s   6m52s[K[?25h[?2026l[?2026h[?25l[A[1Gpulling manifest [K
pulling 2bada8a74506:  21% ▕███               ▏ 971 MB/4.7 GB  9.0 MB/s   6m51s[K[?25h[?2026l[?2026h[?25l[A[1Gpulling manifest [K
pulling 2bada8a74506:  21% ▕███               ▏ 972 MB/4.7 GB  9.0 MB/s   6m51s[K[?25h[?2026l[?2026h[?25l[A[1Gpulling manifest [K
pulling 2bada8a74506:  21% ▕███               ▏ 973 MB/4.7 GB  9.0 MB/s   6m51s[K[?25h[?2026l[?2026h[?25l[A[1Gpulling manifest [K
pulling 2bada8a74506:  21% ▕███               ▏ 973 MB/4.7 GB  9.0 MB/s   6m51s[K[?25h[?2026l[?2026h[?25l[A[1Gpulling manifest [K
pulling 2bada8a74506:  21% ▕███               ▏ 974 MB/4.7 GB  9.0 MB/s   6m51s[K[?25h[?2026l[?2026h[?25l[A[1Gpulling manifest [K
pulling 2bada8a74506:  21% ▕███               ▏ 975 MB/4.7 GB  9.0 MB/s   6m51s[K[?25h[?2026l[?2026h[?25l[A[1Gpulling manifest [K
pulling 2bada8a74506:  21% ▕███               ▏ 975 MB/4.7 GB  9.0 MB/s   6m51s[K[?25h[?2026l[?2026h[?25l[A[1Gpulling manifest [K
pulling 2bada8a74506:  21% ▕███               ▏ 976 MB/4.7 GB  9.0 MB/s   6m51s[K[?25h[?2026l[?2026h[?25l[A[1Gpulling manifest [K
pulling 2bada8a74506:  21% ▕███               ▏ 977 MB/4.7 GB  9.0 MB/s   6m51s[K[?25h[?2026l[?2026h[?25l[A[1Gpulling manifest [K
pulling 2bada8a74506:  21% ▕███               ▏ 977 MB/4.7 GB  9.0 MB/s   6m51s[K[?25h[?2026l[?2026h[?25l[A[1Gpulling manifest [K
pulling 2bada8a74506:  21% ▕███               ▏ 978 MB/4.7 GB  8.6 MB/s    7m9s[K[?25h[?2026l[?2026h[?25l[A[1Gpulling manifest [K
pulling 2bada8a74506:  21% ▕███               ▏ 979 MB/4.7 GB  8.6 MB/s    7m9s[K[?25h[?2026l[?2026h[?25l[A[1Gpulling manifest [K
pulling 2bada8a74506:  21% ▕███               ▏ 980 MB/4.7 GB  8.6 MB/s    7m9s[K[?25h[?2026l[?2026h[?25l[A[1Gpulling manifest [K
pulling 2bada8a74506:  21% ▕███               ▏ 981 MB/4.7 GB  8.6 MB/s    7m9s[K[?25h[?2026l[?2026h[?25l[A[1Gpulling manifest [K
pulling 2bada8a74506:  21% ▕███               ▏ 982 MB/4.7 GB  8.6 MB/s    7m9s[K[?25h[?2026l[?2026h[?25l[A[1Gpulling manifest [K
pulling 2bada8a74506:  21% ▕███               ▏ 982 MB/4.7 GB  8.6 MB/s    7m9s[K[?25h[?2026l[?2026h[?25l[A[1Gpulling manifest [K
pulling 2bada8a74506:  21% ▕███               ▏ 983 MB/4.7 GB  8.6 MB/s    7m9s[K[?25h[?2026l[?2026h[?25l[A[1Gpulling manifest [K
pulling 2bada8a74506:  21% ▕███               ▏ 984 MB/4.7 GB  8.6 MB/s    7m9s[K[?25h[?2026l[?2026h[?25l[A[1Gpulling manifest [K
pulling 2bada8a74506:  21% ▕███               ▏ 984 MB/4.7 GB  8.6 MB/s    7m9s[K[?25h[?2026l[?2026h[?25l[A[1Gpulling manifest [K
pulling 2bada8a74506:  21% ▕███               ▏ 985 MB/4.7 GB  8.6 MB/s    7m9s[K[?25h[?2026l[?2026h[?25l[A[1Gpulling manifest [K
pulling 2bada8a74506:  21% ▕███               ▏ 986 MB/4.7 GB  8.3 MB/s   7m26s[K[?25h[?2026l[?2026h[?25l[A[1Gpulling manifest [K
pulling 2bada8a74506:  21% ▕███               ▏ 987 MB/4.7 GB  8.3 MB/s   7m26s[K[?25h[?2026l[?2026h[?25l[A[1Gpulling manifest [K
pulling 2bada8a74506:  21% ▕███               ▏ 987 MB/4.7 GB  8.3 MB/s   7m26s[K[?25h[?2026l[?2026h[?25l[A[1Gpulling manifest [K
pulling 2bada8a74506:  21% ▕███               ▏ 988 MB/4.7 GB  8.3 MB/s   7m26s[K[?25h[?2026l[?2026h[?25l[A[1Gpulling manifest [K
pulling 2bada8a74506:  21% ▕███               ▏ 989 MB/4.7 GB  8.3 MB/s   7m26s[K[?25h[?2026l[?2026h[?25l[A[1Gpulling manifest [K
pulling 2bada8a74506:  21% ▕███               ▏ 989 MB/4.7 GB  8.3 MB/s   7m25s[K[?25h[?2026l[?2026h[?25l[A[1Gpulling manifest [K
pulling 2bada8a74506:  21% ▕███               ▏ 990 MB/4.7 GB  8.3 MB/s   7m25s[K[?25h[?2026l[?2026h[?25l[A[1Gpulling manifest [K
pulling 2bada8a74506:  21% ▕███               ▏ 991 MB/4.7 GB  8.3 MB/s   7m25s[K[?25h[?2026l[?2026h[?25l[A[1Gpulling manifest [K
pulling 2bada8a74506:  21% ▕███               ▏ 991 MB/4.7 GB  8.3 MB/s   7m25s[K[?25h[?2026l[?2026h[?25l[A[1Gpulling manifest [K
pulling 2bada8a74506:  21% ▕███               ▏ 992 MB/4.7 GB  8.3 MB/s   7m25s[K[?25h[?2026l[?2026h[?25l[A[1Gpulling manifest [K
pulling 2bada8a74506:  21% ▕███               ▏ 993 MB/4.7 GB  7.8 MB/s   7m54s[K[?25h[?2026l[?2026h[?25l[A[1Gpulling manifest [K
pulling 2bada8a74506:  21% ▕███               ▏ 994 MB/4.7 GB  7.8 MB/s   7m54s[K[?25h[?2026l[?2026h[?25l[A[1Gpulling manifest [K
pulling 2bada8a74506:  21% ▕███               ▏ 995 MB/4.7 GB  7.8 MB/s   7m54s[K[?25h[?2026l[?2026h[?25l[A[1Gpulling manifest [K
pulling 2bada8a74506:  21% ▕███               ▏ 995 MB/4.7 GB  7.8 MB/s   7m54s[K[?25h[?2026l[?2026h[?25l[A[1Gpulling manifest [K
pulling 2bada8a74506:  21% ▕███               ▏ 996 MB/4.7 GB  7.8 MB/s   7m54s[K[?25h[?2026l[?2026h[?25l[A[1Gpulling manifest [K
pulling 2bada8a74506:  21% ▕███               ▏ 997 MB/4.7 GB  7.8 MB/s   7m54s[K[?25h[?2026l[?2026h[?25l[A[1Gpulling manifest [K
pulling 2bada8a74506:  21% ▕███               ▏ 997 MB/4.7 GB  7.8 MB/s   7m54s[K[?25h[?2026l[?2026h[?25l[A[1Gpulling manifest [K
pulling 2bada8a74506:  21% ▕███               ▏ 998 MB/4.7 GB  7.8 MB/s   7m54s[K[?25h[?2026l[?2026h[?25l[A[1Gpulling manifest [K
pulling 2bada8a74506:  21% ▕███               ▏ 999 MB/4.7 GB  7.8 MB/s   7m53s[K[?25h[?2026l[?2026h[?25l[A[1Gpulling manifest [K
pulling 2bada8a74506:  21% ▕███               ▏ 1.0 GB/4.7 GB  7.8 MB/s   7m53s[K[?25h[?2026l[?2026h[?25l[A[1Gpulling manifest [K
pulling 2bada8a74506:  21% ▕███               ▏ 1.0 GB/4.7 GB  7.7 MB/s   7m58s[K[?25h[?2026l[?2026h[?25l[A[1Gpulling manifest [K
pulling 2bada8a74506:  21% ▕███               ▏ 1.0 GB/4.7 GB  7.7 MB/s   7m58s[K[?25h[?2026l[?2026h[?25l[A[1Gpulling manifest [K
pulling 2bada8a74506:  21% ▕███               ▏ 1.0 GB/4.7 GB  7.7 MB/s   7m58s[K[?25h[?2026l[?2026h[?25l[A[1Gpulling manifest [K
pulling 2bada8a74506:  21% ▕███               ▏ 1.0 GB/4.7 GB  7.7 MB/s   7m58s[K[?25h[?2026l[?2026h[?25l[A[1Gpulling manifest [K
pulling 2bada8a74506:  21% ▕███               ▏ 1.0 GB/4.7 GB  7.7 MB/s   7m57s[K[?25h[?2026l[?2026h[?25l[A[1Gpulling manifest [K
pulling 2bada8a74506:  21% ▕███               ▏ 1.0 GB/4.7 GB  7.7 MB/s   7m57s[K[?25h[?2026l[?2026h[?25l[A[1Gpulling manifest [K
pulling 2bada8a74506:  21% ▕███               ▏ 1.0 GB/4.7 GB  7.7 MB/s   7m57s[K[?25h[?2026l[?2026h[?25l[A[1Gpulling manifest [K
pulling 2bada8a74506:  22% ▕███               ▏ 1.0 GB/4.7 GB  7.7 MB/s   7m57s[K[?25h[?2026l[?2026h[?25l[A[1Gpulling manifest [K
pulling 2bada8a74506:  22% ▕███               ▏ 1.0 GB/4.7 GB  7.7 MB/s   7m57s[K[?25h[?2026l[?2026h[?25l[A[1Gpulling manifest [K
pulling 2bada8a74506:  22% ▕███               ▏ 1.0 GB/4.7 GB  7.7 MB/s   7m57s[K[?25h[?2026l[?2026h[?25l[A[1Gpulling manifest [K
pulling 2bada8a74506:  22% ▕███               ▏ 1.0 GB/4.7 GB  7.7 MB/s   7m56s[K[?25h[?2026l[?2026h[?25l[A[1Gpulling manifest [K
pulling 2bada8a74506:  22% ▕███               ▏ 1.0 GB/4.7 GB  7.7 MB/s   7m56s[K[?25h[?2026l[?2026h[?25l[A[1Gpulling manifest [K
pulling 2bada8a74506:  22% ▕███               ▏ 1.0 GB/4.7 GB  7.7 MB/s   7m56s[K[?25h[?2026l[?2026h[?25l[A[1Gpulling manifest [K
pulling 2bada8a74506:  22% ▕███               ▏ 1.0 GB/4.7 GB  7.7 MB/s   7m56s[K[?25h[?2026l[?2026h[?25l[A[1Gpulling manifest [K
pulling 2bada8a74506:  22% ▕███               ▏ 1.0 GB/4.7 GB  7.7 MB/s   7m55s[K[?25h[?2026l[?2026h[?25l[A[1Gpulling manifest [K
pulling 2bada8a74506:  22% ▕███               ▏ 1.0 GB/4.7 GB  7.7 MB/s   7m55s[K[?25h[?2026l[?2026h[?25l[A[1Gpulling manifest [K
pulling 2bada8a74506:  22% ▕███               ▏ 1.0 GB/4.7 GB  7.7 MB/s   7m55s[K[?25h[?2026l[?2026h[?25l[A[1Gpulling manifest [K
pulling 2bada8a74506:  22% ▕███               ▏ 1.0 GB/4.7 GB  7.7 MB/s   7m55s[K[?25h[?2026l[?2026h[?25l[A[1Gpulling manifest [K
pulling 2bada8a74506:  22% ▕███               ▏ 1.0 GB/4.7 GB  7.7 MB/s   7m55s[K[?25h[?2026l[?2026h[?25l[A[1Gpulling manifest [K
pulling 2bada8a74506:  22% ▕███               ▏ 1.0 GB/4.7 GB  7.7 MB/s   7m55s[K[?25h[?2026l[?2026h[?25l[A[1Gpulling manifest [K
pulling 2bada8a74506:  22% ▕███               ▏ 1.0 GB/4.7 GB  7.7 MB/s   7m55s[K[?25h[?2026l[?2026h[?25l[A[1Gpulling manifest [K
pulling 2bada8a74506:  22% ▕███               ▏ 1.0 GB/4.7 GB  7.8 MB/s   7m47s[K[?25h[?2026l[?2026h[?25l[A[1Gpulling manifest [K
pulling 2bada8a74506:  22% ▕███               ▏ 1.0 GB/4.7 GB  7.8 MB/s   7m46s[K[?25h[?2026l[?2026h[?25l[A[1Gpulling manifest [K
pulling 2bada8a74506:  22% ▕███               ▏ 1.0 GB/4.7 GB  7.8 MB/s   7m46s[K[?25h[?2026l[?2026h[?25l[A[1Gpulling manifest [K
pulling 2bada8a74506:  22% ▕███               ▏ 1.0 GB/4.7 GB  7.8 MB/s   7m46s[K[?25h[?2026l[?2026h[?25l[A[1Gpulling manifest [K
pulling 2bada8a74506:  22% ▕███               ▏ 1.0 GB/4.7 GB  7.8 MB/s   7m46s[K[?25h[?2026l[?2026h[?25l[A[1Gpulling manifest [K
pulling 2bada8a74506:  22% ▕███               ▏ 1.0 GB/4.7 GB  7.8 MB/s   7m46s[K[?25h[?2026l[?2026h[?25l[A[1Gpulling manifest [K
pulling 2bada8a74506:  22% ▕███               ▏ 1.0 GB/4.7 GB  7.8 MB/s   7m46s[K[?25h[?2026l[?2026h[?25l[A[1Gpulling manifest [K
pulling 2bada8a74506:  22% ▕███               ▏ 1.0 GB/4.7 GB  7.8 MB/s   7m46s[K[?25h[?2026l[?2026h[?25l[A[1Gpulling manifest [K
pulling 2bada8a74506:  22% ▕███               ▏ 1.0 GB/4.7 GB  7.8 MB/s   7m46s[K[?25h[?2026l[?2026h[?25l[A[1Gpulling manifest [K
pulling 2bada8a74506:  22% ▕███               ▏ 1.0 GB/4.7 GB  7.8 MB/s   7m45s[K[?25h[?2026l[?2026h[?25l[A[1Gpulling manifest [K
pulling 2bada8a74506:  22% ▕███               ▏ 1.0 GB/4.7 GB  8.1 MB/s   7m31s[K[?25h[?2026l[?2026h[?25l[A[1Gpulling manifest [K
pulling 2bada8a74506:  22% ▕███               ▏ 1.0 GB/4.7 GB  8.1 MB/s   7m31s[K[?25h[?2026l[?2026h[?25l[A[1Gpulling manifest [K
pulling 2bada8a74506:  22% ▕███               ▏ 1.0 GB/4.7 GB  8.1 MB/s   7m31s[K[?25h[?2026l[?2026h[?25l[A[1Gpulling manifest [K
pulling 2bada8a74506:  22% ▕███               ▏ 1.0 GB/4.7 GB  8.1 MB/s   7m31s[K[?25h[?2026l[?2026h[?25l[A[1Gpulling manifest [K
pulling 2bada8a74506:  22% ▕███               ▏ 1.0 GB/4.7 GB  8.1 MB/s   7m31s[K[?25h[?2026l[?2026h[?25l[A[1Gpulling manifest [K
pulling 2bada8a74506:  22% ▕███               ▏ 1.0 GB/4.7 GB  8.1 MB/s   7m31s[K[?25h[?2026l[?2026h[?25l[A[1Gpulling manifest [K
pulling 2bada8a74506:  22% ▕███               ▏ 1.0 GB/4.7 GB  8.1 MB/s   7m31s[K[?25h[?2026l[?2026h[?25l[A[1Gpulling manifest [K
pulling 2bada8a74506:  22% ▕███               ▏ 1.0 GB/4.7 GB  8.1 MB/s   7m31s[K[?25h[?2026l[?2026h[?25l[A[1Gpulling manifest [K
pulling 2bada8a74506:  22% ▕███               ▏ 1.0 GB/4.7 GB  8.1 MB/s   7m31s[K[?25h[?2026l[?2026h[?25l[A[1Gpulling manifest [K
pulling 2bada8a74506:  22% ▕███               ▏ 1.0 GB/4.7 GB  8.1 MB/s   7m30s[K[?25h[?2026l[?2026h[?25l[A[1Gpulling manifest [K
pulling 2bada8a74506:  22% ▕███               ▏ 1.0 GB/4.7 GB  8.5 MB/s    7m8s[K[?25h[?2026l[?2026h[?25l[A[1Gpulling manifest [K
pulling 2bada8a74506:  22% ▕███               ▏ 1.0 GB/4.7 GB  8.5 MB/s    7m8s[K[?25h[?2026l[?2026h[?25l[A[1Gpulling manifest [K
pulling 2bada8a74506:  22% ▕████              ▏ 1.0 GB/4.7 GB  8.5 MB/s    7m8s[K[?25h[?2026l[?2026h[?25l[A[1Gpulling manifest [K
pulling 2bada8a74506:  22% ▕████              ▏ 1.0 GB/4.7 GB  8.5 MB/s    7m7s[K[?25h[?2026l[?2026h[?25l[A[1Gpulling manifest [K
pulling 2bada8a74506:  22% ▕████              ▏ 1.0 GB/4.7 GB  8.5 MB/s    7m7s[K[?25h[?2026l[?2026h[?25l[A[1Gpulling manifest [K
pulling 2bada8a74506:  22% ▕████              ▏ 1.0 GB/4.7 GB  8.5 MB/s    7m7s[K[?25h[?2026l[?2026h[?25l[A[1Gpulling manifest [K
pulling 2bada8a74506:  22% ▕████              ▏ 1.0 GB/4.7 GB  8.5 MB/s    7m7s[K[?25h[?2026l[?2026h[?25l[A[1Gpulling manifest [K
pulling 2bada8a74506:  22% ▕████              ▏ 1.0 GB/4.7 GB  8.5 MB/s    7m7s[K[?25h[?2026l[?2026h[?25l[A[1Gpulling manifest [K
pulling 2bada8a74506:  22% ▕████              ▏ 1.0 GB/4.7 GB  8.5 MB/s    7m7s[K[?25h[?2026l[?2026h[?25l[A[1Gpulling manifest [K
pulling 2bada8a74506:  22% ▕████              ▏ 1.0 GB/4.7 GB  8.5 MB/s    7m7s[K[?25h[?2026l[?2026h[?25l[A[1Gpulling manifest [K
pulling 2bada8a74506:  22% ▕████              ▏ 1.0 GB/4.7 GB  8.7 MB/s   6m57s[K[?25h[?2026l[?2026h[?25l[A[1Gpulling manifest [K
pulling 2bada8a74506:  22% ▕████              ▏ 1.1 GB/4.7 GB  8.7 MB/s   6m56s[K[?25h[?2026l[?2026h[?25l[A[1Gpulling manifest [K
pulling 2bada8a74506:  22% ▕████              ▏ 1.1 GB/4.7 GB  8.7 MB/s   6m56s[K[?25h[?2026l[?2026h[?25l[A[1Gpulling manifest [K
pulling 2bada8a74506:  22% ▕████              ▏ 1.1 GB/4.7 GB  8.7 MB/s   6m56s[K[?25h[?2026l[?2026h[?25l[A[1Gpulling manifest [K
pulling 2bada8a74506:  22% ▕████              ▏ 1.1 GB/4.7 GB  8.7 MB/s   6m56s[K[?25h[?2026l[?2026h[?25l[A[1Gpulling manifest [K
pulling 2bada8a74506:  22% ▕████              ▏ 1.1 GB/4.7 GB  8.7 MB/s   6m56s[K[?25h[?2026l[?2026h[?25l[A[1Gpulling manifest [K
pulling 2bada8a74506:  23% ▕████              ▏ 1.1 GB/4.7 GB  8.7 MB/s   6m56s[K[?25h[?2026l[?2026h[?25l[A[1Gpulling manifest [K
pulling 2bada8a74506:  23% ▕████              ▏ 1.1 GB/4.7 GB  8.7 MB/s   6m56s[K[?25h[?2026l[?2026h[?25l[A[1Gpulling manifest [K
pulling 2bada8a74506:  23% ▕████              ▏ 1.1 GB/4.7 GB  8.7 MB/s   6m56s[K[?25h[?2026l[?2026h[?25l[A[1Gpulling manifest [K
pulling 2bada8a74506:  23% ▕████              ▏ 1.1 GB/4.7 GB  8.7 MB/s   6m56s[K[?25h[?2026l[?2026h[?25l[A[1Gpulling manifest [K
pulling 2bada8a74506:  23% ▕████              ▏ 1.1 GB/4.7 GB  8.9 MB/s   6m45s[K[?25h[?2026l[?2026h[?25l[A[1Gpulling manifest [K
pulling 2bada8a74506:  23% ▕████              ▏ 1.1 GB/4.7 GB  8.9 MB/s   6m45s[K[?25h[?2026l[?2026h[?25l[A[1Gpulling manifest [K
pulling 2bada8a74506:  23% ▕████              ▏ 1.1 GB/4.7 GB  8.9 MB/s   6m45s[K[?25h[?2026l[?2026h[?25l[A[1Gpulling manifest [K
pulling 2bada8a74506:  23% ▕████              ▏ 1.1 GB/4.7 GB  8.9 MB/s   6m45s[K[?25h[?2026l[?2026h[?25l[A[1Gpulling manifest [K
pulling 2bada8a74506:  23% ▕████              ▏ 1.1 GB/4.7 GB  8.9 MB/s   6m45s[K[?25h[?2026l[?2026h[?25l[A[1Gpulling manifest [K
pulling 2bada8a74506:  23% ▕████              ▏ 1.1 GB/4.7 GB  8.9 MB/s   6m45s[K[?25h[?2026l[?2026h[?25l[A[1Gpulling manifest [K
pulling 2bada8a74506:  23% ▕████              ▏ 1.1 GB/4.7 GB  8.9 MB/s   6m45s[K[?25h[?2026l[?2026h[?25l[A[1Gpulling manifest [K
pulling 2bada8a74506:  23% ▕████              ▏ 1.1 GB/4.7 GB  8.9 MB/s   6m45s[K[?25h[?2026l[?2026h[?25l[A[1Gpulling manifest [K
pulling 2bada8a74506:  23% ▕████              ▏ 1.1 GB/4.7 GB  8.9 MB/s   6m45s[K[?25h[?2026l[?2026h[?25l[A[1Gpulling manifest [K
pulling 2bada8a74506:  23% ▕████              ▏ 1.1 GB/4.7 GB  8.9 MB/s   6m44s[K[?25h[?2026l[?2026h[?25l[A[1Gpulling manifest [K
pulling 2bada8a74506:  23% ▕████              ▏ 1.1 GB/4.7 GB  8.9 MB/s   6m44s[K[?25h[?2026l[?2026h[?25l[A[1Gpulling manifest [K
pulling 2bada8a74506:  23% ▕████              ▏ 1.1 GB/4.7 GB  9.1 MB/s   6m37s[K[?25h[?2026l[?2026h[?25l[A[1Gpulling manifest [K
pulling 2bada8a74506:  23% ▕████              ▏ 1.1 GB/4.7 GB  9.1 MB/s   6m37s[K[?25h[?2026l[?2026h[?25l[A[1Gpulling manifest [K
pulling 2bada8a74506:  23% ▕████              ▏ 1.1 GB/4.7 GB  9.1 MB/s   6m37s[K[?25h[?2026l[?2026h[?25l[A[1Gpulling manifest [K
pulling 2bada8a74506:  23% ▕████              ▏ 1.1 GB/4.7 GB  9.1 MB/s   6m37s[K[?25h[?2026l[?2026h[?25l[A[1Gpulling manifest [K
pulling 2bada8a74506:  23% ▕████              ▏ 1.1 GB/4.7 GB  9.1 MB/s   6m37s[K[?25h[?2026l[?2026h[?25l[A[1Gpulling manifest [K
pulling 2bada8a74506:  23% ▕████              ▏ 1.1 GB/4.7 GB  9.1 MB/s   6m37s[K[?25h[?2026l[?2026h[?25l[A[1Gpulling manifest [K
pulling 2bada8a74506:  23% ▕████              ▏ 1.1 GB/4.7 GB  9.1 MB/s   6m37s[K[?25h[?2026l[?2026h[?25l[A[1Gpulling manifest [K
pulling 2bada8a74506:  23% ▕████              ▏ 1.1 GB/4.7 GB  9.1 MB/s   6m37s[K[?25h[?2026l[?2026h[?25l[A[1Gpulling manifest [K
pulling 2bada8a74506:  23% ▕████              ▏ 1.1 GB/4.7 GB  9.1 MB/s   6m37s[K[?25h[?2026l[?2026h[?25l[A[1Gpulling manifest [K
pulling 2bada8a74506:  23% ▕████              ▏ 1.1 GB/4.7 GB  9.1 MB/s   6m36s[K[?25h[?2026l[?2026h[?25l[A[1Gpulling manifest [K
pulling 2bada8a74506:  23% ▕████              ▏ 1.1 GB/4.7 GB  9.4 MB/s   6m24s[K[?25h[?2026l[?2026h[?25l[A[1Gpulling manifest [K
pulling 2bada8a74506:  23% ▕████              ▏ 1.1 GB/4.7 GB  9.4 MB/s   6m24s[K[?25h[?2026l[?2026h[?25l[A[1Gpulling manifest [K
pulling 2bada8a74506:  23% ▕████              ▏ 1.1 GB/4.7 GB  9.4 MB/s   6m24s[K[?25h[?2026l[?2026h[?25l[A[1Gpulling manifest [K
pulling 2bada8a74506:  23% ▕████              ▏ 1.1 GB/4.7 GB  9.4 MB/s   6m24s[K[?25h[?2026l[?2026h[?25l[A[1Gpulling manifest [K
pulling 2bada8a74506:  23% ▕████              ▏ 1.1 GB/4.7 GB  9.4 MB/s   6m24s[K[?25h[?2026l[?2026h[?25l[A[1Gpulling manifest [K
pulling 2bada8a74506:  23% ▕████              ▏ 1.1 GB/4.7 GB  9.4 MB/s   6m23s[K[?25h[?2026l[?2026h[?25l[A[1Gpulling manifest [K
pulling 2bada8a74506:  23% ▕████              ▏ 1.1 GB/4.7 GB  9.4 MB/s   6m23s[K[?25h[?2026l[?2026h[?25l[A[1Gpulling manifest [K
pulling 2bada8a74506:  23% ▕████              ▏ 1.1 GB/4.7 GB  9.4 MB/s   6m23s[K[?25h[?2026l[?2026h[?25l[A[1Gpulling manifest [K
pulling 2bada8a74506:  23% ▕████              ▏ 1.1 GB/4.7 GB  9.4 MB/s   6m23s[K[?25h[?2026l[?2026h[?25l[A[1Gpulling manifest [K
pulling 2bada8a74506:  23% ▕████              ▏ 1.1 GB/4.7 GB  9.4 MB/s   6m23s[K[?25h[?2026l[?2026h[?25l[A[1Gpulling manifest [K
pulling 2bada8a74506:  23% ▕████              ▏ 1.1 GB/4.7 GB  9.6 MB/s   6m13s[K[?25h[?2026l[?2026h[?25l[A[1Gpulling manifest [K
pulling 2bada8a74506:  23% ▕████              ▏ 1.1 GB/4.7 GB  9.6 MB/s   6m13s[K[?25h[?2026l[?2026h[?25l[A[1Gpulling manifest [K
pulling 2bada8a74506:  23% ▕████              ▏ 1.1 GB/4.7 GB  9.6 MB/s   6m12s[K[?25h[?2026l[?2026h[?25l[A[1Gpulling manifest [K
pulling 2bada8a74506:  23% ▕████              ▏ 1.1 GB/4.7 GB  9.6 MB/s   6m12s[K[?25h[?2026l[?2026h[?25l[A[1Gpulling manifest [K
pulling 2bada8a74506:  23% ▕████              ▏ 1.1 GB/4.7 GB  9.6 MB/s   6m12s[K[?25h[?2026l[?2026h[?25l[A[1Gpulling manifest [K
pulling 2bada8a74506:  23% ▕████              ▏ 1.1 GB/4.7 GB  9.6 MB/s   6m12s[K[?25h[?2026l[?2026h[?25l[A[1Gpulling manifest [K
pulling 2bada8a74506:  23% ▕████              ▏ 1.1 GB/4.7 GB  9.6 MB/s   6m12s[K[?25h[?2026l[?2026h[?25l[A[1Gpulling manifest [K
pulling 2bada8a74506:  23% ▕████              ▏ 1.1 GB/4.7 GB  9.6 MB/s   6m12s[K[?25h[?2026l[?2026h[?25l[A[1Gpulling manifest [K
pulling 2bada8a74506:  23% ▕████              ▏ 1.1 GB/4.7 GB  9.6 MB/s   6m12s[K[?25h[?2026l[?2026h[?25l[A[1Gpulling manifest [K
pulling 2bada8a74506:  23% ▕████              ▏ 1.1 GB/4.7 GB  9.6 MB/s   6m12s[K[?25h[?2026l[?2026h[?25l[A[1Gpulling manifest [K
pulling 2bada8a74506:  23% ▕████              ▏ 1.1 GB/4.7 GB  9.9 MB/s    6m3s[K[?25h[?2026l[?2026h[?25l[A[1Gpulling manifest [K
pulling 2bada8a74506:  23% ▕████              ▏ 1.1 GB/4.7 GB  9.9 MB/s    6m3s[K[?25h[?2026l[?2026h[?25l[A[1Gpulling manifest [K
pulling 2bada8a74506:  23% ▕████              ▏ 1.1 GB/4.7 GB  9.9 MB/s    6m3s[K[?25h[?2026l[?2026h[?25l[A[1Gpulling manifest [K
pulling 2bada8a74506:  24% ▕████              ▏ 1.1 GB/4.7 GB  9.9 MB/s    6m3s[K[?25h[?2026l[?2026h[?25l[A[1Gpulling manifest [K
pulling 2bada8a74506:  24% ▕████              ▏ 1.1 GB/4.7 GB  9.9 MB/s    6m3s[K[?25h[?2026l[?2026h[?25l[A[1Gpulling manifest [K
pulling 2bada8a74506:  24% ▕████              ▏ 1.1 GB/4.7 GB  9.9 MB/s    6m2s[K[?25h[?2026l[?2026h[?25l[A[1Gpulling manifest [K
pulling 2bada8a74506:  24% ▕████              ▏ 1.1 GB/4.7 GB  9.9 MB/s    6m2s[K[?25h[?2026l[?2026h[?25l[A[1Gpulling manifest [K
pulling 2bada8a74506:  24% ▕████              ▏ 1.1 GB/4.7 GB  9.9 MB/s    6m2s[K[?25h[?2026l[?2026h[?25l[A[1Gpulling manifest [K
pulling 2bada8a74506:  24% ▕████              ▏ 1.1 GB/4.7 GB  9.9 MB/s    6m2s[K[?25h[?2026l[?2026h[?25l[A[1Gpulling manifest [K
pulling 2bada8a74506:  24% ▕████              ▏ 1.1 GB/4.7 GB  9.9 MB/s    6m2s[K[?25h[?2026l[?2026h[?25l[A[1Gpulling manifest [K
pulling 2bada8a74506:  24% ▕████              ▏ 1.1 GB/4.7 GB  9.9 MB/s    6m1s[K[?25h[?2026l[?2026h[?25l[A[1Gpulling manifest [K
pulling 2bada8a74506:  24% ▕████              ▏ 1.1 GB/4.7 GB  9.9 MB/s    6m1s[K[?25h[?2026l[?2026h[?25l[A[1Gpulling manifest [K
pulling 2bada8a74506:  24% ▕████              ▏ 1.1 GB/4.7 GB  9.9 MB/s    6m1s[K[?25h[?2026l[?2026h[?25l[A[1Gpulling manifest [K
pulling 2bada8a74506:  24% ▕████              ▏ 1.1 GB/4.7 GB  9.9 MB/s    6m1s[K[?25h[?2026l[?2026h[?25l[A[1Gpulling manifest [K
pulling 2bada8a74506:  24% ▕████              ▏ 1.1 GB/4.7 GB  9.9 MB/s    6m1s[K[?25h[?2026l[?2026h[?25l[A[1Gpulling manifest [K
pulling 2bada8a74506:  24% ▕████              ▏ 1.1 GB/4.7 GB  9.9 MB/s    6m1s[K[?25h[?2026l[?2026h[?25l[A[1Gpulling manifest [K
pulling 2bada8a74506:  24% ▕████              ▏ 1.1 GB/4.7 GB  9.9 MB/s    6m1s[K[?25h[?2026l[?2026h[?25l[A[1Gpulling manifest [K
pulling 2bada8a74506:  24% ▕████              ▏ 1.1 GB/4.7 GB  9.9 MB/s    6m1s[K[?25h[?2026l[?2026h[?25l[A[1Gpulling manifest [K
pulling 2bada8a74506:  24% ▕████              ▏ 1.1 GB/4.7 GB  9.9 MB/s    6m0s[K[?25h[?2026l[?2026h[?25l[A[1Gpulling manifest [K
pulling 2bada8a74506:  24% ▕████              ▏ 1.1 GB/4.7 GB  9.9 MB/s    6m0s[K[?25h[?2026l[?2026h[?25l[A[1Gpulling manifest [K
pulling 2bada8a74506:  24% ▕████              ▏ 1.1 GB/4.7 GB  9.9 MB/s    6m0s[K[?25h[?2026l[?2026h[?25l[A[1Gpulling manifest [K
pulling 2bada8a74506:  24% ▕████              ▏ 1.1 GB/4.7 GB  9.8 MB/s    6m4s[K[?25h[?2026l[?2026h[?25l[A[1Gpulling manifest [K
pulling 2bada8a74506:  24% ▕████              ▏ 1.1 GB/4.7 GB  9.8 MB/s    6m4s[K[?25h[?2026l[?2026h[?25l[A[1Gpulling manifest [K
pulling 2bada8a74506:  24% ▕████              ▏ 1.1 GB/4.7 GB  9.8 MB/s    6m4s[K[?25h[?2026l[?2026h[?25l[A[1Gpulling manifest [K
pulling 2bada8a74506:  24% ▕████              ▏ 1.1 GB/4.7 GB  9.8 MB/s    6m4s[K[?25h[?2026l[?2026h[?25l[A[1Gpulling manifest [K
pulling 2bada8a74506:  24% ▕████              ▏ 1.1 GB/4.7 GB  9.8 MB/s    6m4s[K[?25h[?2026l[?2026h[?25l[A[1Gpulling manifest [K
pulling 2bada8a74506:  24% ▕████              ▏ 1.1 GB/4.7 GB  9.8 MB/s    6m3s[K[?25h[?2026l[?2026h[?25l[A[1Gpulling manifest [K
pulling 2bada8a74506:  24% ▕████              ▏ 1.1 GB/4.7 GB  9.8 MB/s    6m3s[K[?25h[?2026l[?2026h[?25l[A[1Gpulling manifest [K
pulling 2bada8a74506:  24% ▕████              ▏ 1.1 GB/4.7 GB  9.8 MB/s    6m3s[K[?25h[?2026l[?2026h[?25l[A[1Gpulling manifest [K
pulling 2bada8a74506:  24% ▕████              ▏ 1.1 GB/4.7 GB  9.8 MB/s    6m3s[K[?25h[?2026l[?2026h[?25l[A[1Gpulling manifest [K
pulling 2bada8a74506:  24% ▕████              ▏ 1.1 GB/4.7 GB  9.8 MB/s    6m3s[K[?25h[?2026l[?2026h[?25l[A[1Gpulling manifest [K
pulling 2bada8a74506:  24% ▕████              ▏ 1.1 GB/4.7 GB  9.8 MB/s    6m4s[K[?25h[?2026l[?2026h[?25l[A[1Gpulling manifest [K
pulling 2bada8a74506:  24% ▕████              ▏ 1.1 GB/4.7 GB  9.8 MB/s    6m4s[K[?25h[?2026l[?2026h[?25l[A[1Gpulling manifest [K
pulling 2bada8a74506:  24% ▕████              ▏ 1.1 GB/4.7 GB  9.8 MB/s    6m4s[K[?25h[?2026l[?2026h[?25l[A[1Gpulling manifest [K
pulling 2bada8a74506:  24% ▕████              ▏ 1.1 GB/4.7 GB  9.8 MB/s    6m4s[K[?25h[?2026l[?2026h[?25l[A[1Gpulling manifest [K
pulling 2bada8a74506:  24% ▕████              ▏ 1.1 GB/4.7 GB  9.8 MB/s    6m4s[K[?25h[?2026l[?2026h[?25l[A[1Gpulling manifest [K
pulling 2bada8a74506:  24% ▕████              ▏ 1.1 GB/4.7 GB  9.8 MB/s    6m4s[K[?25h[?2026l[?2026h[?25l[A[1Gpulling manifest [K
pulling 2bada8a74506:  24% ▕████              ▏ 1.1 GB/4.7 GB  9.8 MB/s    6m3s[K[?25h[?2026l[?2026h[?25l[A[1Gpulling manifest [K
pulling 2bada8a74506:  24% ▕████              ▏ 1.1 GB/4.7 GB  9.8 MB/s    6m3s[K[?25h[?2026l[?2026h[?25l[A[1Gpulling manifest [K
pulling 2bada8a74506:  24% ▕████              ▏ 1.1 GB/4.7 GB  9.8 MB/s    6m3s[K[?25h[?2026l[?2026h[?25l[A[1Gpulling manifest [K
pulling 2bada8a74506:  24% ▕████              ▏ 1.1 GB/4.7 GB  9.8 MB/s    6m3s[K[?25h[?2026l[?2026h[?25l[A[1Gpulling manifest [K
pulling 2bada8a74506:  24% ▕████              ▏ 1.1 GB/4.7 GB  9.9 MB/s   5m58s[K[?25h[?2026l[?2026h[?25l[A[1Gpulling manifest [K
pulling 2bada8a74506:  24% ▕████              ▏ 1.1 GB/4.7 GB  9.9 MB/s   5m58s[K[?25h[?2026l[?2026h[?25l[A[1Gpulling manifest [K
pulling 2bada8a74506:  24% ▕████              ▏ 1.1 GB/4.7 GB  9.9 MB/s   5m58s[K[?25h[?2026l[?2026h[?25l[A[1Gpulling manifest [K
pulling 2bada8a74506:  24% ▕████              ▏ 1.1 GB/4.7 GB  9.9 MB/s   5m58s[K[?25h[?2026l[?2026h[?25l[A[1Gpulling manifest [K
pulling 2bada8a74506:  24% ▕████              ▏ 1.1 GB/4.7 GB  9.9 MB/s   5m58s[K[?25h[?2026l[?2026h[?25l[A[1Gpulling manifest [K
pulling 2bada8a74506:  24% ▕████              ▏ 1.1 GB/4.7 GB  9.9 MB/s   5m58s[K[?25h[?2026l[?2026h[?25l[A[1Gpulling manifest [K
pulling 2bada8a74506:  24% ▕████              ▏ 1.1 GB/4.7 GB  9.9 MB/s   5m58s[K[?25h[?2026l[?2026h[?25l[A[1Gpulling manifest [K
pulling 2bada8a74506:  24% ▕████              ▏ 1.1 GB/4.7 GB  9.9 MB/s   5m58s[K[?25h[?2026l[?2026h[?25l[A[1Gpulling manifest [K
pulling 2bada8a74506:  24% ▕████              ▏ 1.1 GB/4.7 GB  9.9 MB/s   5m58s[K[?25h[?2026l[?2026h[?25l[A[1Gpulling manifest [K
pulling 2bada8a74506:  25% ▕████              ▏ 1.1 GB/4.7 GB  9.9 MB/s   5m57s[K[?25h[?2026l[?2026h[?25l[A[1Gpulling manifest [K
pulling 2bada8a74506:  25% ▕████              ▏ 1.1 GB/4.7 GB   10 MB/s   5m52s[K[?25h[?2026l[?2026h[?25l[A[1Gpulling manifest [K
pulling 2bada8a74506:  25% ▕████              ▏ 1.2 GB/4.7 GB   10 MB/s   5m52s[K[?25h[?2026l[?2026h[?25l[A[1Gpulling manifest [K
pulling 2bada8a74506:  25% ▕████              ▏ 1.2 GB/4.7 GB   10 MB/s   5m52s[K[?25h[?2026l[?2026h[?25l[A[1Gpulling manifest [K
pulling 2bada8a74506:  25% ▕████              ▏ 1.2 GB/4.7 GB   10 MB/s   5m52s[K[?25h[?2026l[?2026h[?25l[A[1Gpulling manifest [K
pulling 2bada8a74506:  25% ▕████              ▏ 1.2 GB/4.7 GB   10 MB/s   5m52s[K[?25h[?2026l[?2026h[?25l[A[1Gpulling manifest [K
pulling 2bada8a74506:  25% ▕████              ▏ 1.2 GB/4.7 GB   10 MB/s   5m51s[K[?25h[?2026l[?2026h[?25l[A[1Gpulling manifest [K
pulling 2bada8a74506:  25% ▕████              ▏ 1.2 GB/4.7 GB   10 MB/s   5m51s[K[?25h[?2026l[?2026h[?25l[A[1Gpulling manifest [K
pulling 2bada8a74506:  25% ▕████              ▏ 1.2 GB/4.7 GB   10 MB/s   5m51s[K[?25h[?2026l[?2026h[?25l[A[1Gpulling manifest [K
pulling 2bada8a74506:  25% ▕████              ▏ 1.2 GB/4.7 GB   10 MB/s   5m51s[K[?25h[?2026l[?2026h[?25l[A[1Gpulling manifest [K
pulling 2bada8a74506:  25% ▕████              ▏ 1.2 GB/4.7 GB   10 MB/s   5m51s[K[?25h[?2026l[?2026h[?25l[A[1Gpulling manifest [K
pulling 2bada8a74506:  25% ▕████              ▏ 1.2 GB/4.7 GB   10 MB/s   5m51s[K[?25h[?2026l[?2026h[?25l[A[1Gpulling manifest [K
pulling 2bada8a74506:  25% ▕████              ▏ 1.2 GB/4.7 GB   10 MB/s   5m51s[K[?25h[?2026l[?2026h[?25l[A[1Gpulling manifest [K
pulling 2bada8a74506:  25% ▕████              ▏ 1.2 GB/4.7 GB   10 MB/s   5m50s[K[?25h[?2026l[?2026h[?25l[A[1Gpulling manifest [K
pulling 2bada8a74506:  25% ▕████              ▏ 1.2 GB/4.7 GB   10 MB/s   5m50s[K[?25h[?2026l[?2026h[?25l[A[1Gpulling manifest [K
pulling 2bada8a74506:  25% ▕████              ▏ 1.2 GB/4.7 GB   10 MB/s   5m50s[K[?25h[?2026l[?2026h[?25l[A[1Gpulling manifest [K
pulling 2bada8a74506:  25% ▕████              ▏ 1.2 GB/4.7 GB   10 MB/s   5m50s[K[?25h[?2026l[?2026h[?25l[A[1Gpulling manifest [K
pulling 2bada8a74506:  25% ▕████              ▏ 1.2 GB/4.7 GB   10 MB/s   5m50s[K[?25h[?2026l[?2026h[?25l[A[1Gpulling manifest [K
pulling 2bada8a74506:  25% ▕████              ▏ 1.2 GB/4.7 GB   10 MB/s   5m50s[K[?25h[?2026l[?2026h[?25l[A[1Gpulling manifest [K
pulling 2bada8a74506:  25% ▕████              ▏ 1.2 GB/4.7 GB   10 MB/s   5m50s[K[?25h[?2026l[?2026h[?25l[A[1Gpulling manifest [K
pulling 2bada8a74506:  25% ▕████              ▏ 1.2 GB/4.7 GB   10 MB/s   5m50s[K[?25h[?2026l[?2026h[?25l[A[1Gpulling manifest [K
pulling 2bada8a74506:  25% ▕████              ▏ 1.2 GB/4.7 GB   10 MB/s   5m50s[K[?25h[?2026l[?2026h[?25l[A[1Gpulling manifest [K
pulling 2bada8a74506:  25% ▕████              ▏ 1.2 GB/4.7 GB   10 MB/s   5m49s[K[?25h[?2026l[?2026h[?25l[A[1Gpulling manifest [K
pulling 2bada8a74506:  25% ▕████              ▏ 1.2 GB/4.7 GB   10 MB/s   5m49s[K[?25h[?2026l[?2026h[?25l[A[1Gpulling manifest [K
pulling 2bada8a74506:  25% ▕████              ▏ 1.2 GB/4.7 GB   10 MB/s   5m49s[K[?25h[?2026l[?2026h[?25l[A[1Gpulling manifest [K
pulling 2bada8a74506:  25% ▕████              ▏ 1.2 GB/4.7 GB   10 MB/s   5m49s[K[?25h[?2026l[?2026h[?25l[A[1Gpulling manifest [K
pulling 2bada8a74506:  25% ▕████              ▏ 1.2 GB/4.7 GB   10 MB/s   5m48s[K[?25h[?2026l[?2026h[?25l[A[1Gpulling manifest [K
pulling 2bada8a74506:  25% ▕████              ▏ 1.2 GB/4.7 GB   10 MB/s   5m48s[K[?25h[?2026l[?2026h[?25l[A[1Gpulling manifest [K
pulling 2bada8a74506:  25% ▕████              ▏ 1.2 GB/4.7 GB   10 MB/s   5m48s[K[?25h[?2026l[?2026h[?25l[A[1Gpulling manifest [K
pulling 2bada8a74506:  25% ▕████              ▏ 1.2 GB/4.7 GB   10 MB/s   5m48s[K[?25h[?2026l[?2026h[?25l[A[1Gpulling manifest [K
pulling 2bada8a74506:  25% ▕████              ▏ 1.2 GB/4.7 GB   10 MB/s   5m48s[K[?25h[?2026l[?2026h[?25l[A[1Gpulling manifest [K
pulling 2bada8a74506:  25% ▕████              ▏ 1.2 GB/4.7 GB   10 MB/s   5m48s[K[?25h[?2026l[?2026h[?25l[A[1Gpulling manifest [K
pulling 2bada8a74506:  25% ▕████              ▏ 1.2 GB/4.7 GB   10 MB/s   5m48s[K[?25h[?2026l[?2026h[?25l[A[1Gpulling manifest [K
pulling 2bada8a74506:  25% ▕████              ▏ 1.2 GB/4.7 GB   10 MB/s   5m48s[K[?25h[?2026l[?2026h[?25l[A[1Gpulling manifest [K
pulling 2bada8a74506:  25% ▕████              ▏ 1.2 GB/4.7 GB   10 MB/s   5m48s[K[?25h[?2026l[?2026h[?25l[A[1Gpulling manifest [K
pulling 2bada8a74506:  25% ▕████              ▏ 1.2 GB/4.7 GB   10 MB/s   5m47s[K[?25h[?2026l[?2026h[?25l[A[1Gpulling manifest [K
pulling 2bada8a74506:  25% ▕████              ▏ 1.2 GB/4.7 GB   10 MB/s   5m47s[K[?25h[?2026l[?2026h[?25l[A[1Gpulling manifest [K
pulling 2bada8a74506:  25% ▕████              ▏ 1.2 GB/4.7 GB   10 MB/s   5m47s[K[?25h[?2026l[?2026h[?25l[A[1Gpulling manifest [K
pulling 2bada8a74506:  25% ▕████              ▏ 1.2 GB/4.7 GB   10 MB/s   5m47s[K[?25h[?2026l[?2026h[?25l[A[1Gpulling manifest [K
pulling 2bada8a74506:  25% ▕████              ▏ 1.2 GB/4.7 GB   10 MB/s   5m47s[K[?25h[?2026l[?2026h[?25l[A[1Gpulling manifest [K
pulling 2bada8a74506:  25% ▕████              ▏ 1.2 GB/4.7 GB   10 MB/s   5m47s[K[?25h[?2026l[?2026h[?25l[A[1Gpulling manifest [K
pulling 2bada8a74506:  25% ▕████              ▏ 1.2 GB/4.7 GB   10 MB/s   5m47s[K[?25h[?2026l[?2026h[?25l[A[1Gpulling manifest [K
pulling 2bada8a74506:  25% ▕████             ▏ 1.2 GB/4.7 GB  10.0 MB/s   5m50s[K[?25h[?2026l[?2026h[?25l[A[1Gpulling manifest [K
pulling 2bada8a74506:  25% ▕████             ▏ 1.2 GB/4.7 GB  10.0 MB/s   5m50s[K[?25h[?2026l[?2026h[?25l[A[1Gpulling manifest [K
pulling 2bada8a74506:  25% ▕████             ▏ 1.2 GB/4.7 GB  10.0 MB/s   5m50s[K[?25h[?2026l[?2026h[?25l[A[1Gpulling manifest [K
pulling 2bada8a74506:  25% ▕████             ▏ 1.2 GB/4.7 GB  10.0 MB/s   5m50s[K[?25h[?2026l[?2026h[?25l[A[1Gpulling manifest [K
pulling 2bada8a74506:  25% ▕████             ▏ 1.2 GB/4.7 GB  10.0 MB/s   5m49s[K[?25h[?2026l[?2026h[?25l[A[1Gpulling manifest [K
pulling 2bada8a74506:  25% ▕████             ▏ 1.2 GB/4.7 GB  10.0 MB/s   5m49s[K[?25h[?2026l[?2026h[?25l[A[1Gpulling manifest [K
pulling 2bada8a74506:  26% ▕████             ▏ 1.2 GB/4.7 GB  10.0 MB/s   5m49s[K[?25h[?2026l[?2026h[?25l[A[1Gpulling manifest [K
pulling 2bada8a74506:  26% ▕████             ▏ 1.2 GB/4.7 GB  10.0 MB/s   5m49s[K[?25h[?2026l[?2026h[?25l[A[1Gpulling manifest [K
pulling 2bada8a74506:  26% ▕████             ▏ 1.2 GB/4.7 GB  10.0 MB/s   5m49s[K[?25h[?2026l[?2026h[?25l[A[1Gpulling manifest [K
pulling 2bada8a74506:  26% ▕████             ▏ 1.2 GB/4.7 GB  10.0 MB/s   5m49s[K[?25h[?2026l[?2026h[?25l[A[1Gpulling manifest [K
pulling 2bada8a74506:  26% ▕████              ▏ 1.2 GB/4.7 GB   10 MB/s   5m46s[K[?25h[?2026l[?2026h[?25l[A[1Gpulling manifest [K
pulling 2bada8a74506:  26% ▕████              ▏ 1.2 GB/4.7 GB   10 MB/s   5m46s[K[?25h[?2026l[?2026h[?25l[A[1Gpulling manifest [K
pulling 2bada8a74506:  26% ▕████              ▏ 1.2 GB/4.7 GB   10 MB/s   5m46s[K[?25h[?2026l[?2026h[?25l[A[1Gpulling manifest [K
pulling 2bada8a74506:  26% ▕████              ▏ 1.2 GB/4.7 GB   10 MB/s   5m45s[K[?25h[?2026l[?2026h[?25l[A[1Gpulling manifest [K
pulling 2bada8a74506:  26% ▕████              ▏ 1.2 GB/4.7 GB   10 MB/s   5m45s[K[?25h[?2026l[?2026h[?25l[A[1Gpulling manifest [K
pulling 2bada8a74506:  26% ▕████              ▏ 1.2 GB/4.7 GB   10 MB/s   5m45s[K[?25h[?2026l[?2026h[?25l[A[1Gpulling manifest [K
pulling 2bada8a74506:  26% ▕████              ▏ 1.2 GB/4.7 GB   10 MB/s   5m45s[K[?25h[?2026l[?2026h[?25l[A[1Gpulling manifest [K
pulling 2bada8a74506:  26% ▕████              ▏ 1.2 GB/4.7 GB   10 MB/s   5m45s[K[?25h[?2026l[?2026h[?25l[A[1Gpulling manifest [K
pulling 2bada8a74506:  26% ▕████              ▏ 1.2 GB/4.7 GB   10 MB/s   5m45s[K[?25h[?2026l[?2026h[?25l[A[1Gpulling manifest [K
pulling 2bada8a74506:  26% ▕████              ▏ 1.2 GB/4.7 GB   10 MB/s   5m45s[K[?25h[?2026l[?2026h[?25l[A[1Gpulling manifest [K
pulling 2bada8a74506:  26% ▕████              ▏ 1.2 GB/4.7 GB   10 MB/s   5m42s[K[?25h[?2026l[?2026h[?25l[A[1Gpulling manifest [K
pulling 2bada8a74506:  26% ▕████              ▏ 1.2 GB/4.7 GB   10 MB/s   5m42s[K[?25h[?2026l[?2026h[?25l[A[1Gpulling manifest [K
pulling 2bada8a74506:  26% ▕████              ▏ 1.2 GB/4.7 GB   10 MB/s   5m42s[K[?25h[?2026l[?2026h[?25l[A[1Gpulling manifest [K
pulling 2bada8a74506:  26% ▕████              ▏ 1.2 GB/4.7 GB   10 MB/s   5m42s[K[?25h[?2026l[?2026h[?25l[A[1Gpulling manifest [K
pulling 2bada8a74506:  26% ▕████              ▏ 1.2 GB/4.7 GB   10 MB/s   5m41s[K[?25h[?2026l[?2026h[?25l[A[1Gpulling manifest [K
pulling 2bada8a74506:  26% ▕████              ▏ 1.2 GB/4.7 GB   10 MB/s   5m41s[K[?25h[?2026l[?2026h[?25l[A[1Gpulling manifest [K
pulling 2bada8a74506:  26% ▕████              ▏ 1.2 GB/4.7 GB   10 MB/s   5m41s[K[?25h[?2026l[?2026h[?25l[A[1Gpulling manifest [K
pulling 2bada8a74506:  26% ▕████              ▏ 1.2 GB/4.7 GB   10 MB/s   5m41s[K[?25h[?2026l[?2026h[?25l[A[1Gpulling manifest [K
pulling 2bada8a74506:  26% ▕████              ▏ 1.2 GB/4.7 GB   10 MB/s   5m41s[K[?25h[?2026l[?2026h[?25l[A[1Gpulling manifest [K
pulling 2bada8a74506:  26% ▕████              ▏ 1.2 GB/4.7 GB   10 MB/s   5m41s[K[?25h[?2026l[?2026h[?25l[A[1Gpulling manifest [K
pulling 2bada8a74506:  26% ▕████              ▏ 1.2 GB/4.7 GB   10 MB/s   5m41s[K[?25h[?2026l[?2026h[?25l[A[1Gpulling manifest [K
pulling 2bada8a74506:  26% ▕████              ▏ 1.2 GB/4.7 GB   10 MB/s   5m42s[K[?25h[?2026l[?2026h[?25l[A[1Gpulling manifest [K
pulling 2bada8a74506:  26% ▕████              ▏ 1.2 GB/4.7 GB   10 MB/s   5m42s[K[?25h[?2026l[?2026h[?25l[A[1Gpulling manifest [K
pulling 2bada8a74506:  26% ▕████              ▏ 1.2 GB/4.7 GB   10 MB/s   5m42s[K[?25h[?2026l[?2026h[?25l[A[1Gpulling manifest [K
pulling 2bada8a74506:  26% ▕████              ▏ 1.2 GB/4.7 GB   10 MB/s   5m41s[K[?25h[?2026l[?2026h[?25l[A[1Gpulling manifest [K
pulling 2bada8a74506:  26% ▕████              ▏ 1.2 GB/4.7 GB   10 MB/s   5m41s[K[?25h[?2026l[?2026h[?25l[A[1Gpulling manifest [K
pulling 2bada8a74506:  26% ▕████              ▏ 1.2 GB/4.7 GB   10 MB/s   5m41s[K[?25h[?2026l[?2026h[?25l[A[1Gpulling manifest [K
pulling 2bada8a74506:  26% ▕████              ▏ 1.2 GB/4.7 GB   10 MB/s   5m41s[K[?25h[?2026l[?2026h[?25l[A[1Gpulling manifest [K
pulling 2bada8a74506:  26% ▕████              ▏ 1.2 GB/4.7 GB   10 MB/s   5m41s[K[?25h[?2026l[?2026h[?25l[A[1Gpulling manifest [K
pulling 2bada8a74506:  26% ▕████              ▏ 1.2 GB/4.7 GB   10 MB/s   5m41s[K[?25h[?2026l[?2026h[?25l[A[1Gpulling manifest [K
pulling 2bada8a74506:  26% ▕████              ▏ 1.2 GB/4.7 GB   10 MB/s   5m41s[K[?25h[?2026l[?2026h[?25l[A[1Gpulling manifest [K
pulling 2bada8a74506:  26% ▕████              ▏ 1.2 GB/4.7 GB   10 MB/s   5m40s[K[?25h[?2026l[?2026h[?25l[A[1Gpulling manifest [K
pulling 2bada8a74506:  26% ▕████              ▏ 1.2 GB/4.7 GB   10 MB/s   5m40s[K[?25h[?2026l[?2026h[?25l[A[1Gpulling manifest [K
pulling 2bada8a74506:  26% ▕████              ▏ 1.2 GB/4.7 GB   10 MB/s   5m40s[K[?25h[?2026l[?2026h[?25l[A[1Gpulling manifest [K
pulling 2bada8a74506:  26% ▕████              ▏ 1.2 GB/4.7 GB   10 MB/s   5m40s[K[?25h[?2026l[?2026h[?25l[A[1Gpulling manifest [K
pulling 2bada8a74506:  26% ▕████              ▏ 1.2 GB/4.7 GB   10 MB/s   5m40s[K[?25h[?2026l[?2026h[?25l[A[1Gpulling manifest [K
pulling 2bada8a74506:  26% ▕████              ▏ 1.2 GB/4.7 GB   10 MB/s   5m39s[K[?25h[?2026l[?2026h[?25l[A[1Gpulling manifest [K
pulling 2bada8a74506:  26% ▕████              ▏ 1.2 GB/4.7 GB   10 MB/s   5m39s[K[?25h[?2026l[?2026h[?25l[A[1Gpulling manifest [K
pulling 2bada8a74506:  26% ▕████              ▏ 1.2 GB/4.7 GB   10 MB/s   5m39s[K[?25h[?2026l[?2026h[?25l[A[1Gpulling manifest [K
pulling 2bada8a74506:  26% ▕████              ▏ 1.2 GB/4.7 GB   10 MB/s   5m39s[K[?25h[?2026l[?2026h[?25l[A[1Gpulling manifest [K
pulling 2bada8a74506:  26% ▕████              ▏ 1.2 GB/4.7 GB   10 MB/s   5m39s[K[?25h[?2026l[?2026h[?25l[A[1Gpulling manifest [K
pulling 2bada8a74506:  26% ▕████              ▏ 1.2 GB/4.7 GB   10 MB/s   5m43s[K[?25h[?2026l[?2026h[?25l[A[1Gpulling manifest [K
pulling 2bada8a74506:  26% ▕████              ▏ 1.2 GB/4.7 GB   10 MB/s   5m43s[K[?25h[?2026l[?2026h[?25l[A[1Gpulling manifest [K
pulling 2bada8a74506:  27% ▕████              ▏ 1.2 GB/4.7 GB   10 MB/s   5m43s[K[?25h[?2026l[?2026h[?25l[A[1Gpulling manifest [K
pulling 2bada8a74506:  27% ▕████              ▏ 1.2 GB/4.7 GB   10 MB/s   5m43s[K[?25h[?2026l[?2026h[?25l[A[1Gpulling manifest [K
pulling 2bada8a74506:  27% ▕████              ▏ 1.2 GB/4.7 GB   10 MB/s   5m43s[K[?25h[?2026l[?2026h[?25l[A[1Gpulling manifest [K
pulling 2bada8a74506:  27% ▕████              ▏ 1.2 GB/4.7 GB   10 MB/s   5m42s[K[?25h[?2026l[?2026h[?25l[A[1Gpulling manifest [K
pulling 2bada8a74506:  27% ▕████              ▏ 1.2 GB/4.7 GB   10 MB/s   5m42s[K[?25h[?2026l[?2026h[?25l[A[1Gpulling manifest [K
pulling 2bada8a74506:  27% ▕████              ▏ 1.2 GB/4.7 GB   10 MB/s   5m42s[K[?25h[?2026l[?2026h[?25l[A[1Gpulling manifest [K
pulling 2bada8a74506:  27% ▕████              ▏ 1.2 GB/4.7 GB   10 MB/s   5m42s[K[?25h[?2026l[?2026h[?25l[A[1Gpulling manifest [K
pulling 2bada8a74506:  27% ▕████              ▏ 1.2 GB/4.7 GB   10 MB/s   5m42s[K[?25h[?2026l[?2026h[?25l[A[1Gpulling manifest [K
pulling 2bada8a74506:  27% ▕████              ▏ 1.2 GB/4.7 GB   10 MB/s   5m38s[K[?25h[?2026l[?2026h[?25l[A[1Gpulling manifest [K
pulling 2bada8a74506:  27% ▕████              ▏ 1.3 GB/4.7 GB   10 MB/s   5m38s[K[?25h[?2026l[?2026h[?25l[A[1Gpulling manifest [K
pulling 2bada8a74506:  27% ▕████              ▏ 1.3 GB/4.7 GB   10 MB/s   5m38s[K[?25h[?2026l[?2026h[?25l[A[1Gpulling manifest [K
pulling 2bada8a74506:  27% ▕████              ▏ 1.3 GB/4.7 GB   10 MB/s   5m38s[K[?25h[?2026l[?2026h[?25l[A[1Gpulling manifest [K
pulling 2bada8a74506:  27% ▕████              ▏ 1.3 GB/4.7 GB   10 MB/s   5m37s[K[?25h[?2026l[?2026h[?25l[A[1Gpulling manifest [K
pulling 2bada8a74506:  27% ▕████              ▏ 1.3 GB/4.7 GB   10 MB/s   5m37s[K[?25h[?2026l[?2026h[?25l[A[1Gpulling manifest [K
pulling 2bada8a74506:  27% ▕████              ▏ 1.3 GB/4.7 GB   10 MB/s   5m37s[K[?25h[?2026l[?2026h[?25l[A[1Gpulling manifest [K
pulling 2bada8a74506:  27% ▕████              ▏ 1.3 GB/4.7 GB   10 MB/s   5m37s[K[?25h[?2026l[?2026h[?25l[A[1Gpulling manifest [K
pulling 2bada8a74506:  27% ▕████              ▏ 1.3 GB/4.7 GB   10 MB/s   5m37s[K[?25h[?2026l[?2026h[?25l[A[1Gpulling manifest [K
pulling 2bada8a74506:  27% ▕████              ▏ 1.3 GB/4.7 GB   10 MB/s   5m37s[K[?25h[?2026l[?2026h[?25l[A[1Gpulling manifest [K
pulling 2bada8a74506:  27% ▕████              ▏ 1.3 GB/4.7 GB   10 MB/s   5m33s[K[?25h[?2026l[?2026h[?25l[A[1Gpulling manifest [K
pulling 2bada8a74506:  27% ▕████              ▏ 1.3 GB/4.7 GB   10 MB/s   5m33s[K[?25h[?2026l[?2026h[?25l[A[1Gpulling manifest [K
pulling 2bada8a74506:  27% ▕████              ▏ 1.3 GB/4.7 GB   10 MB/s   5m33s[K[?25h[?2026l[?2026h[?25l[A[1Gpulling manifest [K
pulling 2bada8a74506:  27% ▕████              ▏ 1.3 GB/4.7 GB   10 MB/s   5m33s[K[?25h[?2026l[?2026h[?25l[A[1Gpulling manifest [K
pulling 2bada8a74506:  27% ▕████              ▏ 1.3 GB/4.7 GB   10 MB/s   5m33s[K[?25h[?2026l[?2026h[?25l[A[1Gpulling manifest [K
pulling 2bada8a74506:  27% ▕████              ▏ 1.3 GB/4.7 GB   10 MB/s   5m33s[K[?25h[?2026l[?2026h[?25l[A[1Gpulling manifest [K
pulling 2bada8a74506:  27% ▕████              ▏ 1.3 GB/4.7 GB   10 MB/s   5m33s[K[?25h[?2026l[?2026h[?25l[A[1Gpulling manifest [K
pulling 2bada8a74506:  27% ▕████              ▏ 1.3 GB/4.7 GB   10 MB/s   5m33s[K[?25h[?2026l[?2026h[?25l[A[1Gpulling manifest [K
pulling 2bada8a74506:  27% ▕████              ▏ 1.3 GB/4.7 GB   10 MB/s   5m32s[K[?25h[?2026l[?2026h[?25l[A[1Gpulling manifest [K
pulling 2bada8a74506:  27% ▕████              ▏ 1.3 GB/4.7 GB   10 MB/s   5m32s[K[?25h[?2026l[?2026h[?25l[A[1Gpulling manifest [K
pulling 2bada8a74506:  27% ▕████              ▏ 1.3 GB/4.7 GB   10 MB/s   5m32s[K[?25h[?2026l[?2026h[?25l[A[1Gpulling manifest [K
pulling 2bada8a74506:  27% ▕████              ▏ 1.3 GB/4.7 GB   10 MB/s   5m34s[K[?25h[?2026l[?2026h[?25l[A[1Gpulling manifest [K
pulling 2bada8a74506:  27% ▕████              ▏ 1.3 GB/4.7 GB   10 MB/s   5m34s[K[?25h[?2026l[?2026h[?25l[A[1Gpulling manifest [K
pulling 2bada8a74506:  27% ▕████              ▏ 1.3 GB/4.7 GB   10 MB/s   5m34s[K[?25h[?2026l[?2026h[?25l[A[1Gpulling manifest [K
pulling 2bada8a74506:  27% ▕████              ▏ 1.3 GB/4.7 GB   10 MB/s   5m34s[K[?25h[?2026l[?2026h[?25l[A[1Gpulling manifest [K
pulling 2bada8a74506:  27% ▕████              ▏ 1.3 GB/4.7 GB   10 MB/s   5m33s[K[?25h[?2026l[?2026h[?25l[A[1Gpulling manifest [K
pulling 2bada8a74506:  27% ▕████              ▏ 1.3 GB/4.7 GB   10 MB/s   5m33s[K[?25h[?2026l[?2026h[?25l[A[1Gpulling manifest [K
pulling 2bada8a74506:  27% ▕████              ▏ 1.3 GB/4.7 GB   10 MB/s   5m33s[K[?25h[?2026l[?2026h[?25l[A[1Gpulling manifest [K
pulling 2bada8a74506:  27% ▕████              ▏ 1.3 GB/4.7 GB   10 MB/s   5m33s[K[?25h[?2026l[?2026h[?25l[A[1Gpulling manifest [K
pulling 2bada8a74506:  27% ▕████              ▏ 1.3 GB/4.7 GB   10 MB/s   5m33s[K[?25h[?2026l[?2026h[?25l[A[1Gpulling manifest [K
pulling 2bada8a74506:  27% ▕████              ▏ 1.3 GB/4.7 GB   10 MB/s   5m33s[K[?25h[?2026l[?2026h[?25l[A[1Gpulling manifest [K
pulling 2bada8a74506:  27% ▕████              ▏ 1.3 GB/4.7 GB   10 MB/s   5m32s[K[?25h[?2026l[?2026h[?25l[A[1Gpulling manifest [K
pulling 2bada8a74506:  27% ▕████              ▏ 1.3 GB/4.7 GB   10 MB/s   5m32s[K[?25h[?2026l[?2026h[?25l[A[1Gpulling manifest [K
pulling 2bada8a74506:  27% ▕████              ▏ 1.3 GB/4.7 GB   10 MB/s   5m32s[K[?25h[?2026l[?2026h[?25l[A[1Gpulling manifest [K
pulling 2bada8a74506:  27% ▕████              ▏ 1.3 GB/4.7 GB   10 MB/s   5m32s[K[?25h[?2026l[?2026h[?25l[A[1Gpulling manifest [K
pulling 2bada8a74506:  27% ▕████              ▏ 1.3 GB/4.7 GB   10 MB/s   5m32s[K[?25h[?2026l[?2026h[?25l[A[1Gpulling manifest [K
pulling 2bada8a74506:  27% ▕████              ▏ 1.3 GB/4.7 GB   10 MB/s   5m32s[K[?25h[?2026l[?2026h[?25l[A[1Gpulling manifest [K
pulling 2bada8a74506:  27% ▕████              ▏ 1.3 GB/4.7 GB   10 MB/s   5m32s[K[?25h[?2026l[?2026h[?25l[A[1Gpulling manifest [K
pulling 2bada8a74506:  27% ▕████              ▏ 1.3 GB/4.7 GB   10 MB/s   5m32s[K[?25h[?2026l[?2026h[?25l[A[1Gpulling manifest [K
pulling 2bada8a74506:  28% ▕████              ▏ 1.3 GB/4.7 GB   10 MB/s   5m32s[K[?25h[?2026l[?2026h[?25l[A[1Gpulling manifest [K
pulling 2bada8a74506:  28% ▕████              ▏ 1.3 GB/4.7 GB   10 MB/s   5m32s[K[?25h[?2026l[?2026h[?25l[A[1Gpulling manifest [K
pulling 2bada8a74506:  28% ▕████              ▏ 1.3 GB/4.7 GB   10 MB/s   5m33s[K[?25h[?2026l[?2026h[?25l[A[1Gpulling manifest [K
pulling 2bada8a74506:  28% ▕████              ▏ 1.3 GB/4.7 GB   10 MB/s   5m33s[K[?25h[?2026l[?2026h[?25l[A[1Gpulling manifest [K
pulling 2bada8a74506:  28% ▕████              ▏ 1.3 GB/4.7 GB   10 MB/s   5m32s[K[?25h[?2026l[?2026h[?25l[A[1Gpulling manifest [K
pulling 2bada8a74506:  28% ▕████              ▏ 1.3 GB/4.7 GB   10 MB/s   5m32s[K[?25h[?2026l[?2026h[?25l[A[1Gpulling manifest [K
pulling 2bada8a74506:  28% ▕████              ▏ 1.3 GB/4.7 GB   10 MB/s   5m32s[K[?25h[?2026l[?2026h[?25l[A[1Gpulling manifest [K
pulling 2bada8a74506:  28% ▕████              ▏ 1.3 GB/4.7 GB   10 MB/s   5m32s[K[?25h[?2026l[?2026h[?25l[A[1Gpulling manifest [K
pulling 2bada8a74506:  28% ▕████              ▏ 1.3 GB/4.7 GB   10 MB/s   5m32s[K[?25h[?2026l[?2026h[?25l[A[1Gpulling manifest [K
pulling 2bada8a74506:  28% ▕████              ▏ 1.3 GB/4.7 GB   10 MB/s   5m32s[K[?25h[?2026l[?2026h[?25l[A[1Gpulling manifest [K
pulling 2bada8a74506:  28% ▕████              ▏ 1.3 GB/4.7 GB   10 MB/s   5m32s[K[?25h[?2026l[?2026h[?25l[A[1Gpulling manifest [K
pulling 2bada8a74506:  28% ▕████              ▏ 1.3 GB/4.7 GB   10 MB/s   5m32s[K[?25h[?2026l[?2026h[?25l[A[1Gpulling manifest [K
pulling 2bada8a74506:  28% ▕█████             ▏ 1.3 GB/4.7 GB   10 MB/s   5m26s[K[?25h[?2026l[?2026h[?25l[A[1Gpulling manifest [K
pulling 2bada8a74506:  28% ▕█████             ▏ 1.3 GB/4.7 GB   10 MB/s   5m26s[K[?25h[?2026l[?2026h[?25l[A[1Gpulling manifest [K
pulling 2bada8a74506:  28% ▕█████             ▏ 1.3 GB/4.7 GB   10 MB/s   5m26s[K[?25h[?2026l[?2026h[?25l[A[1Gpulling manifest [K
pulling 2bada8a74506:  28% ▕█████             ▏ 1.3 GB/4.7 GB   10 MB/s   5m26s[K[?25h[?2026l[?2026h[?25l[A[1Gpulling manifest [K
pulling 2bada8a74506:  28% ▕█████             ▏ 1.3 GB/4.7 GB   10 MB/s   5m26s[K[?25h[?2026l[?2026h[?25l[A[1Gpulling manifest [K
pulling 2bada8a74506:  28% ▕█████             ▏ 1.3 GB/4.7 GB   10 MB/s   5m26s[K[?25h[?2026l[?2026h[?25l[A[1Gpulling manifest [K
pulling 2bada8a74506:  28% ▕█████             ▏ 1.3 GB/4.7 GB   10 MB/s   5m26s[K[?25h[?2026l[?2026h[?25l[A[1Gpulling manifest [K
pulling 2bada8a74506:  28% ▕█████             ▏ 1.3 GB/4.7 GB   10 MB/s   5m26s[K[?25h[?2026l[?2026h[?25l[A[1Gpulling manifest [K
pulling 2bada8a74506:  28% ▕█████             ▏ 1.3 GB/4.7 GB   10 MB/s   5m26s[K[?25h[?2026l[?2026h[?25l[A[1Gpulling manifest [K
pulling 2bada8a74506:  28% ▕█████             ▏ 1.3 GB/4.7 GB   10 MB/s   5m26s[K[?25h[?2026l[?2026h[?25l[A[1Gpulling manifest [K
pulling 2bada8a74506:  28% ▕█████             ▏ 1.3 GB/4.7 GB   10 MB/s   5m21s[K[?25h[?2026l[?2026h[?25l[A[1Gpulling manifest [K
pulling 2bada8a74506:  28% ▕█████             ▏ 1.3 GB/4.7 GB   10 MB/s   5m21s[K[?25h[?2026l[?2026h[?25l[A[1Gpulling manifest [K
pulling 2bada8a74506:  28% ▕█████             ▏ 1.3 GB/4.7 GB   10 MB/s   5m21s[K[?25h[?2026l[?2026h[?25l[A[1Gpulling manifest [K
pulling 2bada8a74506:  28% ▕█████             ▏ 1.3 GB/4.7 GB   10 MB/s   5m21s[K[?25h[?2026l[?2026h[?25l[A[1Gpulling manifest [K
pulling 2bada8a74506:  28% ▕█████             ▏ 1.3 GB/4.7 GB   10 MB/s   5m21s[K[?25h[?2026l[?2026h[?25l[A[1Gpulling manifest [K
pulling 2bada8a74506:  28% ▕█████             ▏ 1.3 GB/4.7 GB   10 MB/s   5m21s[K[?25h[?2026l[?2026h[?25l[A[1Gpulling manifest [K
pulling 2bada8a74506:  28% ▕█████             ▏ 1.3 GB/4.7 GB   10 MB/s   5m21s[K[?25h[?2026l[?2026h[?25l[A[1Gpulling manifest [K
pulling 2bada8a74506:  28% ▕█████             ▏ 1.3 GB/4.7 GB   10 MB/s   5m21s[K[?25h[?2026l[?2026h[?25l[A[1Gpulling manifest [K
pulling 2bada8a74506:  28% ▕█████             ▏ 1.3 GB/4.7 GB   10 MB/s   5m21s[K[?25h[?2026l[?2026h[?25l[A[1Gpulling manifest [K
pulling 2bada8a74506:  28% ▕█████             ▏ 1.3 GB/4.7 GB   10 MB/s   5m20s[K[?25h[?2026l[?2026h[?25l[A[1Gpulling manifest [K
pulling 2bada8a74506:  28% ▕█████             ▏ 1.3 GB/4.7 GB   10 MB/s   5m20s[K[?25h[?2026l[?2026h[?25l[A[1Gpulling manifest [K
pulling 2bada8a74506:  28% ▕█████             ▏ 1.3 GB/4.7 GB   10 MB/s   5m24s[K[?25h[?2026l[?2026h[?25l[A[1Gpulling manifest [K
pulling 2bada8a74506:  28% ▕█████             ▏ 1.3 GB/4.7 GB   10 MB/s   5m24s[K[?25h[?2026l[?2026h[?25l[A[1Gpulling manifest [K
pulling 2bada8a74506:  28% ▕█████             ▏ 1.3 GB/4.7 GB   10 MB/s   5m24s[K[?25h[?2026l[?2026h[?25l[A[1Gpulling manifest [K
pulling 2bada8a74506:  28% ▕█████             ▏ 1.3 GB/4.7 GB   10 MB/s   5m23s[K[?25h[?2026l[?2026h[?25l[A[1Gpulling manifest [K
pulling 2bada8a74506:  28% ▕█████             ▏ 1.3 GB/4.7 GB   10 MB/s   5m23s[K[?25h[?2026l[?2026h[?25l[A[1Gpulling manifest [K
pulling 2bada8a74506:  28% ▕█████             ▏ 1.3 GB/4.7 GB   10 MB/s   5m23s[K[?25h[?2026l[?2026h[?25l[A[1Gpulling manifest [K
pulling 2bada8a74506:  28% ▕█████             ▏ 1.3 GB/4.7 GB   10 MB/s   5m23s[K[?25h[?2026l[?2026h[?25l[A[1Gpulling manifest [K
pulling 2bada8a74506:  28% ▕█████             ▏ 1.3 GB/4.7 GB   10 MB/s   5m23s[K[?25h[?2026l[?2026h[?25l[A[1Gpulling manifest [K
pulling 2bada8a74506:  28% ▕█████             ▏ 1.3 GB/4.7 GB   10 MB/s   5m23s[K[?25h[?2026l[?2026h[?25l[A[1Gpulling manifest [K
pulling 2bada8a74506:  28% ▕█████             ▏ 1.3 GB/4.7 GB   10 MB/s   5m23s[K[?25h[?2026l[?2026h[?25l[A[1Gpulling manifest [K
pulling 2bada8a74506:  28% ▕█████             ▏ 1.3 GB/4.7 GB   10 MB/s   5m23s[K[?25h[?2026l[?2026h[?25l[A[1Gpulling manifest [K
pulling 2bada8a74506:  28% ▕█████             ▏ 1.3 GB/4.7 GB   10 MB/s   5m23s[K[?25h[?2026l[?2026h[?25l[A[1Gpulling manifest [K
pulling 2bada8a74506:  29% ▕█████             ▏ 1.3 GB/4.7 GB   10 MB/s   5m23s[K[?25h[?2026l[?2026h[?25l[A[1Gpulling manifest [K
pulling 2bada8a74506:  29% ▕█████             ▏ 1.3 GB/4.7 GB   10 MB/s   5m23s[K[?25h[?2026l[?2026h[?25l[A[1Gpulling manifest [K
pulling 2bada8a74506:  29% ▕█████             ▏ 1.3 GB/4.7 GB   10 MB/s   5m22s[K[?25h[?2026l[?2026h[?25l[A[1Gpulling manifest [K
pulling 2bada8a74506:  29% ▕█████             ▏ 1.3 GB/4.7 GB   10 MB/s   5m22s[K[?25h[?2026l[?2026h[?25l[A[1Gpulling manifest [K
pulling 2bada8a74506:  29% ▕█████             ▏ 1.3 GB/4.7 GB   10 MB/s   5m22s[K[?25h[?2026l[?2026h[?25l[A[1Gpulling manifest [K
pulling 2bada8a74506:  29% ▕█████             ▏ 1.3 GB/4.7 GB   10 MB/s   5m22s[K[?25h[?2026l[?2026h[?25l[A[1Gpulling manifest [K
pulling 2bada8a74506:  29% ▕█████             ▏ 1.3 GB/4.7 GB   10 MB/s   5m22s[K[?25h[?2026l[?2026h[?25l[A[1Gpulling manifest [K
pulling 2bada8a74506:  29% ▕█████             ▏ 1.3 GB/4.7 GB   10 MB/s   5m22s[K[?25h[?2026l[?2026h[?25l[A[1Gpulling manifest [K
pulling 2bada8a74506:  29% ▕█████             ▏ 1.3 GB/4.7 GB   10 MB/s   5m22s[K[?25h[?2026l[?2026h[?25l[A[1Gpulling manifest [K
pulling 2bada8a74506:  29% ▕█████             ▏ 1.3 GB/4.7 GB   10 MB/s   5m22s[K[?25h[?2026l[?2026h[?25l[A[1Gpulling manifest [K
pulling 2bada8a74506:  29% ▕█████             ▏ 1.3 GB/4.7 GB   10 MB/s   5m22s[K[?25h[?2026l[?2026h[?25l[A[1Gpulling manifest [K
pulling 2bada8a74506:  29% ▕█████             ▏ 1.3 GB/4.7 GB   10 MB/s   5m22s[K[?25h[?2026l[?2026h[?25l[A[1Gpulling manifest [K
pulling 2bada8a74506:  29% ▕█████             ▏ 1.3 GB/4.7 GB   10 MB/s   5m21s[K[?25h[?2026l[?2026h[?25l[A[1Gpulling manifest [K
pulling 2bada8a74506:  29% ▕█████             ▏ 1.3 GB/4.7 GB   10 MB/s   5m21s[K[?25h[?2026l[?2026h[?25l[A[1Gpulling manifest [K
pulling 2bada8a74506:  29% ▕█████             ▏ 1.3 GB/4.7 GB   10 MB/s   5m21s[K[?25h[?2026l[?2026h[?25l[A[1Gpulling manifest [K
pulling 2bada8a74506:  29% ▕█████             ▏ 1.4 GB/4.7 GB   10 MB/s   5m21s[K[?25h[?2026l[?2026h[?25l[A[1Gpulling manifest [K
pulling 2bada8a74506:  29% ▕█████             ▏ 1.4 GB/4.7 GB   10 MB/s   5m21s[K[?25h[?2026l[?2026h[?25l[A[1Gpulling manifest [K
pulling 2bada8a74506:  29% ▕█████             ▏ 1.4 GB/4.7 GB   10 MB/s   5m21s[K[?25h[?2026l[?2026h[?25l[A[1Gpulling manifest [K
pulling 2bada8a74506:  29% ▕█████             ▏ 1.4 GB/4.7 GB   10 MB/s   5m19s[K[?25h[?2026l[?2026h[?25l[A[1Gpulling manifest [K
pulling 2bada8a74506:  29% ▕█████             ▏ 1.4 GB/4.7 GB   10 MB/s   5m19s[K[?25h[?2026l[?2026h[?25l[A[1Gpulling manifest [K
pulling 2bada8a74506:  29% ▕█████             ▏ 1.4 GB/4.7 GB   10 MB/s   5m18s[K[?25h[?2026l[?2026h[?25l[A[1Gpulling manifest [K
pulling 2bada8a74506:  29% ▕█████             ▏ 1.4 GB/4.7 GB   10 MB/s   5m18s[K[?25h[?2026l[?2026h[?25l[A[1Gpulling manifest [K
pulling 2bada8a74506:  29% ▕█████             ▏ 1.4 GB/4.7 GB   10 MB/s   5m18s[K[?25h[?2026l[?2026h[?25l[A[1Gpulling manifest [K
pulling 2bada8a74506:  29% ▕█████             ▏ 1.4 GB/4.7 GB   10 MB/s   5m18s[K[?25h[?2026l[?2026h[?25l[A[1Gpulling manifest [K
pulling 2bada8a74506:  29% ▕█████             ▏ 1.4 GB/4.7 GB   10 MB/s   5m18s[K[?25h[?2026l[?2026h[?25l[A[1Gpulling manifest [K
pulling 2bada8a74506:  29% ▕█████             ▏ 1.4 GB/4.7 GB   10 MB/s   5m18s[K[?25h[?2026l[?2026h[?25l[A[1Gpulling manifest [K
pulling 2bada8a74506:  29% ▕█████             ▏ 1.4 GB/4.7 GB   10 MB/s   5m18s[K[?25h[?2026l[?2026h[?25l[A[1Gpulling manifest [K
pulling 2bada8a74506:  29% ▕█████             ▏ 1.4 GB/4.7 GB   10 MB/s   5m18s[K[?25h[?2026l[?2026h[?25l[A[1Gpulling manifest [K
pulling 2bada8a74506:  29% ▕█████             ▏ 1.4 GB/4.7 GB   10 MB/s   5m17s[K[?25h[?2026l[?2026h[?25l[A[1Gpulling manifest [K
pulling 2bada8a74506:  29% ▕█████             ▏ 1.4 GB/4.7 GB   10 MB/s   5m17s[K[?25h[?2026l[?2026h[?25l[A[1Gpulling manifest [K
pulling 2bada8a74506:  29% ▕█████             ▏ 1.4 GB/4.7 GB   10 MB/s   5m17s[K[?25h[?2026l[?2026h[?25l[A[1Gpulling manifest [K
pulling 2bada8a74506:  29% ▕█████             ▏ 1.4 GB/4.7 GB   10 MB/s   5m16s[K[?25h[?2026l[?2026h[?25l[A[1Gpulling manifest [K
pulling 2bada8a74506:  29% ▕█████             ▏ 1.4 GB/4.7 GB   10 MB/s   5m16s[K[?25h[?2026l[?2026h[?25l[A[1Gpulling manifest [K
pulling 2bada8a74506:  29% ▕█████             ▏ 1.4 GB/4.7 GB   10 MB/s   5m16s[K[?25h[?2026l[?2026h[?25l[A[1Gpulling manifest [K
pulling 2bada8a74506:  29% ▕█████             ▏ 1.4 GB/4.7 GB   10 MB/s   5m16s[K[?25h[?2026l[?2026h[?25l[A[1Gpulling manifest [K
pulling 2bada8a74506:  29% ▕█████             ▏ 1.4 GB/4.7 GB   10 MB/s   5m16s[K[?25h[?2026l[?2026h[?25l[A[1Gpulling manifest [K
pulling 2bada8a74506:  29% ▕█████             ▏ 1.4 GB/4.7 GB   10 MB/s   5m16s[K[?25h[?2026l[?2026h[?25l[A[1Gpulling manifest [K
pulling 2bada8a74506:  29% ▕█████             ▏ 1.4 GB/4.7 GB   10 MB/s   5m16s[K[?25h[?2026l[?2026h[?25l[A[1Gpulling manifest [K
pulling 2bada8a74506:  29% ▕█████             ▏ 1.4 GB/4.7 GB   10 MB/s   5m16s[K[?25h[?2026l[?2026h[?25l[A[1Gpulling manifest [K
pulling 2bada8a74506:  29% ▕█████             ▏ 1.4 GB/4.7 GB   10 MB/s   5m18s[K[?25h[?2026l[?2026h[?25l[A[1Gpulling manifest [K
pulling 2bada8a74506:  29% ▕█████             ▏ 1.4 GB/4.7 GB   10 MB/s   5m18s[K[?25h[?2026l[?2026h[?25l[A[1Gpulling manifest [K
pulling 2bada8a74506:  29% ▕█████             ▏ 1.4 GB/4.7 GB   10 MB/s   5m18s[K[?25h[?2026l[?2026h[?25l[A[1Gpulling manifest [K
pulling 2bada8a74506:  29% ▕█████             ▏ 1.4 GB/4.7 GB   10 MB/s   5m17s[K[?25h[?2026l[?2026h[?25l[A[1Gpulling manifest [K
pulling 2bada8a74506:  29% ▕█████             ▏ 1.4 GB/4.7 GB   10 MB/s   5m17s[K[?25h[?2026l[?2026h[?25l[A[1Gpulling manifest [K
pulling 2bada8a74506:  29% ▕█████             ▏ 1.4 GB/4.7 GB   10 MB/s   5m17s[K[?25h[?2026l[?2026h[?25l[A[1Gpulling manifest [K
pulling 2bada8a74506:  29% ▕█████             ▏ 1.4 GB/4.7 GB   10 MB/s   5m17s[K[?25h[?2026l[?2026h[?25l[A[1Gpulling manifest [K
pulling 2bada8a74506:  29% ▕█████             ▏ 1.4 GB/4.7 GB   10 MB/s   5m17s[K[?25h[?2026l[?2026h[?25l[A[1Gpulling manifest [K
pulling 2bada8a74506:  30% ▕█████             ▏ 1.4 GB/4.7 GB   10 MB/s   5m17s[K[?25h[?2026l[?2026h[?25l[A[1Gpulling manifest [K
pulling 2bada8a74506:  30% ▕█████             ▏ 1.4 GB/4.7 GB   10 MB/s   5m17s[K[?25h[?2026l[?2026h[?25l[A[1Gpulling manifest [K
pulling 2bada8a74506:  30% ▕█████             ▏ 1.4 GB/4.7 GB   10 MB/s   5m20s[K[?25h[?2026l[?2026h[?25l[A[1Gpulling manifest [K
pulling 2bada8a74506:  30% ▕█████             ▏ 1.4 GB/4.7 GB   10 MB/s   5m20s[K[?25h[?2026l[?2026h[?25l[A[1Gpulling manifest [K
pulling 2bada8a74506:  30% ▕█████             ▏ 1.4 GB/4.7 GB   10 MB/s   5m20s[K[?25h[?2026l[?2026h[?25l[A[1Gpulling manifest [K
pulling 2bada8a74506:  30% ▕█████             ▏ 1.4 GB/4.7 GB   10 MB/s   5m20s[K[?25h[?2026l[?2026h[?25l[A[1Gpulling manifest [K
pulling 2bada8a74506:  30% ▕█████             ▏ 1.4 GB/4.7 GB   10 MB/s   5m20s[K[?25h[?2026l[?2026h[?25l[A[1Gpulling manifest [K
pulling 2bada8a74506:  30% ▕█████             ▏ 1.4 GB/4.7 GB   10 MB/s   5m19s[K[?25h[?2026l[?2026h[?25l[A[1Gpulling manifest [K
pulling 2bada8a74506:  30% ▕█████             ▏ 1.4 GB/4.7 GB   10 MB/s   5m19s[K[?25h[?2026l[?2026h[?25l[A[1Gpulling manifest [K
pulling 2bada8a74506:  30% ▕█████             ▏ 1.4 GB/4.7 GB   10 MB/s   5m19s[K[?25h[?2026l[?2026h[?25l[A[1Gpulling manifest [K
pulling 2bada8a74506:  30% ▕█████             ▏ 1.4 GB/4.7 GB   10 MB/s   5m19s[K[?25h[?2026l[?2026h[?25l[A[1Gpulling manifest [K
pulling 2bada8a74506:  30% ▕█████             ▏ 1.4 GB/4.7 GB   10 MB/s   5m19s[K[?25h[?2026l[?2026h[?25l[A[1Gpulling manifest [K
pulling 2bada8a74506:  30% ▕█████             ▏ 1.4 GB/4.7 GB   10 MB/s   5m27s[K[?25h[?2026l[?2026h[?25l[A[1Gpulling manifest [K
pulling 2bada8a74506:  30% ▕█████             ▏ 1.4 GB/4.7 GB   10 MB/s   5m27s[K[?25h[?2026l[?2026h[?25l[A[1Gpulling manifest [K
pulling 2bada8a74506:  30% ▕█████             ▏ 1.4 GB/4.7 GB   10 MB/s   5m27s[K[?25h[?2026l[?2026h[?25l[A[1Gpulling manifest [K
pulling 2bada8a74506:  30% ▕█████             ▏ 1.4 GB/4.7 GB   10 MB/s   5m27s[K[?25h[?2026l[?2026h[?25l[A[1Gpulling manifest [K
pulling 2bada8a74506:  30% ▕█████             ▏ 1.4 GB/4.7 GB   10 MB/s   5m27s[K[?25h[?2026l[?2026h[?25l[A[1Gpulling manifest [K
pulling 2bada8a74506:  30% ▕█████             ▏ 1.4 GB/4.7 GB   10 MB/s   5m27s[K[?25h[?2026l[?2026h[?25l[A[1Gpulling manifest [K
pulling 2bada8a74506:  30% ▕█████             ▏ 1.4 GB/4.7 GB   10 MB/s   5m26s[K[?25h[?2026l[?2026h[?25l[A[1Gpulling manifest [K
pulling 2bada8a74506:  30% ▕█████             ▏ 1.4 GB/4.7 GB   10 MB/s   5m26s[K[?25h[?2026l[?2026h[?25l[A[1Gpulling manifest [K
pulling 2bada8a74506:  30% ▕█████             ▏ 1.4 GB/4.7 GB   10 MB/s   5m26s[K[?25h[?2026l[?2026h[?25l[A[1Gpulling manifest [K
pulling 2bada8a74506:  30% ▕█████             ▏ 1.4 GB/4.7 GB   10 MB/s   5m26s[K[?25h[?2026l[?2026h[?25l[A[1Gpulling manifest [K
pulling 2bada8a74506:  30% ▕█████            ▏ 1.4 GB/4.7 GB  10.0 MB/s   5m29s[K[?25h[?2026l[?2026h[?25l[A[1Gpulling manifest [K
pulling 2bada8a74506:  30% ▕█████            ▏ 1.4 GB/4.7 GB  10.0 MB/s   5m29s[K[?25h[?2026l[?2026h[?25l[A[1Gpulling manifest [K
pulling 2bada8a74506:  30% ▕█████            ▏ 1.4 GB/4.7 GB  10.0 MB/s   5m28s[K[?25h[?2026l[?2026h[?25l[A[1Gpulling manifest [K
pulling 2bada8a74506:  30% ▕█████            ▏ 1.4 GB/4.7 GB  10.0 MB/s   5m28s[K[?25h[?2026l[?2026h[?25l[A[1Gpulling manifest [K
pulling 2bada8a74506:  30% ▕█████            ▏ 1.4 GB/4.7 GB  10.0 MB/s   5m28s[K[?25h[?2026l[?2026h[?25l[A[1Gpulling manifest [K
pulling 2bada8a74506:  30% ▕█████            ▏ 1.4 GB/4.7 GB  10.0 MB/s   5m28s[K[?25h[?2026l[?2026h[?25l[A[1Gpulling manifest [K
pulling 2bada8a74506:  30% ▕█████            ▏ 1.4 GB/4.7 GB  10.0 MB/s   5m28s[K[?25h[?2026l[?2026h[?25l[A[1Gpulling manifest [K
pulling 2bada8a74506:  30% ▕█████            ▏ 1.4 GB/4.7 GB  10.0 MB/s   5m28s[K[?25h[?2026l[?2026h[?25l[A[1Gpulling manifest [K
pulling 2bada8a74506:  30% ▕█████            ▏ 1.4 GB/4.7 GB  10.0 MB/s   5m28s[K[?25h[?2026l[?2026h[?25l[A[1Gpulling manifest [K
pulling 2bada8a74506:  30% ▕█████            ▏ 1.4 GB/4.7 GB  10.0 MB/s   5m28s[K[?25h[?2026l[?2026h[?25l[A[1Gpulling manifest [K
pulling 2bada8a74506:  30% ▕█████             ▏ 1.4 GB/4.7 GB   10 MB/s   5m26s[K[?25h[?2026l[?2026h[?25l[A[1Gpulling manifest [K
pulling 2bada8a74506:  30% ▕█████             ▏ 1.4 GB/4.7 GB   10 MB/s   5m26s[K[?25h[?2026l[?2026h[?25l[A[1Gpulling manifest [K
pulling 2bada8a74506:  30% ▕█████             ▏ 1.4 GB/4.7 GB   10 MB/s   5m26s[K[?25h[?2026l[?2026h[?25l[A[1Gpulling manifest [K
pulling 2bada8a74506:  30% ▕█████             ▏ 1.4 GB/4.7 GB   10 MB/s   5m25s[K[?25h[?2026l[?2026h[?25l[A[1Gpulling manifest [K
pulling 2bada8a74506:  30% ▕█████             ▏ 1.4 GB/4.7 GB   10 MB/s   5m25s[K[?25h[?2026l[?2026h[?25l[A[1Gpulling manifest [K
pulling 2bada8a74506:  30% ▕█████             ▏ 1.4 GB/4.7 GB   10 MB/s   5m25s[K[?25h[?2026l[?2026h[?25l[A[1Gpulling manifest [K
pulling 2bada8a74506:  30% ▕█████             ▏ 1.4 GB/4.7 GB   10 MB/s   5m25s[K[?25h[?2026l[?2026h[?25l[A[1Gpulling manifest [K
pulling 2bada8a74506:  30% ▕█████             ▏ 1.4 GB/4.7 GB   10 MB/s   5m25s[K[?25h[?2026l[?2026h[?25l[A[1Gpulling manifest [K
pulling 2bada8a74506:  30% ▕█████             ▏ 1.4 GB/4.7 GB   10 MB/s   5m25s[K[?25h[?2026l[?2026h[?25l[A[1Gpulling manifest [K
pulling 2bada8a74506:  30% ▕█████             ▏ 1.4 GB/4.7 GB   10 MB/s   5m25s[K[?25h[?2026l[?2026h[?25l[A[1Gpulling manifest [K
pulling 2bada8a74506:  30% ▕█████             ▏ 1.4 GB/4.7 GB   10 MB/s   5m25s[K[?25h[?2026l[?2026h[?25l[A[1Gpulling manifest [K
pulling 2bada8a74506:  30% ▕█████             ▏ 1.4 GB/4.7 GB   10 MB/s   5m25s[K[?25h[?2026l[?2026h[?25l[A[1Gpulling manifest [K
pulling 2bada8a74506:  30% ▕█████             ▏ 1.4 GB/4.7 GB   10 MB/s   5m25s[K[?25h[?2026l[?2026h[?25l[A[1Gpulling manifest [K
pulling 2bada8a74506:  30% ▕█████             ▏ 1.4 GB/4.7 GB   10 MB/s   5m25s[K[?25h[?2026l[?2026h[?25l[A[1Gpulling manifest [K
pulling 2bada8a74506:  30% ▕█████             ▏ 1.4 GB/4.7 GB   10 MB/s   5m24s[K[?25h[?2026l[?2026h[?25l[A[1Gpulling manifest [K
pulling 2bada8a74506:  30% ▕█████             ▏ 1.4 GB/4.7 GB   10 MB/s   5m24s[K[?25h[?2026l[?2026h[?25l[A[1Gpulling manifest [K
pulling 2bada8a74506:  30% ▕█████             ▏ 1.4 GB/4.7 GB   10 MB/s   5m24s[K[?25h[?2026l[?2026h[?25l[A[1Gpulling manifest [K
pulling 2bada8a74506:  31% ▕█████             ▏ 1.4 GB/4.7 GB   10 MB/s   5m24s[K[?25h[?2026l[?2026h[?25l[A[1Gpulling manifest [K
pulling 2bada8a74506:  31% ▕█████             ▏ 1.4 GB/4.7 GB   10 MB/s   5m24s[K[?25h[?2026l[?2026h[?25l[A[1Gpulling manifest [K
pulling 2bada8a74506:  31% ▕█████             ▏ 1.4 GB/4.7 GB   10 MB/s   5m24s[K[?25h[?2026l[?2026h[?25l[A[1Gpulling manifest [K
pulling 2bada8a74506:  31% ▕█████             ▏ 1.4 GB/4.7 GB   10 MB/s   5m24s[K[?25h[?2026l[?2026h[?25l[A[1Gpulling manifest [K
pulling 2bada8a74506:  31% ▕█████             ▏ 1.4 GB/4.7 GB   10 MB/s   5m24s[K[?25h[?2026l[?2026h[?25l[A[1Gpulling manifest [K
pulling 2bada8a74506:  31% ▕█████             ▏ 1.4 GB/4.7 GB   10 MB/s   5m24s[K[?25h[?2026l[?2026h[?25l[A[1Gpulling manifest [K
pulling 2bada8a74506:  31% ▕█████             ▏ 1.4 GB/4.7 GB   10 MB/s   5m24s[K[?25h[?2026l[?2026h[?25l[A[1Gpulling manifest [K
pulling 2bada8a74506:  31% ▕█████             ▏ 1.4 GB/4.7 GB   10 MB/s   5m24s[K[?25h[?2026l[?2026h[?25l[A[1Gpulling manifest [K
pulling 2bada8a74506:  31% ▕█████             ▏ 1.4 GB/4.7 GB   10 MB/s   5m24s[K[?25h[?2026l[?2026h[?25l[A[1Gpulling manifest [K
pulling 2bada8a74506:  31% ▕█████             ▏ 1.4 GB/4.7 GB   10 MB/s   5m24s[K[?25h[?2026l[?2026h[?25l[A[1Gpulling manifest [K
pulling 2bada8a74506:  31% ▕█████             ▏ 1.4 GB/4.7 GB   10 MB/s   5m24s[K[?25h[?2026l[?2026h[?25l[A[1Gpulling manifest [K
pulling 2bada8a74506:  31% ▕█████             ▏ 1.4 GB/4.7 GB   10 MB/s   5m24s[K[?25h[?2026l[?2026h[?25l[A[1Gpulling manifest [K
pulling 2bada8a74506:  31% ▕█████             ▏ 1.4 GB/4.7 GB   10 MB/s   5m23s[K[?25h[?2026l[?2026h[?25l[A[1Gpulling manifest [K
pulling 2bada8a74506:  31% ▕█████             ▏ 1.4 GB/4.7 GB   10 MB/s   5m23s[K[?25h[?2026l[?2026h[?25l[A[1Gpulling manifest [K
pulling 2bada8a74506:  31% ▕█████             ▏ 1.4 GB/4.7 GB  9.9 MB/s   5m26s[K[?25h[?2026l[?2026h[?25l[A[1Gpulling manifest [K
pulling 2bada8a74506:  31% ▕█████             ▏ 1.4 GB/4.7 GB  9.9 MB/s   5m26s[K[?25h[?2026l[?2026h[?25l[A[1Gpulling manifest [K
pulling 2bada8a74506:  31% ▕█████             ▏ 1.4 GB/4.7 GB  9.9 MB/s   5m26s[K[?25h[?2026l[?2026h[?25l[A[1Gpulling manifest [K
pulling 2bada8a74506:  31% ▕█████             ▏ 1.4 GB/4.7 GB  9.9 MB/s   5m26s[K[?25h[?2026l[?2026h[?25l[A[1Gpulling manifest [K
pulling 2bada8a74506:  31% ▕█████             ▏ 1.4 GB/4.7 GB  9.9 MB/s   5m25s[K[?25h[?2026l[?2026h[?25l[A[1Gpulling manifest [K
pulling 2bada8a74506:  31% ▕█████             ▏ 1.4 GB/4.7 GB  9.9 MB/s   5m25s[K[?25h[?2026l[?2026h[?25l[A[1Gpulling manifest [K
pulling 2bada8a74506:  31% ▕█████             ▏ 1.4 GB/4.7 GB  9.9 MB/s   5m25s[K[?25h[?2026l[?2026h[?25l[A[1Gpulling manifest [K
pulling 2bada8a74506:  31% ▕█████             ▏ 1.5 GB/4.7 GB  9.9 MB/s   5m25s[K[?25h[?2026l[?2026h[?25l[A[1Gpulling manifest [K
pulling 2bada8a74506:  31% ▕█████             ▏ 1.5 GB/4.7 GB  9.9 MB/s   5m25s[K[?25h[?2026l[?2026h[?25l[A[1Gpulling manifest [K
pulling 2bada8a74506:  31% ▕█████             ▏ 1.5 GB/4.7 GB  9.9 MB/s   5m25s[K[?25h[?2026l[?2026h[?25l[A[1Gpulling manifest [K
pulling 2bada8a74506:  31% ▕█████             ▏ 1.5 GB/4.7 GB  9.9 MB/s   5m26s[K[?25h[?2026l[?2026h[?25l[A[1Gpulling manifest [K
pulling 2bada8a74506:  31% ▕█████             ▏ 1.5 GB/4.7 GB  9.9 MB/s   5m26s[K[?25h[?2026l[?2026h[?25l[A[1Gpulling manifest [K
pulling 2bada8a74506:  31% ▕█████             ▏ 1.5 GB/4.7 GB  9.9 MB/s   5m26s[K[?25h[?2026l[?2026h[?25l[A[1Gpulling manifest [K
pulling 2bada8a74506:  31% ▕█████             ▏ 1.5 GB/4.7 GB  9.9 MB/s   5m25s[K[?25h[?2026l[?2026h[?25l[A[1Gpulling manifest [K
pulling 2bada8a74506:  31% ▕█████             ▏ 1.5 GB/4.7 GB  9.9 MB/s   5m25s[K[?25h[?2026l[?2026h[?25l[A[1Gpulling manifest [K
pulling 2bada8a74506:  31% ▕█████             ▏ 1.5 GB/4.7 GB  9.9 MB/s   5m25s[K[?25h[?2026l[?2026h[?25l[A[1Gpulling manifest [K
pulling 2bada8a74506:  31% ▕█████             ▏ 1.5 GB/4.7 GB  9.9 MB/s   5m25s[K[?25h[?2026l[?2026h[?25l[A[1Gpulling manifest [K
pulling 2bada8a74506:  31% ▕█████             ▏ 1.5 GB/4.7 GB  9.9 MB/s   5m25s[K[?25h[?2026l[?2026h[?25l[A[1Gpulling manifest [K
pulling 2bada8a74506:  31% ▕█████             ▏ 1.5 GB/4.7 GB  9.9 MB/s   5m25s[K[?25h[?2026l[?2026h[?25l[A[1Gpulling manifest [K
pulling 2bada8a74506:  31% ▕█████             ▏ 1.5 GB/4.7 GB  9.9 MB/s   5m25s[K[?25h[?2026l[?2026h[?25l[A[1Gpulling manifest [K
pulling 2bada8a74506:  31% ▕█████             ▏ 1.5 GB/4.7 GB   10 MB/s   5m20s[K[?25h[?2026l[?2026h[?25l[A[1Gpulling manifest [K
pulling 2bada8a74506:  31% ▕█████             ▏ 1.5 GB/4.7 GB   10 MB/s   5m20s[K[?25h[?2026l[?2026h[?25l[A[1Gpulling manifest [K
pulling 2bada8a74506:  31% ▕█████             ▏ 1.5 GB/4.7 GB   10 MB/s   5m20s[K[?25h[?2026l[?2026h[?25l[A[1Gpulling manifest [K
pulling 2bada8a74506:  31% ▕█████             ▏ 1.5 GB/4.7 GB   10 MB/s   5m19s[K[?25h[?2026l[?2026h[?25l[A[1Gpulling manifest [K
pulling 2bada8a74506:  31% ▕█████             ▏ 1.5 GB/4.7 GB   10 MB/s   5m19s[K[?25h[?2026l[?2026h[?25l[A[1Gpulling manifest [K
pulling 2bada8a74506:  31% ▕█████             ▏ 1.5 GB/4.7 GB   10 MB/s   5m19s[K[?25h[?2026l[?2026h[?25l[A[1Gpulling manifest [K
pulling 2bada8a74506:  31% ▕█████             ▏ 1.5 GB/4.7 GB   10 MB/s   5m19s[K[?25h[?2026l[?2026h[?25l[A[1Gpulling manifest [K
pulling 2bada8a74506:  31% ▕█████             ▏ 1.5 GB/4.7 GB   10 MB/s   5m19s[K[?25h[?2026l[?2026h[?25l[A[1Gpulling manifest [K
pulling 2bada8a74506:  31% ▕█████             ▏ 1.5 GB/4.7 GB   10 MB/s   5m19s[K[?25h[?2026l[?2026h[?25l[A[1Gpulling manifest [K
pulling 2bada8a74506:  31% ▕█████             ▏ 1.5 GB/4.7 GB   10 MB/s   5m19s[K[?25h[?2026l[?2026h[?25l[A[1Gpulling manifest [K
pulling 2bada8a74506:  31% ▕█████             ▏ 1.5 GB/4.7 GB   10 MB/s   5m19s[K[?25h[?2026l[?2026h[?25l[A[1Gpulling manifest [K
pulling 2bada8a74506:  32% ▕█████             ▏ 1.5 GB/4.7 GB   10 MB/s   5m14s[K[?25h[?2026l[?2026h[?25l[A[1Gpulling manifest [K
pulling 2bada8a74506:  32% ▕█████             ▏ 1.5 GB/4.7 GB   10 MB/s   5m14s[K[?25h[?2026l[?2026h[?25l[A[1Gpulling manifest [K
pulling 2bada8a74506:  32% ▕█████             ▏ 1.5 GB/4.7 GB   10 MB/s   5m14s[K[?25h[?2026l[?2026h[?25l[A[1Gpulling manifest [K
pulling 2bada8a74506:  32% ▕█████             ▏ 1.5 GB/4.7 GB   10 MB/s   5m14s[K[?25h[?2026l[?2026h[?25l[A[1Gpulling manifest [K
pulling 2bada8a74506:  32% ▕█████             ▏ 1.5 GB/4.7 GB   10 MB/s   5m14s[K[?25h[?2026l[?2026h[?25l[A[1Gpulling manifest [K
pulling 2bada8a74506:  32% ▕█████             ▏ 1.5 GB/4.7 GB   10 MB/s   5m14s[K[?25h[?2026l[?2026h[?25l[A[1Gpulling manifest [K
pulling 2bada8a74506:  32% ▕█████             ▏ 1.5 GB/4.7 GB   10 MB/s   5m14s[K[?25h[?2026l[?2026h[?25l[A[1Gpulling manifest [K
pulling 2bada8a74506:  32% ▕█████             ▏ 1.5 GB/4.7 GB   10 MB/s   5m14s[K[?25h[?2026l[?2026h[?25l[A[1Gpulling manifest [K
pulling 2bada8a74506:  32% ▕█████             ▏ 1.5 GB/4.7 GB   10 MB/s   5m14s[K[?25h[?2026l[?2026h[?25l[A[1Gpulling manifest [K
pulling 2bada8a74506:  32% ▕█████             ▏ 1.5 GB/4.7 GB   10 MB/s   5m14s[K[?25h[?2026l[?2026h[?25l[A[1Gpulling manifest [K
pulling 2bada8a74506:  32% ▕█████             ▏ 1.5 GB/4.7 GB   10 MB/s   5m13s[K[?25h[?2026l[?2026h[?25l[A[1Gpulling manifest [K
pulling 2bada8a74506:  32% ▕█████             ▏ 1.5 GB/4.7 GB   10 MB/s   5m12s[K[?25h[?2026l[?2026h[?25l[A[1Gpulling manifest [K
pulling 2bada8a74506:  32% ▕█████             ▏ 1.5 GB/4.7 GB   10 MB/s   5m12s[K[?25h[?2026l[?2026h[?25l[A[1Gpulling manifest [K
pulling 2bada8a74506:  32% ▕█████             ▏ 1.5 GB/4.7 GB   10 MB/s   5m12s[K[?25h[?2026l[?2026h[?25l[A[1Gpulling manifest [K
pulling 2bada8a74506:  32% ▕█████             ▏ 1.5 GB/4.7 GB   10 MB/s   5m12s[K[?25h[?2026l[?2026h[?25l[A[1Gpulling manifest [K
pulling 2bada8a74506:  32% ▕█████             ▏ 1.5 GB/4.7 GB   10 MB/s   5m12s[K[?25h[?2026l[?2026h[?25l[A[1Gpulling manifest [K
pulling 2bada8a74506:  32% ▕█████             ▏ 1.5 GB/4.7 GB   10 MB/s   5m12s[K[?25h[?2026l[?2026h[?25l[A[1Gpulling manifest [K
pulling 2bada8a74506:  32% ▕█████             ▏ 1.5 GB/4.7 GB   10 MB/s   5m12s[K[?25h[?2026l[?2026h[?25l[A[1Gpulling manifest [K
pulling 2bada8a74506:  32% ▕█████             ▏ 1.5 GB/4.7 GB   10 MB/s   5m12s[K[?25h[?2026l[?2026h[?25l[A[1Gpulling manifest [K
pulling 2bada8a74506:  32% ▕█████             ▏ 1.5 GB/4.7 GB   10 MB/s   5m12s[K[?25h[?2026l[?2026h[?25l[A[1Gpulling manifest [K
pulling 2bada8a74506:  32% ▕█████             ▏ 1.5 GB/4.7 GB   10 MB/s   5m13s[K[?25h[?2026l[?2026h[?25l[A[1Gpulling manifest [K
pulling 2bada8a74506:  32% ▕█████             ▏ 1.5 GB/4.7 GB   10 MB/s   5m13s[K[?25h[?2026l[?2026h[?25l[A[1Gpulling manifest [K
pulling 2bada8a74506:  32% ▕█████             ▏ 1.5 GB/4.7 GB   10 MB/s   5m13s[K[?25h[?2026l[?2026h[?25l[A[1Gpulling manifest [K
pulling 2bada8a74506:  32% ▕█████             ▏ 1.5 GB/4.7 GB   10 MB/s   5m13s[K[?25h[?2026l[?2026h[?25l[A[1Gpulling manifest [K
pulling 2bada8a74506:  32% ▕█████             ▏ 1.5 GB/4.7 GB   10 MB/s   5m13s[K[?25h[?2026l[?2026h[?25l[A[1Gpulling manifest [K
pulling 2bada8a74506:  32% ▕█████             ▏ 1.5 GB/4.7 GB   10 MB/s   5m12s[K[?25h[?2026l[?2026h[?25l[A[1Gpulling manifest [K
pulling 2bada8a74506:  32% ▕█████             ▏ 1.5 GB/4.7 GB   10 MB/s   5m12s[K[?25h[?2026l[?2026h[?25l[A[1Gpulling manifest [K
pulling 2bada8a74506:  32% ▕█████             ▏ 1.5 GB/4.7 GB   10 MB/s   5m12s[K[?25h[?2026l[?2026h[?25l[A[1Gpulling manifest [K
pulling 2bada8a74506:  32% ▕█████             ▏ 1.5 GB/4.7 GB   10 MB/s   5m12s[K[?25h[?2026l[?2026h[?25l[A[1Gpulling manifest [K
pulling 2bada8a74506:  32% ▕█████             ▏ 1.5 GB/4.7 GB   10 MB/s   5m12s[K[?25h[?2026l[?2026h[?25l[A[1Gpulling manifest [K
pulling 2bada8a74506:  32% ▕█████             ▏ 1.5 GB/4.7 GB   10 MB/s   5m16s[K[?25h[?2026l[?2026h[?25l[A[1Gpulling manifest [K
pulling 2bada8a74506:  32% ▕█████             ▏ 1.5 GB/4.7 GB   10 MB/s   5m15s[K[?25h[?2026l[?2026h[?25l[A[1Gpulling manifest [K
pulling 2bada8a74506:  32% ▕█████             ▏ 1.5 GB/4.7 GB   10 MB/s   5m15s[K[?25h[?2026l[?2026h[?25l[A[1Gpulling manifest [K
pulling 2bada8a74506:  32% ▕█████             ▏ 1.5 GB/4.7 GB   10 MB/s   5m15s[K[?25h[?2026l[?2026h[?25l[A[1Gpulling manifest [K
pulling 2bada8a74506:  32% ▕█████             ▏ 1.5 GB/4.7 GB   10 MB/s   5m15s[K[?25h[?2026l[?2026h[?25l[A[1Gpulling manifest [K
pulling 2bada8a74506:  32% ▕█████             ▏ 1.5 GB/4.7 GB   10 MB/s   5m15s[K[?25h[?2026l[?2026h[?25l[A[1Gpulling manifest [K
pulling 2bada8a74506:  32% ▕█████             ▏ 1.5 GB/4.7 GB   10 MB/s   5m15s[K[?25h[?2026l[?2026h[?25l[A[1Gpulling manifest [K
pulling 2bada8a74506:  32% ▕█████             ▏ 1.5 GB/4.7 GB   10 MB/s   5m15s[K[?25h[?2026l[?2026h[?25l[A[1Gpulling manifest [K
pulling 2bada8a74506:  32% ▕█████             ▏ 1.5 GB/4.7 GB   10 MB/s   5m15s[K[?25h[?2026l[?2026h[?25l[A[1Gpulling manifest [K
pulling 2bada8a74506:  32% ▕█████             ▏ 1.5 GB/4.7 GB   10 MB/s   5m15s[K[?25h[?2026l[?2026h[?25l[A[1Gpulling manifest [K
pulling 2bada8a74506:  32% ▕█████             ▏ 1.5 GB/4.7 GB   10 MB/s   5m16s[K[?25h[?2026l[?2026h[?25l[A[1Gpulling manifest [K
pulling 2bada8a74506:  32% ▕█████             ▏ 1.5 GB/4.7 GB   10 MB/s   5m16s[K[?25h[?2026l[?2026h[?25l[A[1Gpulling manifest [K
pulling 2bada8a74506:  32% ▕█████             ▏ 1.5 GB/4.7 GB   10 MB/s   5m16s[K[?25h[?2026l[?2026h[?25l[A[1Gpulling manifest [K
pulling 2bada8a74506:  32% ▕█████             ▏ 1.5 GB/4.7 GB   10 MB/s   5m16s[K[?25h[?2026l[?2026h[?25l[A[1Gpulling manifest [K
pulling 2bada8a74506:  32% ▕█████             ▏ 1.5 GB/4.7 GB   10 MB/s   5m16s[K[?25h[?2026l[?2026h[?25l[A[1Gpulling manifest [K
pulling 2bada8a74506:  32% ▕█████             ▏ 1.5 GB/4.7 GB   10 MB/s   5m16s[K[?25h[?2026l[?2026h[?25l[A[1Gpulling manifest [K
pulling 2bada8a74506:  32% ▕█████             ▏ 1.5 GB/4.7 GB   10 MB/s   5m16s[K[?25h[?2026l[?2026h[?25l[A[1Gpulling manifest [K
pulling 2bada8a74506:  32% ▕█████             ▏ 1.5 GB/4.7 GB   10 MB/s   5m16s[K[?25h[?2026l[?2026h[?25l[A[1Gpulling manifest [K
pulling 2bada8a74506:  32% ▕█████             ▏ 1.5 GB/4.7 GB   10 MB/s   5m15s[K[?25h[?2026l[?2026h[?25l[A[1Gpulling manifest [K
pulling 2bada8a74506:  32% ▕█████             ▏ 1.5 GB/4.7 GB   10 MB/s   5m15s[K[?25h[?2026l[?2026h[?25l[A[1Gpulling manifest [K
pulling 2bada8a74506:  32% ▕█████             ▏ 1.5 GB/4.7 GB   10 MB/s   5m15s[K[?25h[?2026l[?2026h[?25l[A[1Gpulling manifest [K
pulling 2bada8a74506:  32% ▕█████             ▏ 1.5 GB/4.7 GB  9.7 MB/s   5m24s[K[?25h[?2026l[?2026h[?25l[A[1Gpulling manifest [K
pulling 2bada8a74506:  33% ▕█████             ▏ 1.5 GB/4.7 GB  9.7 MB/s   5m24s[K[?25h[?2026l[?2026h[?25l[A[1Gpulling manifest [K
pulling 2bada8a74506:  33% ▕█████             ▏ 1.5 GB/4.7 GB  9.7 MB/s   5m24s[K[?25h[?2026l[?2026h[?25l[A[1Gpulling manifest [K
pulling 2bada8a74506:  33% ▕█████             ▏ 1.5 GB/4.7 GB  9.7 MB/s   5m24s[K[?25h[?2026l[?2026h[?25l[A[1Gpulling manifest [K
pulling 2bada8a74506:  33% ▕█████             ▏ 1.5 GB/4.7 GB  9.7 MB/s   5m24s[K[?25h[?2026l[?2026h[?25l[A[1Gpulling manifest [K
pulling 2bada8a74506:  33% ▕█████             ▏ 1.5 GB/4.7 GB  9.7 MB/s   5m23s[K[?25h[?2026l[?2026h[?25l[A[1Gpulling manifest [K
pulling 2bada8a74506:  33% ▕█████             ▏ 1.5 GB/4.7 GB  9.7 MB/s   5m23s[K[?25h[?2026l[?2026h[?25l[A[1Gpulling manifest [K
pulling 2bada8a74506:  33% ▕█████             ▏ 1.5 GB/4.7 GB  9.7 MB/s   5m23s[K[?25h[?2026l[?2026h[?25l[A[1Gpulling manifest [K
pulling 2bada8a74506:  33% ▕█████             ▏ 1.5 GB/4.7 GB  9.7 MB/s   5m23s[K[?25h[?2026l[?2026h[?25l[A[1Gpulling manifest [K
pulling 2bada8a74506:  33% ▕█████             ▏ 1.5 GB/4.7 GB  9.7 MB/s   5m23s[K[?25h[?2026l[?2026h[?25l[A[1Gpulling manifest [K
pulling 2bada8a74506:  33% ▕█████             ▏ 1.5 GB/4.7 GB  9.7 MB/s   5m26s[K[?25h[?2026l[?2026h[?25l[A[1Gpulling manifest [K
pulling 2bada8a74506:  33% ▕█████             ▏ 1.5 GB/4.7 GB  9.7 MB/s   5m26s[K[?25h[?2026l[?2026h[?25l[A[1Gpulling manifest [K
pulling 2bada8a74506:  33% ▕█████             ▏ 1.5 GB/4.7 GB  9.7 MB/s   5m26s[K[?25h[?2026l[?2026h[?25l[A[1Gpulling manifest [K
pulling 2bada8a74506:  33% ▕█████             ▏ 1.5 GB/4.7 GB  9.7 MB/s   5m26s[K[?25h[?2026l[?2026h[?25l[A[1Gpulling manifest [K
pulling 2bada8a74506:  33% ▕█████             ▏ 1.5 GB/4.7 GB  9.7 MB/s   5m26s[K[?25h[?2026l[?2026h[?25l[A[1Gpulling manifest [K
pulling 2bada8a74506:  33% ▕█████             ▏ 1.5 GB/4.7 GB  9.7 MB/s   5m25s[K[?25h[?2026l[?2026h[?25l[A[1Gpulling manifest [K
pulling 2bada8a74506:  33% ▕█████             ▏ 1.5 GB/4.7 GB  9.7 MB/s   5m25s[K[?25h[?2026l[?2026h[?25l[A[1Gpulling manifest [K
pulling 2bada8a74506:  33% ▕█████             ▏ 1.5 GB/4.7 GB  9.7 MB/s   5m25s[K[?25h[?2026l[?2026h[?25l[A[1Gpulling manifest [K
pulling 2bada8a74506:  33% ▕█████             ▏ 1.5 GB/4.7 GB  9.7 MB/s   5m25s[K[?25h[?2026l[?2026h[?25l[A[1Gpulling manifest [K
pulling 2bada8a74506:  33% ▕█████             ▏ 1.5 GB/4.7 GB  9.7 MB/s   5m25s[K[?25h[?2026l[?2026h[?25l[A[1Gpulling manifest [K
pulling 2bada8a74506:  33% ▕█████             ▏ 1.5 GB/4.7 GB  9.6 MB/s   5m28s[K[?25h[?2026l[?2026h[?25l[A[1Gpulling manifest [K
pulling 2bada8a74506:  33% ▕█████             ▏ 1.5 GB/4.7 GB  9.6 MB/s   5m27s[K[?25h[?2026l[?2026h[?25l[A[1Gpulling manifest [K
pulling 2bada8a74506:  33% ▕█████             ▏ 1.5 GB/4.7 GB  9.6 MB/s   5m27s[K[?25h[?2026l[?2026h[?25l[A[1Gpulling manifest [K
pulling 2bada8a74506:  33% ▕█████             ▏ 1.5 GB/4.7 GB  9.6 MB/s   5m27s[K[?25h[?2026l[?2026h[?25l[A[1Gpulling manifest [K
pulling 2bada8a74506:  33% ▕█████             ▏ 1.5 GB/4.7 GB  9.6 MB/s   5m27s[K[?25h[?2026l[?2026h[?25l[A[1Gpulling manifest [K
pulling 2bada8a74506:  33% ▕█████             ▏ 1.5 GB/4.7 GB  9.6 MB/s   5m27s[K[?25h[?2026l[?2026h[?25l[A[1Gpulling manifest [K
pulling 2bada8a74506:  33% ▕█████             ▏ 1.5 GB/4.7 GB  9.6 MB/s   5m27s[K[?25h[?2026l[?2026h[?25l[A[1Gpulling manifest [K
pulling 2bada8a74506:  33% ▕█████             ▏ 1.5 GB/4.7 GB  9.6 MB/s   5m27s[K[?25h[?2026l[?2026h[?25l[A[1Gpulling manifest [K
pulling 2bada8a74506:  33% ▕█████             ▏ 1.5 GB/4.7 GB  9.6 MB/s   5m27s[K[?25h[?2026l[?2026h[?25l[A[1Gpulling manifest [K
pulling 2bada8a74506:  33% ▕█████             ▏ 1.5 GB/4.7 GB  9.6 MB/s   5m27s[K[?25h[?2026l[?2026h[?25l[A[1Gpulling manifest [K
pulling 2bada8a74506:  33% ▕█████             ▏ 1.5 GB/4.7 GB  9.5 MB/s   5m30s[K[?25h[?2026l[?2026h[?25l[A[1Gpulling manifest [K
pulling 2bada8a74506:  33% ▕█████             ▏ 1.6 GB/4.7 GB  9.5 MB/s   5m30s[K[?25h[?2026l[?2026h[?25l[A[1Gpulling manifest [K
pulling 2bada8a74506:  33% ▕█████             ▏ 1.6 GB/4.7 GB  9.5 MB/s   5m30s[K[?25h[?2026l[?2026h[?25l[A[1Gpulling manifest [K
pulling 2bada8a74506:  33% ▕█████             ▏ 1.6 GB/4.7 GB  9.5 MB/s   5m30s[K[?25h[?2026l[?2026h[?25l[A[1Gpulling manifest [K
pulling 2bada8a74506:  33% ▕█████             ▏ 1.6 GB/4.7 GB  9.5 MB/s   5m30s[K[?25h[?2026l[?2026h[?25l[A[1Gpulling manifest [K
pulling 2bada8a74506:  33% ▕█████             ▏ 1.6 GB/4.7 GB  9.5 MB/s   5m29s[K[?25h[?2026l[?2026h[?25l[A[1Gpulling manifest [K
pulling 2bada8a74506:  33% ▕█████             ▏ 1.6 GB/4.7 GB  9.5 MB/s   5m29s[K[?25h[?2026l[?2026h[?25l[A[1Gpulling manifest [K
pulling 2bada8a74506:  33% ▕█████             ▏ 1.6 GB/4.7 GB  9.5 MB/s   5m29s[K[?25h[?2026l[?2026h[?25l[A[1Gpulling manifest [K
pulling 2bada8a74506:  33% ▕█████             ▏ 1.6 GB/4.7 GB  9.5 MB/s   5m29s[K[?25h[?2026l[?2026h[?25l[A[1Gpulling manifest [K
pulling 2bada8a74506:  33% ▕█████             ▏ 1.6 GB/4.7 GB  9.5 MB/s   5m29s[K[?25h[?2026l[?2026h[?25l[A[1Gpulling manifest [K
pulling 2bada8a74506:  33% ▕█████             ▏ 1.6 GB/4.7 GB  9.4 MB/s   5m32s[K[?25h[?2026l[?2026h[?25l[A[1Gpulling manifest [K
pulling 2bada8a74506:  33% ▕█████             ▏ 1.6 GB/4.7 GB  9.4 MB/s   5m32s[K[?25h[?2026l[?2026h[?25l[A[1Gpulling manifest [K
pulling 2bada8a74506:  33% ▕█████             ▏ 1.6 GB/4.7 GB  9.4 MB/s   5m32s[K[?25h[?2026l[?2026h[?25l[A[1Gpulling manifest [K
pulling 2bada8a74506:  33% ▕██████            ▏ 1.6 GB/4.7 GB  9.4 MB/s   5m32s[K[?25h[?2026l[?2026h[?25l[A[1Gpulling manifest [K
pulling 2bada8a74506:  33% ▕██████            ▏ 1.6 GB/4.7 GB  9.4 MB/s   5m32s[K[?25h[?2026l[?2026h[?25l[A[1Gpulling manifest [K
pulling 2bada8a74506:  33% ▕██████            ▏ 1.6 GB/4.7 GB  9.4 MB/s   5m32s[K[?25h[?2026l[?2026h[?25l[A[1Gpulling manifest [K
pulling 2bada8a74506:  33% ▕██████            ▏ 1.6 GB/4.7 GB  9.4 MB/s   5m32s[K[?25h[?2026l[?2026h[?25l[A[1Gpulling manifest [K
pulling 2bada8a74506:  33% ▕██████            ▏ 1.6 GB/4.7 GB  9.4 MB/s   5m32s[K[?25h[?2026l[?2026h[?25l[A[1Gpulling manifest [K
pulling 2bada8a74506:  33% ▕██████            ▏ 1.6 GB/4.7 GB  9.4 MB/s   5m32s[K[?25h[?2026l[?2026h[?25l[A[1Gpulling manifest [K
pulling 2bada8a74506:  33% ▕██████            ▏ 1.6 GB/4.7 GB  9.4 MB/s   5m32s[K[?25h[?2026l[?2026h[?25l[A[1Gpulling manifest [K
pulling 2bada8a74506:  33% ▕██████            ▏ 1.6 GB/4.7 GB  9.4 MB/s   5m31s[K[?25h[?2026l[?2026h[?25l[A[1Gpulling manifest [K
pulling 2bada8a74506:  34% ▕██████            ▏ 1.6 GB/4.7 GB  9.4 MB/s   5m31s[K[?25h[?2026l[?2026h[?25l[A[1Gpulling manifest [K
pulling 2bada8a74506:  34% ▕██████            ▏ 1.6 GB/4.7 GB  9.4 MB/s   5m31s[K[?25h[?2026l[?2026h[?25l[A[1Gpulling manifest [K
pulling 2bada8a74506:  34% ▕██████            ▏ 1.6 GB/4.7 GB  9.4 MB/s   5m31s[K[?25h[?2026l[?2026h[?25l[A[1Gpulling manifest [K
pulling 2bada8a74506:  34% ▕██████            ▏ 1.6 GB/4.7 GB  9.4 MB/s   5m30s[K[?25h[?2026l[?2026h[?25l[A[1Gpulling manifest [K
pulling 2bada8a74506:  34% ▕██████            ▏ 1.6 GB/4.7 GB  9.4 MB/s   5m30s[K[?25h[?2026l[?2026h[?25l[A[1Gpulling manifest [K
pulling 2bada8a74506:  34% ▕██████            ▏ 1.6 GB/4.7 GB  9.4 MB/s   5m30s[K[?25h[?2026l[?2026h[?25l[A[1Gpulling manifest [K
pulling 2bada8a74506:  34% ▕██████            ▏ 1.6 GB/4.7 GB  9.4 MB/s   5m30s[K[?25h[?2026l[?2026h[?25l[A[1Gpulling manifest [K
pulling 2bada8a74506:  34% ▕██████            ▏ 1.6 GB/4.7 GB  9.4 MB/s   5m30s[K[?25h[?2026l[?2026h[?25l[A[1Gpulling manifest [K
pulling 2bada8a74506:  34% ▕██████            ▏ 1.6 GB/4.7 GB  9.4 MB/s   5m30s[K[?25h[?2026l[?2026h[?25l[A[1Gpulling manifest [K
pulling 2bada8a74506:  34% ▕██████            ▏ 1.6 GB/4.7 GB  9.4 MB/s   5m30s[K[?25h[?2026l[?2026h[?25l[A[1Gpulling manifest [K
pulling 2bada8a74506:  34% ▕██████            ▏ 1.6 GB/4.7 GB  9.4 MB/s   5m29s[K[?25h[?2026l[?2026h[?25l[A[1Gpulling manifest [K
pulling 2bada8a74506:  34% ▕██████            ▏ 1.6 GB/4.7 GB  9.4 MB/s   5m29s[K[?25h[?2026l[?2026h[?25l[A[1Gpulling manifest [K
pulling 2bada8a74506:  34% ▕██████            ▏ 1.6 GB/4.7 GB  9.4 MB/s   5m29s[K[?25h[?2026l[?2026h[?25l[A[1Gpulling manifest [K
pulling 2bada8a74506:  34% ▕██████            ▏ 1.6 GB/4.7 GB  9.4 MB/s   5m28s[K[?25h[?2026l[?2026h[?25l[A[1Gpulling manifest [K
pulling 2bada8a74506:  34% ▕██████            ▏ 1.6 GB/4.7 GB  9.4 MB/s   5m28s[K[?25h[?2026l[?2026h[?25l[A[1Gpulling manifest [K
pulling 2bada8a74506:  34% ▕██████            ▏ 1.6 GB/4.7 GB  9.4 MB/s   5m28s[K[?25h[?2026l[?2026h[?25l[A[1Gpulling manifest [K
pulling 2bada8a74506:  34% ▕██████            ▏ 1.6 GB/4.7 GB  9.4 MB/s   5m28s[K[?25h[?2026l[?2026h[?25l[A[1Gpulling manifest [K
pulling 2bada8a74506:  34% ▕██████            ▏ 1.6 GB/4.7 GB  9.4 MB/s   5m28s[K[?25h[?2026l[?2026h[?25l[A[1Gpulling manifest [K
pulling 2bada8a74506:  34% ▕██████            ▏ 1.6 GB/4.7 GB  9.4 MB/s   5m28s[K[?25h[?2026l[?2026h[?25l[A[1Gpulling manifest [K
pulling 2bada8a74506:  34% ▕██████            ▏ 1.6 GB/4.7 GB  9.4 MB/s   5m28s[K[?25h[?2026l[?2026h[?25l[A[1Gpulling manifest [K
pulling 2bada8a74506:  34% ▕██████            ▏ 1.6 GB/4.7 GB  9.5 MB/s   5m27s[K[?25h[?2026l[?2026h[?25l[A[1Gpulling manifest [K
pulling 2bada8a74506:  34% ▕██████            ▏ 1.6 GB/4.7 GB  9.5 MB/s   5m27s[K[?25h[?2026l[?2026h[?25l[A[1Gpulling manifest [K
pulling 2bada8a74506:  34% ▕██████            ▏ 1.6 GB/4.7 GB  9.5 MB/s   5m27s[K[?25h[?2026l[?2026h[?25l[A[1Gpulling manifest [K
pulling 2bada8a74506:  34% ▕██████            ▏ 1.6 GB/4.7 GB  9.5 MB/s   5m27s[K[?25h[?2026l[?2026h[?25l[A[1Gpulling manifest [K
pulling 2bada8a74506:  34% ▕██████            ▏ 1.6 GB/4.7 GB  9.5 MB/s   5m27s[K[?25h[?2026l[?2026h[?25l[A[1Gpulling manifest [K
pulling 2bada8a74506:  34% ▕██████            ▏ 1.6 GB/4.7 GB  9.5 MB/s   5m26s[K[?25h[?2026l[?2026h[?25l[A[1Gpulling manifest [K
pulling 2bada8a74506:  34% ▕██████            ▏ 1.6 GB/4.7 GB  9.5 MB/s   5m26s[K[?25h[?2026l[?2026h[?25l[A[1Gpulling manifest [K
pulling 2bada8a74506:  34% ▕██████            ▏ 1.6 GB/4.7 GB  9.5 MB/s   5m26s[K[?25h[?2026l[?2026h[?25l[A[1Gpulling manifest [K
pulling 2bada8a74506:  34% ▕██████            ▏ 1.6 GB/4.7 GB  9.5 MB/s   5m26s[K[?25h[?2026l[?2026h[?25l[A[1Gpulling manifest [K
pulling 2bada8a74506:  34% ▕██████            ▏ 1.6 GB/4.7 GB  9.5 MB/s   5m26s[K[?25h[?2026l[?2026h[?25l[A[1Gpulling manifest [K
pulling 2bada8a74506:  34% ▕██████            ▏ 1.6 GB/4.7 GB  9.2 MB/s   5m34s[K[?25h[?2026l[?2026h[?25l[A[1Gpulling manifest [K
pulling 2bada8a74506:  34% ▕██████            ▏ 1.6 GB/4.7 GB  9.2 MB/s   5m34s[K[?25h[?2026l[?2026h[?25l[A[1Gpulling manifest [K
pulling 2bada8a74506:  34% ▕██████            ▏ 1.6 GB/4.7 GB  9.2 MB/s   5m34s[K[?25h[?2026l[?2026h[?25l[A[1Gpulling manifest [K
pulling 2bada8a74506:  34% ▕██████            ▏ 1.6 GB/4.7 GB  9.2 MB/s   5m33s[K[?25h[?2026l[?2026h[?25l[A[1Gpulling manifest [K
pulling 2bada8a74506:  34% ▕██████            ▏ 1.6 GB/4.7 GB  9.2 MB/s   5m33s[K[?25h[?2026l[?2026h[?25l[A[1Gpulling manifest [K
pulling 2bada8a74506:  34% ▕██████            ▏ 1.6 GB/4.7 GB  9.2 MB/s   5m33s[K[?25h[?2026l[?2026h[?25l[A[1Gpulling manifest [K
pulling 2bada8a74506:  34% ▕██████            ▏ 1.6 GB/4.7 GB  9.2 MB/s   5m33s[K[?25h[?2026l[?2026h[?25l[A[1Gpulling manifest [K
pulling 2bada8a74506:  34% ▕██████            ▏ 1.6 GB/4.7 GB  9.2 MB/s   5m33s[K[?25h[?2026l[?2026h[?25l[A[1Gpulling manifest [K
pulling 2bada8a74506:  34% ▕██████            ▏ 1.6 GB/4.7 GB  9.2 MB/s   5m33s[K[?25h[?2026l[?2026h[?25l[A[1Gpulling manifest [K
pulling 2bada8a74506:  34% ▕██████            ▏ 1.6 GB/4.7 GB  9.2 MB/s   5m33s[K[?25h[?2026l[?2026h[?25l[A[1Gpulling manifest [K
pulling 2bada8a74506:  34% ▕██████            ▏ 1.6 GB/4.7 GB  9.2 MB/s   5m33s[K[?25h[?2026l[?2026h[?25l[A[1Gpulling manifest [K
pulling 2bada8a74506:  34% ▕██████            ▏ 1.6 GB/4.7 GB  9.2 MB/s   5m33s[K[?25h[?2026l[?2026h[?25l[A[1Gpulling manifest [K
pulling 2bada8a74506:  34% ▕██████            ▏ 1.6 GB/4.7 GB  9.2 MB/s   5m33s[K[?25h[?2026l[?2026h[?25l[A[1Gpulling manifest [K
pulling 2bada8a74506:  34% ▕██████            ▏ 1.6 GB/4.7 GB  9.2 MB/s   5m33s[K[?25h[?2026l[?2026h[?25l[A[1Gpulling manifest [K
pulling 2bada8a74506:  34% ▕██████            ▏ 1.6 GB/4.7 GB  9.2 MB/s   5m33s[K[?25h[?2026l[?2026h[?25l[A[1Gpulling manifest [K
pulling 2bada8a74506:  34% ▕██████            ▏ 1.6 GB/4.7 GB  9.2 MB/s   5m33s[K[?25h[?2026l[?2026h[?25l[A[1Gpulling manifest [K
pulling 2bada8a74506:  34% ▕██████            ▏ 1.6 GB/4.7 GB  9.2 MB/s   5m33s[K[?25h[?2026l[?2026h[?25l[A[1Gpulling manifest [K
pulling 2bada8a74506:  34% ▕██████            ▏ 1.6 GB/4.7 GB  9.2 MB/s   5m33s[K[?25h[?2026l[?2026h[?25l[A[1Gpulling manifest [K
pulling 2bada8a74506:  34% ▕██████            ▏ 1.6 GB/4.7 GB  9.2 MB/s   5m33s[K[?25h[?2026l[?2026h[?25l[A[1Gpulling manifest [K
pulling 2bada8a74506:  34% ▕██████            ▏ 1.6 GB/4.7 GB  9.2 MB/s   5m33s[K[?25h[?2026l[?2026h[?25l[A[1Gpulling manifest [K
pulling 2bada8a74506:  34% ▕██████            ▏ 1.6 GB/4.7 GB  9.2 MB/s   5m32s[K[?25h[?2026l[?2026h[?25l[A[1Gpulling manifest [K
pulling 2bada8a74506:  34% ▕██████            ▏ 1.6 GB/4.7 GB  9.0 MB/s   5m39s[K[?25h[?2026l[?2026h[?25l[A[1Gpulling manifest [K
pulling 2bada8a74506:  34% ▕██████            ▏ 1.6 GB/4.7 GB  9.0 MB/s   5m39s[K[?25h[?2026l[?2026h[?25l[A[1Gpulling manifest [K
pulling 2bada8a74506:  34% ▕██████            ▏ 1.6 GB/4.7 GB  9.0 MB/s   5m39s[K[?25h[?2026l[?2026h[?25l[A[1Gpulling manifest [K
pulling 2bada8a74506:  34% ▕██████            ▏ 1.6 GB/4.7 GB  9.0 MB/s   5m39s[K[?25h[?2026l[?2026h[?25l[A[1Gpulling manifest [K
pulling 2bada8a74506:  35% ▕██████            ▏ 1.6 GB/4.7 GB  9.0 MB/s   5m39s[K[?25h[?2026l[?2026h[?25l[A[1Gpulling manifest [K
pulling 2bada8a74506:  35% ▕██████            ▏ 1.6 GB/4.7 GB  9.0 MB/s   5m39s[K[?25h[?2026l[?2026h[?25l[A[1Gpulling manifest [K
pulling 2bada8a74506:  35% ▕██████            ▏ 1.6 GB/4.7 GB  9.0 MB/s   5m39s[K[?25h[?2026l[?2026h[?25l[A[1Gpulling manifest [K
pulling 2bada8a74506:  35% ▕██████            ▏ 1.6 GB/4.7 GB  9.0 MB/s   5m39s[K[?25h[?2026l[?2026h[?25l[A[1Gpulling manifest [K
pulling 2bada8a74506:  35% ▕██████            ▏ 1.6 GB/4.7 GB  9.0 MB/s   5m39s[K[?25h[?2026l[?2026h[?25l[A[1Gpulling manifest [K
pulling 2bada8a74506:  35% ▕██████            ▏ 1.6 GB/4.7 GB  9.0 MB/s   5m38s[K[?25h[?2026l[?2026h[?25l[A[1Gpulling manifest [K
pulling 2bada8a74506:  35% ▕██████            ▏ 1.6 GB/4.7 GB  9.0 MB/s   5m38s[K[?25h[?2026l[?2026h[?25l[A[1Gpulling manifest [K
pulling 2bada8a74506:  35% ▕██████            ▏ 1.6 GB/4.7 GB  9.0 MB/s   5m38s[K[?25h[?2026l[?2026h[?25l[A[1Gpulling manifest [K
pulling 2bada8a74506:  35% ▕██████            ▏ 1.6 GB/4.7 GB  9.0 MB/s   5m38s[K[?25h[?2026l[?2026h[?25l[A[1Gpulling manifest [K
pulling 2bada8a74506:  35% ▕██████            ▏ 1.6 GB/4.7 GB  9.0 MB/s   5m38s[K[?25h[?2026l[?2026h[?25l[A[1Gpulling manifest [K
pulling 2bada8a74506:  35% ▕██████            ▏ 1.6 GB/4.7 GB  9.0 MB/s   5m38s[K[?25h[?2026l[?2026h[?25l[A[1Gpulling manifest [K
pulling 2bada8a74506:  35% ▕██████            ▏ 1.6 GB/4.7 GB  9.0 MB/s   5m38s[K[?25h[?2026l[?2026h[?25l[A[1Gpulling manifest [K
pulling 2bada8a74506:  35% ▕██████            ▏ 1.6 GB/4.7 GB  9.0 MB/s   5m38s[K[?25h[?2026l[?2026h[?25l[A[1Gpulling manifest [K
pulling 2bada8a74506:  35% ▕██████            ▏ 1.6 GB/4.7 GB  9.0 MB/s   5m38s[K[?25h[?2026l[?2026h[?25l[A[1Gpulling manifest [K
pulling 2bada8a74506:  35% ▕██████            ▏ 1.6 GB/4.7 GB  9.0 MB/s   5m38s[K[?25h[?2026l[?2026h[?25l[A[1Gpulling manifest [K
pulling 2bada8a74506:  35% ▕██████            ▏ 1.6 GB/4.7 GB  9.0 MB/s   5m38s[K[?25h[?2026l[?2026h[?25l[A[1Gpulling manifest [K
pulling 2bada8a74506:  35% ▕██████            ▏ 1.6 GB/4.7 GB  8.9 MB/s   5m42s[K[?25h[?2026l[?2026h[?25l[A[1Gpulling manifest [K
pulling 2bada8a74506:  35% ▕██████            ▏ 1.6 GB/4.7 GB  8.9 MB/s   5m42s[K[?25h[?2026l[?2026h[?25l[A[1Gpulling manifest [K
pulling 2bada8a74506:  35% ▕██████            ▏ 1.6 GB/4.7 GB  8.9 MB/s   5m42s[K[?25h[?2026l[?2026h[?25l[A[1Gpulling manifest [K
pulling 2bada8a74506:  35% ▕██████            ▏ 1.6 GB/4.7 GB  8.9 MB/s   5m42s[K[?25h[?2026l[?2026h[?25l[A[1Gpulling manifest [K
pulling 2bada8a74506:  35% ▕██████            ▏ 1.6 GB/4.7 GB  8.9 MB/s   5m42s[K[?25h[?2026l[?2026h[?25l[A[1Gpulling manifest [K
pulling 2bada8a74506:  35% ▕██████            ▏ 1.6 GB/4.7 GB  8.9 MB/s   5m42s[K[?25h[?2026l[?2026h[?25l[A[1Gpulling manifest [K
pulling 2bada8a74506:  35% ▕██████            ▏ 1.6 GB/4.7 GB  8.9 MB/s   5m42s[K[?25h[?2026l[?2026h[?25l[A[1Gpulling manifest [K
pulling 2bada8a74506:  35% ▕██████            ▏ 1.6 GB/4.7 GB  8.9 MB/s   5m41s[K[?25h[?2026l[?2026h[?25l[A[1Gpulling manifest [K
pulling 2bada8a74506:  35% ▕██████            ▏ 1.6 GB/4.7 GB  8.9 MB/s   5m41s[K[?25h[?2026l[?2026h[?25l[A[1Gpulling manifest [K
pulling 2bada8a74506:  35% ▕██████            ▏ 1.6 GB/4.7 GB  8.9 MB/s   5m41s[K[?25h[?2026l[?2026h[?25l[A[1Gpulling manifest [K
pulling 2bada8a74506:  35% ▕██████            ▏ 1.6 GB/4.7 GB  8.9 MB/s   5m41s[K[?25h[?2026l[?2026h[?25l[A[1Gpulling manifest [K
pulling 2bada8a74506:  35% ▕██████            ▏ 1.6 GB/4.7 GB  8.9 MB/s   5m41s[K[?25h[?2026l[?2026h[?25l[A[1Gpulling manifest [K
pulling 2bada8a74506:  35% ▕██████            ▏ 1.6 GB/4.7 GB  8.9 MB/s   5m41s[K[?25h[?2026l[?2026h[?25l[A[1Gpulling manifest [K
pulling 2bada8a74506:  35% ▕██████            ▏ 1.6 GB/4.7 GB  8.9 MB/s   5m41s[K[?25h[?2026l[?2026h[?25l[A[1Gpulling manifest [K
pulling 2bada8a74506:  35% ▕██████            ▏ 1.6 GB/4.7 GB  8.9 MB/s   5m40s[K[?25h[?2026l[?2026h[?25l[A[1Gpulling manifest [K
pulling 2bada8a74506:  35% ▕██████            ▏ 1.6 GB/4.7 GB  8.9 MB/s   5m40s[K[?25h[?2026l[?2026h[?25l[A[1Gpulling manifest [K
pulling 2bada8a74506:  35% ▕██████            ▏ 1.6 GB/4.7 GB  8.9 MB/s   5m40s[K[?25h[?2026l[?2026h[?25l[A[1Gpulling manifest [K
pulling 2bada8a74506:  35% ▕██████            ▏ 1.6 GB/4.7 GB  8.9 MB/s   5m40s[K[?25h[?2026l[?2026h[?25l[A[1Gpulling manifest [K
pulling 2bada8a74506:  35% ▕██████            ▏ 1.6 GB/4.7 GB  8.9 MB/s   5m40s[K[?25h[?2026l[?2026h[?25l[A[1Gpulling manifest [K
pulling 2bada8a74506:  35% ▕██████            ▏ 1.6 GB/4.7 GB  8.9 MB/s   5m40s[K[?25h[?2026l[?2026h[?25l[A[1Gpulling manifest [K
pulling 2bada8a74506:  35% ▕██████            ▏ 1.6 GB/4.7 GB  8.9 MB/s   5m40s[K[?25h[?2026l[?2026h[?25l[A[1Gpulling manifest [K
pulling 2bada8a74506:  35% ▕██████            ▏ 1.6 GB/4.7 GB  8.9 MB/s   5m40s[K[?25h[?2026l[?2026h[?25l[A[1Gpulling manifest [K
pulling 2bada8a74506:  35% ▕██████            ▏ 1.7 GB/4.7 GB  8.9 MB/s   5m40s[K[?25h[?2026l[?2026h[?25l[A[1Gpulling manifest [K
pulling 2bada8a74506:  35% ▕██████            ▏ 1.7 GB/4.7 GB  8.9 MB/s   5m40s[K[?25h[?2026l[?2026h[?25l[A[1Gpulling manifest [K
pulling 2bada8a74506:  35% ▕██████            ▏ 1.7 GB/4.7 GB  8.9 MB/s   5m40s[K[?25h[?2026l[?2026h[?25l[A[1Gpulling manifest [K
pulling 2bada8a74506:  35% ▕██████            ▏ 1.7 GB/4.7 GB  8.9 MB/s   5m40s[K[?25h[?2026l[?2026h[?25l[A[1Gpulling manifest [K
pulling 2bada8a74506:  35% ▕██████            ▏ 1.7 GB/4.7 GB  8.9 MB/s   5m40s[K[?25h[?2026l[?2026h[?25l[A[1Gpulling manifest [K
pulling 2bada8a74506:  35% ▕██████            ▏ 1.7 GB/4.7 GB  8.9 MB/s   5m40s[K[?25h[?2026l[?2026h[?25l[A[1Gpulling manifest [K
pulling 2bada8a74506:  35% ▕██████            ▏ 1.7 GB/4.7 GB  8.9 MB/s   5m39s[K[?25h[?2026l[?2026h[?25l[A[1Gpulling manifest [K
pulling 2bada8a74506:  35% ▕██████            ▏ 1.7 GB/4.7 GB  8.9 MB/s   5m39s[K[?25h[?2026l[?2026h[?25l[A[1Gpulling manifest [K
pulling 2bada8a74506:  35% ▕██████            ▏ 1.7 GB/4.7 GB  8.9 MB/s   5m39s[K[?25h[?2026l[?2026h[?25l[A[1Gpulling manifest [K
pulling 2bada8a74506:  35% ▕██████            ▏ 1.7 GB/4.7 GB  8.9 MB/s   5m41s[K[?25h[?2026l[?2026h[?25l[A[1Gpulling manifest [K
pulling 2bada8a74506:  35% ▕██████            ▏ 1.7 GB/4.7 GB  8.9 MB/s   5m41s[K[?25h[?2026l[?2026h[?25l[A[1Gpulling manifest [K
pulling 2bada8a74506:  35% ▕██████            ▏ 1.7 GB/4.7 GB  8.9 MB/s   5m41s[K[?25h[?2026l[?2026h[?25l[A[1Gpulling manifest [K
pulling 2bada8a74506:  35% ▕██████            ▏ 1.7 GB/4.7 GB  8.9 MB/s   5m41s[K[?25h[?2026l[?2026h[?25l[A[1Gpulling manifest [K
pulling 2bada8a74506:  36% ▕██████            ▏ 1.7 GB/4.7 GB  8.9 MB/s   5m41s[K[?25h[?2026l[?2026h[?25l[A[1Gpulling manifest [K
pulling 2bada8a74506:  36% ▕██████            ▏ 1.7 GB/4.7 GB  8.9 MB/s   5m40s[K[?25h[?2026l[?2026h[?25l[A[1Gpulling manifest [K
pulling 2bada8a74506:  36% ▕██████            ▏ 1.7 GB/4.7 GB  8.9 MB/s   5m40s[K[?25h[?2026l[?2026h[?25l[A[1Gpulling manifest [K
pulling 2bada8a74506:  36% ▕██████            ▏ 1.7 GB/4.7 GB  8.9 MB/s   5m40s[K[?25h[?2026l[?2026h[?25l[A[1Gpulling manifest [K
pulling 2bada8a74506:  36% ▕██████            ▏ 1.7 GB/4.7 GB  8.9 MB/s   5m40s[K[?25h[?2026l[?2026h[?25l[A[1Gpulling manifest [K
pulling 2bada8a74506:  36% ▕██████            ▏ 1.7 GB/4.7 GB  8.9 MB/s   5m40s[K[?25h[?2026l[?2026h[?25l[A[1Gpulling manifest [K
pulling 2bada8a74506:  36% ▕██████            ▏ 1.7 GB/4.7 GB  8.9 MB/s   5m39s[K[?25h[?2026l[?2026h[?25l[A[1Gpulling manifest [K
pulling 2bada8a74506:  36% ▕██████            ▏ 1.7 GB/4.7 GB  8.9 MB/s   5m39s[K[?25h[?2026l[?2026h[?25l[A[1Gpulling manifest [K
pulling 2bada8a74506:  36% ▕██████            ▏ 1.7 GB/4.7 GB  8.9 MB/s   5m39s[K[?25h[?2026l[?2026h[?25l[A[1Gpulling manifest [K
pulling 2bada8a74506:  36% ▕██████            ▏ 1.7 GB/4.7 GB  8.9 MB/s   5m39s[K[?25h[?2026l[?2026h[?25l[A[1Gpulling manifest [K
pulling 2bada8a74506:  36% ▕██████            ▏ 1.7 GB/4.7 GB  8.9 MB/s   5m39s[K[?25h[?2026l[?2026h[?25l[A[1Gpulling manifest [K
pulling 2bada8a74506:  36% ▕██████            ▏ 1.7 GB/4.7 GB  8.9 MB/s   5m39s[K[?25h[?2026l[?2026h[?25l[A[1Gpulling manifest [K
pulling 2bada8a74506:  36% ▕██████            ▏ 1.7 GB/4.7 GB  8.9 MB/s   5m39s[K[?25h[?2026l[?2026h[?25l[A[1Gpulling manifest [K
pulling 2bada8a74506:  36% ▕██████            ▏ 1.7 GB/4.7 GB  8.9 MB/s   5m39s[K[?25h[?2026l[?2026h[?25l[A[1Gpulling manifest [K
pulling 2bada8a74506:  36% ▕██████            ▏ 1.7 GB/4.7 GB  8.9 MB/s   5m38s[K[?25h[?2026l[?2026h[?25l[A[1Gpulling manifest [K
pulling 2bada8a74506:  36% ▕██████            ▏ 1.7 GB/4.7 GB  8.9 MB/s   5m38s[K[?25h[?2026l[?2026h[?25l[A[1Gpulling manifest [K
pulling 2bada8a74506:  36% ▕██████            ▏ 1.7 GB/4.7 GB  9.1 MB/s   5m28s[K[?25h[?2026l[?2026h[?25l[A[1Gpulling manifest [K
pulling 2bada8a74506:  36% ▕██████            ▏ 1.7 GB/4.7 GB  9.1 MB/s   5m28s[K[?25h[?2026l[?2026h[?25l[A[1Gpulling manifest [K
pulling 2bada8a74506:  36% ▕██████            ▏ 1.7 GB/4.7 GB  9.1 MB/s   5m28s[K[?25h[?2026l[?2026h[?25l[A[1Gpulling manifest [K
pulling 2bada8a74506:  36% ▕██████            ▏ 1.7 GB/4.7 GB  9.1 MB/s   5m28s[K[?25h[?2026l[?2026h[?25l[A[1Gpulling manifest [K
pulling 2bada8a74506:  36% ▕██████            ▏ 1.7 GB/4.7 GB  9.1 MB/s   5m28s[K[?25h[?2026l[?2026h[?25l[A[1Gpulling manifest [K
pulling 2bada8a74506:  36% ▕██████            ▏ 1.7 GB/4.7 GB  9.1 MB/s   5m28s[K[?25h[?2026l[?2026h[?25l[A[1Gpulling manifest [K
pulling 2bada8a74506:  36% ▕██████            ▏ 1.7 GB/4.7 GB  9.1 MB/s   5m28s[K[?25h[?2026l[?2026h[?25l[A[1Gpulling manifest [K
pulling 2bada8a74506:  36% ▕██████            ▏ 1.7 GB/4.7 GB  9.1 MB/s   5m28s[K[?25h[?2026l[?2026h[?25l[A[1Gpulling manifest [K
pulling 2bada8a74506:  36% ▕██████            ▏ 1.7 GB/4.7 GB  9.1 MB/s   5m28s[K[?25h[?2026l[?2026h[?25l[A[1Gpulling manifest [K
pulling 2bada8a74506:  36% ▕██████            ▏ 1.7 GB/4.7 GB  9.1 MB/s   5m27s[K[?25h[?2026l[?2026h[?25l[A[1Gpulling manifest [K
pulling 2bada8a74506:  36% ▕██████            ▏ 1.7 GB/4.7 GB  9.4 MB/s   5m18s[K[?25h[?2026l[?2026h[?25l[A[1Gpulling manifest [K
pulling 2bada8a74506:  36% ▕██████            ▏ 1.7 GB/4.7 GB  9.4 MB/s   5m18s[K[?25h[?2026l[?2026h[?25l[A[1Gpulling manifest [K
pulling 2bada8a74506:  36% ▕██████            ▏ 1.7 GB/4.7 GB  9.4 MB/s   5m18s[K[?25h[?2026l[?2026h[?25l[A[1Gpulling manifest [K
pulling 2bada8a74506:  36% ▕██████            ▏ 1.7 GB/4.7 GB  9.4 MB/s   5m18s[K[?25h[?2026l[?2026h[?25l[A[1Gpulling manifest [K
pulling 2bada8a74506:  36% ▕██████            ▏ 1.7 GB/4.7 GB  9.4 MB/s   5m18s[K[?25h[?2026l[?2026h[?25l[A[1Gpulling manifest [K
pulling 2bada8a74506:  36% ▕██████            ▏ 1.7 GB/4.7 GB  9.4 MB/s   5m18s[K[?25h[?2026l[?2026h[?25l[A[1Gpulling manifest [K
pulling 2bada8a74506:  36% ▕██████            ▏ 1.7 GB/4.7 GB  9.4 MB/s   5m17s[K[?25h[?2026l[?2026h[?25l[A[1Gpulling manifest [K
pulling 2bada8a74506:  36% ▕██████            ▏ 1.7 GB/4.7 GB  9.4 MB/s   5m17s[K[?25h[?2026l[?2026h[?25l[A[1Gpulling manifest [K
pulling 2bada8a74506:  36% ▕██████            ▏ 1.7 GB/4.7 GB  9.4 MB/s   5m17s[K[?25h[?2026l[?2026h[?25l[A[1Gpulling manifest [K
pulling 2bada8a74506:  36% ▕██████            ▏ 1.7 GB/4.7 GB  9.4 MB/s   5m17s[K[?25h[?2026l[?2026h[?25l[A[1Gpulling manifest [K
pulling 2bada8a74506:  36% ▕██████            ▏ 1.7 GB/4.7 GB  9.6 MB/s   5m12s[K[?25h[?2026l[?2026h[?25l[A[1Gpulling manifest [K
pulling 2bada8a74506:  36% ▕██████            ▏ 1.7 GB/4.7 GB  9.6 MB/s   5m12s[K[?25h[?2026l[?2026h[?25l[A[1Gpulling manifest [K
pulling 2bada8a74506:  36% ▕██████            ▏ 1.7 GB/4.7 GB  9.6 MB/s   5m12s[K[?25h[?2026l[?2026h[?25l[A[1Gpulling manifest [K
pulling 2bada8a74506:  36% ▕██████            ▏ 1.7 GB/4.7 GB  9.6 MB/s   5m11s[K[?25h[?2026l[?2026h[?25l[A[1Gpulling manifest [K
pulling 2bada8a74506:  36% ▕██████            ▏ 1.7 GB/4.7 GB  9.6 MB/s   5m11s[K[?25h[?2026l[?2026h[?25l[A[1Gpulling manifest [K
pulling 2bada8a74506:  36% ▕██████            ▏ 1.7 GB/4.7 GB  9.6 MB/s   5m11s[K[?25h[?2026l[?2026h[?25l[A[1Gpulling manifest [K
pulling 2bada8a74506:  36% ▕██████            ▏ 1.7 GB/4.7 GB  9.6 MB/s   5m11s[K[?25h[?2026l[?2026h[?25l[A[1Gpulling manifest [K
pulling 2bada8a74506:  36% ▕██████            ▏ 1.7 GB/4.7 GB  9.6 MB/s   5m11s[K[?25h[?2026l[?2026h[?25l[A[1Gpulling manifest [K
pulling 2bada8a74506:  36% ▕██████            ▏ 1.7 GB/4.7 GB  9.6 MB/s   5m11s[K[?25h[?2026l[?2026h[?25l[A[1Gpulling manifest [K
pulling 2bada8a74506:  36% ▕██████            ▏ 1.7 GB/4.7 GB  9.6 MB/s   5m11s[K[?25h[?2026l[?2026h[?25l[A[1Gpulling manifest [K
pulling 2bada8a74506:  36% ▕██████            ▏ 1.7 GB/4.7 GB  9.6 MB/s   5m11s[K[?25h[?2026l[?2026h[?25l[A[1Gpulling manifest [K
pulling 2bada8a74506:  36% ▕██████            ▏ 1.7 GB/4.7 GB  9.5 MB/s   5m12s[K[?25h[?2026l[?2026h[?25l[A[1Gpulling manifest [K
pulling 2bada8a74506:  36% ▕██████            ▏ 1.7 GB/4.7 GB  9.5 MB/s   5m12s[K[?25h[?2026l[?2026h[?25l[A[1Gpulling manifest [K
pulling 2bada8a74506:  36% ▕██████            ▏ 1.7 GB/4.7 GB  9.5 MB/s   5m12s[K[?25h[?2026l[?2026h[?25l[A[1Gpulling manifest [K
pulling 2bada8a74506:  37% ▕██████            ▏ 1.7 GB/4.7 GB  9.5 MB/s   5m12s[K[?25h[?2026l[?2026h[?25l[A[1Gpulling manifest [K
pulling 2bada8a74506:  37% ▕██████            ▏ 1.7 GB/4.7 GB  9.5 MB/s   5m12s[K[?25h[?2026l[?2026h[?25l[A[1Gpulling manifest [K
pulling 2bada8a74506:  37% ▕██████            ▏ 1.7 GB/4.7 GB  9.5 MB/s   5m12s[K[?25h[?2026l[?2026h[?25l[A[1Gpulling manifest [K
pulling 2bada8a74506:  37% ▕██████            ▏ 1.7 GB/4.7 GB  9.5 MB/s   5m12s[K[?25h[?2026l[?2026h[?25l[A[1Gpulling manifest [K
pulling 2bada8a74506:  37% ▕██████            ▏ 1.7 GB/4.7 GB  9.5 MB/s   5m12s[K[?25h[?2026l[?2026h[?25l[A[1Gpulling manifest [K
pulling 2bada8a74506:  37% ▕██████            ▏ 1.7 GB/4.7 GB  9.5 MB/s   5m12s[K[?25h[?2026l[?2026h[?25l[A[1Gpulling manifest [K
pulling 2bada8a74506:  37% ▕██████            ▏ 1.7 GB/4.7 GB  9.5 MB/s   5m11s[K[?25h[?2026l[?2026h[?25l[A[1Gpulling manifest [K
pulling 2bada8a74506:  37% ▕██████            ▏ 1.7 GB/4.7 GB  9.5 MB/s   5m10s[K[?25h[?2026l[?2026h[?25l[A[1Gpulling manifest [K
pulling 2bada8a74506:  37% ▕██████            ▏ 1.7 GB/4.7 GB  9.5 MB/s   5m10s[K[?25h[?2026l[?2026h[?25l[A[1Gpulling manifest [K
pulling 2bada8a74506:  37% ▕██████            ▏ 1.7 GB/4.7 GB  9.5 MB/s   5m10s[K[?25h[?2026l[?2026h[?25l[A[1Gpulling manifest [K
pulling 2bada8a74506:  37% ▕██████            ▏ 1.7 GB/4.7 GB  9.5 MB/s   5m10s[K[?25h[?2026l[?2026h[?25l[A[1Gpulling manifest [K
pulling 2bada8a74506:  37% ▕██████            ▏ 1.7 GB/4.7 GB  9.5 MB/s   5m10s[K[?25h[?2026l[?2026h[?25l[A[1Gpulling manifest [K
pulling 2bada8a74506:  37% ▕██████            ▏ 1.7 GB/4.7 GB  9.5 MB/s   5m10s[K[?25h[?2026l[?2026h[?25l[A[1Gpulling manifest [K
pulling 2bada8a74506:  37% ▕██████            ▏ 1.7 GB/4.7 GB  9.5 MB/s   5m10s[K[?25h[?2026l[?2026h[?25l[A[1Gpulling manifest [K
pulling 2bada8a74506:  37% ▕██████            ▏ 1.7 GB/4.7 GB  9.5 MB/s   5m10s[K[?25h[?2026l[?2026h[?25l[A[1Gpulling manifest [K
pulling 2bada8a74506:  37% ▕██████            ▏ 1.7 GB/4.7 GB  9.5 MB/s   5m10s[K[?25h[?2026l[?2026h[?25l[A[1Gpulling manifest [K
pulling 2bada8a74506:  37% ▕██████            ▏ 1.7 GB/4.7 GB  9.5 MB/s   5m10s[K[?25h[?2026l[?2026h[?25l[A[1Gpulling manifest [K
pulling 2bada8a74506:  37% ▕██████            ▏ 1.7 GB/4.7 GB  9.4 MB/s   5m14s[K[?25h[?2026l[?2026h[?25l[A[1Gpulling manifest [K
pulling 2bada8a74506:  37% ▕██████            ▏ 1.7 GB/4.7 GB  9.4 MB/s   5m14s[K[?25h[?2026l[?2026h[?25l[A[1Gpulling manifest [K
pulling 2bada8a74506:  37% ▕██████            ▏ 1.7 GB/4.7 GB  9.4 MB/s   5m13s[K[?25h[?2026l[?2026h[?25l[A[1Gpulling manifest [K
pulling 2bada8a74506:  37% ▕██████            ▏ 1.7 GB/4.7 GB  9.4 MB/s   5m13s[K[?25h[?2026l[?2026h[?25l[A[1Gpulling manifest [K
pulling 2bada8a74506:  37% ▕██████            ▏ 1.7 GB/4.7 GB  9.4 MB/s   5m13s[K[?25h[?2026l[?2026h[?25l[A[1Gpulling manifest [K
pulling 2bada8a74506:  37% ▕██████            ▏ 1.7 GB/4.7 GB  9.4 MB/s   5m13s[K[?25h[?2026l[?2026h[?25l[A[1Gpulling manifest [K
pulling 2bada8a74506:  37% ▕██████            ▏ 1.7 GB/4.7 GB  9.4 MB/s   5m13s[K[?25h[?2026l[?2026h[?25l[A[1Gpulling manifest [K
pulling 2bada8a74506:  37% ▕██████            ▏ 1.7 GB/4.7 GB  9.4 MB/s   5m13s[K[?25h[?2026l[?2026h[?25l[A[1Gpulling manifest [K
pulling 2bada8a74506:  37% ▕██████            ▏ 1.7 GB/4.7 GB  9.4 MB/s   5m13s[K[?25h[?2026l[?2026h[?25l[A[1Gpulling manifest [K
pulling 2bada8a74506:  37% ▕██████            ▏ 1.7 GB/4.7 GB  9.4 MB/s   5m13s[K[?25h[?2026l[?2026h[?25l[A[1Gpulling manifest [K
pulling 2bada8a74506:  37% ▕██████            ▏ 1.7 GB/4.7 GB  9.2 MB/s   5m20s[K[?25h[?2026l[?2026h[?25l[A[1Gpulling manifest [K
pulling 2bada8a74506:  37% ▕██████            ▏ 1.7 GB/4.7 GB  9.2 MB/s   5m20s[K[?25h[?2026l[?2026h[?25l[A[1Gpulling manifest [K
pulling 2bada8a74506:  37% ▕██████            ▏ 1.7 GB/4.7 GB  9.2 MB/s   5m20s[K[?25h[?2026l[?2026h[?25l[A[1Gpulling manifest [K
pulling 2bada8a74506:  37% ▕██████            ▏ 1.7 GB/4.7 GB  9.2 MB/s   5m19s[K[?25h[?2026l[?2026h[?25l[A[1Gpulling manifest [K
pulling 2bada8a74506:  37% ▕██████            ▏ 1.7 GB/4.7 GB  9.2 MB/s   5m19s[K[?25h[?2026l[?2026h[?25l[A[1Gpulling manifest [K
pulling 2bada8a74506:  37% ▕██████            ▏ 1.7 GB/4.7 GB  9.2 MB/s   5m19s[K[?25h[?2026l[?2026h[?25l[A[1Gpulling manifest [K
pulling 2bada8a74506:  37% ▕██████            ▏ 1.7 GB/4.7 GB  9.2 MB/s   5m19s[K[?25h[?2026l[?2026h[?25l[A[1Gpulling manifest [K
pulling 2bada8a74506:  37% ▕██████            ▏ 1.7 GB/4.7 GB  9.2 MB/s   5m19s[K[?25h[?2026l[?2026h[?25l[A[1Gpulling manifest [K
pulling 2bada8a74506:  37% ▕██████            ▏ 1.7 GB/4.7 GB  9.2 MB/s   5m19s[K[?25h[?2026l[?2026h[?25l[A[1Gpulling manifest [K
pulling 2bada8a74506:  37% ▕██████            ▏ 1.7 GB/4.7 GB  9.2 MB/s   5m19s[K[?25h[?2026l[?2026h[?25l[A[1Gpulling manifest [K
pulling 2bada8a74506:  37% ▕██████            ▏ 1.7 GB/4.7 GB  9.1 MB/s   5m23s[K[?25h[?2026l[?2026h[?25l[A[1Gpulling manifest [K
pulling 2bada8a74506:  37% ▕██████            ▏ 1.7 GB/4.7 GB  9.1 MB/s   5m23s[K[?25h[?2026l[?2026h[?25l[A[1Gpulling manifest [K
pulling 2bada8a74506:  37% ▕██████            ▏ 1.7 GB/4.7 GB  9.1 MB/s   5m23s[K[?25h[?2026l[?2026h[?25l[A[1Gpulling manifest [K
pulling 2bada8a74506:  37% ▕██████            ▏ 1.7 GB/4.7 GB  9.1 MB/s   5m23s[K[?25h[?2026l[?2026h[?25l[A[1Gpulling manifest [K
pulling 2bada8a74506:  37% ▕██████            ▏ 1.7 GB/4.7 GB  9.1 MB/s   5m23s[K[?25h[?2026l[?2026h[?25l[A[1Gpulling manifest [K
pulling 2bada8a74506:  37% ▕██████            ▏ 1.7 GB/4.7 GB  9.1 MB/s   5m23s[K[?25h[?2026l[?2026h[?25l[A[1Gpulling manifest [K
pulling 2bada8a74506:  37% ▕██████            ▏ 1.7 GB/4.7 GB  9.1 MB/s   5m22s[K[?25h[?2026l[?2026h[?25l[A[1Gpulling manifest [K
pulling 2bada8a74506:  37% ▕██████            ▏ 1.7 GB/4.7 GB  9.1 MB/s   5m22s[K[?25h[?2026l[?2026h[?25l[A[1Gpulling manifest [K
pulling 2bada8a74506:  37% ▕██████            ▏ 1.7 GB/4.7 GB  9.1 MB/s   5m22s[K[?25h[?2026l[?2026h[?25l[A[1Gpulling manifest [K
pulling 2bada8a74506:  37% ▕██████            ▏ 1.7 GB/4.7 GB  9.1 MB/s   5m22s[K[?25h[?2026l[?2026h[?25l[A[1Gpulling manifest [K
pulling 2bada8a74506:  37% ▕██████            ▏ 1.7 GB/4.7 GB  9.1 MB/s   5m22s[K[?25h[?2026l[?2026h[?25l[A[1Gpulling manifest [K
pulling 2bada8a74506:  37% ▕██████            ▏ 1.7 GB/4.7 GB  8.9 MB/s   5m28s[K[?25h[?2026l[?2026h[?25l[A[1Gpulling manifest [K
pulling 2bada8a74506:  37% ▕██████            ▏ 1.8 GB/4.7 GB  8.9 MB/s   5m28s[K[?25h[?2026l[?2026h[?25l[A[1Gpulling manifest [K
pulling 2bada8a74506:  37% ▕██████            ▏ 1.8 GB/4.7 GB  8.9 MB/s   5m28s[K[?25h[?2026l[?2026h[?25l[A[1Gpulling manifest [K
pulling 2bada8a74506:  37% ▕██████            ▏ 1.8 GB/4.7 GB  8.9 MB/s   5m27s[K[?25h[?2026l[?2026h[?25l[A[1Gpulling manifest [K
pulling 2bada8a74506:  37% ▕██████            ▏ 1.8 GB/4.7 GB  8.9 MB/s   5m27s[K[?25h[?2026l[?2026h[?25l[A[1Gpulling manifest [K
pulling 2bada8a74506:  37% ▕██████            ▏ 1.8 GB/4.7 GB  8.9 MB/s   5m27s[K[?25h[?2026l[?2026h[?25l[A[1Gpulling manifest [K
pulling 2bada8a74506:  37% ▕██████            ▏ 1.8 GB/4.7 GB  8.9 MB/s   5m27s[K[?25h[?2026l[?2026h[?25l[A[1Gpulling manifest [K
pulling 2bada8a74506:  37% ▕██████            ▏ 1.8 GB/4.7 GB  8.9 MB/s   5m27s[K[?25h[?2026l[?2026h[?25l[A[1Gpulling manifest [K
pulling 2bada8a74506:  37% ▕██████            ▏ 1.8 GB/4.7 GB  8.9 MB/s   5m27s[K[?25h[?2026l[?2026h[?25l[A[1Gpulling manifest [K
pulling 2bada8a74506:  37% ▕██████            ▏ 1.8 GB/4.7 GB  8.9 MB/s   5m27s[K[?25h[?2026l[?2026h[?25l[A[1Gpulling manifest [K
pulling 2bada8a74506:  38% ▕██████            ▏ 1.8 GB/4.7 GB  8.7 MB/s   5m35s[K[?25h[?2026l[?2026h[?25l[A[1Gpulling manifest [K
pulling 2bada8a74506:  38% ▕██████            ▏ 1.8 GB/4.7 GB  8.7 MB/s   5m35s[K[?25h[?2026l[?2026h[?25l[A[1Gpulling manifest [K
pulling 2bada8a74506:  38% ▕██████            ▏ 1.8 GB/4.7 GB  8.7 MB/s   5m35s[K[?25h[?2026l[?2026h[?25l[A[1Gpulling manifest [K
pulling 2bada8a74506:  38% ▕██████            ▏ 1.8 GB/4.7 GB  8.7 MB/s   5m35s[K[?25h[?2026l[?2026h[?25l[A[1Gpulling manifest [K
pulling 2bada8a74506:  38% ▕██████            ▏ 1.8 GB/4.7 GB  8.7 MB/s   5m35s[K[?25h[?2026l[?2026h[?25l[A[1Gpulling manifest [K
pulling 2bada8a74506:  38% ▕██████            ▏ 1.8 GB/4.7 GB  8.7 MB/s   5m35s[K[?25h[?2026l[?2026h[?25l[A[1Gpulling manifest [K
pulling 2bada8a74506:  38% ▕██████            ▏ 1.8 GB/4.7 GB  8.7 MB/s   5m35s[K[?25h[?2026l[?2026h[?25l[A[1Gpulling manifest [K
pulling 2bada8a74506:  38% ▕██████            ▏ 1.8 GB/4.7 GB  8.7 MB/s   5m35s[K[?25h[?2026l[?2026h[?25l[A[1Gpulling manifest [K
pulling 2bada8a74506:  38% ▕██████            ▏ 1.8 GB/4.7 GB  8.7 MB/s   5m35s[K[?25h[?2026l[?2026h[?25l[A[1Gpulling manifest [K
pulling 2bada8a74506:  38% ▕██████            ▏ 1.8 GB/4.7 GB  8.7 MB/s   5m34s[K[?25h[?2026l[?2026h[?25l[A[1Gpulling manifest [K
pulling 2bada8a74506:  38% ▕██████            ▏ 1.8 GB/4.7 GB  8.6 MB/s   5m40s[K[?25h[?2026l[?2026h[?25l[A[1Gpulling manifest [K
pulling 2bada8a74506:  38% ▕██████            ▏ 1.8 GB/4.7 GB  8.6 MB/s   5m40s[K[?25h[?2026l[?2026h[?25l[A[1Gpulling manifest [K
pulling 2bada8a74506:  38% ▕██████            ▏ 1.8 GB/4.7 GB  8.6 MB/s   5m40s[K[?25h[?2026l[?2026h[?25l[A[1Gpulling manifest [K
pulling 2bada8a74506:  38% ▕██████            ▏ 1.8 GB/4.7 GB  8.6 MB/s   5m40s[K[?25h[?2026l[?2026h[?25l[A[1Gpulling manifest [K
pulling 2bada8a74506:  38% ▕██████            ▏ 1.8 GB/4.7 GB  8.6 MB/s   5m40s[K[?25h[?2026l[?2026h[?25l[A[1Gpulling manifest [K
pulling 2bada8a74506:  38% ▕██████            ▏ 1.8 GB/4.7 GB  8.6 MB/s   5m40s[K[?25h[?2026l[?2026h[?25l[A[1Gpulling manifest [K
pulling 2bada8a74506:  38% ▕██████            ▏ 1.8 GB/4.7 GB  8.6 MB/s   5m40s[K[?25h[?2026l[?2026h[?25l[A[1Gpulling manifest [K
pulling 2bada8a74506:  38% ▕██████            ▏ 1.8 GB/4.7 GB  8.6 MB/s   5m40s[K[?25h[?2026l[?2026h[?25l[A[1Gpulling manifest [K
pulling 2bada8a74506:  38% ▕██████            ▏ 1.8 GB/4.7 GB  8.6 MB/s   5m40s[K[?25h[?2026l[?2026h[?25l[A[1Gpulling manifest [K
pulling 2bada8a74506:  38% ▕██████            ▏ 1.8 GB/4.7 GB  8.6 MB/s   5m40s[K[?25h[?2026l[?2026h[?25l[A[1Gpulling manifest [K
pulling 2bada8a74506:  38% ▕██████            ▏ 1.8 GB/4.7 GB  8.4 MB/s   5m45s[K[?25h[?2026l[?2026h[?25l[A[1Gpulling manifest [K
pulling 2bada8a74506:  38% ▕██████            ▏ 1.8 GB/4.7 GB  8.4 MB/s   5m45s[K[?25h[?2026l[?2026h[?25l[A[1Gpulling manifest [K
pulling 2bada8a74506:  38% ▕██████            ▏ 1.8 GB/4.7 GB  8.4 MB/s   5m45s[K[?25h[?2026l[?2026h[?25l[A[1Gpulling manifest [K
pulling 2bada8a74506:  38% ▕██████            ▏ 1.8 GB/4.7 GB  8.4 MB/s   5m45s[K[?25h[?2026l[?2026h[?25l[A[1Gpulling manifest [K
pulling 2bada8a74506:  38% ▕██████            ▏ 1.8 GB/4.7 GB  8.4 MB/s   5m45s[K[?25h[?2026l[?2026h[?25l[A[1Gpulling manifest [K
pulling 2bada8a74506:  38% ▕██████            ▏ 1.8 GB/4.7 GB  8.4 MB/s   5m45s[K[?25h[?2026l[?2026h[?25l[A[1Gpulling manifest [K
pulling 2bada8a74506:  38% ▕██████            ▏ 1.8 GB/4.7 GB  8.4 MB/s   5m45s[K[?25h[?2026l[?2026h[?25l[A[1Gpulling manifest [K
pulling 2bada8a74506:  38% ▕██████            ▏ 1.8 GB/4.7 GB  8.4 MB/s   5m45s[K[?25h[?2026l[?2026h[?25l[A[1Gpulling manifest [K
pulling 2bada8a74506:  38% ▕██████            ▏ 1.8 GB/4.7 GB  8.4 MB/s   5m44s[K[?25h[?2026l[?2026h[?25l[A[1Gpulling manifest [K
pulling 2bada8a74506:  38% ▕██████            ▏ 1.8 GB/4.7 GB  8.4 MB/s   5m44s[K[?25h[?2026l[?2026h[?25l[A[1Gpulling manifest [K
pulling 2bada8a74506:  38% ▕██████            ▏ 1.8 GB/4.7 GB  8.4 MB/s   5m45s[K[?25h[?2026l[?2026h[?25l[A[1Gpulling manifest [K
pulling 2bada8a74506:  38% ▕██████            ▏ 1.8 GB/4.7 GB  8.4 MB/s   5m45s[K[?25h[?2026l[?2026h[?25l[A[1Gpulling manifest [K
pulling 2bada8a74506:  38% ▕██████            ▏ 1.8 GB/4.7 GB  8.4 MB/s   5m45s[K[?25h[?2026l[?2026h[?25l[A[1Gpulling manifest [K
pulling 2bada8a74506:  38% ▕██████            ▏ 1.8 GB/4.7 GB  8.4 MB/s   5m45s[K[?25h[?2026l[?2026h[?25l[A[1Gpulling manifest [K
pulling 2bada8a74506:  38% ▕██████            ▏ 1.8 GB/4.7 GB  8.4 MB/s   5m45s[K[?25h[?2026l[?2026h[?25l[A[1Gpulling manifest [K
pulling 2bada8a74506:  38% ▕██████            ▏ 1.8 GB/4.7 GB  8.4 MB/s   5m45s[K[?25h[?2026l[?2026h[?25l[A[1Gpulling manifest [K
pulling 2bada8a74506:  38% ▕██████            ▏ 1.8 GB/4.7 GB  8.4 MB/s   5m45s[K[?25h[?2026l[?2026h[?25l[A[1Gpulling manifest [K
pulling 2bada8a74506:  38% ▕██████            ▏ 1.8 GB/4.7 GB  8.4 MB/s   5m45s[K[?25h[?2026l[?2026h[?25l[A[1Gpulling manifest [K
pulling 2bada8a74506:  38% ▕██████            ▏ 1.8 GB/4.7 GB  8.4 MB/s   5m45s[K[?25h[?2026l[?2026h[?25l[A[1Gpulling manifest [K
pulling 2bada8a74506:  38% ▕██████            ▏ 1.8 GB/4.7 GB  8.4 MB/s   5m44s[K[?25h[?2026l[?2026h[?25l[A[1Gpulling manifest [K
pulling 2bada8a74506:  38% ▕██████            ▏ 1.8 GB/4.7 GB  8.4 MB/s   5m44s[K[?25h[?2026l[?2026h[?25l[A[1Gpulling manifest [K
pulling 2bada8a74506:  38% ▕██████            ▏ 1.8 GB/4.7 GB  8.5 MB/s   5m40s[K[?25h[?2026l[?2026h[?25l[A[1Gpulling manifest [K
pulling 2bada8a74506:  38% ▕██████            ▏ 1.8 GB/4.7 GB  8.5 MB/s   5m40s[K[?25h[?2026l[?2026h[?25l[A[1Gpulling manifest [K
pulling 2bada8a74506:  38% ▕██████            ▏ 1.8 GB/4.7 GB  8.5 MB/s   5m40s[K[?25h[?2026l[?2026h[?25l[A[1Gpulling manifest [K
pulling 2bada8a74506:  38% ▕██████            ▏ 1.8 GB/4.7 GB  8.5 MB/s   5m40s[K[?25h[?2026l[?2026h[?25l[A[1Gpulling manifest [K
pulling 2bada8a74506:  38% ▕██████            ▏ 1.8 GB/4.7 GB  8.5 MB/s   5m40s[K[?25h[?2026l[?2026h[?25l[A[1Gpulling manifest [K
pulling 2bada8a74506:  38% ▕██████            ▏ 1.8 GB/4.7 GB  8.5 MB/s   5m40s[K[?25h[?2026l[?2026h[?25l[A[1Gpulling manifest [K
pulling 2bada8a74506:  38% ▕██████            ▏ 1.8 GB/4.7 GB  8.5 MB/s   5m39s[K[?25h[?2026l[?2026h[?25l[A[1Gpulling manifest [K
pulling 2bada8a74506:  38% ▕██████            ▏ 1.8 GB/4.7 GB  8.5 MB/s   5m39s[K[?25h[?2026l[?2026h[?25l[A[1Gpulling manifest [K
pulling 2bada8a74506:  38% ▕██████            ▏ 1.8 GB/4.7 GB  8.5 MB/s   5m39s[K[?25h[?2026l[?2026h[?25l[A[1Gpulling manifest [K
pulling 2bada8a74506:  38% ▕██████            ▏ 1.8 GB/4.7 GB  8.5 MB/s   5m39s[K[?25h[?2026l[?2026h[?25l[A[1Gpulling manifest [K
pulling 2bada8a74506:  38% ▕██████            ▏ 1.8 GB/4.7 GB  8.6 MB/s   5m35s[K[?25h[?2026l[?2026h[?25l[A[1Gpulling manifest [K
pulling 2bada8a74506:  38% ▕██████            ▏ 1.8 GB/4.7 GB  8.6 MB/s   5m35s[K[?25h[?2026l[?2026h[?25l[A[1Gpulling manifest [K
pulling 2bada8a74506:  39% ▕██████            ▏ 1.8 GB/4.7 GB  8.6 MB/s   5m35s[K[?25h[?2026l[?2026h[?25l[A[1Gpulling manifest [K
pulling 2bada8a74506:  39% ▕██████            ▏ 1.8 GB/4.7 GB  8.6 MB/s   5m35s[K[?25h[?2026l[?2026h[?25l[A[1Gpulling manifest [K
pulling 2bada8a74506:  39% ▕██████            ▏ 1.8 GB/4.7 GB  8.6 MB/s   5m35s[K[?25h[?2026l[?2026h[?25l[A[1Gpulling manifest [K
pulling 2bada8a74506:  39% ▕██████            ▏ 1.8 GB/4.7 GB  8.6 MB/s   5m35s[K[?25h[?2026l[?2026h[?25l[A[1Gpulling manifest [K
pulling 2bada8a74506:  39% ▕██████            ▏ 1.8 GB/4.7 GB  8.6 MB/s   5m34s[K[?25h[?2026l[?2026h[?25l[A[1Gpulling manifest [K
pulling 2bada8a74506:  39% ▕██████            ▏ 1.8 GB/4.7 GB  8.6 MB/s   5m34s[K[?25h[?2026l[?2026h[?25l[A[1Gpulling manifest [K
pulling 2bada8a74506:  39% ▕██████            ▏ 1.8 GB/4.7 GB  8.6 MB/s   5m34s[K[?25h[?2026l[?2026h[?25l[A[1Gpulling manifest [K
pulling 2bada8a74506:  39% ▕██████            ▏ 1.8 GB/4.7 GB  8.6 MB/s   5m34s[K[?25h[?2026l[?2026h[?25l[A[1Gpulling manifest [K
pulling 2bada8a74506:  39% ▕██████            ▏ 1.8 GB/4.7 GB  8.8 MB/s   5m26s[K[?25h[?2026l[?2026h[?25l[A[1Gpulling manifest [K
pulling 2bada8a74506:  39% ▕██████            ▏ 1.8 GB/4.7 GB  8.8 MB/s   5m25s[K[?25h[?2026l[?2026h[?25l[A[1Gpulling manifest [K
pulling 2bada8a74506:  39% ▕██████            ▏ 1.8 GB/4.7 GB  8.8 MB/s   5m25s[K[?25h[?2026l[?2026h[?25l[A[1Gpulling manifest [K
pulling 2bada8a74506:  39% ▕██████            ▏ 1.8 GB/4.7 GB  8.8 MB/s   5m25s[K[?25h[?2026l[?2026h[?25l[A[1Gpulling manifest [K
pulling 2bada8a74506:  39% ▕██████            ▏ 1.8 GB/4.7 GB  8.8 MB/s   5m25s[K[?25h[?2026l[?2026h[?25l[A[1Gpulling manifest [K
pulling 2bada8a74506:  39% ▕██████            ▏ 1.8 GB/4.7 GB  8.8 MB/s   5m25s[K[?25h[?2026l[?2026h[?25l[A[1Gpulling manifest [K
pulling 2bada8a74506:  39% ▕██████            ▏ 1.8 GB/4.7 GB  8.8 MB/s   5m25s[K[?25h[?2026l[?2026h[?25l[A[1Gpulling manifest [K
pulling 2bada8a74506:  39% ▕██████            ▏ 1.8 GB/4.7 GB  8.8 MB/s   5m25s[K[?25h[?2026l[?2026h[?25l[A[1Gpulling manifest [K
pulling 2bada8a74506:  39% ▕██████            ▏ 1.8 GB/4.7 GB  8.8 MB/s   5m25s[K[?25h[?2026l[?2026h[?25l[A[1Gpulling manifest [K
pulling 2bada8a74506:  39% ▕██████            ▏ 1.8 GB/4.7 GB  8.8 MB/s   5m25s[K[?25h[?2026l[?2026h[?25l[A[1Gpulling manifest [K
pulling 2bada8a74506:  39% ▕██████            ▏ 1.8 GB/4.7 GB  8.9 MB/s   5m21s[K[?25h[?2026l[?2026h[?25l[A[1Gpulling manifest [K
pulling 2bada8a74506:  39% ▕███████           ▏ 1.8 GB/4.7 GB  8.9 MB/s   5m20s[K[?25h[?2026l[?2026h[?25l[A[1Gpulling manifest [K
pulling 2bada8a74506:  39% ▕███████           ▏ 1.8 GB/4.7 GB  8.9 MB/s   5m20s[K[?25h[?2026l[?2026h[?25l[A[1Gpulling manifest [K
pulling 2bada8a74506:  39% ▕███████           ▏ 1.8 GB/4.7 GB  8.9 MB/s   5m20s[K[?25h[?2026l[?2026h[?25l[A[1Gpulling manifest [K
pulling 2bada8a74506:  39% ▕███████           ▏ 1.8 GB/4.7 GB  8.9 MB/s   5m20s[K[?25h[?2026l[?2026h[?25l[A[1Gpulling manifest [K
pulling 2bada8a74506:  39% ▕███████           ▏ 1.8 GB/4.7 GB  8.9 MB/s   5m20s[K[?25h[?2026l[?2026h[?25l[A[1Gpulling manifest [K
pulling 2bada8a74506:  39% ▕███████           ▏ 1.8 GB/4.7 GB  8.9 MB/s   5m20s[K[?25h[?2026l[?2026h[?25l[A[1Gpulling manifest [K
pulling 2bada8a74506:  39% ▕███████           ▏ 1.8 GB/4.7 GB  8.9 MB/s   5m20s[K[?25h[?2026l[?2026h[?25l[A[1Gpulling manifest [K
pulling 2bada8a74506:  39% ▕███████           ▏ 1.8 GB/4.7 GB  8.9 MB/s   5m20s[K[?25h[?2026l[?2026h[?25l[A[1Gpulling manifest [K
pulling 2bada8a74506:  39% ▕███████           ▏ 1.8 GB/4.7 GB  8.9 MB/s   5m20s[K[?25h[?2026l[?2026h[?25l[A[1Gpulling manifest [K
pulling 2bada8a74506:  39% ▕███████           ▏ 1.8 GB/4.7 GB  9.0 MB/s   5m16s[K[?25h[?2026l[?2026h[?25l[A[1Gpulling manifest [K
pulling 2bada8a74506:  39% ▕███████           ▏ 1.8 GB/4.7 GB  9.0 MB/s   5m16s[K[?25h[?2026l[?2026h[?25l[A[1Gpulling manifest [K
pulling 2bada8a74506:  39% ▕███████           ▏ 1.8 GB/4.7 GB  9.0 MB/s   5m16s[K[?25h[?2026l[?2026h[?25l[A[1Gpulling manifest [K
pulling 2bada8a74506:  39% ▕███████           ▏ 1.8 GB/4.7 GB  9.0 MB/s   5m16s[K[?25h[?2026l[?2026h[?25l[A[1Gpulling manifest [K
pulling 2bada8a74506:  39% ▕███████           ▏ 1.8 GB/4.7 GB  9.0 MB/s   5m16s[K[?25h[?2026l[?2026h[?25l[A[1Gpulling manifest [K
pulling 2bada8a74506:  39% ▕███████           ▏ 1.8 GB/4.7 GB  9.0 MB/s   5m16s[K[?25h[?2026l[?2026h[?25l[A[1Gpulling manifest [K
pulling 2bada8a74506:  39% ▕███████           ▏ 1.8 GB/4.7 GB  9.0 MB/s   5m16s[K[?25h[?2026l[?2026h[?25l[A[1Gpulling manifest [K
pulling 2bada8a74506:  39% ▕███████           ▏ 1.8 GB/4.7 GB  9.0 MB/s   5m16s[K[?25h[?2026l[?2026h[?25l[A[1Gpulling manifest [K
pulling 2bada8a74506:  39% ▕███████           ▏ 1.8 GB/4.7 GB  9.0 MB/s   5m16s[K[?25h[?2026l[?2026h[?25l[A[1Gpulling manifest [K
pulling 2bada8a74506:  39% ▕███████           ▏ 1.8 GB/4.7 GB  9.0 MB/s   5m15s[K[?25h[?2026l[?2026h[?25l[A[1Gpulling manifest [K
pulling 2bada8a74506:  39% ▕███████           ▏ 1.8 GB/4.7 GB  9.0 MB/s   5m15s[K[?25h[?2026l[?2026h[?25l[A[1Gpulling manifest [K
pulling 2bada8a74506:  39% ▕███████           ▏ 1.8 GB/4.7 GB  9.3 MB/s    5m7s[K[?25h[?2026l[?2026h[?25l[A[1Gpulling manifest [K
pulling 2bada8a74506:  39% ▕███████           ▏ 1.8 GB/4.7 GB  9.3 MB/s    5m6s[K[?25h[?2026l[?2026h[?25l[A[1Gpulling manifest [K
pulling 2bada8a74506:  39% ▕███████           ▏ 1.8 GB/4.7 GB  9.3 MB/s    5m6s[K[?25h[?2026l[?2026h[?25l[A[1Gpulling manifest [K
pulling 2bada8a74506:  39% ▕███████           ▏ 1.8 GB/4.7 GB  9.3 MB/s    5m6s[K[?25h[?2026l[?2026h[?25l[A[1Gpulling manifest [K
pulling 2bada8a74506:  39% ▕███████           ▏ 1.8 GB/4.7 GB  9.3 MB/s    5m6s[K[?25h[?2026l[?2026h[?25l[A[1Gpulling manifest [K
pulling 2bada8a74506:  39% ▕███████           ▏ 1.8 GB/4.7 GB  9.3 MB/s    5m6s[K[?25h[?2026l[?2026h[?25l[A[1Gpulling manifest [K
pulling 2bada8a74506:  39% ▕███████           ▏ 1.8 GB/4.7 GB  9.3 MB/s    5m6s[K[?25h[?2026l[?2026h[?25l[A[1Gpulling manifest [K
pulling 2bada8a74506:  39% ▕███████           ▏ 1.8 GB/4.7 GB  9.3 MB/s    5m6s[K[?25h[?2026l[?2026h[?25l[A[1Gpulling manifest [K
pulling 2bada8a74506:  39% ▕███████           ▏ 1.8 GB/4.7 GB  9.3 MB/s    5m6s[K[?25h[?2026l[?2026h[?25l[A[1Gpulling manifest [K
pulling 2bada8a74506:  39% ▕███████           ▏ 1.8 GB/4.7 GB  9.3 MB/s    5m6s[K[?25h[?2026l[?2026h[?25l[A[1Gpulling manifest [K
pulling 2bada8a74506:  40% ▕███████           ▏ 1.9 GB/4.7 GB  9.4 MB/s   4m59s[K[?25h[?2026l[?2026h[?25l[A[1Gpulling manifest [K
pulling 2bada8a74506:  40% ▕███████           ▏ 1.9 GB/4.7 GB  9.4 MB/s   4m59s[K[?25h[?2026l[?2026h[?25l[A[1Gpulling manifest [K
pulling 2bada8a74506:  40% ▕███████           ▏ 1.9 GB/4.7 GB  9.4 MB/s   4m59s[K[?25h[?2026l[?2026h[?25l[A[1Gpulling manifest [K
pulling 2bada8a74506:  40% ▕███████           ▏ 1.9 GB/4.7 GB  9.4 MB/s   4m59s[K[?25h[?2026l[?2026h[?25l[A[1Gpulling manifest [K
pulling 2bada8a74506:  40% ▕███████           ▏ 1.9 GB/4.7 GB  9.4 MB/s   4m59s[K[?25h[?2026l[?2026h[?25l[A[1Gpulling manifest [K
pulling 2bada8a74506:  40% ▕███████           ▏ 1.9 GB/4.7 GB  9.4 MB/s   4m59s[K[?25h[?2026l[?2026h[?25l[A[1Gpulling manifest [K
pulling 2bada8a74506:  40% ▕███████           ▏ 1.9 GB/4.7 GB  9.4 MB/s   4m59s[K[?25h[?2026l[?2026h[?25l[A[1Gpulling manifest [K
pulling 2bada8a74506:  40% ▕███████           ▏ 1.9 GB/4.7 GB  9.4 MB/s   4m59s[K[?25h[?2026l[?2026h[?25l[A[1Gpulling manifest [K
pulling 2bada8a74506:  40% ▕███████           ▏ 1.9 GB/4.7 GB  9.4 MB/s   4m59s[K[?25h[?2026l[?2026h[?25l[A[1Gpulling manifest [K
pulling 2bada8a74506:  40% ▕███████           ▏ 1.9 GB/4.7 GB  9.4 MB/s   4m58s[K[?25h[?2026l[?2026h[?25l[A[1Gpulling manifest [K
pulling 2bada8a74506:  40% ▕███████           ▏ 1.9 GB/4.7 GB  9.6 MB/s   4m54s[K[?25h[?2026l[?2026h[?25l[A[1Gpulling manifest [K
pulling 2bada8a74506:  40% ▕███████           ▏ 1.9 GB/4.7 GB  9.6 MB/s   4m54s[K[?25h[?2026l[?2026h[?25l[A[1Gpulling manifest [K
pulling 2bada8a74506:  40% ▕███████           ▏ 1.9 GB/4.7 GB  9.6 MB/s   4m53s[K[?25h[?2026l[?2026h[?25l[A[1Gpulling manifest [K
pulling 2bada8a74506:  40% ▕███████           ▏ 1.9 GB/4.7 GB  9.6 MB/s   4m53s[K[?25h[?2026l[?2026h[?25l[A[1Gpulling manifest [K
pulling 2bada8a74506:  40% ▕███████           ▏ 1.9 GB/4.7 GB  9.6 MB/s   4m53s[K[?25h[?2026l[?2026h[?25l[A[1Gpulling manifest [K
pulling 2bada8a74506:  40% ▕███████           ▏ 1.9 GB/4.7 GB  9.6 MB/s   4m53s[K[?25h[?2026l[?2026h[?25l[A[1Gpulling manifest [K
pulling 2bada8a74506:  40% ▕███████           ▏ 1.9 GB/4.7 GB  9.6 MB/s   4m53s[K[?25h[?2026l[?2026h[?25l[A[1Gpulling manifest [K
pulling 2bada8a74506:  40% ▕███████           ▏ 1.9 GB/4.7 GB  9.6 MB/s   4m53s[K[?25h[?2026l[?2026h[?25l[A[1Gpulling manifest [K
pulling 2bada8a74506:  40% ▕███████           ▏ 1.9 GB/4.7 GB  9.6 MB/s   4m53s[K[?25h[?2026l[?2026h[?25l[A[1Gpulling manifest [K
pulling 2bada8a74506:  40% ▕███████           ▏ 1.9 GB/4.7 GB  9.6 MB/s   4m53s[K[?25h[?2026l[?2026h[?25l[A[1Gpulling manifest [K
pulling 2bada8a74506:  40% ▕███████           ▏ 1.9 GB/4.7 GB  9.7 MB/s   4m49s[K[?25h[?2026l[?2026h[?25l[A[1Gpulling manifest [K
pulling 2bada8a74506:  40% ▕███████           ▏ 1.9 GB/4.7 GB  9.7 MB/s   4m49s[K[?25h[?2026l[?2026h[?25l[A[1Gpulling manifest [K
pulling 2bada8a74506:  40% ▕███████           ▏ 1.9 GB/4.7 GB  9.7 MB/s   4m49s[K[?25h[?2026l[?2026h[?25l[A[1Gpulling manifest [K
pulling 2bada8a74506:  40% ▕███████           ▏ 1.9 GB/4.7 GB  9.7 MB/s   4m48s[K[?25h[?2026l[?2026h[?25l[A[1Gpulling manifest [K
pulling 2bada8a74506:  40% ▕███████           ▏ 1.9 GB/4.7 GB  9.7 MB/s   4m48s[K[?25h[?2026l[?2026h[?25l[A[1Gpulling manifest [K
pulling 2bada8a74506:  40% ▕███████           ▏ 1.9 GB/4.7 GB  9.7 MB/s   4m48s[K[?25h[?2026l[?2026h[?25l[A[1Gpulling manifest [K
pulling 2bada8a74506:  40% ▕███████           ▏ 1.9 GB/4.7 GB  9.7 MB/s   4m48s[K[?25h[?2026l[?2026h[?25l[A[1Gpulling manifest [K
pulling 2bada8a74506:  40% ▕███████           ▏ 1.9 GB/4.7 GB  9.7 MB/s   4m48s[K[?25h[?2026l[?2026h[?25l[A[1Gpulling manifest [K
pulling 2bada8a74506:  40% ▕███████           ▏ 1.9 GB/4.7 GB  9.7 MB/s   4m48s[K[?25h[?2026l[?2026h[?25l[A[1Gpulling manifest [K
pulling 2bada8a74506:  40% ▕███████           ▏ 1.9 GB/4.7 GB  9.7 MB/s   4m48s[K[?25h[?2026l[?2026h[?25l[A[1Gpulling manifest [K
pulling 2bada8a74506:  40% ▕███████           ▏ 1.9 GB/4.7 GB  9.8 MB/s   4m46s[K[?25h[?2026l[?2026h[?25l[A[1Gpulling manifest [K
pulling 2bada8a74506:  40% ▕███████           ▏ 1.9 GB/4.7 GB  9.8 MB/s   4m46s[K[?25h[?2026l[?2026h[?25l[A[1Gpulling manifest [K
pulling 2bada8a74506:  40% ▕███████           ▏ 1.9 GB/4.7 GB  9.8 MB/s   4m45s[K[?25h[?2026l[?2026h[?25l[A[1Gpulling manifest [K
pulling 2bada8a74506:  40% ▕███████           ▏ 1.9 GB/4.7 GB  9.8 MB/s   4m45s[K[?25h[?2026l[?2026h[?25l[A[1Gpulling manifest [K
pulling 2bada8a74506:  40% ▕███████           ▏ 1.9 GB/4.7 GB  9.8 MB/s   4m45s[K[?25h[?2026l[?2026h[?25l[A[1Gpulling manifest [K
pulling 2bada8a74506:  40% ▕███████           ▏ 1.9 GB/4.7 GB  9.8 MB/s   4m45s[K[?25h[?2026l[?2026h[?25l[A[1Gpulling manifest [K
pulling 2bada8a74506:  40% ▕███████           ▏ 1.9 GB/4.7 GB  9.8 MB/s   4m45s[K[?25h[?2026l[?2026h[?25l[A[1Gpulling manifest [K
pulling 2bada8a74506:  40% ▕███████           ▏ 1.9 GB/4.7 GB  9.8 MB/s   4m45s[K[?25h[?2026l[?2026h[?25l[A[1Gpulling manifest [K
pulling 2bada8a74506:  40% ▕███████           ▏ 1.9 GB/4.7 GB  9.8 MB/s   4m45s[K[?25h[?2026l[?2026h[?25l[A[1Gpulling manifest [K
pulling 2bada8a74506:  40% ▕███████           ▏ 1.9 GB/4.7 GB  9.8 MB/s   4m45s[K[?25h[?2026l[?2026h[?25l[A[1Gpulling manifest [K
pulling 2bada8a74506:  40% ▕███████           ▏ 1.9 GB/4.7 GB  9.8 MB/s   4m45s[K[?25h[?2026l[?2026h[?25l[A[1Gpulling manifest [K
pulling 2bada8a74506:  40% ▕███████           ▏ 1.9 GB/4.7 GB  9.9 MB/s   4m43s[K[?25h[?2026l[?2026h[?25l[A[1Gpulling manifest [K
pulling 2bada8a74506:  40% ▕███████           ▏ 1.9 GB/4.7 GB  9.9 MB/s   4m43s[K[?25h[?2026l[?2026h[?25l[A[1Gpulling manifest [K
pulling 2bada8a74506:  40% ▕███████           ▏ 1.9 GB/4.7 GB  9.9 MB/s   4m43s[K[?25h[?2026l[?2026h[?25l[A[1Gpulling manifest [K
pulling 2bada8a74506:  40% ▕███████           ▏ 1.9 GB/4.7 GB  9.9 MB/s   4m42s[K[?25h[?2026l[?2026h[?25l[A[1Gpulling manifest [K
pulling 2bada8a74506:  40% ▕███████           ▏ 1.9 GB/4.7 GB  9.9 MB/s   4m42s[K[?25h[?2026l[?2026h[?25l[A[1Gpulling manifest [K
pulling 2bada8a74506:  40% ▕███████           ▏ 1.9 GB/4.7 GB  9.9 MB/s   4m42s[K[?25h[?2026l[?2026h[?25l[A[1Gpulling manifest [K
pulling 2bada8a74506:  41% ▕███████           ▏ 1.9 GB/4.7 GB  9.9 MB/s   4m42s[K[?25h[?2026l[?2026h[?25l[A[1Gpulling manifest [K
pulling 2bada8a74506:  41% ▕███████           ▏ 1.9 GB/4.7 GB  9.9 MB/s   4m42s[K[?25h[?2026l[?2026h[?25l[A[1Gpulling manifest [K
pulling 2bada8a74506:  41% ▕███████           ▏ 1.9 GB/4.7 GB  9.9 MB/s   4m42s[K[?25h[?2026l[?2026h[?25l[A[1Gpulling manifest [K
pulling 2bada8a74506:  41% ▕███████           ▏ 1.9 GB/4.7 GB  9.9 MB/s   4m42s[K[?25h[?2026l[?2026h[?25l[A[1Gpulling manifest [K
pulling 2bada8a74506:  41% ▕███████           ▏ 1.9 GB/4.7 GB   10 MB/s   4m37s[K[?25h[?2026l[?2026h[?25l[A[1Gpulling manifest [K
pulling 2bada8a74506:  41% ▕███████           ▏ 1.9 GB/4.7 GB   10 MB/s   4m37s[K[?25h[?2026l[?2026h[?25l[A[1Gpulling manifest [K
pulling 2bada8a74506:  41% ▕███████           ▏ 1.9 GB/4.7 GB   10 MB/s   4m37s[K[?25h[?2026l[?2026h[?25l[A[1Gpulling manifest [K
pulling 2bada8a74506:  41% ▕███████           ▏ 1.9 GB/4.7 GB   10 MB/s   4m37s[K[?25h[?2026l[?2026h[?25l[A[1Gpulling manifest [K
pulling 2bada8a74506:  41% ▕███████           ▏ 1.9 GB/4.7 GB   10 MB/s   4m37s[K[?25h[?2026l[?2026h[?25l[A[1Gpulling manifest [K
pulling 2bada8a74506:  41% ▕███████           ▏ 1.9 GB/4.7 GB   10 MB/s   4m37s[K[?25h[?2026l[?2026h[?25l[A[1Gpulling manifest [K
pulling 2bada8a74506:  41% ▕███████           ▏ 1.9 GB/4.7 GB   10 MB/s   4m36s[K[?25h[?2026l[?2026h[?25l[A[1Gpulling manifest [K
pulling 2bada8a74506:  41% ▕███████           ▏ 1.9 GB/4.7 GB   10 MB/s   4m36s[K[?25h[?2026l[?2026h[?25l[A[1Gpulling manifest [K
pulling 2bada8a74506:  41% ▕███████           ▏ 1.9 GB/4.7 GB   10 MB/s   4m36s[K[?25h[?2026l[?2026h[?25l[A[1Gpulling manifest [K
pulling 2bada8a74506:  41% ▕███████           ▏ 1.9 GB/4.7 GB   10 MB/s   4m36s[K[?25h[?2026l[?2026h[?25l[A[1Gpulling manifest [K
pulling 2bada8a74506:  41% ▕███████           ▏ 1.9 GB/4.7 GB   10 MB/s   4m30s[K[?25h[?2026l[?2026h[?25l[A[1Gpulling manifest [K
pulling 2bada8a74506:  41% ▕███████           ▏ 1.9 GB/4.7 GB   10 MB/s   4m30s[K[?25h[?2026l[?2026h[?25l[A[1Gpulling manifest [K
pulling 2bada8a74506:  41% ▕███████           ▏ 1.9 GB/4.7 GB   10 MB/s   4m30s[K[?25h[?2026l[?2026h[?25l[A[1Gpulling manifest [K
pulling 2bada8a74506:  41% ▕███████           ▏ 1.9 GB/4.7 GB   10 MB/s   4m30s[K[?25h[?2026l[?2026h[?25l[A[1Gpulling manifest [K
pulling 2bada8a74506:  41% ▕███████           ▏ 1.9 GB/4.7 GB   10 MB/s   4m30s[K[?25h[?2026l[?2026h[?25l[A[1Gpulling manifest [K
pulling 2bada8a74506:  41% ▕███████           ▏ 1.9 GB/4.7 GB   10 MB/s   4m30s[K[?25h[?2026l[?2026h[?25l[A[1Gpulling manifest [K
pulling 2bada8a74506:  41% ▕███████           ▏ 1.9 GB/4.7 GB   10 MB/s   4m30s[K[?25h[?2026l[?2026h[?25l[A[1Gpulling manifest [K
pulling 2bada8a74506:  41% ▕███████           ▏ 1.9 GB/4.7 GB   10 MB/s   4m29s[K[?25h[?2026l[?2026h[?25l[A[1Gpulling manifest [K
pulling 2bada8a74506:  41% ▕███████           ▏ 1.9 GB/4.7 GB   10 MB/s   4m29s[K[?25h[?2026l[?2026h[?25l[A[1Gpulling manifest [K
pulling 2bada8a74506:  41% ▕███████           ▏ 1.9 GB/4.7 GB   10 MB/s   4m29s[K[?25h[?2026l[?2026h[?25l[A[1Gpulling manifest [K
pulling 2bada8a74506:  41% ▕███████           ▏ 1.9 GB/4.7 GB   10 MB/s   4m26s[K[?25h[?2026l[?2026h[?25l[A[1Gpulling manifest [K
pulling 2bada8a74506:  41% ▕███████           ▏ 1.9 GB/4.7 GB   10 MB/s   4m26s[K[?25h[?2026l[?2026h[?25l[A[1Gpulling manifest [K
pulling 2bada8a74506:  41% ▕███████           ▏ 1.9 GB/4.7 GB   10 MB/s   4m26s[K[?25h[?2026l[?2026h[?25l[A[1Gpulling manifest [K
pulling 2bada8a74506:  41% ▕███████           ▏ 1.9 GB/4.7 GB   10 MB/s   4m25s[K[?25h[?2026l[?2026h[?25l[A[1Gpulling manifest [K
pulling 2bada8a74506:  41% ▕███████           ▏ 1.9 GB/4.7 GB   10 MB/s   4m25s[K[?25h[?2026l[?2026h[?25l[A[1Gpulling manifest [K
pulling 2bada8a74506:  41% ▕███████           ▏ 1.9 GB/4.7 GB   10 MB/s   4m25s[K[?25h[?2026l[?2026h[?25l[A[1Gpulling manifest [K
pulling 2bada8a74506:  41% ▕███████           ▏ 1.9 GB/4.7 GB   10 MB/s   4m25s[K[?25h[?2026l[?2026h[?25l[A[1Gpulling manifest [K
pulling 2bada8a74506:  41% ▕███████           ▏ 1.9 GB/4.7 GB   10 MB/s   4m25s[K[?25h[?2026l[?2026h[?25l[A[1Gpulling manifest [K
pulling 2bada8a74506:  41% ▕███████           ▏ 1.9 GB/4.7 GB   10 MB/s   4m25s[K[?25h[?2026l[?2026h[?25l[A[1Gpulling manifest [K
pulling 2bada8a74506:  41% ▕███████           ▏ 1.9 GB/4.7 GB   10 MB/s   4m25s[K[?25h[?2026l[?2026h[?25l[A[1Gpulling manifest [K
pulling 2bada8a74506:  41% ▕███████           ▏ 1.9 GB/4.7 GB   10 MB/s   4m22s[K[?25h[?2026l[?2026h[?25l[A[1Gpulling manifest [K
pulling 2bada8a74506:  41% ▕███████           ▏ 1.9 GB/4.7 GB   10 MB/s   4m22s[K[?25h[?2026l[?2026h[?25l[A[1Gpulling manifest [K
pulling 2bada8a74506:  41% ▕███████           ▏ 1.9 GB/4.7 GB   10 MB/s   4m22s[K[?25h[?2026l[?2026h[?25l[A[1Gpulling manifest [K
pulling 2bada8a74506:  41% ▕███████           ▏ 1.9 GB/4.7 GB   10 MB/s   4m22s[K[?25h[?2026l[?2026h[?25l[A[1Gpulling manifest [K
pulling 2bada8a74506:  41% ▕███████           ▏ 1.9 GB/4.7 GB   10 MB/s   4m22s[K[?25h[?2026l[?2026h[?25l[A[1Gpulling manifest [K
pulling 2bada8a74506:  41% ▕███████           ▏ 1.9 GB/4.7 GB   10 MB/s   4m21s[K[?25h[?2026l[?2026h[?25l[A[1Gpulling manifest [K
pulling 2bada8a74506:  41% ▕███████           ▏ 1.9 GB/4.7 GB   10 MB/s   4m21s[K[?25h[?2026l[?2026h[?25l[A[1Gpulling manifest [K
pulling 2bada8a74506:  41% ▕███████           ▏ 1.9 GB/4.7 GB   10 MB/s   4m21s[K[?25h[?2026l[?2026h[?25l[A[1Gpulling manifest [K
pulling 2bada8a74506:  41% ▕███████           ▏ 1.9 GB/4.7 GB   10 MB/s   4m21s[K[?25h[?2026l[?2026h[?25l[A[1Gpulling manifest [K
pulling 2bada8a74506:  42% ▕███████           ▏ 1.9 GB/4.7 GB   10 MB/s   4m21s[K[?25h[?2026l[?2026h[?25l[A[1Gpulling manifest [K
pulling 2bada8a74506:  42% ▕███████           ▏ 1.9 GB/4.7 GB   10 MB/s   4m21s[K[?25h[?2026l[?2026h[?25l[A[1Gpulling manifest [K
pulling 2bada8a74506:  42% ▕███████           ▏ 1.9 GB/4.7 GB   10 MB/s   4m20s[K[?25h[?2026l[?2026h[?25l[A[1Gpulling manifest [K
pulling 2bada8a74506:  42% ▕███████           ▏ 1.9 GB/4.7 GB   10 MB/s   4m20s[K[?25h[?2026l[?2026h[?25l[A[1Gpulling manifest [K
pulling 2bada8a74506:  42% ▕███████           ▏ 1.9 GB/4.7 GB   10 MB/s   4m20s[K[?25h[?2026l[?2026h[?25l[A[1Gpulling manifest [K
pulling 2bada8a74506:  42% ▕███████           ▏ 1.9 GB/4.7 GB   10 MB/s   4m20s[K[?25h[?2026l[?2026h[?25l[A[1Gpulling manifest [K
pulling 2bada8a74506:  42% ▕███████           ▏ 2.0 GB/4.7 GB   10 MB/s   4m20s[K[?25h[?2026l[?2026h[?25l[A[1Gpulling manifest [K
pulling 2bada8a74506:  42% ▕███████           ▏ 2.0 GB/4.7 GB   10 MB/s   4m20s[K[?25h[?2026l[?2026h[?25l[A[1Gpulling manifest [K
pulling 2bada8a74506:  42% ▕███████           ▏ 2.0 GB/4.7 GB   10 MB/s   4m19s[K[?25h[?2026l[?2026h[?25l[A[1Gpulling manifest [K
pulling 2bada8a74506:  42% ▕███████           ▏ 2.0 GB/4.7 GB   10 MB/s   4m19s[K[?25h[?2026l[?2026h[?25l[A[1Gpulling manifest [K
pulling 2bada8a74506:  42% ▕███████           ▏ 2.0 GB/4.7 GB   10 MB/s   4m19s[K[?25h[?2026l[?2026h[?25l[A[1Gpulling manifest [K
pulling 2bada8a74506:  42% ▕███████           ▏ 2.0 GB/4.7 GB   10 MB/s   4m19s[K[?25h[?2026l[?2026h[?25l[A[1Gpulling manifest [K
pulling 2bada8a74506:  42% ▕███████           ▏ 2.0 GB/4.7 GB   10 MB/s   4m11s[K[?25h[?2026l[?2026h[?25l[A[1Gpulling manifest [K
pulling 2bada8a74506:  42% ▕███████           ▏ 2.0 GB/4.7 GB   10 MB/s   4m10s[K[?25h[?2026l[?2026h[?25l[A[1Gpulling manifest [K
pulling 2bada8a74506:  42% ▕███████           ▏ 2.0 GB/4.7 GB   10 MB/s   4m10s[K[?25h[?2026l[?2026h[?25l[A[1Gpulling manifest [K
pulling 2bada8a74506:  42% ▕███████           ▏ 2.0 GB/4.7 GB   10 MB/s   4m10s[K[?25h[?2026l[?2026h[?25l[A[1Gpulling manifest [K
pulling 2bada8a74506:  42% ▕███████           ▏ 2.0 GB/4.7 GB   10 MB/s   4m10s[K[?25h[?2026l[?2026h[?25l[A[1Gpulling manifest [K
pulling 2bada8a74506:  42% ▕███████           ▏ 2.0 GB/4.7 GB   10 MB/s   4m10s[K[?25h[?2026l[?2026h[?25l[A[1Gpulling manifest [K
pulling 2bada8a74506:  42% ▕███████           ▏ 2.0 GB/4.7 GB   10 MB/s   4m10s[K[?25h[?2026l[?2026h[?25l[A[1Gpulling manifest [K
pulling 2bada8a74506:  42% ▕███████           ▏ 2.0 GB/4.7 GB   10 MB/s   4m10s[K[?25h[?2026l[?2026h[?25l[A[1Gpulling manifest [K
pulling 2bada8a74506:  42% ▕███████           ▏ 2.0 GB/4.7 GB   10 MB/s   4m10s[K[?25h[?2026l[?2026h[?25l[A[1Gpulling manifest [K
pulling 2bada8a74506:  42% ▕███████           ▏ 2.0 GB/4.7 GB   10 MB/s   4m10s[K[?25h[?2026l[?2026h[?25l[A[1Gpulling manifest [K
pulling 2bada8a74506:  42% ▕███████           ▏ 2.0 GB/4.7 GB   11 MB/s    4m5s[K[?25h[?2026l[?2026h[?25l[A[1Gpulling manifest [K
pulling 2bada8a74506:  42% ▕███████           ▏ 2.0 GB/4.7 GB   11 MB/s    4m5s[K[?25h[?2026l[?2026h[?25l[A[1Gpulling manifest [K
pulling 2bada8a74506:  42% ▕███████           ▏ 2.0 GB/4.7 GB   11 MB/s    4m4s[K[?25h[?2026l[?2026h[?25l[A[1Gpulling manifest [K
pulling 2bada8a74506:  42% ▕███████           ▏ 2.0 GB/4.7 GB   11 MB/s    4m4s[K[?25h[?2026l[?2026h[?25l[A[1Gpulling manifest [K
pulling 2bada8a74506:  42% ▕███████           ▏ 2.0 GB/4.7 GB   11 MB/s    4m4s[K[?25h[?2026l[?2026h[?25l[A[1Gpulling manifest [K
pulling 2bada8a74506:  42% ▕███████           ▏ 2.0 GB/4.7 GB   11 MB/s    4m4s[K[?25h[?2026l[?2026h[?25l[A[1Gpulling manifest [K
pulling 2bada8a74506:  42% ▕███████           ▏ 2.0 GB/4.7 GB   11 MB/s    4m4s[K[?25h[?2026l[?2026h[?25l[A[1Gpulling manifest [K
pulling 2bada8a74506:  42% ▕███████           ▏ 2.0 GB/4.7 GB   11 MB/s    4m4s[K[?25h[?2026l[?2026h[?25l[A[1Gpulling manifest [K
pulling 2bada8a74506:  42% ▕███████           ▏ 2.0 GB/4.7 GB   11 MB/s    4m4s[K[?25h[?2026l[?2026h[?25l[A[1Gpulling manifest [K
pulling 2bada8a74506:  42% ▕███████           ▏ 2.0 GB/4.7 GB   11 MB/s    4m4s[K[?25h[?2026l[?2026h[?25l[A[1Gpulling manifest [K
pulling 2bada8a74506:  42% ▕███████           ▏ 2.0 GB/4.7 GB   11 MB/s   3m59s[K[?25h[?2026l[?2026h[?25l[A[1Gpulling manifest [K
pulling 2bada8a74506:  42% ▕███████           ▏ 2.0 GB/4.7 GB   11 MB/s   3m59s[K[?25h[?2026l[?2026h[?25l[A[1Gpulling manifest [K
pulling 2bada8a74506:  42% ▕███████           ▏ 2.0 GB/4.7 GB   11 MB/s   3m59s[K[?25h[?2026l[?2026h[?25l[A[1Gpulling manifest [K
pulling 2bada8a74506:  42% ▕███████           ▏ 2.0 GB/4.7 GB   11 MB/s   3m59s[K[?25h[?2026l[?2026h[?25l[A[1Gpulling manifest [K
pulling 2bada8a74506:  42% ▕███████           ▏ 2.0 GB/4.7 GB   11 MB/s   3m59s[K[?25h[?2026l[?2026h[?25l[A[1Gpulling manifest [K
pulling 2bada8a74506:  42% ▕███████           ▏ 2.0 GB/4.7 GB   11 MB/s   3m59s[K[?25h[?2026l[?2026h[?25l[A[1Gpulling manifest [K
pulling 2bada8a74506:  42% ▕███████           ▏ 2.0 GB/4.7 GB   11 MB/s   3m58s[K[?25h[?2026l[?2026h[?25l[A[1Gpulling manifest [K
pulling 2bada8a74506:  42% ▕███████           ▏ 2.0 GB/4.7 GB   11 MB/s   3m58s[K[?25h[?2026l[?2026h[?25l[A[1Gpulling manifest [K
pulling 2bada8a74506:  43% ▕███████           ▏ 2.0 GB/4.7 GB   11 MB/s   3m58s[K[?25h[?2026l[?2026h[?25l[A[1Gpulling manifest [K
pulling 2bada8a74506:  43% ▕███████           ▏ 2.0 GB/4.7 GB   11 MB/s   3m58s[K[?25h[?2026l[?2026h[?25l[A[1Gpulling manifest [K
pulling 2bada8a74506:  43% ▕███████           ▏ 2.0 GB/4.7 GB   11 MB/s   3m54s[K[?25h[?2026l[?2026h[?25l[A[1Gpulling manifest [K
pulling 2bada8a74506:  43% ▕███████           ▏ 2.0 GB/4.7 GB   11 MB/s   3m54s[K[?25h[?2026l[?2026h[?25l[A[1Gpulling manifest [K
pulling 2bada8a74506:  43% ▕███████           ▏ 2.0 GB/4.7 GB   11 MB/s   3m54s[K[?25h[?2026l[?2026h[?25l[A[1Gpulling manifest [K
pulling 2bada8a74506:  43% ▕███████           ▏ 2.0 GB/4.7 GB   11 MB/s   3m54s[K[?25h[?2026l[?2026h[?25l[A[1Gpulling manifest [K
pulling 2bada8a74506:  43% ▕███████           ▏ 2.0 GB/4.7 GB   11 MB/s   3m54s[K[?25h[?2026l[?2026h[?25l[A[1Gpulling manifest [K
pulling 2bada8a74506:  43% ▕███████           ▏ 2.0 GB/4.7 GB   11 MB/s   3m54s[K[?25h[?2026l[?2026h[?25l[A[1Gpulling manifest [K
pulling 2bada8a74506:  43% ▕███████           ▏ 2.0 GB/4.7 GB   11 MB/s   3m54s[K[?25h[?2026l[?2026h[?25l[A[1Gpulling manifest [K
pulling 2bada8a74506:  43% ▕███████           ▏ 2.0 GB/4.7 GB   11 MB/s   3m54s[K[?25h[?2026l[?2026h[?25l[A[1Gpulling manifest [K
pulling 2bada8a74506:  43% ▕███████           ▏ 2.0 GB/4.7 GB   11 MB/s   3m53s[K[?25h[?2026l[?2026h[?25l[A[1Gpulling manifest [K
pulling 2bada8a74506:  43% ▕███████           ▏ 2.0 GB/4.7 GB   11 MB/s   3m53s[K[?25h[?2026l[?2026h[?25l[A[1Gpulling manifest [K
pulling 2bada8a74506:  43% ▕███████           ▏ 2.0 GB/4.7 GB   11 MB/s   3m53s[K[?25h[?2026l[?2026h[?25l[A[1Gpulling manifest [K
pulling 2bada8a74506:  43% ▕███████           ▏ 2.0 GB/4.7 GB   11 MB/s   3m51s[K[?25h[?2026l[?2026h[?25l[A[1Gpulling manifest [K
pulling 2bada8a74506:  43% ▕███████           ▏ 2.0 GB/4.7 GB   11 MB/s   3m51s[K[?25h[?2026l[?2026h[?25l[A[1Gpulling manifest [K
pulling 2bada8a74506:  43% ▕███████           ▏ 2.0 GB/4.7 GB   11 MB/s   3m51s[K[?25h[?2026l[?2026h[?25l[A[1Gpulling manifest [K
pulling 2bada8a74506:  43% ▕███████           ▏ 2.0 GB/4.7 GB   11 MB/s   3m51s[K[?25h[?2026l[?2026h[?25l[A[1Gpulling manifest [K
pulling 2bada8a74506:  43% ▕███████           ▏ 2.0 GB/4.7 GB   11 MB/s   3m51s[K[?25h[?2026l[?2026h[?25l[A[1Gpulling manifest [K
pulling 2bada8a74506:  43% ▕███████           ▏ 2.0 GB/4.7 GB   11 MB/s   3m51s[K[?25h[?2026l[?2026h[?25l[A[1Gpulling manifest [K
pulling 2bada8a74506:  43% ▕███████           ▏ 2.0 GB/4.7 GB   11 MB/s   3m51s[K[?25h[?2026l[?2026h[?25l[A[1Gpulling manifest [K
pulling 2bada8a74506:  43% ▕███████           ▏ 2.0 GB/4.7 GB   11 MB/s   3m50s[K[?25h[?2026l[?2026h[?25l[A[1Gpulling manifest [K
pulling 2bada8a74506:  43% ▕███████           ▏ 2.0 GB/4.7 GB   11 MB/s   3m50s[K[?25h[?2026l[?2026h[?25l[A[1Gpulling manifest [K
pulling 2bada8a74506:  43% ▕███████           ▏ 2.0 GB/4.7 GB   11 MB/s   3m50s[K[?25h[?2026l[?2026h[?25l[A[1Gpulling manifest [K
pulling 2bada8a74506:  43% ▕███████           ▏ 2.0 GB/4.7 GB   11 MB/s   3m50s[K[?25h[?2026l[?2026h[?25l[A[1Gpulling manifest [K
pulling 2bada8a74506:  43% ▕███████           ▏ 2.0 GB/4.7 GB   11 MB/s   3m50s[K[?25h[?2026l[?2026h[?25l[A[1Gpulling manifest [K
pulling 2bada8a74506:  43% ▕███████           ▏ 2.0 GB/4.7 GB   11 MB/s   3m50s[K[?25h[?2026l[?2026h[?25l[A[1Gpulling manifest [K
pulling 2bada8a74506:  43% ▕███████           ▏ 2.0 GB/4.7 GB   11 MB/s   3m50s[K[?25h[?2026l[?2026h[?25l[A[1Gpulling manifest [K
pulling 2bada8a74506:  43% ▕███████           ▏ 2.0 GB/4.7 GB   11 MB/s   3m50s[K[?25h[?2026l[?2026h[?25l[A[1Gpulling manifest [K
pulling 2bada8a74506:  43% ▕███████           ▏ 2.0 GB/4.7 GB   11 MB/s   3m50s[K[?25h[?2026l[?2026h[?25l[A[1Gpulling manifest [K
pulling 2bada8a74506:  43% ▕███████           ▏ 2.0 GB/4.7 GB   11 MB/s   3m50s[K[?25h[?2026l[?2026h[?25l[A[1Gpulling manifest [K
pulling 2bada8a74506:  43% ▕███████           ▏ 2.0 GB/4.7 GB   11 MB/s   3m50s[K[?25h[?2026l[?2026h[?25l[A[1Gpulling manifest [K
pulling 2bada8a74506:  43% ▕███████           ▏ 2.0 GB/4.7 GB   11 MB/s   3m50s[K[?25h[?2026l[?2026h[?25l[A[1Gpulling manifest [K
pulling 2bada8a74506:  43% ▕███████           ▏ 2.0 GB/4.7 GB   11 MB/s   3m49s[K[?25h[?2026l[?2026h[?25l[A[1Gpulling manifest [K
pulling 2bada8a74506:  43% ▕███████           ▏ 2.0 GB/4.7 GB   11 MB/s   3m47s[K[?25h[?2026l[?2026h[?25l[A[1Gpulling manifest [K
pulling 2bada8a74506:  43% ▕███████           ▏ 2.0 GB/4.7 GB   11 MB/s   3m47s[K[?25h[?2026l[?2026h[?25l[A[1Gpulling manifest [K
pulling 2bada8a74506:  43% ▕███████           ▏ 2.0 GB/4.7 GB   11 MB/s   3m47s[K[?25h[?2026l[?2026h[?25l[A[1Gpulling manifest [K
pulling 2bada8a74506:  43% ▕███████           ▏ 2.0 GB/4.7 GB   11 MB/s   3m47s[K[?25h[?2026l[?2026h[?25l[A[1Gpulling manifest [K
pulling 2bada8a74506:  43% ▕███████           ▏ 2.0 GB/4.7 GB   11 MB/s   3m47s[K[?25h[?2026l[?2026h[?25l[A[1Gpulling manifest [K
pulling 2bada8a74506:  43% ▕███████           ▏ 2.0 GB/4.7 GB   11 MB/s   3m47s[K[?25h[?2026l[?2026h[?25l[A[1Gpulling manifest [K
pulling 2bada8a74506:  43% ▕███████           ▏ 2.0 GB/4.7 GB   11 MB/s   3m47s[K[?25h[?2026l[?2026h[?25l[A[1Gpulling manifest [K
pulling 2bada8a74506:  43% ▕███████           ▏ 2.0 GB/4.7 GB   11 MB/s   3m47s[K[?25h[?2026l[?2026h[?25l[A[1Gpulling manifest [K
pulling 2bada8a74506:  44% ▕███████           ▏ 2.0 GB/4.7 GB   11 MB/s   3m47s[K[?25h[?2026l[?2026h[?25l[A[1Gpulling manifest [K
pulling 2bada8a74506:  44% ▕███████           ▏ 2.0 GB/4.7 GB   11 MB/s   3m47s[K[?25h[?2026l[?2026h[?25l[A[1Gpulling manifest [K
pulling 2bada8a74506:  44% ▕███████           ▏ 2.0 GB/4.7 GB   11 MB/s   3m46s[K[?25h[?2026l[?2026h[?25l[A[1Gpulling manifest [K
pulling 2bada8a74506:  44% ▕███████           ▏ 2.0 GB/4.7 GB   11 MB/s   3m46s[K[?25h[?2026l[?2026h[?25l[A[1Gpulling manifest [K
pulling 2bada8a74506:  44% ▕███████           ▏ 2.0 GB/4.7 GB   11 MB/s   3m45s[K[?25h[?2026l[?2026h[?25l[A[1Gpulling manifest [K
pulling 2bada8a74506:  44% ▕███████           ▏ 2.0 GB/4.7 GB   11 MB/s   3m45s[K[?25h[?2026l[?2026h[?25l[A[1Gpulling manifest [K
pulling 2bada8a74506:  44% ▕███████           ▏ 2.0 GB/4.7 GB   11 MB/s   3m45s[K[?25h[?2026l[?2026h[?25l[A[1Gpulling manifest [K
pulling 2bada8a74506:  44% ▕███████           ▏ 2.0 GB/4.7 GB   11 MB/s   3m45s[K[?25h[?2026l[?2026h[?25l[A[1Gpulling manifest [K
pulling 2bada8a74506:  44% ▕███████           ▏ 2.0 GB/4.7 GB   11 MB/s   3m45s[K[?25h[?2026l[?2026h[?25l[A[1Gpulling manifest [K
pulling 2bada8a74506:  44% ▕███████           ▏ 2.0 GB/4.7 GB   11 MB/s   3m45s[K[?25h[?2026l[?2026h[?25l[A[1Gpulling manifest [K
pulling 2bada8a74506:  44% ▕███████           ▏ 2.0 GB/4.7 GB   11 MB/s   3m45s[K[?25h[?2026l[?2026h[?25l[A[1Gpulling manifest [K
pulling 2bada8a74506:  44% ▕███████           ▏ 2.0 GB/4.7 GB   11 MB/s   3m45s[K[?25h[?2026l[?2026h[?25l[A[1Gpulling manifest [K
pulling 2bada8a74506:  44% ▕███████           ▏ 2.0 GB/4.7 GB   11 MB/s   3m46s[K[?25h[?2026l[?2026h[?25l[A[1Gpulling manifest [K
pulling 2bada8a74506:  44% ▕███████           ▏ 2.1 GB/4.7 GB   11 MB/s   3m45s[K[?25h[?2026l[?2026h[?25l[A[1Gpulling manifest [K
pulling 2bada8a74506:  44% ▕███████           ▏ 2.1 GB/4.7 GB   11 MB/s   3m45s[K[?25h[?2026l[?2026h[?25l[A[1Gpulling manifest [K
pulling 2bada8a74506:  44% ▕███████           ▏ 2.1 GB/4.7 GB   11 MB/s   3m45s[K[?25h[?2026l[?2026h[?25l[A[1Gpulling manifest [K
pulling 2bada8a74506:  44% ▕███████           ▏ 2.1 GB/4.7 GB   11 MB/s   3m45s[K[?25h[?2026l[?2026h[?25l[A[1Gpulling manifest [K
pulling 2bada8a74506:  44% ▕███████           ▏ 2.1 GB/4.7 GB   11 MB/s   3m45s[K[?25h[?2026l[?2026h[?25l[A[1Gpulling manifest [K
pulling 2bada8a74506:  44% ▕███████           ▏ 2.1 GB/4.7 GB   11 MB/s   3m45s[K[?25h[?2026l[?2026h[?25l[A[1Gpulling manifest [K
pulling 2bada8a74506:  44% ▕███████           ▏ 2.1 GB/4.7 GB   11 MB/s   3m45s[K[?25h[?2026l[?2026h[?25l[A[1Gpulling manifest [K
pulling 2bada8a74506:  44% ▕███████           ▏ 2.1 GB/4.7 GB   11 MB/s   3m45s[K[?25h[?2026l[?2026h[?25l[A[1Gpulling manifest [K
pulling 2bada8a74506:  44% ▕███████           ▏ 2.1 GB/4.7 GB   11 MB/s   3m45s[K[?25h[?2026l[?2026h[?25l[A[1Gpulling manifest [K
pulling 2bada8a74506:  44% ▕███████           ▏ 2.1 GB/4.7 GB   11 MB/s   3m45s[K[?25h[?2026l[?2026h[?25l[A[1Gpulling manifest [K
pulling 2bada8a74506:  44% ▕███████           ▏ 2.1 GB/4.7 GB   11 MB/s   3m49s[K[?25h[?2026l[?2026h[?25l[A[1Gpulling manifest [K
pulling 2bada8a74506:  44% ▕███████           ▏ 2.1 GB/4.7 GB   11 MB/s   3m49s[K[?25h[?2026l[?2026h[?25l[A[1Gpulling manifest [K
pulling 2bada8a74506:  44% ▕███████           ▏ 2.1 GB/4.7 GB   11 MB/s   3m49s[K[?25h[?2026l[?2026h[?25l[A[1Gpulling manifest [K
pulling 2bada8a74506:  44% ▕███████           ▏ 2.1 GB/4.7 GB   11 MB/s   3m49s[K[?25h[?2026l[?2026h[?25l[A[1Gpulling manifest [K
pulling 2bada8a74506:  44% ▕███████           ▏ 2.1 GB/4.7 GB   11 MB/s   3m49s[K[?25h[?2026l[?2026h[?25l[A[1Gpulling manifest [K
pulling 2bada8a74506:  44% ▕███████           ▏ 2.1 GB/4.7 GB   11 MB/s   3m49s[K[?25h[?2026l[?2026h[?25l[A[1Gpulling manifest [K
pulling 2bada8a74506:  44% ▕███████           ▏ 2.1 GB/4.7 GB   11 MB/s   3m49s[K[?25h[?2026l[?2026h[?25l[A[1Gpulling manifest [K
pulling 2bada8a74506:  44% ▕███████           ▏ 2.1 GB/4.7 GB   11 MB/s   3m49s[K[?25h[?2026l[?2026h[?25l[A[1Gpulling manifest [K
pulling 2bada8a74506:  44% ▕███████           ▏ 2.1 GB/4.7 GB   11 MB/s   3m49s[K[?25h[?2026l[?2026h[?25l[A[1Gpulling manifest [K
pulling 2bada8a74506:  44% ▕███████           ▏ 2.1 GB/4.7 GB   11 MB/s   3m48s[K[?25h[?2026l[?2026h[?25l[A[1Gpulling manifest [K
pulling 2bada8a74506:  44% ▕███████           ▏ 2.1 GB/4.7 GB   11 MB/s   3m50s[K[?25h[?2026l[?2026h[?25l[A[1Gpulling manifest [K
pulling 2bada8a74506:  44% ▕███████           ▏ 2.1 GB/4.7 GB   11 MB/s   3m50s[K[?25h[?2026l[?2026h[?25l[A[1Gpulling manifest [K
pulling 2bada8a74506:  44% ▕███████           ▏ 2.1 GB/4.7 GB   11 MB/s   3m50s[K[?25h[?2026l[?2026h[?25l[A[1Gpulling manifest [K
pulling 2bada8a74506:  44% ▕███████           ▏ 2.1 GB/4.7 GB   11 MB/s   3m50s[K[?25h[?2026l[?2026h[?25l[A[1Gpulling manifest [K
pulling 2bada8a74506:  44% ▕███████           ▏ 2.1 GB/4.7 GB   11 MB/s   3m50s[K[?25h[?2026l[?2026h[?25l[A[1Gpulling manifest [K
pulling 2bada8a74506:  44% ▕███████           ▏ 2.1 GB/4.7 GB   11 MB/s   3m50s[K[?25h[?2026l[?2026h[?25l[A[1Gpulling manifest [K
pulling 2bada8a74506:  44% ▕███████           ▏ 2.1 GB/4.7 GB   11 MB/s   3m50s[K[?25h[?2026l[?2026h[?25l[A[1Gpulling manifest [K
pulling 2bada8a74506:  44% ▕███████           ▏ 2.1 GB/4.7 GB   11 MB/s   3m49s[K[?25h[?2026l[?2026h[?25l[A[1Gpulling manifest [K
pulling 2bada8a74506:  44% ▕███████           ▏ 2.1 GB/4.7 GB   11 MB/s   3m49s[K[?25h[?2026l[?2026h[?25l[A[1Gpulling manifest [K
pulling 2bada8a74506:  44% ▕████████          ▏ 2.1 GB/4.7 GB   11 MB/s   3m49s[K[?25h[?2026l[?2026h[?25l[A[1Gpulling manifest [K
pulling 2bada8a74506:  44% ▕████████          ▏ 2.1 GB/4.7 GB   11 MB/s   3m50s[K[?25h[?2026l[?2026h[?25l[A[1Gpulling manifest [K
pulling 2bada8a74506:  45% ▕████████          ▏ 2.1 GB/4.7 GB   11 MB/s   3m50s[K[?25h[?2026l[?2026h[?25l[A[1Gpulling manifest [K
pulling 2bada8a74506:  45% ▕████████          ▏ 2.1 GB/4.7 GB   11 MB/s   3m50s[K[?25h[?2026l[?2026h[?25l[A[1Gpulling manifest [K
pulling 2bada8a74506:  45% ▕████████          ▏ 2.1 GB/4.7 GB   11 MB/s   3m50s[K[?25h[?2026l[?2026h[?25l[A[1Gpulling manifest [K
pulling 2bada8a74506:  45% ▕████████          ▏ 2.1 GB/4.7 GB   11 MB/s   3m50s[K[?25h[?2026l[?2026h[?25l[A[1Gpulling manifest [K
pulling 2bada8a74506:  45% ▕████████          ▏ 2.1 GB/4.7 GB   11 MB/s   3m49s[K[?25h[?2026l[?2026h[?25l[A[1Gpulling manifest [K
pulling 2bada8a74506:  45% ▕████████          ▏ 2.1 GB/4.7 GB   11 MB/s   3m49s[K[?25h[?2026l[?2026h[?25l[A[1Gpulling manifest [K
pulling 2bada8a74506:  45% ▕████████          ▏ 2.1 GB/4.7 GB   11 MB/s   3m49s[K[?25h[?2026l[?2026h[?25l[A[1Gpulling manifest [K
pulling 2bada8a74506:  45% ▕████████          ▏ 2.1 GB/4.7 GB   11 MB/s   3m49s[K[?25h[?2026l[?2026h[?25l[A[1Gpulling manifest [K
pulling 2bada8a74506:  45% ▕████████          ▏ 2.1 GB/4.7 GB   11 MB/s   3m49s[K[?25h[?2026l[?2026h[?25l[A[1Gpulling manifest [K
pulling 2bada8a74506:  45% ▕████████          ▏ 2.1 GB/4.7 GB   11 MB/s   3m48s[K[?25h[?2026l[?2026h[?25l[A[1Gpulling manifest [K
pulling 2bada8a74506:  45% ▕████████          ▏ 2.1 GB/4.7 GB   11 MB/s   3m48s[K[?25h[?2026l[?2026h[?25l[A[1Gpulling manifest [K
pulling 2bada8a74506:  45% ▕████████          ▏ 2.1 GB/4.7 GB   11 MB/s   3m48s[K[?25h[?2026l[?2026h[?25l[A[1Gpulling manifest [K
pulling 2bada8a74506:  45% ▕████████          ▏ 2.1 GB/4.7 GB   11 MB/s   3m48s[K[?25h[?2026l[?2026h[?25l[A[1Gpulling manifest [K
pulling 2bada8a74506:  45% ▕████████          ▏ 2.1 GB/4.7 GB   11 MB/s   3m48s[K[?25h[?2026l[?2026h[?25l[A[1Gpulling manifest [K
pulling 2bada8a74506:  45% ▕████████          ▏ 2.1 GB/4.7 GB   11 MB/s   3m48s[K[?25h[?2026l[?2026h[?25l[A[1Gpulling manifest [K
pulling 2bada8a74506:  45% ▕████████          ▏ 2.1 GB/4.7 GB   11 MB/s   3m48s[K[?25h[?2026l[?2026h[?25l[A[1Gpulling manifest [K
pulling 2bada8a74506:  45% ▕████████          ▏ 2.1 GB/4.7 GB   11 MB/s   3m48s[K[?25h[?2026l[?2026h[?25l[A[1Gpulling manifest [K
pulling 2bada8a74506:  45% ▕████████          ▏ 2.1 GB/4.7 GB   11 MB/s   3m48s[K[?25h[?2026l[?2026h[?25l[A[1Gpulling manifest [K
pulling 2bada8a74506:  45% ▕████████          ▏ 2.1 GB/4.7 GB   11 MB/s   3m47s[K[?25h[?2026l[?2026h[?25l[A[1Gpulling manifest [K
pulling 2bada8a74506:  45% ▕████████          ▏ 2.1 GB/4.7 GB   11 MB/s   3m48s[K[?25h[?2026l[?2026h[?25l[A[1Gpulling manifest [K
pulling 2bada8a74506:  45% ▕████████          ▏ 2.1 GB/4.7 GB   11 MB/s   3m48s[K[?25h[?2026l[?2026h[?25l[A[1Gpulling manifest [K
pulling 2bada8a74506:  45% ▕████████          ▏ 2.1 GB/4.7 GB   11 MB/s   3m48s[K[?25h[?2026l[?2026h[?25l[A[1Gpulling manifest [K
pulling 2bada8a74506:  45% ▕████████          ▏ 2.1 GB/4.7 GB   11 MB/s   3m48s[K[?25h[?2026l[?2026h[?25l[A[1Gpulling manifest [K
pulling 2bada8a74506:  45% ▕████████          ▏ 2.1 GB/4.7 GB   11 MB/s   3m48s[K[?25h[?2026l[?2026h[?25l[A[1Gpulling manifest [K
pulling 2bada8a74506:  45% ▕████████          ▏ 2.1 GB/4.7 GB   11 MB/s   3m48s[K[?25h[?2026l[?2026h[?25l[A[1Gpulling manifest [K
pulling 2bada8a74506:  45% ▕████████          ▏ 2.1 GB/4.7 GB   11 MB/s   3m48s[K[?25h[?2026l[?2026h[?25l[A[1Gpulling manifest [K
pulling 2bada8a74506:  45% ▕████████          ▏ 2.1 GB/4.7 GB   11 MB/s   3m48s[K[?25h[?2026l[?2026h[?25l[A[1Gpulling manifest [K
pulling 2bada8a74506:  45% ▕████████          ▏ 2.1 GB/4.7 GB   11 MB/s   3m47s[K[?25h[?2026l[?2026h[?25l[A[1Gpulling manifest [K
pulling 2bada8a74506:  45% ▕████████          ▏ 2.1 GB/4.7 GB   11 MB/s   3m47s[K[?25h[?2026l[?2026h[?25l[A[1Gpulling manifest [K
pulling 2bada8a74506:  45% ▕████████          ▏ 2.1 GB/4.7 GB   11 MB/s   3m47s[K[?25h[?2026l[?2026h[?25l[A[1Gpulling manifest [K
pulling 2bada8a74506:  45% ▕████████          ▏ 2.1 GB/4.7 GB   11 MB/s   3m47s[K[?25h[?2026l[?2026h[?25l[A[1Gpulling manifest [K
pulling 2bada8a74506:  45% ▕████████          ▏ 2.1 GB/4.7 GB   11 MB/s   3m47s[K[?25h[?2026l[?2026h[?25l[A[1Gpulling manifest [K
pulling 2bada8a74506:  45% ▕████████          ▏ 2.1 GB/4.7 GB   11 MB/s   3m47s[K[?25h[?2026l[?2026h[?25l[A[1Gpulling manifest [K
pulling 2bada8a74506:  45% ▕████████          ▏ 2.1 GB/4.7 GB   11 MB/s   3m47s[K[?25h[?2026l[?2026h[?25l[A[1Gpulling manifest [K
pulling 2bada8a74506:  45% ▕████████          ▏ 2.1 GB/4.7 GB   11 MB/s   3m47s[K[?25h[?2026l[?2026h[?25l[A[1Gpulling manifest [K
pulling 2bada8a74506:  45% ▕████████          ▏ 2.1 GB/4.7 GB   11 MB/s   3m46s[K[?25h[?2026l[?2026h[?25l[A[1Gpulling manifest [K
pulling 2bada8a74506:  45% ▕████████          ▏ 2.1 GB/4.7 GB   11 MB/s   3m46s[K[?25h[?2026l[?2026h[?25l[A[1Gpulling manifest [K
pulling 2bada8a74506:  45% ▕████████          ▏ 2.1 GB/4.7 GB   11 MB/s   3m46s[K[?25h[?2026l[?2026h[?25l[A[1Gpulling manifest [K
pulling 2bada8a74506:  45% ▕████████          ▏ 2.1 GB/4.7 GB   11 MB/s   3m46s[K[?25h[?2026l[?2026h[?25l[A[1Gpulling manifest [K
pulling 2bada8a74506:  45% ▕████████          ▏ 2.1 GB/4.7 GB   11 MB/s   3m46s[K[?25h[?2026l[?2026h[?25l[A[1Gpulling manifest [K
pulling 2bada8a74506:  45% ▕████████          ▏ 2.1 GB/4.7 GB   11 MB/s   3m44s[K[?25h[?2026l[?2026h[?25l[A[1Gpulling manifest [K
pulling 2bada8a74506:  46% ▕████████          ▏ 2.1 GB/4.7 GB   11 MB/s   3m44s[K[?25h[?2026l[?2026h[?25l[A[1Gpulling manifest [K
pulling 2bada8a74506:  46% ▕████████          ▏ 2.1 GB/4.7 GB   11 MB/s   3m44s[K[?25h[?2026l[?2026h[?25l[A[1Gpulling manifest [K
pulling 2bada8a74506:  46% ▕████████          ▏ 2.1 GB/4.7 GB   11 MB/s   3m44s[K[?25h[?2026l[?2026h[?25l[A[1Gpulling manifest [K
pulling 2bada8a74506:  46% ▕████████          ▏ 2.1 GB/4.7 GB   11 MB/s   3m44s[K[?25h[?2026l[?2026h[?25l[A[1Gpulling manifest [K
pulling 2bada8a74506:  46% ▕████████          ▏ 2.1 GB/4.7 GB   11 MB/s   3m44s[K[?25h[?2026l[?2026h[?25l[A[1Gpulling manifest [K
pulling 2bada8a74506:  46% ▕████████          ▏ 2.1 GB/4.7 GB   11 MB/s   3m44s[K[?25h[?2026l[?2026h[?25l[A[1Gpulling manifest [K
pulling 2bada8a74506:  46% ▕████████          ▏ 2.1 GB/4.7 GB   11 MB/s   3m44s[K[?25h[?2026l[?2026h[?25l[A[1Gpulling manifest [K
pulling 2bada8a74506:  46% ▕████████          ▏ 2.1 GB/4.7 GB   11 MB/s   3m44s[K[?25h[?2026l[?2026h[?25l[A[1Gpulling manifest [K
pulling 2bada8a74506:  46% ▕████████          ▏ 2.1 GB/4.7 GB   11 MB/s   3m44s[K[?25h[?2026l[?2026h[?25l[A[1Gpulling manifest [K
pulling 2bada8a74506:  46% ▕████████          ▏ 2.1 GB/4.7 GB   11 MB/s   3m45s[K[?25h[?2026l[?2026h[?25l[A[1Gpulling manifest [K
pulling 2bada8a74506:  46% ▕████████          ▏ 2.1 GB/4.7 GB   11 MB/s   3m45s[K[?25h[?2026l[?2026h[?25l[A[1Gpulling manifest [K
pulling 2bada8a74506:  46% ▕████████          ▏ 2.1 GB/4.7 GB   11 MB/s   3m44s[K[?25h[?2026l[?2026h[?25l[A[1Gpulling manifest [K
pulling 2bada8a74506:  46% ▕████████          ▏ 2.1 GB/4.7 GB   11 MB/s   3m44s[K[?25h[?2026l[?2026h[?25l[A[1Gpulling manifest [K
pulling 2bada8a74506:  46% ▕████████          ▏ 2.1 GB/4.7 GB   11 MB/s   3m44s[K[?25h[?2026l[?2026h[?25l[A[1Gpulling manifest [K
pulling 2bada8a74506:  46% ▕████████          ▏ 2.1 GB/4.7 GB   11 MB/s   3m44s[K[?25h[?2026l[?2026h[?25l[A[1Gpulling manifest [K
pulling 2bada8a74506:  46% ▕████████          ▏ 2.1 GB/4.7 GB   11 MB/s   3m44s[K[?25h[?2026l[?2026h[?25l[A[1Gpulling manifest [K
pulling 2bada8a74506:  46% ▕████████          ▏ 2.1 GB/4.7 GB   11 MB/s   3m44s[K[?25h[?2026l[?2026h[?25l[A[1Gpulling manifest [K
pulling 2bada8a74506:  46% ▕████████          ▏ 2.2 GB/4.7 GB   11 MB/s   3m44s[K[?25h[?2026l[?2026h[?25l[A[1Gpulling manifest [K
pulling 2bada8a74506:  46% ▕████████          ▏ 2.2 GB/4.7 GB   11 MB/s   3m44s[K[?25h[?2026l[?2026h[?25l[A[1Gpulling manifest [K
pulling 2bada8a74506:  46% ▕████████          ▏ 2.2 GB/4.7 GB   11 MB/s   3m42s[K[?25h[?2026l[?2026h[?25l[A[1Gpulling manifest [K
pulling 2bada8a74506:  46% ▕████████          ▏ 2.2 GB/4.7 GB   11 MB/s   3m42s[K[?25h[?2026l[?2026h[?25l[A[1Gpulling manifest [K
pulling 2bada8a74506:  46% ▕████████          ▏ 2.2 GB/4.7 GB   11 MB/s   3m42s[K[?25h[?2026l[?2026h[?25l[A[1Gpulling manifest [K
pulling 2bada8a74506:  46% ▕████████          ▏ 2.2 GB/4.7 GB   11 MB/s   3m42s[K[?25h[?2026l[?2026h[?25l[A[1Gpulling manifest [K
pulling 2bada8a74506:  46% ▕████████          ▏ 2.2 GB/4.7 GB   11 MB/s   3m41s[K[?25h[?2026l[?2026h[?25l[A[1Gpulling manifest [K
pulling 2bada8a74506:  46% ▕████████          ▏ 2.2 GB/4.7 GB   11 MB/s   3m41s[K[?25h[?2026l[?2026h[?25l[A[1Gpulling manifest [K
pulling 2bada8a74506:  46% ▕████████          ▏ 2.2 GB/4.7 GB   11 MB/s   3m41s[K[?25h[?2026l[?2026h[?25l[A[1Gpulling manifest [K
pulling 2bada8a74506:  46% ▕████████          ▏ 2.2 GB/4.7 GB   11 MB/s   3m41s[K[?25h[?2026l[?2026h[?25l[A[1Gpulling manifest [K
pulling 2bada8a74506:  46% ▕████████          ▏ 2.2 GB/4.7 GB   11 MB/s   3m41s[K[?25h[?2026l[?2026h[?25l[A[1Gpulling manifest [K
pulling 2bada8a74506:  46% ▕████████          ▏ 2.2 GB/4.7 GB   11 MB/s   3m41s[K[?25h[?2026l[?2026h[?25l[A[1Gpulling manifest [K
pulling 2bada8a74506:  46% ▕████████          ▏ 2.2 GB/4.7 GB   11 MB/s   3m40s[K[?25h[?2026l[?2026h[?25l[A[1Gpulling manifest [K
pulling 2bada8a74506:  46% ▕████████          ▏ 2.2 GB/4.7 GB   11 MB/s   3m39s[K[?25h[?2026l[?2026h[?25l[A[1Gpulling manifest [K
pulling 2bada8a74506:  46% ▕████████          ▏ 2.2 GB/4.7 GB   11 MB/s   3m39s[K[?25h[?2026l[?2026h[?25l[A[1Gpulling manifest [K
pulling 2bada8a74506:  46% ▕████████          ▏ 2.2 GB/4.7 GB   11 MB/s   3m39s[K[?25h[?2026l[?2026h[?25l[A[1Gpulling manifest [K
pulling 2bada8a74506:  46% ▕████████          ▏ 2.2 GB/4.7 GB   11 MB/s   3m39s[K[?25h[?2026l[?2026h[?25l[A[1Gpulling manifest [K
pulling 2bada8a74506:  46% ▕████████          ▏ 2.2 GB/4.7 GB   11 MB/s   3m39s[K[?25h[?2026l[?2026h[?25l[A[1Gpulling manifest [K
pulling 2bada8a74506:  46% ▕████████          ▏ 2.2 GB/4.7 GB   11 MB/s   3m39s[K[?25h[?2026l[?2026h[?25l[A[1Gpulling manifest [K
pulling 2bada8a74506:  46% ▕████████          ▏ 2.2 GB/4.7 GB   11 MB/s   3m39s[K[?25h[?2026l[?2026h[?25l[A[1Gpulling manifest [K
pulling 2bada8a74506:  46% ▕████████          ▏ 2.2 GB/4.7 GB   11 MB/s   3m39s[K[?25h[?2026l[?2026h[?25l[A[1Gpulling manifest [K
pulling 2bada8a74506:  46% ▕████████          ▏ 2.2 GB/4.7 GB   11 MB/s   3m39s[K[?25h[?2026l[?2026h[?25l[A[1Gpulling manifest [K
pulling 2bada8a74506:  46% ▕████████          ▏ 2.2 GB/4.7 GB   11 MB/s   3m39s[K[?25h[?2026l[?2026h[?25l[A[1Gpulling manifest [K
pulling 2bada8a74506:  46% ▕████████          ▏ 2.2 GB/4.7 GB   11 MB/s   3m35s[K[?25h[?2026l[?2026h[?25l[A[1Gpulling manifest [K
pulling 2bada8a74506:  47% ▕████████          ▏ 2.2 GB/4.7 GB   11 MB/s   3m35s[K[?25h[?2026l[?2026h[?25l[A[1Gpulling manifest [K
pulling 2bada8a74506:  47% ▕████████          ▏ 2.2 GB/4.7 GB   11 MB/s   3m35s[K[?25h[?2026l[?2026h[?25l[A[1Gpulling manifest [K
pulling 2bada8a74506:  47% ▕████████          ▏ 2.2 GB/4.7 GB   11 MB/s   3m35s[K[?25h[?2026l[?2026h[?25l[A[1Gpulling manifest [K
pulling 2bada8a74506:  47% ▕████████          ▏ 2.2 GB/4.7 GB   11 MB/s   3m35s[K[?25h[?2026l[?2026h[?25l[A[1Gpulling manifest [K
pulling 2bada8a74506:  47% ▕████████          ▏ 2.2 GB/4.7 GB   11 MB/s   3m35s[K[?25h[?2026l[?2026h[?25l[A[1Gpulling manifest [K
pulling 2bada8a74506:  47% ▕████████          ▏ 2.2 GB/4.7 GB   11 MB/s   3m35s[K[?25h[?2026l[?2026h[?25l[A[1Gpulling manifest [K
pulling 2bada8a74506:  47% ▕████████          ▏ 2.2 GB/4.7 GB   11 MB/s   3m35s[K[?25h[?2026l[?2026h[?25l[A[1Gpulling manifest [K
pulling 2bada8a74506:  47% ▕████████          ▏ 2.2 GB/4.7 GB   11 MB/s   3m35s[K[?25h[?2026l[?2026h[?25l[A[1Gpulling manifest [K
pulling 2bada8a74506:  47% ▕████████          ▏ 2.2 GB/4.7 GB   11 MB/s   3m35s[K[?25h[?2026l[?2026h[?25l[A[1Gpulling manifest [K
pulling 2bada8a74506:  47% ▕████████          ▏ 2.2 GB/4.7 GB   11 MB/s   3m36s[K[?25h[?2026l[?2026h[?25l[A[1Gpulling manifest [K
pulling 2bada8a74506:  47% ▕████████          ▏ 2.2 GB/4.7 GB   11 MB/s   3m36s[K[?25h[?2026l[?2026h[?25l[A[1Gpulling manifest [K
pulling 2bada8a74506:  47% ▕████████          ▏ 2.2 GB/4.7 GB   11 MB/s   3m36s[K[?25h[?2026l[?2026h[?25l[A[1Gpulling manifest [K
pulling 2bada8a74506:  47% ▕████████          ▏ 2.2 GB/4.7 GB   11 MB/s   3m36s[K[?25h[?2026l[?2026h[?25l[A[1Gpulling manifest [K
pulling 2bada8a74506:  47% ▕████████          ▏ 2.2 GB/4.7 GB   11 MB/s   3m36s[K[?25h[?2026l[?2026h[?25l[A[1Gpulling manifest [K
pulling 2bada8a74506:  47% ▕████████          ▏ 2.2 GB/4.7 GB   11 MB/s   3m36s[K[?25h[?2026l[?2026h[?25l[A[1Gpulling manifest [K
pulling 2bada8a74506:  47% ▕████████          ▏ 2.2 GB/4.7 GB   11 MB/s   3m36s[K[?25h[?2026l[?2026h[?25l[A[1Gpulling manifest [K
pulling 2bada8a74506:  47% ▕████████          ▏ 2.2 GB/4.7 GB   11 MB/s   3m36s[K[?25h[?2026l[?2026h[?25l[A[1Gpulling manifest [K
pulling 2bada8a74506:  47% ▕████████          ▏ 2.2 GB/4.7 GB   11 MB/s   3m36s[K[?25h[?2026l[?2026h[?25l[A[1Gpulling manifest [K
pulling 2bada8a74506:  47% ▕████████          ▏ 2.2 GB/4.7 GB   11 MB/s   3m36s[K[?25h[?2026l[?2026h[?25l[A[1Gpulling manifest [K
pulling 2bada8a74506:  47% ▕████████          ▏ 2.2 GB/4.7 GB   11 MB/s   3m41s[K[?25h[?2026l[?2026h[?25l[A[1Gpulling manifest [K
pulling 2bada8a74506:  47% ▕████████          ▏ 2.2 GB/4.7 GB   11 MB/s   3m41s[K[?25h[?2026l[?2026h[?25l[A[1Gpulling manifest [K
pulling 2bada8a74506:  47% ▕████████          ▏ 2.2 GB/4.7 GB   11 MB/s   3m41s[K[?25h[?2026l[?2026h[?25l[A[1Gpulling manifest [K
pulling 2bada8a74506:  47% ▕████████          ▏ 2.2 GB/4.7 GB   11 MB/s   3m41s[K[?25h[?2026l[?2026h[?25l[A[1Gpulling manifest [K
pulling 2bada8a74506:  47% ▕████████          ▏ 2.2 GB/4.7 GB   11 MB/s   3m41s[K[?25h[?2026l[?2026h[?25l[A[1Gpulling manifest [K
pulling 2bada8a74506:  47% ▕████████          ▏ 2.2 GB/4.7 GB   11 MB/s   3m41s[K[?25h[?2026l[?2026h[?25l[A[1Gpulling manifest [K
pulling 2bada8a74506:  47% ▕████████          ▏ 2.2 GB/4.7 GB   11 MB/s   3m41s[K[?25h[?2026l[?2026h[?25l[A[1Gpulling manifest [K
pulling 2bada8a74506:  47% ▕████████          ▏ 2.2 GB/4.7 GB   11 MB/s   3m41s[K[?25h[?2026l[?2026h[?25l[A[1Gpulling manifest [K
pulling 2bada8a74506:  47% ▕████████          ▏ 2.2 GB/4.7 GB   11 MB/s   3m41s[K[?25h[?2026l[?2026h[?25l[A[1Gpulling manifest [K
pulling 2bada8a74506:  47% ▕████████          ▏ 2.2 GB/4.7 GB   11 MB/s   3m41s[K[?25h[?2026l[?2026h[?25l[A[1Gpulling manifest [K
pulling 2bada8a74506:  47% ▕████████          ▏ 2.2 GB/4.7 GB   11 MB/s   3m44s[K[?25h[?2026l[?2026h[?25l[A[1Gpulling manifest [K
pulling 2bada8a74506:  47% ▕████████          ▏ 2.2 GB/4.7 GB   11 MB/s   3m44s[K[?25h[?2026l[?2026h[?25l[A[1Gpulling manifest [K
pulling 2bada8a74506:  47% ▕████████          ▏ 2.2 GB/4.7 GB   11 MB/s   3m44s[K[?25h[?2026l[?2026h[?25l[A[1Gpulling manifest [K
pulling 2bada8a74506:  47% ▕████████          ▏ 2.2 GB/4.7 GB   11 MB/s   3m44s[K[?25h[?2026l[?2026h[?25l[A[1Gpulling manifest [K
pulling 2bada8a74506:  47% ▕████████          ▏ 2.2 GB/4.7 GB   11 MB/s   3m44s[K[?25h[?2026l[?2026h[?25l[A[1Gpulling manifest [K
pulling 2bada8a74506:  47% ▕████████          ▏ 2.2 GB/4.7 GB   11 MB/s   3m44s[K[?25h[?2026l[?2026h[?25l[A[1Gpulling manifest [K
pulling 2bada8a74506:  47% ▕████████          ▏ 2.2 GB/4.7 GB   11 MB/s   3m44s[K[?25h[?2026l[?2026h[?25l[A[1Gpulling manifest [K
pulling 2bada8a74506:  47% ▕████████          ▏ 2.2 GB/4.7 GB   11 MB/s   3m44s[K[?25h[?2026l[?2026h[?25l[A[1Gpulling manifest [K
pulling 2bada8a74506:  47% ▕████████          ▏ 2.2 GB/4.7 GB   11 MB/s   3m44s[K[?25h[?2026l[?2026h[?25l[A[1Gpulling manifest [K
pulling 2bada8a74506:  47% ▕████████          ▏ 2.2 GB/4.7 GB   11 MB/s   3m43s[K[?25h[?2026l[?2026h[?25l[A[1Gpulling manifest [K
pulling 2bada8a74506:  47% ▕████████          ▏ 2.2 GB/4.7 GB   10 MB/s   3m48s[K[?25h[?2026l[?2026h[?25l[A[1Gpulling manifest [K
pulling 2bada8a74506:  47% ▕████████          ▏ 2.2 GB/4.7 GB   10 MB/s   3m48s[K[?25h[?2026l[?2026h[?25l[A[1Gpulling manifest [K
pulling 2bada8a74506:  47% ▕████████          ▏ 2.2 GB/4.7 GB   10 MB/s   3m48s[K[?25h[?2026l[?2026h[?25l[A[1Gpulling manifest [K
pulling 2bada8a74506:  47% ▕████████          ▏ 2.2 GB/4.7 GB   10 MB/s   3m47s[K[?25h[?2026l[?2026h[?25l[A[1Gpulling manifest [K
pulling 2bada8a74506:  47% ▕████████          ▏ 2.2 GB/4.7 GB   10 MB/s   3m47s[K[?25h[?2026l[?2026h[?25l[A[1Gpulling manifest [K
pulling 2bada8a74506:  47% ▕████████          ▏ 2.2 GB/4.7 GB   10 MB/s   3m47s[K[?25h[?2026l[?2026h[?25l[A[1Gpulling manifest [K
pulling 2bada8a74506:  47% ▕████████          ▏ 2.2 GB/4.7 GB   10 MB/s   3m47s[K[?25h[?2026l[?2026h[?25l[A[1Gpulling manifest [K
pulling 2bada8a74506:  47% ▕████████          ▏ 2.2 GB/4.7 GB   10 MB/s   3m47s[K[?25h[?2026l[?2026h[?25l[A[1Gpulling manifest [K
pulling 2bada8a74506:  47% ▕████████          ▏ 2.2 GB/4.7 GB   10 MB/s   3m47s[K[?25h[?2026l[?2026h[?25l[A[1Gpulling manifest [K
pulling 2bada8a74506:  47% ▕████████          ▏ 2.2 GB/4.7 GB   10 MB/s   3m47s[K[?25h[?2026l[?2026h[?25l[A[1Gpulling manifest [K
pulling 2bada8a74506:  48% ▕████████          ▏ 2.2 GB/4.7 GB   10 MB/s   3m47s[K[?25h[?2026l[?2026h[?25l[A[1Gpulling manifest [K
pulling 2bada8a74506:  48% ▕████████          ▏ 2.2 GB/4.7 GB   10 MB/s   3m51s[K[?25h[?2026l[?2026h[?25l[A[1Gpulling manifest [K
pulling 2bada8a74506:  48% ▕████████          ▏ 2.2 GB/4.7 GB   10 MB/s   3m51s[K[?25h[?2026l[?2026h[?25l[A[1Gpulling manifest [K
pulling 2bada8a74506:  48% ▕████████          ▏ 2.2 GB/4.7 GB   10 MB/s   3m51s[K[?25h[?2026l[?2026h[?25l[A[1Gpulling manifest [K
pulling 2bada8a74506:  48% ▕████████          ▏ 2.2 GB/4.7 GB   10 MB/s   3m51s[K[?25h[?2026l[?2026h[?25l[A[1Gpulling manifest [K
pulling 2bada8a74506:  48% ▕████████          ▏ 2.2 GB/4.7 GB   10 MB/s   3m51s[K[?25h[?2026l[?2026h[?25l[A[1Gpulling manifest [K
pulling 2bada8a74506:  48% ▕████████          ▏ 2.2 GB/4.7 GB   10 MB/s   3m51s[K[?25h[?2026l[?2026h[?25l[A[1Gpulling manifest [K
pulling 2bada8a74506:  48% ▕████████          ▏ 2.2 GB/4.7 GB   10 MB/s   3m51s[K[?25h[?2026l[?2026h[?25l[A[1Gpulling manifest [K
pulling 2bada8a74506:  48% ▕████████          ▏ 2.2 GB/4.7 GB   10 MB/s   3m51s[K[?25h[?2026l[?2026h[?25l[A[1Gpulling manifest [K
pulling 2bada8a74506:  48% ▕████████          ▏ 2.2 GB/4.7 GB   10 MB/s   3m51s[K[?25h[?2026l[?2026h[?25l[A[1Gpulling manifest [K
pulling 2bada8a74506:  48% ▕████████          ▏ 2.2 GB/4.7 GB   10 MB/s   3m50s[K[?25h[?2026l[?2026h[?25l[A[1Gpulling manifest [K
pulling 2bada8a74506:  48% ▕████████          ▏ 2.2 GB/4.7 GB   10 MB/s   3m51s[K[?25h[?2026l[?2026h[?25l[A[1Gpulling manifest [K
pulling 2bada8a74506:  48% ▕████████          ▏ 2.2 GB/4.7 GB   10 MB/s   3m51s[K[?25h[?2026l[?2026h[?25l[A[1Gpulling manifest [K
pulling 2bada8a74506:  48% ▕████████          ▏ 2.2 GB/4.7 GB   10 MB/s   3m51s[K[?25h[?2026l[?2026h[?25l[A[1Gpulling manifest [K
pulling 2bada8a74506:  48% ▕████████          ▏ 2.2 GB/4.7 GB   10 MB/s   3m51s[K[?25h[?2026l[?2026h[?25l[A[1Gpulling manifest [K
pulling 2bada8a74506:  48% ▕████████          ▏ 2.2 GB/4.7 GB   10 MB/s   3m50s[K[?25h[?2026l[?2026h[?25l[A[1Gpulling manifest [K
pulling 2bada8a74506:  48% ▕████████          ▏ 2.2 GB/4.7 GB   10 MB/s   3m50s[K[?25h[?2026l[?2026h[?25l[A[1Gpulling manifest [K
pulling 2bada8a74506:  48% ▕████████          ▏ 2.2 GB/4.7 GB   10 MB/s   3m50s[K[?25h[?2026l[?2026h[?25l[A[1Gpulling manifest [K
pulling 2bada8a74506:  48% ▕████████          ▏ 2.2 GB/4.7 GB   10 MB/s   3m50s[K[?25h[?2026l[?2026h[?25l[A[1Gpulling manifest [K
pulling 2bada8a74506:  48% ▕████████          ▏ 2.2 GB/4.7 GB   10 MB/s   3m50s[K[?25h[?2026l[?2026h[?25l[A[1Gpulling manifest [K
pulling 2bada8a74506:  48% ▕████████          ▏ 2.2 GB/4.7 GB   10 MB/s   3m50s[K[?25h[?2026l[?2026h[?25l[A[1Gpulling manifest [K
pulling 2bada8a74506:  48% ▕████████          ▏ 2.2 GB/4.7 GB   10 MB/s   3m53s[K[?25h[?2026l[?2026h[?25l[A[1Gpulling manifest [K
pulling 2bada8a74506:  48% ▕████████          ▏ 2.2 GB/4.7 GB   10 MB/s   3m52s[K[?25h[?2026l[?2026h[?25l[A[1Gpulling manifest [K
pulling 2bada8a74506:  48% ▕████████          ▏ 2.2 GB/4.7 GB   10 MB/s   3m52s[K[?25h[?2026l[?2026h[?25l[A[1Gpulling manifest [K
pulling 2bada8a74506:  48% ▕████████          ▏ 2.2 GB/4.7 GB   10 MB/s   3m52s[K[?25h[?2026l[?2026h[?25l[A[1Gpulling manifest [K
pulling 2bada8a74506:  48% ▕████████          ▏ 2.2 GB/4.7 GB   10 MB/s   3m52s[K[?25h[?2026l[?2026h[?25l[A[1Gpulling manifest [K
pulling 2bada8a74506:  48% ▕████████          ▏ 2.3 GB/4.7 GB   10 MB/s   3m52s[K[?25h[?2026l[?2026h[?25l[A[1Gpulling manifest [K
pulling 2bada8a74506:  48% ▕████████          ▏ 2.3 GB/4.7 GB   10 MB/s   3m52s[K[?25h[?2026l[?2026h[?25l[A[1Gpulling manifest [K
pulling 2bada8a74506:  48% ▕████████          ▏ 2.3 GB/4.7 GB   10 MB/s   3m52s[K[?25h[?2026l[?2026h[?25l[A[1Gpulling manifest [K
pulling 2bada8a74506:  48% ▕████████          ▏ 2.3 GB/4.7 GB   10 MB/s   3m52s[K[?25h[?2026l[?2026h[?25l[A[1Gpulling manifest [K
pulling 2bada8a74506:  48% ▕████████          ▏ 2.3 GB/4.7 GB   10 MB/s   3m52s[K[?25h[?2026l[?2026h[?25l[A[1Gpulling manifest [K
pulling 2bada8a74506:  48% ▕████████          ▏ 2.3 GB/4.7 GB   10 MB/s   3m58s[K[?25h[?2026l[?2026h[?25l[A[1Gpulling manifest [K
pulling 2bada8a74506:  48% ▕████████          ▏ 2.3 GB/4.7 GB   10 MB/s   3m58s[K[?25h[?2026l[?2026h[?25l[A[1Gpulling manifest [K
pulling 2bada8a74506:  48% ▕████████          ▏ 2.3 GB/4.7 GB   10 MB/s   3m58s[K[?25h[?2026l[?2026h[?25l[A[1Gpulling manifest [K
pulling 2bada8a74506:  48% ▕████████          ▏ 2.3 GB/4.7 GB   10 MB/s   3m58s[K[?25h[?2026l[?2026h[?25l[A[1Gpulling manifest [K
pulling 2bada8a74506:  48% ▕████████          ▏ 2.3 GB/4.7 GB   10 MB/s   3m57s[K[?25h[?2026l[?2026h[?25l[A[1Gpulling manifest [K
pulling 2bada8a74506:  48% ▕████████          ▏ 2.3 GB/4.7 GB   10 MB/s   3m57s[K[?25h[?2026l[?2026h[?25l[A[1Gpulling manifest [K
pulling 2bada8a74506:  48% ▕████████          ▏ 2.3 GB/4.7 GB   10 MB/s   3m57s[K[?25h[?2026l[?2026h[?25l[A[1Gpulling manifest [K
pulling 2bada8a74506:  48% ▕████████          ▏ 2.3 GB/4.7 GB   10 MB/s   3m57s[K[?25h[?2026l[?2026h[?25l[A[1Gpulling manifest [K
pulling 2bada8a74506:  48% ▕████████          ▏ 2.3 GB/4.7 GB   10 MB/s   3m57s[K[?25h[?2026l[?2026h[?25l[A[1Gpulling manifest [K
pulling 2bada8a74506:  48% ▕████████          ▏ 2.3 GB/4.7 GB   10 MB/s   3m57s[K[?25h[?2026l[?2026h[?25l[A[1Gpulling manifest [K
pulling 2bada8a74506:  48% ▕████████          ▏ 2.3 GB/4.7 GB  9.7 MB/s    4m9s[K[?25h[?2026l[?2026h[?25l[A[1Gpulling manifest [K
pulling 2bada8a74506:  48% ▕████████          ▏ 2.3 GB/4.7 GB  9.7 MB/s    4m9s[K[?25h[?2026l[?2026h[?25l[A[1Gpulling manifest [K
pulling 2bada8a74506:  48% ▕████████          ▏ 2.3 GB/4.7 GB  9.7 MB/s    4m9s[K[?25h[?2026l[?2026h[?25l[A[1Gpulling manifest [K
pulling 2bada8a74506:  48% ▕████████          ▏ 2.3 GB/4.7 GB  9.7 MB/s    4m9s[K[?25h[?2026l[?2026h[?25l[A[1Gpulling manifest [K
pulling 2bada8a74506:  48% ▕████████          ▏ 2.3 GB/4.7 GB  9.7 MB/s    4m9s[K[?25h[?2026l[?2026h[?25l[A[1Gpulling manifest [K
pulling 2bada8a74506:  48% ▕████████          ▏ 2.3 GB/4.7 GB  9.7 MB/s    4m9s[K[?25h[?2026l[?2026h[?25l[A[1Gpulling manifest [K
pulling 2bada8a74506:  48% ▕████████          ▏ 2.3 GB/4.7 GB  9.7 MB/s    4m9s[K[?25h[?2026l[?2026h[?25l[A[1Gpulling manifest [K
pulling 2bada8a74506:  48% ▕████████          ▏ 2.3 GB/4.7 GB  9.7 MB/s    4m9s[K[?25h[?2026l[?2026h[?25l[A[1Gpulling manifest [K
pulling 2bada8a74506:  48% ▕████████          ▏ 2.3 GB/4.7 GB  9.7 MB/s    4m9s[K[?25h[?2026l[?2026h[?25l[A[1Gpulling manifest [K
pulling 2bada8a74506:  48% ▕████████          ▏ 2.3 GB/4.7 GB  9.7 MB/s    4m9s[K[?25h[?2026l[?2026h[?25l[A[1Gpulling manifest [K
pulling 2bada8a74506:  48% ▕████████          ▏ 2.3 GB/4.7 GB  9.7 MB/s    4m8s[K[?25h[?2026l[?2026h[?25l[A[1Gpulling manifest [K
pulling 2bada8a74506:  48% ▕████████          ▏ 2.3 GB/4.7 GB  9.3 MB/s   4m18s[K[?25h[?2026l[?2026h[?25l[A[1Gpulling manifest [K
pulling 2bada8a74506:  49% ▕████████          ▏ 2.3 GB/4.7 GB  9.3 MB/s   4m18s[K[?25h[?2026l[?2026h[?25l[A[1Gpulling manifest [K
pulling 2bada8a74506:  49% ▕████████          ▏ 2.3 GB/4.7 GB  9.3 MB/s   4m18s[K[?25h[?2026l[?2026h[?25l[A[1Gpulling manifest [K
pulling 2bada8a74506:  49% ▕████████          ▏ 2.3 GB/4.7 GB  9.3 MB/s   4m18s[K[?25h[?2026l[?2026h[?25l[A[1Gpulling manifest [K
pulling 2bada8a74506:  49% ▕████████          ▏ 2.3 GB/4.7 GB  9.3 MB/s   4m18s[K[?25h[?2026l[?2026h[?25l[A[1Gpulling manifest [K
pulling 2bada8a74506:  49% ▕████████          ▏ 2.3 GB/4.7 GB  9.3 MB/s   4m18s[K[?25h[?2026l[?2026h[?25l[A[1Gpulling manifest [K
pulling 2bada8a74506:  49% ▕████████          ▏ 2.3 GB/4.7 GB  9.3 MB/s   4m18s[K[?25h[?2026l[?2026h[?25l[A[1Gpulling manifest [K
pulling 2bada8a74506:  49% ▕████████          ▏ 2.3 GB/4.7 GB  9.3 MB/s   4m17s[K[?25h[?2026l[?2026h[?25l[A[1Gpulling manifest [K
pulling 2bada8a74506:  49% ▕████████          ▏ 2.3 GB/4.7 GB  9.3 MB/s   4m17s[K[?25h[?2026l[?2026h[?25l[A[1Gpulling manifest [K
pulling 2bada8a74506:  49% ▕████████          ▏ 2.3 GB/4.7 GB  9.3 MB/s   4m17s[K[?25h[?2026l[?2026h[?25l[A[1Gpulling manifest [K
pulling 2bada8a74506:  49% ▕████████          ▏ 2.3 GB/4.7 GB  9.2 MB/s   4m20s[K[?25h[?2026l[?2026h[?25l[A[1Gpulling manifest [K
pulling 2bada8a74506:  49% ▕████████          ▏ 2.3 GB/4.7 GB  9.2 MB/s   4m20s[K[?25h[?2026l[?2026h[?25l[A[1Gpulling manifest [K
pulling 2bada8a74506:  49% ▕████████          ▏ 2.3 GB/4.7 GB  9.2 MB/s   4m20s[K[?25h[?2026l[?2026h[?25l[A[1Gpulling manifest [K
pulling 2bada8a74506:  49% ▕████████          ▏ 2.3 GB/4.7 GB  9.2 MB/s   4m20s[K[?25h[?2026l[?2026h[?25l[A[1Gpulling manifest [K
pulling 2bada8a74506:  49% ▕████████          ▏ 2.3 GB/4.7 GB  9.2 MB/s   4m19s[K[?25h[?2026l[?2026h[?25l[A[1Gpulling manifest [K
pulling 2bada8a74506:  49% ▕████████          ▏ 2.3 GB/4.7 GB  9.2 MB/s   4m19s[K[?25h[?2026l[?2026h[?25l[A[1Gpulling manifest [K
pulling 2bada8a74506:  49% ▕████████          ▏ 2.3 GB/4.7 GB  9.2 MB/s   4m19s[K[?25h[?2026l[?2026h[?25l[A[1Gpulling manifest [K
pulling 2bada8a74506:  49% ▕████████          ▏ 2.3 GB/4.7 GB  9.2 MB/s   4m19s[K[?25h[?2026l[?2026h[?25l[A[1Gpulling manifest [K
pulling 2bada8a74506:  49% ▕████████          ▏ 2.3 GB/4.7 GB  9.2 MB/s   4m19s[K[?25h[?2026l[?2026h[?25l[A[1Gpulling manifest [K
pulling 2bada8a74506:  49% ▕████████          ▏ 2.3 GB/4.7 GB  9.2 MB/s   4m19s[K[?25h[?2026l[?2026h[?25l[A[1Gpulling manifest [K
pulling 2bada8a74506:  49% ▕████████          ▏ 2.3 GB/4.7 GB  9.1 MB/s   4m21s[K[?25h[?2026l[?2026h[?25l[A[1Gpulling manifest [K
pulling 2bada8a74506:  49% ▕████████          ▏ 2.3 GB/4.7 GB  9.1 MB/s   4m21s[K[?25h[?2026l[?2026h[?25l[A[1Gpulling manifest [K
pulling 2bada8a74506:  49% ▕████████          ▏ 2.3 GB/4.7 GB  9.1 MB/s   4m21s[K[?25h[?2026l[?2026h[?25l[A[1Gpulling manifest [K
pulling 2bada8a74506:  49% ▕████████          ▏ 2.3 GB/4.7 GB  9.1 MB/s   4m21s[K[?25h[?2026l[?2026h[?25l[A[1Gpulling manifest [K
pulling 2bada8a74506:  49% ▕████████          ▏ 2.3 GB/4.7 GB  9.1 MB/s   4m21s[K[?25h[?2026l[?2026h[?25l[A[1Gpulling manifest [K
pulling 2bada8a74506:  49% ▕████████          ▏ 2.3 GB/4.7 GB  9.1 MB/s   4m21s[K[?25h[?2026l[?2026h[?25l[A[1Gpulling manifest [K
pulling 2bada8a74506:  49% ▕████████          ▏ 2.3 GB/4.7 GB  9.1 MB/s   4m21s[K[?25h[?2026l[?2026h[?25l[A[1Gpulling manifest [K
pulling 2bada8a74506:  49% ▕████████          ▏ 2.3 GB/4.7 GB  9.1 MB/s   4m21s[K[?25h[?2026l[?2026h[?25l[A[1Gpulling manifest [K
pulling 2bada8a74506:  49% ▕████████          ▏ 2.3 GB/4.7 GB  9.1 MB/s   4m21s[K[?25h[?2026l[?2026h[?25l[A[1Gpulling manifest [K
pulling 2bada8a74506:  49% ▕████████          ▏ 2.3 GB/4.7 GB  9.1 MB/s   4m21s[K[?25h[?2026l[?2026h[?25l[A[1Gpulling manifest [K
pulling 2bada8a74506:  49% ▕████████          ▏ 2.3 GB/4.7 GB  9.1 MB/s   4m22s[K[?25h[?2026l[?2026h[?25l[A[1Gpulling manifest [K
pulling 2bada8a74506:  49% ▕████████          ▏ 2.3 GB/4.7 GB  9.1 MB/s   4m22s[K[?25h[?2026l[?2026h[?25l[A[1Gpulling manifest [K
pulling 2bada8a74506:  49% ▕████████          ▏ 2.3 GB/4.7 GB  9.1 MB/s   4m22s[K[?25h[?2026l[?2026h[?25l[A[1Gpulling manifest [K
pulling 2bada8a74506:  49% ▕████████          ▏ 2.3 GB/4.7 GB  9.1 MB/s   4m22s[K[?25h[?2026l[?2026h[?25l[A[1Gpulling manifest [K
pulling 2bada8a74506:  49% ▕████████          ▏ 2.3 GB/4.7 GB  9.1 MB/s   4m21s[K[?25h[?2026l[?2026h[?25l[A[1Gpulling manifest [K
pulling 2bada8a74506:  49% ▕████████          ▏ 2.3 GB/4.7 GB  9.1 MB/s   4m21s[K[?25h[?2026l[?2026h[?25l[A[1Gpulling manifest [K
pulling 2bada8a74506:  49% ▕████████          ▏ 2.3 GB/4.7 GB  9.1 MB/s   4m21s[K[?25h[?2026l[?2026h[?25l[A[1Gpulling manifest [K
pulling 2bada8a74506:  49% ▕████████          ▏ 2.3 GB/4.7 GB  9.1 MB/s   4m21s[K[?25h[?2026l[?2026h[?25l[A[1Gpulling manifest [K
pulling 2bada8a74506:  49% ▕████████          ▏ 2.3 GB/4.7 GB  9.1 MB/s   4m21s[K[?25h[?2026l[?2026h[?25l[A[1Gpulling manifest [K
pulling 2bada8a74506:  49% ▕████████          ▏ 2.3 GB/4.7 GB  9.1 MB/s   4m21s[K[?25h[?2026l[?2026h[?25l[A[1Gpulling manifest [K
pulling 2bada8a74506:  49% ▕████████          ▏ 2.3 GB/4.7 GB  8.9 MB/s   4m26s[K[?25h[?2026l[?2026h[?25l[A[1Gpulling manifest [K
pulling 2bada8a74506:  49% ▕████████          ▏ 2.3 GB/4.7 GB  8.9 MB/s   4m26s[K[?25h[?2026l[?2026h[?25l[A[1Gpulling manifest [K
pulling 2bada8a74506:  49% ▕████████          ▏ 2.3 GB/4.7 GB  8.9 MB/s   4m26s[K[?25h[?2026l[?2026h[?25l[A[1Gpulling manifest [K
pulling 2bada8a74506:  49% ▕████████          ▏ 2.3 GB/4.7 GB  8.9 MB/s   4m26s[K[?25h[?2026l[?2026h[?25l[A[1Gpulling manifest [K
pulling 2bada8a74506:  49% ▕████████          ▏ 2.3 GB/4.7 GB  8.9 MB/s   4m26s[K[?25h[?2026l[?2026h[?25l[A[1Gpulling manifest [K
pulling 2bada8a74506:  49% ▕████████          ▏ 2.3 GB/4.7 GB  8.9 MB/s   4m26s[K[?25h[?2026l[?2026h[?25l[A[1Gpulling manifest [K
pulling 2bada8a74506:  49% ▕████████          ▏ 2.3 GB/4.7 GB  8.9 MB/s   4m25s[K[?25h[?2026l[?2026h[?25l[A[1Gpulling manifest [K
pulling 2bada8a74506:  49% ▕████████          ▏ 2.3 GB/4.7 GB  8.9 MB/s   4m25s[K[?25h[?2026l[?2026h[?25l[A[1Gpulling manifest [K
pulling 2bada8a74506:  49% ▕████████          ▏ 2.3 GB/4.7 GB  8.9 MB/s   4m25s[K[?25h[?2026l[?2026h[?25l[A[1Gpulling manifest [K
pulling 2bada8a74506:  49% ▕████████          ▏ 2.3 GB/4.7 GB  8.9 MB/s   4m25s[K[?25h[?2026l[?2026h[?25l[A[1Gpulling manifest [K
pulling 2bada8a74506:  49% ▕████████          ▏ 2.3 GB/4.7 GB  8.9 MB/s   4m25s[K[?25h[?2026l[?2026h[?25l[A[1Gpulling manifest [K
pulling 2bada8a74506:  49% ▕████████          ▏ 2.3 GB/4.7 GB  8.7 MB/s   4m31s[K[?25h[?2026l[?2026h[?25l[A[1Gpulling manifest [K
pulling 2bada8a74506:  49% ▕████████          ▏ 2.3 GB/4.7 GB  8.7 MB/s   4m31s[K[?25h[?2026l[?2026h[?25l[A[1Gpulling manifest [K
pulling 2bada8a74506:  49% ▕████████          ▏ 2.3 GB/4.7 GB  8.7 MB/s   4m31s[K[?25h[?2026l[?2026h[?25l[A[1Gpulling manifest [K
pulling 2bada8a74506:  49% ▕████████          ▏ 2.3 GB/4.7 GB  8.7 MB/s   4m31s[K[?25h[?2026l[?2026h[?25l[A[1Gpulling manifest [K
pulling 2bada8a74506:  50% ▕████████          ▏ 2.3 GB/4.7 GB  8.7 MB/s   4m31s[K[?25h[?2026l[?2026h[?25l[A[1Gpulling manifest [K
pulling 2bada8a74506:  50% ▕████████          ▏ 2.3 GB/4.7 GB  8.7 MB/s   4m31s[K[?25h[?2026l[?2026h[?25l[A[1Gpulling manifest [K
pulling 2bada8a74506:  50% ▕████████          ▏ 2.3 GB/4.7 GB  8.7 MB/s   4m30s[K[?25h[?2026l[?2026h[?25l[A[1Gpulling manifest [K
pulling 2bada8a74506:  50% ▕████████          ▏ 2.3 GB/4.7 GB  8.7 MB/s   4m30s[K[?25h[?2026l[?2026h[?25l[A[1Gpulling manifest [K
pulling 2bada8a74506:  50% ▕████████          ▏ 2.3 GB/4.7 GB  8.7 MB/s   4m30s[K[?25h[?2026l[?2026h[?25l[A[1Gpulling manifest [K
pulling 2bada8a74506:  50% ▕████████          ▏ 2.3 GB/4.7 GB  8.7 MB/s   4m30s[K[?25h[?2026l[?2026h[?25l[A[1Gpulling manifest [K
pulling 2bada8a74506:  50% ▕████████          ▏ 2.3 GB/4.7 GB  8.5 MB/s   4m36s[K[?25h[?2026l[?2026h[?25l[A[1Gpulling manifest [K
pulling 2bada8a74506:  50% ▕████████          ▏ 2.3 GB/4.7 GB  8.5 MB/s   4m36s[K[?25h[?2026l[?2026h[?25l[A[1Gpulling manifest [K
pulling 2bada8a74506:  50% ▕████████          ▏ 2.3 GB/4.7 GB  8.5 MB/s   4m36s[K[?25h[?2026l[?2026h[?25l[A[1Gpulling manifest [K
pulling 2bada8a74506:  50% ▕████████          ▏ 2.3 GB/4.7 GB  8.5 MB/s   4m36s[K[?25h[?2026l[?2026h[?25l[A[1Gpulling manifest [K
pulling 2bada8a74506:  50% ▕████████          ▏ 2.3 GB/4.7 GB  8.5 MB/s   4m36s[K[?25h[?2026l[?2026h[?25l[A[1Gpulling manifest [K
pulling 2bada8a74506:  50% ▕████████          ▏ 2.3 GB/4.7 GB  8.5 MB/s   4m36s[K[?25h[?2026l[?2026h[?25l[A[1Gpulling manifest [K
pulling 2bada8a74506:  50% ▕████████          ▏ 2.3 GB/4.7 GB  8.5 MB/s   4m36s[K[?25h[?2026l[?2026h[?25l[A[1Gpulling manifest [K
pulling 2bada8a74506:  50% ▕████████          ▏ 2.3 GB/4.7 GB  8.5 MB/s   4m36s[K[?25h[?2026l[?2026h[?25l[A[1Gpulling manifest [K
pulling 2bada8a74506:  50% ▕████████          ▏ 2.3 GB/4.7 GB  8.5 MB/s   4m36s[K[?25h[?2026l[?2026h[?25l[A[1Gpulling manifest [K
pulling 2bada8a74506:  50% ▕████████          ▏ 2.3 GB/4.7 GB  8.5 MB/s   4m36s[K[?25h[?2026l[?2026h[?25l[A[1Gpulling manifest [K
pulling 2bada8a74506:  50% ▕████████          ▏ 2.3 GB/4.7 GB  8.5 MB/s   4m37s[K[?25h[?2026l[?2026h[?25l[A[1Gpulling manifest [K
pulling 2bada8a74506:  50% ▕████████          ▏ 2.3 GB/4.7 GB  8.5 MB/s   4m37s[K[?25h[?2026l[?2026h[?25l[A[1Gpulling manifest [K
pulling 2bada8a74506:  50% ▕████████          ▏ 2.3 GB/4.7 GB  8.5 MB/s   4m37s[K[?25h[?2026l[?2026h[?25l[A[1Gpulling manifest [K
pulling 2bada8a74506:  50% ▕████████          ▏ 2.3 GB/4.7 GB  8.5 MB/s   4m37s[K[?25h[?2026l[?2026h[?25l[A[1Gpulling manifest [K
pulling 2bada8a74506:  50% ▕████████          ▏ 2.3 GB/4.7 GB  8.5 MB/s   4m37s[K[?25h[?2026l[?2026h[?25l[A[1Gpulling manifest [K
pulling 2bada8a74506:  50% ▕████████          ▏ 2.3 GB/4.7 GB  8.5 MB/s   4m37s[K[?25h[?2026l[?2026h[?25l[A[1Gpulling manifest [K
pulling 2bada8a74506:  50% ▕████████          ▏ 2.3 GB/4.7 GB  8.5 MB/s   4m37s[K[?25h[?2026l[?2026h[?25l[A[1Gpulling manifest [K
pulling 2bada8a74506:  50% ▕████████          ▏ 2.3 GB/4.7 GB  8.5 MB/s   4m37s[K[?25h[?2026l[?2026h[?25l[A[1Gpulling manifest [K
pulling 2bada8a74506:  50% ▕████████          ▏ 2.3 GB/4.7 GB  8.5 MB/s   4m37s[K[?25h[?2026l[?2026h[?25l[A[1Gpulling manifest [K
pulling 2bada8a74506:  50% ▕████████          ▏ 2.3 GB/4.7 GB  8.5 MB/s   4m37s[K[?25h[?2026l[?2026h[?25l[A[1Gpulling manifest [K
pulling 2bada8a74506:  50% ▕████████          ▏ 2.3 GB/4.7 GB  8.6 MB/s   4m33s[K[?25h[?2026l[?2026h[?25l[A[1Gpulling manifest [K
pulling 2bada8a74506:  50% ▕████████          ▏ 2.3 GB/4.7 GB  8.6 MB/s   4m32s[K[?25h[?2026l[?2026h[?25l[A[1Gpulling manifest [K
pulling 2bada8a74506:  50% ▕█████████         ▏ 2.3 GB/4.7 GB  8.6 MB/s   4m32s[K[?25h[?2026l[?2026h[?25l[A[1Gpulling manifest [K
pulling 2bada8a74506:  50% ▕█████████         ▏ 2.3 GB/4.7 GB  8.6 MB/s   4m32s[K[?25h[?2026l[?2026h[?25l[A[1Gpulling manifest [K
pulling 2bada8a74506:  50% ▕█████████         ▏ 2.3 GB/4.7 GB  8.6 MB/s   4m32s[K[?25h[?2026l[?2026h[?25l[A[1Gpulling manifest [K
pulling 2bada8a74506:  50% ▕█████████         ▏ 2.3 GB/4.7 GB  8.6 MB/s   4m32s[K[?25h[?2026l[?2026h[?25l[A[1Gpulling manifest [K
pulling 2bada8a74506:  50% ▕█████████         ▏ 2.3 GB/4.7 GB  8.6 MB/s   4m32s[K[?25h[?2026l[?2026h[?25l[A[1Gpulling manifest [K
pulling 2bada8a74506:  50% ▕█████████         ▏ 2.3 GB/4.7 GB  8.6 MB/s   4m32s[K[?25h[?2026l[?2026h[?25l[A[1Gpulling manifest [K
pulling 2bada8a74506:  50% ▕█████████         ▏ 2.3 GB/4.7 GB  8.6 MB/s   4m32s[K[?25h[?2026l[?2026h[?25l[A[1Gpulling manifest [K
pulling 2bada8a74506:  50% ▕█████████         ▏ 2.3 GB/4.7 GB  8.6 MB/s   4m32s[K[?25h[?2026l[?2026h[?25l[A[1Gpulling manifest [K
pulling 2bada8a74506:  50% ▕█████████         ▏ 2.3 GB/4.7 GB  8.6 MB/s   4m31s[K[?25h[?2026l[?2026h[?25l[A[1Gpulling manifest [K
pulling 2bada8a74506:  50% ▕█████████         ▏ 2.3 GB/4.7 GB  8.6 MB/s   4m31s[K[?25h[?2026l[?2026h[?25l[A[1Gpulling manifest [K
pulling 2bada8a74506:  50% ▕█████████         ▏ 2.3 GB/4.7 GB  8.6 MB/s   4m31s[K[?25h[?2026l[?2026h[?25l[A[1Gpulling manifest [K
pulling 2bada8a74506:  50% ▕█████████         ▏ 2.3 GB/4.7 GB  8.6 MB/s   4m31s[K[?25h[?2026l[?2026h[?25l[A[1Gpulling manifest [K
pulling 2bada8a74506:  50% ▕█████████         ▏ 2.4 GB/4.7 GB  8.6 MB/s   4m31s[K[?25h[?2026l[?2026h[?25l[A[1Gpulling manifest [K
pulling 2bada8a74506:  50% ▕█████████         ▏ 2.4 GB/4.7 GB  8.6 MB/s   4m31s[K[?25h[?2026l[?2026h[?25l[A[1Gpulling manifest [K
pulling 2bada8a74506:  50% ▕█████████         ▏ 2.4 GB/4.7 GB  8.6 MB/s   4m31s[K[?25h[?2026l[?2026h[?25l[A[1Gpulling manifest [K
pulling 2bada8a74506:  50% ▕█████████         ▏ 2.4 GB/4.7 GB  8.6 MB/s   4m31s[K[?25h[?2026l[?2026h[?25l[A[1Gpulling manifest [K
pulling 2bada8a74506:  50% ▕█████████         ▏ 2.4 GB/4.7 GB  8.6 MB/s   4m31s[K[?25h[?2026l[?2026h[?25l[A[1Gpulling manifest [K
pulling 2bada8a74506:  50% ▕█████████         ▏ 2.4 GB/4.7 GB  8.6 MB/s   4m30s[K[?25h[?2026l[?2026h[?25l[A[1Gpulling manifest [K
pulling 2bada8a74506:  50% ▕█████████         ▏ 2.4 GB/4.7 GB  8.6 MB/s   4m30s[K[?25h[?2026l[?2026h[?25l[A[1Gpulling manifest [K
pulling 2bada8a74506:  50% ▕█████████         ▏ 2.4 GB/4.7 GB  8.5 MB/s   4m32s[K[?25h[?2026l[?2026h[?25l[A[1Gpulling manifest [K
pulling 2bada8a74506:  50% ▕█████████         ▏ 2.4 GB/4.7 GB  8.5 MB/s   4m32s[K[?25h[?2026l[?2026h[?25l[A[1Gpulling manifest [K
pulling 2bada8a74506:  50% ▕█████████         ▏ 2.4 GB/4.7 GB  8.5 MB/s   4m32s[K[?25h[?2026l[?2026h[?25l[A[1Gpulling manifest [K
pulling 2bada8a74506:  50% ▕█████████         ▏ 2.4 GB/4.7 GB  8.5 MB/s   4m32s[K[?25h[?2026l[?2026h[?25l[A[1Gpulling manifest [K
pulling 2bada8a74506:  50% ▕█████████         ▏ 2.4 GB/4.7 GB  8.5 MB/s   4m32s[K[?25h[?2026l[?2026h[?25l[A[1Gpulling manifest [K
pulling 2bada8a74506:  50% ▕█████████         ▏ 2.4 GB/4.7 GB  8.5 MB/s   4m32s[K[?25h[?2026l[?2026h[?25l[A[1Gpulling manifest [K
pulling 2bada8a74506:  50% ▕█████████         ▏ 2.4 GB/4.7 GB  8.5 MB/s   4m32s[K[?25h[?2026l[?2026h[?25l[A[1Gpulling manifest [K
pulling 2bada8a74506:  50% ▕█████████         ▏ 2.4 GB/4.7 GB  8.5 MB/s   4m31s[K[?25h[?2026l[?2026h[?25l[A[1Gpulling manifest [K
pulling 2bada8a74506:  50% ▕█████████         ▏ 2.4 GB/4.7 GB  8.5 MB/s   4m31s[K[?25h[?2026l[?2026h[?25l[A[1Gpulling manifest [K
pulling 2bada8a74506:  50% ▕█████████         ▏ 2.4 GB/4.7 GB  8.5 MB/s   4m31s[K[?25h[?2026l[?2026h[?25l[A[1Gpulling manifest [K
pulling 2bada8a74506:  51% ▕█████████         ▏ 2.4 GB/4.7 GB  8.5 MB/s   4m33s[K[?25h[?2026l[?2026h[?25l[A[1Gpulling manifest [K
pulling 2bada8a74506:  51% ▕█████████         ▏ 2.4 GB/4.7 GB  8.5 MB/s   4m33s[K[?25h[?2026l[?2026h[?25l[A[1Gpulling manifest [K
pulling 2bada8a74506:  51% ▕█████████         ▏ 2.4 GB/4.7 GB  8.5 MB/s   4m33s[K[?25h[?2026l[?2026h[?25l[A[1Gpulling manifest [K
pulling 2bada8a74506:  51% ▕█████████         ▏ 2.4 GB/4.7 GB  8.5 MB/s   4m33s[K[?25h[?2026l[?2026h[?25l[A[1Gpulling manifest [K
pulling 2bada8a74506:  51% ▕█████████         ▏ 2.4 GB/4.7 GB  8.5 MB/s   4m33s[K[?25h[?2026l[?2026h[?25l[A[1Gpulling manifest [K
pulling 2bada8a74506:  51% ▕█████████         ▏ 2.4 GB/4.7 GB  8.5 MB/s   4m33s[K[?25h[?2026l[?2026h[?25l[A[1Gpulling manifest [K
pulling 2bada8a74506:  51% ▕█████████         ▏ 2.4 GB/4.7 GB  8.5 MB/s   4m33s[K[?25h[?2026l[?2026h[?25l[A[1Gpulling manifest [K
pulling 2bada8a74506:  51% ▕█████████         ▏ 2.4 GB/4.7 GB  8.5 MB/s   4m33s[K[?25h[?2026l[?2026h[?25l[A[1Gpulling manifest [K
pulling 2bada8a74506:  51% ▕█████████         ▏ 2.4 GB/4.7 GB  8.5 MB/s   4m32s[K[?25h[?2026l[?2026h[?25l[A[1Gpulling manifest [K
pulling 2bada8a74506:  51% ▕█████████         ▏ 2.4 GB/4.7 GB  8.5 MB/s   4m32s[K[?25h[?2026l[?2026h[?25l[A[1Gpulling manifest [K
pulling 2bada8a74506:  51% ▕█████████         ▏ 2.4 GB/4.7 GB  8.5 MB/s   4m32s[K[?25h[?2026l[?2026h[?25l[A[1Gpulling manifest [K
pulling 2bada8a74506:  51% ▕█████████         ▏ 2.4 GB/4.7 GB  8.5 MB/s   4m32s[K[?25h[?2026l[?2026h[?25l[A[1Gpulling manifest [K
pulling 2bada8a74506:  51% ▕█████████         ▏ 2.4 GB/4.7 GB  8.5 MB/s   4m32s[K[?25h[?2026l[?2026h[?25l[A[1Gpulling manifest [K
pulling 2bada8a74506:  51% ▕█████████         ▏ 2.4 GB/4.7 GB  8.5 MB/s   4m32s[K[?25h[?2026l[?2026h[?25l[A[1Gpulling manifest [K
pulling 2bada8a74506:  51% ▕█████████         ▏ 2.4 GB/4.7 GB  8.5 MB/s   4m32s[K[?25h[?2026l[?2026h[?25l[A[1Gpulling manifest [K
pulling 2bada8a74506:  51% ▕█████████         ▏ 2.4 GB/4.7 GB  8.5 MB/s   4m32s[K[?25h[?2026l[?2026h[?25l[A[1Gpulling manifest [K
pulling 2bada8a74506:  51% ▕█████████         ▏ 2.4 GB/4.7 GB  8.5 MB/s   4m32s[K[?25h[?2026l[?2026h[?25l[A[1Gpulling manifest [K
pulling 2bada8a74506:  51% ▕█████████         ▏ 2.4 GB/4.7 GB  8.5 MB/s   4m32s[K[?25h[?2026l[?2026h[?25l[A[1Gpulling manifest [K
pulling 2bada8a74506:  51% ▕█████████         ▏ 2.4 GB/4.7 GB  8.5 MB/s   4m31s[K[?25h[?2026l[?2026h[?25l[A[1Gpulling manifest [K
pulling 2bada8a74506:  51% ▕█████████         ▏ 2.4 GB/4.7 GB  8.5 MB/s   4m31s[K[?25h[?2026l[?2026h[?25l[A[1Gpulling manifest [K
pulling 2bada8a74506:  51% ▕█████████         ▏ 2.4 GB/4.7 GB  8.5 MB/s   4m31s[K[?25h[?2026l[?2026h[?25l[A[1Gpulling manifest [K
pulling 2bada8a74506:  51% ▕█████████         ▏ 2.4 GB/4.7 GB  8.5 MB/s   4m30s[K[?25h[?2026l[?2026h[?25l[A[1Gpulling manifest [K
pulling 2bada8a74506:  51% ▕█████████         ▏ 2.4 GB/4.7 GB  8.5 MB/s   4m30s[K[?25h[?2026l[?2026h[?25l[A[1Gpulling manifest [K
pulling 2bada8a74506:  51% ▕█████████         ▏ 2.4 GB/4.7 GB  8.5 MB/s   4m30s[K[?25h[?2026l[?2026h[?25l[A[1Gpulling manifest [K
pulling 2bada8a74506:  51% ▕█████████         ▏ 2.4 GB/4.7 GB  8.5 MB/s   4m30s[K[?25h[?2026l[?2026h[?25l[A[1Gpulling manifest [K
pulling 2bada8a74506:  51% ▕█████████         ▏ 2.4 GB/4.7 GB  8.5 MB/s   4m30s[K[?25h[?2026l[?2026h[?25l[A[1Gpulling manifest [K
pulling 2bada8a74506:  51% ▕█████████         ▏ 2.4 GB/4.7 GB  8.5 MB/s   4m30s[K[?25h[?2026l[?2026h[?25l[A[1Gpulling manifest [K
pulling 2bada8a74506:  51% ▕█████████         ▏ 2.4 GB/4.7 GB  8.5 MB/s   4m30s[K[?25h[?2026l[?2026h[?25l[A[1Gpulling manifest [K
pulling 2bada8a74506:  51% ▕█████████         ▏ 2.4 GB/4.7 GB  8.5 MB/s   4m30s[K[?25h[?2026l[?2026h[?25l[A[1Gpulling manifest [K
pulling 2bada8a74506:  51% ▕█████████         ▏ 2.4 GB/4.7 GB  8.5 MB/s   4m30s[K[?25h[?2026l[?2026h[?25l[A[1Gpulling manifest [K
pulling 2bada8a74506:  51% ▕█████████         ▏ 2.4 GB/4.7 GB  8.4 MB/s   4m33s[K[?25h[?2026l[?2026h[?25l[A[1Gpulling manifest [K
pulling 2bada8a74506:  51% ▕█████████         ▏ 2.4 GB/4.7 GB  8.4 MB/s   4m33s[K[?25h[?2026l[?2026h[?25l[A[1Gpulling manifest [K
pulling 2bada8a74506:  51% ▕█████████         ▏ 2.4 GB/4.7 GB  8.4 MB/s   4m33s[K[?25h[?2026l[?2026h[?25l[A[1Gpulling manifest [K
pulling 2bada8a74506:  51% ▕█████████         ▏ 2.4 GB/4.7 GB  8.4 MB/s   4m32s[K[?25h[?2026l[?2026h[?25l[A[1Gpulling manifest [K
pulling 2bada8a74506:  51% ▕█████████         ▏ 2.4 GB/4.7 GB  8.4 MB/s   4m32s[K[?25h[?2026l[?2026h[?25l[A[1Gpulling manifest [K
pulling 2bada8a74506:  51% ▕█████████         ▏ 2.4 GB/4.7 GB  8.4 MB/s   4m32s[K[?25h[?2026l[?2026h[?25l[A[1Gpulling manifest [K
pulling 2bada8a74506:  51% ▕█████████         ▏ 2.4 GB/4.7 GB  8.4 MB/s   4m32s[K[?25h[?2026l[?2026h[?25l[A[1Gpulling manifest [K
pulling 2bada8a74506:  51% ▕█████████         ▏ 2.4 GB/4.7 GB  8.4 MB/s   4m32s[K[?25h[?2026l[?2026h[?25l[A[1Gpulling manifest [K
pulling 2bada8a74506:  51% ▕█████████         ▏ 2.4 GB/4.7 GB  8.4 MB/s   4m32s[K[?25h[?2026l[?2026h[?25l[A[1Gpulling manifest [K
pulling 2bada8a74506:  51% ▕█████████         ▏ 2.4 GB/4.7 GB  8.4 MB/s   4m32s[K[?25h[?2026l[?2026h[?25l[A[1Gpulling manifest [K
pulling 2bada8a74506:  51% ▕█████████         ▏ 2.4 GB/4.7 GB  8.4 MB/s   4m32s[K[?25h[?2026l[?2026h[?25l[A[1Gpulling manifest [K
pulling 2bada8a74506:  51% ▕█████████         ▏ 2.4 GB/4.7 GB  8.4 MB/s   4m31s[K[?25h[?2026l[?2026h[?25l[A[1Gpulling manifest [K
pulling 2bada8a74506:  51% ▕█████████         ▏ 2.4 GB/4.7 GB  8.4 MB/s   4m30s[K[?25h[?2026l[?2026h[?25l[A[1Gpulling manifest [K
pulling 2bada8a74506:  51% ▕█████████         ▏ 2.4 GB/4.7 GB  8.4 MB/s   4m30s[K[?25h[?2026l[?2026h[?25l[A[1Gpulling manifest [K
pulling 2bada8a74506:  51% ▕█████████         ▏ 2.4 GB/4.7 GB  8.4 MB/s   4m30s[K[?25h[?2026l[?2026h[?25l[A[1Gpulling manifest [K
pulling 2bada8a74506:  51% ▕█████████         ▏ 2.4 GB/4.7 GB  8.4 MB/s   4m30s[K[?25h[?2026l[?2026h[?25l[A[1Gpulling manifest [K
pulling 2bada8a74506:  51% ▕█████████         ▏ 2.4 GB/4.7 GB  8.4 MB/s   4m30s[K[?25h[?2026l[?2026h[?25l[A[1Gpulling manifest [K
pulling 2bada8a74506:  51% ▕█████████         ▏ 2.4 GB/4.7 GB  8.4 MB/s   4m30s[K[?25h[?2026l[?2026h[?25l[A[1Gpulling manifest [K
pulling 2bada8a74506:  51% ▕█████████         ▏ 2.4 GB/4.7 GB  8.4 MB/s   4m30s[K[?25h[?2026l[?2026h[?25l[A[1Gpulling manifest [K
pulling 2bada8a74506:  51% ▕█████████         ▏ 2.4 GB/4.7 GB  8.4 MB/s   4m30s[K[?25h[?2026l[?2026h[?25l[A[1Gpulling manifest [K
pulling 2bada8a74506:  51% ▕█████████         ▏ 2.4 GB/4.7 GB  8.4 MB/s   4m30s[K[?25h[?2026l[?2026h[?25l[A[1Gpulling manifest [K
pulling 2bada8a74506:  51% ▕█████████         ▏ 2.4 GB/4.7 GB  8.5 MB/s   4m27s[K[?25h[?2026l[?2026h[?25l[A[1Gpulling manifest [K
pulling 2bada8a74506:  51% ▕█████████         ▏ 2.4 GB/4.7 GB  8.5 MB/s   4m27s[K[?25h[?2026l[?2026h[?25l[A[1Gpulling manifest [K
pulling 2bada8a74506:  51% ▕█████████         ▏ 2.4 GB/4.7 GB  8.5 MB/s   4m27s[K[?25h[?2026l[?2026h[?25l[A[1Gpulling manifest [K
pulling 2bada8a74506:  51% ▕█████████         ▏ 2.4 GB/4.7 GB  8.5 MB/s   4m27s[K[?25h[?2026l[?2026h[?25l[A[1Gpulling manifest [K
pulling 2bada8a74506:  51% ▕█████████         ▏ 2.4 GB/4.7 GB  8.5 MB/s   4m27s[K[?25h[?2026l[?2026h[?25l[A[1Gpulling manifest [K
pulling 2bada8a74506:  52% ▕█████████         ▏ 2.4 GB/4.7 GB  8.5 MB/s   4m27s[K[?25h[?2026l[?2026h[?25l[A[1Gpulling manifest [K
pulling 2bada8a74506:  52% ▕█████████         ▏ 2.4 GB/4.7 GB  8.5 MB/s   4m27s[K[?25h[?2026l[?2026h[?25l[A[1Gpulling manifest [K
pulling 2bada8a74506:  52% ▕█████████         ▏ 2.4 GB/4.7 GB  8.5 MB/s   4m27s[K[?25h[?2026l[?2026h[?25l[A[1Gpulling manifest [K
pulling 2bada8a74506:  52% ▕█████████         ▏ 2.4 GB/4.7 GB  8.5 MB/s   4m27s[K[?25h[?2026l[?2026h[?25l[A[1Gpulling manifest [K
pulling 2bada8a74506:  52% ▕█████████         ▏ 2.4 GB/4.7 GB  8.5 MB/s   4m26s[K[?25h[?2026l[?2026h[?25l[A[1Gpulling manifest [K
pulling 2bada8a74506:  52% ▕█████████         ▏ 2.4 GB/4.7 GB  8.5 MB/s   4m27s[K[?25h[?2026l[?2026h[?25l[A[1Gpulling manifest [K
pulling 2bada8a74506:  52% ▕█████████         ▏ 2.4 GB/4.7 GB  8.5 MB/s   4m27s[K[?25h[?2026l[?2026h[?25l[A[1Gpulling manifest [K
pulling 2bada8a74506:  52% ▕█████████         ▏ 2.4 GB/4.7 GB  8.5 MB/s   4m27s[K[?25h[?2026l[?2026h[?25l[A[1Gpulling manifest [K
pulling 2bada8a74506:  52% ▕█████████         ▏ 2.4 GB/4.7 GB  8.5 MB/s   4m27s[K[?25h[?2026l[?2026h[?25l[A[1Gpulling manifest [K
pulling 2bada8a74506:  52% ▕█████████         ▏ 2.4 GB/4.7 GB  8.5 MB/s   4m27s[K[?25h[?2026l[?2026h[?25l[A[1Gpulling manifest [K
pulling 2bada8a74506:  52% ▕█████████         ▏ 2.4 GB/4.7 GB  8.5 MB/s   4m27s[K[?25h[?2026l[?2026h[?25l[A[1Gpulling manifest [K
pulling 2bada8a74506:  52% ▕█████████         ▏ 2.4 GB/4.7 GB  8.5 MB/s   4m27s[K[?25h[?2026l[?2026h[?25l[A[1Gpulling manifest [K
pulling 2bada8a74506:  52% ▕█████████         ▏ 2.4 GB/4.7 GB  8.5 MB/s   4m27s[K[?25h[?2026l[?2026h[?25l[A[1Gpulling manifest [K
pulling 2bada8a74506:  52% ▕█████████         ▏ 2.4 GB/4.7 GB  8.5 MB/s   4m27s[K[?25h[?2026l[?2026h[?25l[A[1Gpulling manifest [K
pulling 2bada8a74506:  52% ▕█████████         ▏ 2.4 GB/4.7 GB  8.5 MB/s   4m27s[K[?25h[?2026l[?2026h[?25l[A[1Gpulling manifest [K
pulling 2bada8a74506:  52% ▕█████████         ▏ 2.4 GB/4.7 GB  8.4 MB/s   4m28s[K[?25h[?2026l[?2026h[?25l[A[1Gpulling manifest [K
pulling 2bada8a74506:  52% ▕█████████         ▏ 2.4 GB/4.7 GB  8.4 MB/s   4m28s[K[?25h[?2026l[?2026h[?25l[A[1Gpulling manifest [K
pulling 2bada8a74506:  52% ▕█████████         ▏ 2.4 GB/4.7 GB  8.4 MB/s   4m28s[K[?25h[?2026l[?2026h[?25l[A[1Gpulling manifest [K
pulling 2bada8a74506:  52% ▕█████████         ▏ 2.4 GB/4.7 GB  8.4 MB/s   4m27s[K[?25h[?2026l[?2026h[?25l[A[1Gpulling manifest [K
pulling 2bada8a74506:  52% ▕█████████         ▏ 2.4 GB/4.7 GB  8.4 MB/s   4m27s[K[?25h[?2026l[?2026h[?25l[A[1Gpulling manifest [K
pulling 2bada8a74506:  52% ▕█████████         ▏ 2.4 GB/4.7 GB  8.4 MB/s   4m27s[K[?25h[?2026l[?2026h[?25l[A[1Gpulling manifest [K
pulling 2bada8a74506:  52% ▕█████████         ▏ 2.4 GB/4.7 GB  8.4 MB/s   4m27s[K[?25h[?2026l[?2026h[?25l[A[1Gpulling manifest [K
pulling 2bada8a74506:  52% ▕█████████         ▏ 2.4 GB/4.7 GB  8.4 MB/s   4m27s[K[?25h[?2026l[?2026h[?25l[A[1Gpulling manifest [K
pulling 2bada8a74506:  52% ▕█████████         ▏ 2.4 GB/4.7 GB  8.4 MB/s   4m27s[K[?25h[?2026l[?2026h[?25l[A[1Gpulling manifest [K
pulling 2bada8a74506:  52% ▕█████████         ▏ 2.4 GB/4.7 GB  8.4 MB/s   4m27s[K[?25h[?2026l[?2026h[?25l[A[1Gpulling manifest [K
pulling 2bada8a74506:  52% ▕█████████         ▏ 2.4 GB/4.7 GB  8.4 MB/s   4m28s[K[?25h[?2026l[?2026h[?25l[A[1Gpulling manifest [K
pulling 2bada8a74506:  52% ▕█████████         ▏ 2.4 GB/4.7 GB  8.4 MB/s   4m28s[K[?25h[?2026l[?2026h[?25l[A[1Gpulling manifest [K
pulling 2bada8a74506:  52% ▕█████████         ▏ 2.4 GB/4.7 GB  8.4 MB/s   4m28s[K[?25h[?2026l[?2026h[?25l[A[1Gpulling manifest [K
pulling 2bada8a74506:  52% ▕█████████         ▏ 2.4 GB/4.7 GB  8.4 MB/s   4m28s[K[?25h[?2026l[?2026h[?25l[A[1Gpulling manifest [K
pulling 2bada8a74506:  52% ▕█████████         ▏ 2.4 GB/4.7 GB  8.4 MB/s   4m28s[K[?25h[?2026l[?2026h[?25l[A[1Gpulling manifest [K
pulling 2bada8a74506:  52% ▕█████████         ▏ 2.4 GB/4.7 GB  8.4 MB/s   4m27s[K[?25h[?2026l[?2026h[?25l[A[1Gpulling manifest [K
pulling 2bada8a74506:  52% ▕█████████         ▏ 2.4 GB/4.7 GB  8.4 MB/s   4m27s[K[?25h[?2026l[?2026h[?25l[A[1Gpulling manifest [K
pulling 2bada8a74506:  52% ▕█████████         ▏ 2.4 GB/4.7 GB  8.4 MB/s   4m27s[K[?25h[?2026l[?2026h[?25l[A[1Gpulling manifest [K
pulling 2bada8a74506:  52% ▕█████████         ▏ 2.4 GB/4.7 GB  8.4 MB/s   4m27s[K[?25h[?2026l[?2026h[?25l[A[1Gpulling manifest [K
pulling 2bada8a74506:  52% ▕█████████         ▏ 2.4 GB/4.7 GB  8.4 MB/s   4m27s[K[?25h[?2026l[?2026h[?25l[A[1Gpulling manifest [K
pulling 2bada8a74506:  52% ▕█████████         ▏ 2.4 GB/4.7 GB  8.4 MB/s   4m27s[K[?25h[?2026l[?2026h[?25l[A[1Gpulling manifest [K
pulling 2bada8a74506:  52% ▕█████████         ▏ 2.4 GB/4.7 GB  8.3 MB/s   4m29s[K[?25h[?2026l[?2026h[?25l[A[1Gpulling manifest [K
pulling 2bada8a74506:  52% ▕█████████         ▏ 2.4 GB/4.7 GB  8.3 MB/s   4m29s[K[?25h[?2026l[?2026h[?25l[A[1Gpulling manifest [K
pulling 2bada8a74506:  52% ▕█████████         ▏ 2.4 GB/4.7 GB  8.3 MB/s   4m29s[K[?25h[?2026l[?2026h[?25l[A[1Gpulling manifest [K
pulling 2bada8a74506:  52% ▕█████████         ▏ 2.4 GB/4.7 GB  8.3 MB/s   4m29s[K[?25h[?2026l[?2026h[?25l[A[1Gpulling manifest [K
pulling 2bada8a74506:  52% ▕█████████         ▏ 2.4 GB/4.7 GB  8.3 MB/s   4m28s[K[?25h[?2026l[?2026h[?25l[A[1Gpulling manifest [K
pulling 2bada8a74506:  52% ▕█████████         ▏ 2.4 GB/4.7 GB  8.3 MB/s   4m28s[K[?25h[?2026l[?2026h[?25l[A[1Gpulling manifest [K
pulling 2bada8a74506:  52% ▕█████████         ▏ 2.4 GB/4.7 GB  8.3 MB/s   4m28s[K[?25h[?2026l[?2026h[?25l[A[1Gpulling manifest [K
pulling 2bada8a74506:  52% ▕█████████         ▏ 2.4 GB/4.7 GB  8.3 MB/s   4m28s[K[?25h[?2026l[?2026h[?25l[A[1Gpulling manifest [K
pulling 2bada8a74506:  52% ▕█████████         ▏ 2.4 GB/4.7 GB  8.3 MB/s   4m28s[K[?25h[?2026l[?2026h[?25l[A[1Gpulling manifest [K
pulling 2bada8a74506:  52% ▕█████████         ▏ 2.4 GB/4.7 GB  8.3 MB/s   4m28s[K[?25h[?2026l[?2026h[?25l[A[1Gpulling manifest [K
pulling 2bada8a74506:  52% ▕█████████         ▏ 2.4 GB/4.7 GB  8.2 MB/s   4m31s[K[?25h[?2026l[?2026h[?25l[A[1Gpulling manifest [K
pulling 2bada8a74506:  52% ▕█████████         ▏ 2.4 GB/4.7 GB  8.2 MB/s   4m31s[K[?25h[?2026l[?2026h[?25l[A[1Gpulling manifest [K
pulling 2bada8a74506:  52% ▕█████████         ▏ 2.4 GB/4.7 GB  8.2 MB/s   4m31s[K[?25h[?2026l[?2026h[?25l[A[1Gpulling manifest [K
pulling 2bada8a74506:  52% ▕█████████         ▏ 2.5 GB/4.7 GB  8.2 MB/s   4m31s[K[?25h[?2026l[?2026h[?25l[A[1Gpulling manifest [K
pulling 2bada8a74506:  52% ▕█████████         ▏ 2.5 GB/4.7 GB  8.2 MB/s   4m31s[K[?25h[?2026l[?2026h[?25l[A[1Gpulling manifest [K
pulling 2bada8a74506:  52% ▕█████████         ▏ 2.5 GB/4.7 GB  8.2 MB/s   4m31s[K[?25h[?2026l[?2026h[?25l[A[1Gpulling manifest [K
pulling 2bada8a74506:  52% ▕█████████         ▏ 2.5 GB/4.7 GB  8.2 MB/s   4m31s[K[?25h[?2026l[?2026h[?25l[A[1Gpulling manifest [K
pulling 2bada8a74506:  52% ▕█████████         ▏ 2.5 GB/4.7 GB  8.2 MB/s   4m31s[K[?25h[?2026l[?2026h[?25l[A[1Gpulling manifest [K
pulling 2bada8a74506:  52% ▕█████████         ▏ 2.5 GB/4.7 GB  8.2 MB/s   4m30s[K[?25h[?2026l[?2026h[?25l[A[1Gpulling manifest [K
pulling 2bada8a74506:  52% ▕█████████         ▏ 2.5 GB/4.7 GB  8.2 MB/s   4m30s[K[?25h[?2026l[?2026h[?25l[A[1Gpulling manifest [K
pulling 2bada8a74506:  52% ▕█████████         ▏ 2.5 GB/4.7 GB  8.1 MB/s   4m33s[K[?25h[?2026l[?2026h[?25l[A[1Gpulling manifest [K
pulling 2bada8a74506:  52% ▕█████████         ▏ 2.5 GB/4.7 GB  8.1 MB/s   4m33s[K[?25h[?2026l[?2026h[?25l[A[1Gpulling manifest [K
pulling 2bada8a74506:  52% ▕█████████         ▏ 2.5 GB/4.7 GB  8.1 MB/s   4m33s[K[?25h[?2026l[?2026h[?25l[A[1Gpulling manifest [K
pulling 2bada8a74506:  52% ▕█████████         ▏ 2.5 GB/4.7 GB  8.1 MB/s   4m33s[K[?25h[?2026l[?2026h[?25l[A[1Gpulling manifest [K
pulling 2bada8a74506:  53% ▕█████████         ▏ 2.5 GB/4.7 GB  8.1 MB/s   4m33s[K[?25h[?2026l[?2026h[?25l[A[1Gpulling manifest [K
pulling 2bada8a74506:  53% ▕█████████         ▏ 2.5 GB/4.7 GB  8.1 MB/s   4m32s[K[?25h[?2026l[?2026h[?25l[A[1Gpulling manifest [K
pulling 2bada8a74506:  53% ▕█████████         ▏ 2.5 GB/4.7 GB  8.1 MB/s   4m32s[K[?25h[?2026l[?2026h[?25l[A[1Gpulling manifest [K
pulling 2bada8a74506:  53% ▕█████████         ▏ 2.5 GB/4.7 GB  8.1 MB/s   4m32s[K[?25h[?2026l[?2026h[?25l[A[1Gpulling manifest [K
pulling 2bada8a74506:  53% ▕█████████         ▏ 2.5 GB/4.7 GB  8.1 MB/s   4m32s[K[?25h[?2026l[?2026h[?25l[A[1Gpulling manifest [K
pulling 2bada8a74506:  53% ▕█████████         ▏ 2.5 GB/4.7 GB  8.1 MB/s   4m32s[K[?25h[?2026l[?2026h[?25l[A[1Gpulling manifest [K
pulling 2bada8a74506:  53% ▕█████████         ▏ 2.5 GB/4.7 GB  8.3 MB/s   4m27s[K[?25h[?2026l[?2026h[?25l[A[1Gpulling manifest [K
pulling 2bada8a74506:  53% ▕█████████         ▏ 2.5 GB/4.7 GB  8.3 MB/s   4m27s[K[?25h[?2026l[?2026h[?25l[A[1Gpulling manifest [K
pulling 2bada8a74506:  53% ▕█████████         ▏ 2.5 GB/4.7 GB  8.3 MB/s   4m27s[K[?25h[?2026l[?2026h[?25l[A[1Gpulling manifest [K
pulling 2bada8a74506:  53% ▕█████████         ▏ 2.5 GB/4.7 GB  8.3 MB/s   4m27s[K[?25h[?2026l[?2026h[?25l[A[1Gpulling manifest [K
pulling 2bada8a74506:  53% ▕█████████         ▏ 2.5 GB/4.7 GB  8.3 MB/s   4m27s[K[?25h[?2026l[?2026h[?25l[A[1Gpulling manifest [K
pulling 2bada8a74506:  53% ▕█████████         ▏ 2.5 GB/4.7 GB  8.3 MB/s   4m27s[K[?25h[?2026l[?2026h[?25l[A[1Gpulling manifest [K
pulling 2bada8a74506:  53% ▕█████████         ▏ 2.5 GB/4.7 GB  8.3 MB/s   4m26s[K[?25h[?2026l[?2026h[?25l[A[1Gpulling manifest [K
pulling 2bada8a74506:  53% ▕█████████         ▏ 2.5 GB/4.7 GB  8.3 MB/s   4m26s[K[?25h[?2026l[?2026h[?25l[A[1Gpulling manifest [K
pulling 2bada8a74506:  53% ▕█████████         ▏ 2.5 GB/4.7 GB  8.3 MB/s   4m26s[K[?25h[?2026l[?2026h[?25l[A[1Gpulling manifest [K
pulling 2bada8a74506:  53% ▕█████████         ▏ 2.5 GB/4.7 GB  8.3 MB/s   4m26s[K[?25h[?2026l[?2026h[?25l[A[1Gpulling manifest [K
pulling 2bada8a74506:  53% ▕█████████         ▏ 2.5 GB/4.7 GB  8.5 MB/s   4m19s[K[?25h[?2026l[?2026h[?25l[A[1Gpulling manifest [K
pulling 2bada8a74506:  53% ▕█████████         ▏ 2.5 GB/4.7 GB  8.5 MB/s   4m19s[K[?25h[?2026l[?2026h[?25l[A[1Gpulling manifest [K
pulling 2bada8a74506:  53% ▕█████████         ▏ 2.5 GB/4.7 GB  8.5 MB/s   4m19s[K[?25h[?2026l[?2026h[?25l[A[1Gpulling manifest [K
pulling 2bada8a74506:  53% ▕█████████         ▏ 2.5 GB/4.7 GB  8.5 MB/s   4m19s[K[?25h[?2026l[?2026h[?25l[A[1Gpulling manifest [K
pulling 2bada8a74506:  53% ▕█████████         ▏ 2.5 GB/4.7 GB  8.5 MB/s   4m19s[K[?25h[?2026l[?2026h[?25l[A[1Gpulling manifest [K
pulling 2bada8a74506:  53% ▕█████████         ▏ 2.5 GB/4.7 GB  8.5 MB/s   4m18s[K[?25h[?2026l[?2026h[?25l[A[1Gpulling manifest [K
pulling 2bada8a74506:  53% ▕█████████         ▏ 2.5 GB/4.7 GB  8.5 MB/s   4m18s[K[?25h[?2026l[?2026h[?25l[A[1Gpulling manifest [K
pulling 2bada8a74506:  53% ▕█████████         ▏ 2.5 GB/4.7 GB  8.5 MB/s   4m18s[K[?25h[?2026l[?2026h[?25l[A[1Gpulling manifest [K
pulling 2bada8a74506:  53% ▕█████████         ▏ 2.5 GB/4.7 GB  8.5 MB/s   4m18s[K[?25h[?2026l[?2026h[?25l[A[1Gpulling manifest [K
pulling 2bada8a74506:  53% ▕█████████         ▏ 2.5 GB/4.7 GB  8.5 MB/s   4m18s[K[?25h[?2026l[?2026h[?25l[A[1Gpulling manifest [K
pulling 2bada8a74506:  53% ▕█████████         ▏ 2.5 GB/4.7 GB  8.5 MB/s   4m18s[K[?25h[?2026l[?2026h[?25l[A[1Gpulling manifest [K
pulling 2bada8a74506:  53% ▕█████████         ▏ 2.5 GB/4.7 GB  8.7 MB/s   4m13s[K[?25h[?2026l[?2026h[?25l[A[1Gpulling manifest [K
pulling 2bada8a74506:  53% ▕█████████         ▏ 2.5 GB/4.7 GB  8.7 MB/s   4m13s[K[?25h[?2026l[?2026h[?25l[A[1Gpulling manifest [K
pulling 2bada8a74506:  53% ▕█████████         ▏ 2.5 GB/4.7 GB  8.7 MB/s   4m13s[K[?25h[?2026l[?2026h[?25l[A[1Gpulling manifest [K
pulling 2bada8a74506:  53% ▕█████████         ▏ 2.5 GB/4.7 GB  8.7 MB/s   4m12s[K[?25h[?2026l[?2026h[?25l[A[1Gpulling manifest [K
pulling 2bada8a74506:  53% ▕█████████         ▏ 2.5 GB/4.7 GB  8.7 MB/s   4m12s[K[?25h[?2026l[?2026h[?25l[A[1Gpulling manifest [K
pulling 2bada8a74506:  53% ▕█████████         ▏ 2.5 GB/4.7 GB  8.7 MB/s   4m12s[K[?25h[?2026l[?2026h[?25l[A[1Gpulling manifest [K
pulling 2bada8a74506:  53% ▕█████████         ▏ 2.5 GB/4.7 GB  8.7 MB/s   4m12s[K[?25h[?2026l[?2026h[?25l[A[1Gpulling manifest [K
pulling 2bada8a74506:  53% ▕█████████         ▏ 2.5 GB/4.7 GB  8.7 MB/s   4m12s[K[?25h[?2026l[?2026h[?25l[A[1Gpulling manifest [K
pulling 2bada8a74506:  53% ▕█████████         ▏ 2.5 GB/4.7 GB  8.7 MB/s   4m12s[K[?25h[?2026l[?2026h[?25l[A[1Gpulling manifest [K
pulling 2bada8a74506:  53% ▕█████████         ▏ 2.5 GB/4.7 GB  8.7 MB/s   4m12s[K[?25h[?2026l[?2026h[?25l[A[1Gpulling manifest [K
pulling 2bada8a74506:  53% ▕█████████         ▏ 2.5 GB/4.7 GB  8.7 MB/s   4m11s[K[?25h[?2026l[?2026h[?25l[A[1Gpulling manifest [K
pulling 2bada8a74506:  53% ▕█████████         ▏ 2.5 GB/4.7 GB  8.7 MB/s   4m11s[K[?25h[?2026l[?2026h[?25l[A[1Gpulling manifest [K
pulling 2bada8a74506:  53% ▕█████████         ▏ 2.5 GB/4.7 GB  8.7 MB/s   4m11s[K[?25h[?2026l[?2026h[?25l[A[1Gpulling manifest [K
pulling 2bada8a74506:  53% ▕█████████         ▏ 2.5 GB/4.7 GB  8.7 MB/s   4m11s[K[?25h[?2026l[?2026h[?25l[A[1Gpulling manifest [K
pulling 2bada8a74506:  53% ▕█████████         ▏ 2.5 GB/4.7 GB  8.7 MB/s   4m11s[K[?25h[?2026l[?2026h[?25l[A[1Gpulling manifest [K
pulling 2bada8a74506:  53% ▕█████████         ▏ 2.5 GB/4.7 GB  8.7 MB/s   4m11s[K[?25h[?2026l[?2026h[?25l[A[1Gpulling manifest [K
pulling 2bada8a74506:  53% ▕█████████         ▏ 2.5 GB/4.7 GB  8.7 MB/s   4m11s[K[?25h[?2026l[?2026h[?25l[A[1Gpulling manifest [K
pulling 2bada8a74506:  53% ▕█████████         ▏ 2.5 GB/4.7 GB  8.7 MB/s   4m11s[K[?25h[?2026l[?2026h[?25l[A[1Gpulling manifest [K
pulling 2bada8a74506:  53% ▕█████████         ▏ 2.5 GB/4.7 GB  8.7 MB/s   4m11s[K[?25h[?2026l[?2026h[?25l[A[1Gpulling manifest [K
pulling 2bada8a74506:  53% ▕█████████         ▏ 2.5 GB/4.7 GB  8.7 MB/s   4m10s[K[?25h[?2026l[?2026h[?25l[A[1Gpulling manifest [K
pulling 2bada8a74506:  53% ▕█████████         ▏ 2.5 GB/4.7 GB  8.7 MB/s   4m10s[K[?25h[?2026l[?2026h[?25l[A[1Gpulling manifest [K
pulling 2bada8a74506:  53% ▕█████████         ▏ 2.5 GB/4.7 GB  8.7 MB/s   4m10s[K[?25h[?2026l[?2026h[?25l[A[1Gpulling manifest [K
pulling 2bada8a74506:  53% ▕█████████         ▏ 2.5 GB/4.7 GB  8.7 MB/s   4m10s[K[?25h[?2026l[?2026h[?25l[A[1Gpulling manifest [K
pulling 2bada8a74506:  53% ▕█████████         ▏ 2.5 GB/4.7 GB  8.7 MB/s   4m10s[K[?25h[?2026l[?2026h[?25l[A[1Gpulling manifest [K
pulling 2bada8a74506:  54% ▕█████████         ▏ 2.5 GB/4.7 GB  8.7 MB/s   4m10s[K[?25h[?2026l[?2026h[?25l[A[1Gpulling manifest [K
pulling 2bada8a74506:  54% ▕█████████         ▏ 2.5 GB/4.7 GB  8.7 MB/s   4m10s[K[?25h[?2026l[?2026h[?25l[A[1Gpulling manifest [K
pulling 2bada8a74506:  54% ▕█████████         ▏ 2.5 GB/4.7 GB  8.7 MB/s   4m10s[K[?25h[?2026l[?2026h[?25l[A[1Gpulling manifest [K
pulling 2bada8a74506:  54% ▕█████████         ▏ 2.5 GB/4.7 GB  8.7 MB/s   4m10s[K[?25h[?2026l[?2026h[?25l[A[1Gpulling manifest [K
pulling 2bada8a74506:  54% ▕█████████         ▏ 2.5 GB/4.7 GB  8.7 MB/s    4m9s[K[?25h[?2026l[?2026h[?25l[A[1Gpulling manifest [K
pulling 2bada8a74506:  54% ▕█████████         ▏ 2.5 GB/4.7 GB  8.7 MB/s    4m9s[K[?25h[?2026l[?2026h[?25l[A[1Gpulling manifest [K
pulling 2bada8a74506:  54% ▕█████████         ▏ 2.5 GB/4.7 GB  8.8 MB/s    4m7s[K[?25h[?2026l[?2026h[?25l[A[1Gpulling manifest [K
pulling 2bada8a74506:  54% ▕█████████         ▏ 2.5 GB/4.7 GB  8.8 MB/s    4m7s[K[?25h[?2026l[?2026h[?25l[A[1Gpulling manifest [K
pulling 2bada8a74506:  54% ▕█████████         ▏ 2.5 GB/4.7 GB  8.8 MB/s    4m7s[K[?25h[?2026l[?2026h[?25l[A[1Gpulling manifest [K
pulling 2bada8a74506:  54% ▕█████████         ▏ 2.5 GB/4.7 GB  8.8 MB/s    4m6s[K[?25h[?2026l[?2026h[?25l[A[1Gpulling manifest [K
pulling 2bada8a74506:  54% ▕█████████         ▏ 2.5 GB/4.7 GB  8.8 MB/s    4m6s[K[?25h[?2026l[?2026h[?25l[A[1Gpulling manifest [K
pulling 2bada8a74506:  54% ▕█████████         ▏ 2.5 GB/4.7 GB  8.8 MB/s    4m6s[K[?25h[?2026l[?2026h[?25l[A[1Gpulling manifest [K
pulling 2bada8a74506:  54% ▕█████████         ▏ 2.5 GB/4.7 GB  8.8 MB/s    4m6s[K[?25h[?2026l[?2026h[?25l[A[1Gpulling manifest [K
pulling 2bada8a74506:  54% ▕█████████         ▏ 2.5 GB/4.7 GB  8.8 MB/s    4m6s[K[?25h[?2026l[?2026h[?25l[A[1Gpulling manifest [K
pulling 2bada8a74506:  54% ▕█████████         ▏ 2.5 GB/4.7 GB  8.8 MB/s    4m6s[K[?25h[?2026l[?2026h[?25l[A[1Gpulling manifest [K
pulling 2bada8a74506:  54% ▕█████████         ▏ 2.5 GB/4.7 GB  8.8 MB/s    4m6s[K[?25h[?2026l[?2026h[?25l[A[1Gpulling manifest [K
pulling 2bada8a74506:  54% ▕█████████         ▏ 2.5 GB/4.7 GB  8.8 MB/s    4m4s[K[?25h[?2026l[?2026h[?25l[A[1Gpulling manifest [K
pulling 2bada8a74506:  54% ▕█████████         ▏ 2.5 GB/4.7 GB  8.8 MB/s    4m4s[K[?25h[?2026l[?2026h[?25l[A[1Gpulling manifest [K
pulling 2bada8a74506:  54% ▕█████████         ▏ 2.5 GB/4.7 GB  8.8 MB/s    4m4s[K[?25h[?2026l[?2026h[?25l[A[1Gpulling manifest [K
pulling 2bada8a74506:  54% ▕█████████         ▏ 2.5 GB/4.7 GB  8.8 MB/s    4m4s[K[?25h[?2026l[?2026h[?25l[A[1Gpulling manifest [K
pulling 2bada8a74506:  54% ▕█████████         ▏ 2.5 GB/4.7 GB  8.8 MB/s    4m4s[K[?25h[?2026l[?2026h[?25l[A[1Gpulling manifest [K
pulling 2bada8a74506:  54% ▕█████████         ▏ 2.5 GB/4.7 GB  8.8 MB/s    4m4s[K[?25h[?2026l[?2026h[?25l[A[1Gpulling manifest [K
pulling 2bada8a74506:  54% ▕█████████         ▏ 2.5 GB/4.7 GB  8.8 MB/s    4m4s[K[?25h[?2026l[?2026h[?25l[A[1Gpulling manifest [K
pulling 2bada8a74506:  54% ▕█████████         ▏ 2.5 GB/4.7 GB  8.8 MB/s    4m4s[K[?25h[?2026l[?2026h[?25l[A[1Gpulling manifest [K
pulling 2bada8a74506:  54% ▕█████████         ▏ 2.5 GB/4.7 GB  8.8 MB/s    4m3s[K[?25h[?2026l[?2026h[?25l[A[1Gpulling manifest [K
pulling 2bada8a74506:  54% ▕█████████         ▏ 2.5 GB/4.7 GB  8.8 MB/s    4m3s[K[?25h[?2026l[?2026h[?25l[A[1Gpulling manifest [K
pulling 2bada8a74506:  54% ▕█████████         ▏ 2.5 GB/4.7 GB  8.8 MB/s    4m3s[K[?25h[?2026l[?2026h[?25l[A[1Gpulling manifest [K
pulling 2bada8a74506:  54% ▕█████████         ▏ 2.5 GB/4.7 GB  8.8 MB/s    4m6s[K[?25h[?2026l[?2026h[?25l[A[1Gpulling manifest [K
pulling 2bada8a74506:  54% ▕█████████         ▏ 2.5 GB/4.7 GB  8.8 MB/s    4m5s[K[?25h[?2026l[?2026h[?25l[A[1Gpulling manifest [K
pulling 2bada8a74506:  54% ▕█████████         ▏ 2.5 GB/4.7 GB  8.8 MB/s    4m5s[K[?25h[?2026l[?2026h[?25l[A[1Gpulling manifest [K
pulling 2bada8a74506:  54% ▕█████████         ▏ 2.5 GB/4.7 GB  8.8 MB/s    4m5s[K[?25h[?2026l[?2026h[?25l[A[1Gpulling manifest [K
pulling 2bada8a74506:  54% ▕█████████         ▏ 2.5 GB/4.7 GB  8.8 MB/s    4m5s[K[?25h[?2026l[?2026h[?25l[A[1Gpulling manifest [K
pulling 2bada8a74506:  54% ▕█████████         ▏ 2.5 GB/4.7 GB  8.8 MB/s    4m5s[K[?25h[?2026l[?2026h[?25l[A[1Gpulling manifest [K
pulling 2bada8a74506:  54% ▕█████████         ▏ 2.5 GB/4.7 GB  8.8 MB/s    4m5s[K[?25h[?2026l[?2026h[?25l[A[1Gpulling manifest [K
pulling 2bada8a74506:  54% ▕█████████         ▏ 2.5 GB/4.7 GB  8.8 MB/s    4m5s[K[?25h[?2026l[?2026h[?25l[A[1Gpulling manifest [K
pulling 2bada8a74506:  54% ▕█████████         ▏ 2.5 GB/4.7 GB  8.8 MB/s    4m5s[K[?25h[?2026l[?2026h[?25l[A[1Gpulling manifest [K
pulling 2bada8a74506:  54% ▕█████████         ▏ 2.5 GB/4.7 GB  8.8 MB/s    4m5s[K[?25h[?2026l[?2026h[?25l[A[1Gpulling manifest [K
pulling 2bada8a74506:  54% ▕█████████         ▏ 2.5 GB/4.7 GB  8.8 MB/s    4m4s[K[?25h[?2026l[?2026h[?25l[A[1Gpulling manifest [K
pulling 2bada8a74506:  54% ▕█████████         ▏ 2.5 GB/4.7 GB  8.8 MB/s    4m3s[K[?25h[?2026l[?2026h[?25l[A[1Gpulling manifest [K
pulling 2bada8a74506:  54% ▕█████████         ▏ 2.5 GB/4.7 GB  8.8 MB/s    4m3s[K[?25h[?2026l[?2026h[?25l[A[1Gpulling manifest [K
pulling 2bada8a74506:  54% ▕█████████         ▏ 2.5 GB/4.7 GB  8.8 MB/s    4m3s[K[?25h[?2026l[?2026h[?25l[A[1Gpulling manifest [K
pulling 2bada8a74506:  54% ▕█████████         ▏ 2.5 GB/4.7 GB  8.8 MB/s    4m3s[K[?25h[?2026l[?2026h[?25l[A[1Gpulling manifest [K
pulling 2bada8a74506:  54% ▕█████████         ▏ 2.5 GB/4.7 GB  8.8 MB/s    4m3s[K[?25h[?2026l[?2026h[?25l[A[1Gpulling manifest [K
pulling 2bada8a74506:  54% ▕█████████         ▏ 2.5 GB/4.7 GB  8.8 MB/s    4m3s[K[?25h[?2026l[?2026h[?25l[A[1Gpulling manifest [K
pulling 2bada8a74506:  54% ▕█████████         ▏ 2.5 GB/4.7 GB  8.8 MB/s    4m3s[K[?25h[?2026l[?2026h[?25l[A[1Gpulling manifest [K
pulling 2bada8a74506:  54% ▕█████████         ▏ 2.5 GB/4.7 GB  8.8 MB/s    4m3s[K[?25h[?2026l[?2026h[?25l[A[1Gpulling manifest [K
pulling 2bada8a74506:  54% ▕█████████         ▏ 2.5 GB/4.7 GB  8.8 MB/s    4m3s[K[?25h[?2026l[?2026h[?25l[A[1Gpulling manifest [K
pulling 2bada8a74506:  54% ▕█████████         ▏ 2.5 GB/4.7 GB  8.7 MB/s    4m7s[K[?25h[?2026l[?2026h[?25l[A[1Gpulling manifest [K
pulling 2bada8a74506:  54% ▕█████████         ▏ 2.5 GB/4.7 GB  8.7 MB/s    4m7s[K[?25h[?2026l[?2026h[?25l[A[1Gpulling manifest [K
pulling 2bada8a74506:  54% ▕█████████         ▏ 2.5 GB/4.7 GB  8.7 MB/s    4m7s[K[?25h[?2026l[?2026h[?25l[A[1Gpulling manifest [K
pulling 2bada8a74506:  54% ▕█████████         ▏ 2.5 GB/4.7 GB  8.7 MB/s    4m7s[K[?25h[?2026l[?2026h[?25l[A[1Gpulling manifest [K
pulling 2bada8a74506:  54% ▕█████████         ▏ 2.5 GB/4.7 GB  8.7 MB/s    4m6s[K[?25h[?2026l[?2026h[?25l[A[1Gpulling manifest [K
pulling 2bada8a74506:  54% ▕█████████         ▏ 2.5 GB/4.7 GB  8.7 MB/s    4m6s[K[?25h[?2026l[?2026h[?25l[A[1Gpulling manifest [K
pulling 2bada8a74506:  54% ▕█████████         ▏ 2.5 GB/4.7 GB  8.7 MB/s    4m6s[K[?25h[?2026l[?2026h[?25l[A[1Gpulling manifest [K
pulling 2bada8a74506:  54% ▕█████████         ▏ 2.5 GB/4.7 GB  8.7 MB/s    4m6s[K[?25h[?2026l[?2026h[?25l[A[1Gpulling manifest [K
pulling 2bada8a74506:  54% ▕█████████         ▏ 2.5 GB/4.7 GB  8.7 MB/s    4m6s[K[?25h[?2026l[?2026h[?25l[A[1Gpulling manifest [K
pulling 2bada8a74506:  54% ▕█████████         ▏ 2.6 GB/4.7 GB  8.7 MB/s    4m6s[K[?25h[?2026l[?2026h[?25l[A[1Gpulling manifest [K
pulling 2bada8a74506:  54% ▕█████████         ▏ 2.6 GB/4.7 GB  8.4 MB/s   4m12s[K[?25h[?2026l[?2026h[?25l[A[1Gpulling manifest [K
pulling 2bada8a74506:  55% ▕█████████         ▏ 2.6 GB/4.7 GB  8.4 MB/s   4m12s[K[?25h[?2026l[?2026h[?25l[A[1Gpulling manifest [K
pulling 2bada8a74506:  55% ▕█████████         ▏ 2.6 GB/4.7 GB  8.4 MB/s   4m12s[K[?25h[?2026l[?2026h[?25l[A[1Gpulling manifest [K
pulling 2bada8a74506:  55% ▕█████████         ▏ 2.6 GB/4.7 GB  8.4 MB/s   4m12s[K[?25h[?2026l[?2026h[?25l[A[1Gpulling manifest [K
pulling 2bada8a74506:  55% ▕█████████         ▏ 2.6 GB/4.7 GB  8.4 MB/s   4m12s[K[?25h[?2026l[?2026h[?25l[A[1Gpulling manifest [K
pulling 2bada8a74506:  55% ▕█████████         ▏ 2.6 GB/4.7 GB  8.4 MB/s   4m12s[K[?25h[?2026l[?2026h[?25l[A[1Gpulling manifest [K
pulling 2bada8a74506:  55% ▕█████████         ▏ 2.6 GB/4.7 GB  8.4 MB/s   4m12s[K[?25h[?2026l[?2026h[?25l[A[1Gpulling manifest [K
pulling 2bada8a74506:  55% ▕█████████         ▏ 2.6 GB/4.7 GB  8.4 MB/s   4m11s[K[?25h[?2026l[?2026h[?25l[A[1Gpulling manifest [K
pulling 2bada8a74506:  55% ▕█████████         ▏ 2.6 GB/4.7 GB  8.4 MB/s   4m11s[K[?25h[?2026l[?2026h[?25l[A[1Gpulling manifest [K
pulling 2bada8a74506:  55% ▕█████████         ▏ 2.6 GB/4.7 GB  8.4 MB/s   4m11s[K[?25h[?2026l[?2026h[?25l[A[1Gpulling manifest [K
pulling 2bada8a74506:  55% ▕█████████         ▏ 2.6 GB/4.7 GB  8.2 MB/s   4m19s[K[?25h[?2026l[?2026h[?25l[A[1Gpulling manifest [K
pulling 2bada8a74506:  55% ▕█████████         ▏ 2.6 GB/4.7 GB  8.2 MB/s   4m19s[K[?25h[?2026l[?2026h[?25l[A[1Gpulling manifest [K
pulling 2bada8a74506:  55% ▕█████████         ▏ 2.6 GB/4.7 GB  8.2 MB/s   4m18s[K[?25h[?2026l[?2026h[?25l[A[1Gpulling manifest [K
pulling 2bada8a74506:  55% ▕█████████         ▏ 2.6 GB/4.7 GB  8.2 MB/s   4m18s[K[?25h[?2026l[?2026h[?25l[A[1Gpulling manifest [K
pulling 2bada8a74506:  55% ▕█████████         ▏ 2.6 GB/4.7 GB  8.2 MB/s   4m18s[K[?25h[?2026l[?2026h[?25l[A[1Gpulling manifest [K
pulling 2bada8a74506:  55% ▕█████████         ▏ 2.6 GB/4.7 GB  8.2 MB/s   4m18s[K[?25h[?2026l[?2026h[?25l[A[1Gpulling manifest [K
pulling 2bada8a74506:  55% ▕█████████         ▏ 2.6 GB/4.7 GB  8.2 MB/s   4m18s[K[?25h[?2026l[?2026h[?25l[A[1Gpulling manifest [K
pulling 2bada8a74506:  55% ▕█████████         ▏ 2.6 GB/4.7 GB  8.2 MB/s   4m18s[K[?25h[?2026l[?2026h[?25l[A[1Gpulling manifest [K
pulling 2bada8a74506:  55% ▕█████████         ▏ 2.6 GB/4.7 GB  8.2 MB/s   4m18s[K[?25h[?2026l[?2026h[?25l[A[1Gpulling manifest [K
pulling 2bada8a74506:  55% ▕█████████         ▏ 2.6 GB/4.7 GB  8.2 MB/s   4m18s[K[?25h[?2026l[?2026h[?25l[A[1Gpulling manifest [K
pulling 2bada8a74506:  55% ▕█████████         ▏ 2.6 GB/4.7 GB  8.2 MB/s   4m18s[K[?25h[?2026l[?2026h[?25l[A[1Gpulling manifest [K
pulling 2bada8a74506:  55% ▕█████████         ▏ 2.6 GB/4.7 GB  8.1 MB/s   4m20s[K[?25h[?2026l[?2026h[?25l[A[1Gpulling manifest [K
pulling 2bada8a74506:  55% ▕█████████         ▏ 2.6 GB/4.7 GB  8.1 MB/s   4m19s[K[?25h[?2026l[?2026h[?25l[A[1Gpulling manifest [K
pulling 2bada8a74506:  55% ▕█████████         ▏ 2.6 GB/4.7 GB  8.1 MB/s   4m19s[K[?25h[?2026l[?2026h[?25l[A[1Gpulling manifest [K
pulling 2bada8a74506:  55% ▕█████████         ▏ 2.6 GB/4.7 GB  8.1 MB/s   4m19s[K[?25h[?2026l[?2026h[?25l[A[1Gpulling manifest [K
pulling 2bada8a74506:  55% ▕█████████         ▏ 2.6 GB/4.7 GB  8.1 MB/s   4m19s[K[?25h[?2026l[?2026h[?25l[A[1Gpulling manifest [K
pulling 2bada8a74506:  55% ▕█████████         ▏ 2.6 GB/4.7 GB  8.1 MB/s   4m19s[K[?25h[?2026l[?2026h[?25l[A[1Gpulling manifest [K
pulling 2bada8a74506:  55% ▕█████████         ▏ 2.6 GB/4.7 GB  8.1 MB/s   4m19s[K[?25h[?2026l[?2026h[?25l[A[1Gpulling manifest [K
pulling 2bada8a74506:  55% ▕█████████         ▏ 2.6 GB/4.7 GB  8.1 MB/s   4m19s[K[?25h[?2026l[?2026h[?25l[A[1Gpulling manifest [K
pulling 2bada8a74506:  55% ▕█████████         ▏ 2.6 GB/4.7 GB  8.1 MB/s   4m19s[K[?25h[?2026l[?2026h[?25l[A[1Gpulling manifest [K
pulling 2bada8a74506:  55% ▕█████████         ▏ 2.6 GB/4.7 GB  8.1 MB/s   4m19s[K[?25h[?2026l[?2026h[?25l[A[1Gpulling manifest [K
pulling 2bada8a74506:  55% ▕█████████         ▏ 2.6 GB/4.7 GB  8.1 MB/s   4m18s[K[?25h[?2026l[?2026h[?25l[A[1Gpulling manifest [K
pulling 2bada8a74506:  55% ▕█████████         ▏ 2.6 GB/4.7 GB  8.1 MB/s   4m18s[K[?25h[?2026l[?2026h[?25l[A[1Gpulling manifest [K
pulling 2bada8a74506:  55% ▕█████████         ▏ 2.6 GB/4.7 GB  8.1 MB/s   4m18s[K[?25h[?2026l[?2026h[?25l[A[1Gpulling manifest [K
pulling 2bada8a74506:  55% ▕█████████         ▏ 2.6 GB/4.7 GB  8.1 MB/s   4m18s[K[?25h[?2026l[?2026h[?25l[A[1Gpulling manifest [K
pulling 2bada8a74506:  55% ▕█████████         ▏ 2.6 GB/4.7 GB  8.1 MB/s   4m18s[K[?25h[?2026l[?2026h[?25l[A[1Gpulling manifest [K
pulling 2bada8a74506:  55% ▕█████████         ▏ 2.6 GB/4.7 GB  8.1 MB/s   4m18s[K[?25h[?2026l[?2026h[?25l[A[1Gpulling manifest [K
pulling 2bada8a74506:  55% ▕█████████         ▏ 2.6 GB/4.7 GB  8.1 MB/s   4m18s[K[?25h[?2026l[?2026h[?25l[A[1Gpulling manifest [K
pulling 2bada8a74506:  55% ▕█████████         ▏ 2.6 GB/4.7 GB  8.1 MB/s   4m18s[K[?25h[?2026l[?2026h[?25l[A[1Gpulling manifest [K
pulling 2bada8a74506:  55% ▕█████████         ▏ 2.6 GB/4.7 GB  8.1 MB/s   4m17s[K[?25h[?2026l[?2026h[?25l[A[1Gpulling manifest [K
pulling 2bada8a74506:  55% ▕█████████         ▏ 2.6 GB/4.7 GB  8.1 MB/s   4m17s[K[?25h[?2026l[?2026h[?25l[A[1Gpulling manifest [K
pulling 2bada8a74506:  55% ▕█████████         ▏ 2.6 GB/4.7 GB  8.0 MB/s   4m21s[K[?25h[?2026l[?2026h[?25l[A[1Gpulling manifest [K
pulling 2bada8a74506:  55% ▕█████████         ▏ 2.6 GB/4.7 GB  8.0 MB/s   4m21s[K[?25h[?2026l[?2026h[?25l[A[1Gpulling manifest [K
pulling 2bada8a74506:  55% ▕█████████         ▏ 2.6 GB/4.7 GB  8.0 MB/s   4m21s[K[?25h[?2026l[?2026h[?25l[A[1Gpulling manifest [K
pulling 2bada8a74506:  55% ▕█████████         ▏ 2.6 GB/4.7 GB  8.0 MB/s   4m21s[K[?25h[?2026l[?2026h[?25l[A[1Gpulling manifest [K
pulling 2bada8a74506:  55% ▕█████████         ▏ 2.6 GB/4.7 GB  8.0 MB/s   4m20s[K[?25h[?2026l[?2026h[?25l[A[1Gpulling manifest [K
pulling 2bada8a74506:  55% ▕█████████         ▏ 2.6 GB/4.7 GB  8.0 MB/s   4m20s[K[?25h[?2026l[?2026h[?25l[A[1Gpulling manifest [K
pulling 2bada8a74506:  55% ▕█████████         ▏ 2.6 GB/4.7 GB  8.0 MB/s   4m20s[K[?25h[?2026l[?2026h[?25l[A[1Gpulling manifest [K
pulling 2bada8a74506:  55% ▕█████████         ▏ 2.6 GB/4.7 GB  8.0 MB/s   4m20s[K[?25h[?2026l[?2026h[?25l[A[1Gpulling manifest [K
pulling 2bada8a74506:  55% ▕█████████         ▏ 2.6 GB/4.7 GB  8.0 MB/s   4m20s[K[?25h[?2026l[?2026h[?25l[A[1Gpulling manifest [K
pulling 2bada8a74506:  55% ▕█████████         ▏ 2.6 GB/4.7 GB  8.0 MB/s   4m20s[K[?25h[?2026l[?2026h[?25l[A[1Gpulling manifest [K
pulling 2bada8a74506:  55% ▕█████████         ▏ 2.6 GB/4.7 GB  7.9 MB/s   4m26s[K[?25h[?2026l[?2026h[?25l[A[1Gpulling manifest [K
pulling 2bada8a74506:  55% ▕█████████         ▏ 2.6 GB/4.7 GB  7.9 MB/s   4m26s[K[?25h[?2026l[?2026h[?25l[A[1Gpulling manifest [K
pulling 2bada8a74506:  55% ▕█████████         ▏ 2.6 GB/4.7 GB  7.9 MB/s   4m26s[K[?25h[?2026l[?2026h[?25l[A[1Gpulling manifest [K
pulling 2bada8a74506:  55% ▕█████████         ▏ 2.6 GB/4.7 GB  7.9 MB/s   4m25s[K[?25h[?2026l[?2026h[?25l[A[1Gpulling manifest [K
pulling 2bada8a74506:  55% ▕█████████         ▏ 2.6 GB/4.7 GB  7.9 MB/s   4m25s[K[?25h[?2026l[?2026h[?25l[A[1Gpulling manifest [K
pulling 2bada8a74506:  55% ▕█████████         ▏ 2.6 GB/4.7 GB  7.9 MB/s   4m25s[K[?25h[?2026l[?2026h[?25l[A[1Gpulling manifest [K
pulling 2bada8a74506:  55% ▕█████████         ▏ 2.6 GB/4.7 GB  7.9 MB/s   4m25s[K[?25h[?2026l[?2026h[?25l[A[1Gpulling manifest [K
pulling 2bada8a74506:  55% ▕█████████         ▏ 2.6 GB/4.7 GB  7.9 MB/s   4m25s[K[?25h[?2026l[?2026h[?25l[A[1Gpulling manifest [K
pulling 2bada8a74506:  55% ▕█████████         ▏ 2.6 GB/4.7 GB  7.9 MB/s   4m25s[K[?25h[?2026l[?2026h[?25l[A[1Gpulling manifest [K
pulling 2bada8a74506:  55% ▕█████████         ▏ 2.6 GB/4.7 GB  7.9 MB/s   4m25s[K[?25h[?2026l[?2026h[?25l[A[1Gpulling manifest [K
pulling 2bada8a74506:  55% ▕█████████         ▏ 2.6 GB/4.7 GB  7.8 MB/s   4m26s[K[?25h[?2026l[?2026h[?25l[A[1Gpulling manifest [K
pulling 2bada8a74506:  55% ▕█████████         ▏ 2.6 GB/4.7 GB  7.8 MB/s   4m26s[K[?25h[?2026l[?2026h[?25l[A[1Gpulling manifest [K
pulling 2bada8a74506:  55% ▕█████████         ▏ 2.6 GB/4.7 GB  7.8 MB/s   4m25s[K[?25h[?2026l[?2026h[?25l[A[1Gpulling manifest [K
pulling 2bada8a74506:  56% ▕█████████         ▏ 2.6 GB/4.7 GB  7.8 MB/s   4m25s[K[?25h[?2026l[?2026h[?25l[A[1Gpulling manifest [K
pulling 2bada8a74506:  56% ▕█████████         ▏ 2.6 GB/4.7 GB  7.8 MB/s   4m25s[K[?25h[?2026l[?2026h[?25l[A[1Gpulling manifest [K
pulling 2bada8a74506:  56% ▕█████████         ▏ 2.6 GB/4.7 GB  7.8 MB/s   4m25s[K[?25h[?2026l[?2026h[?25l[A[1Gpulling manifest [K
pulling 2bada8a74506:  56% ▕██████████        ▏ 2.6 GB/4.7 GB  7.8 MB/s   4m25s[K[?25h[?2026l[?2026h[?25l[A[1Gpulling manifest [K
pulling 2bada8a74506:  56% ▕██████████        ▏ 2.6 GB/4.7 GB  7.8 MB/s   4m25s[K[?25h[?2026l[?2026h[?25l[A[1Gpulling manifest [K
pulling 2bada8a74506:  56% ▕██████████        ▏ 2.6 GB/4.7 GB  7.8 MB/s   4m25s[K[?25h[?2026l[?2026h[?25l[A[1Gpulling manifest [K
pulling 2bada8a74506:  56% ▕██████████        ▏ 2.6 GB/4.7 GB  7.8 MB/s   4m25s[K[?25h[?2026l[?2026h[?25l[A[1Gpulling manifest [K
pulling 2bada8a74506:  56% ▕██████████        ▏ 2.6 GB/4.7 GB  7.8 MB/s   4m25s[K[?25h[?2026l[?2026h[?25l[A[1Gpulling manifest [K
pulling 2bada8a74506:  56% ▕██████████        ▏ 2.6 GB/4.7 GB  7.9 MB/s   4m23s[K[?25h[?2026l[?2026h[?25l[A[1Gpulling manifest [K
pulling 2bada8a74506:  56% ▕██████████        ▏ 2.6 GB/4.7 GB  7.9 MB/s   4m23s[K[?25h[?2026l[?2026h[?25l[A[1Gpulling manifest [K
pulling 2bada8a74506:  56% ▕██████████        ▏ 2.6 GB/4.7 GB  7.9 MB/s   4m23s[K[?25h[?2026l[?2026h[?25l[A[1Gpulling manifest [K
pulling 2bada8a74506:  56% ▕██████████        ▏ 2.6 GB/4.7 GB  7.9 MB/s   4m23s[K[?25h[?2026l[?2026h[?25l[A[1Gpulling manifest [K
pulling 2bada8a74506:  56% ▕██████████        ▏ 2.6 GB/4.7 GB  7.9 MB/s   4m23s[K[?25h[?2026l[?2026h[?25l[A[1Gpulling manifest [K
pulling 2bada8a74506:  56% ▕██████████        ▏ 2.6 GB/4.7 GB  7.9 MB/s   4m23s[K[?25h[?2026l[?2026h[?25l[A[1Gpulling manifest [K
pulling 2bada8a74506:  56% ▕██████████        ▏ 2.6 GB/4.7 GB  7.9 MB/s   4m22s[K[?25h[?2026l[?2026h[?25l[A[1Gpulling manifest [K
pulling 2bada8a74506:  56% ▕██████████        ▏ 2.6 GB/4.7 GB  7.9 MB/s   4m22s[K[?25h[?2026l[?2026h[?25l[A[1Gpulling manifest [K
pulling 2bada8a74506:  56% ▕██████████        ▏ 2.6 GB/4.7 GB  7.9 MB/s   4m22s[K[?25h[?2026l[?2026h[?25l[A[1Gpulling manifest [K
pulling 2bada8a74506:  56% ▕██████████        ▏ 2.6 GB/4.7 GB  7.9 MB/s   4m22s[K[?25h[?2026l[?2026h[?25l[A[1Gpulling manifest [K
pulling 2bada8a74506:  56% ▕██████████        ▏ 2.6 GB/4.7 GB  7.9 MB/s   4m21s[K[?25h[?2026l[?2026h[?25l[A[1Gpulling manifest [K
pulling 2bada8a74506:  56% ▕██████████        ▏ 2.6 GB/4.7 GB  7.9 MB/s   4m21s[K[?25h[?2026l[?2026h[?25l[A[1Gpulling manifest [K
pulling 2bada8a74506:  56% ▕██████████        ▏ 2.6 GB/4.7 GB  7.9 MB/s   4m20s[K[?25h[?2026l[?2026h[?25l[A[1Gpulling manifest [K
pulling 2bada8a74506:  56% ▕██████████        ▏ 2.6 GB/4.7 GB  7.9 MB/s   4m20s[K[?25h[?2026l[?2026h[?25l[A[1Gpulling manifest [K
pulling 2bada8a74506:  56% ▕██████████        ▏ 2.6 GB/4.7 GB  7.9 MB/s   4m20s[K[?25h[?2026l[?2026h[?25l[A[1Gpulling manifest [K
pulling 2bada8a74506:  56% ▕██████████        ▏ 2.6 GB/4.7 GB  7.9 MB/s   4m20s[K[?25h[?2026l[?2026h[?25l[A[1Gpulling manifest [K
pulling 2bada8a74506:  56% ▕██████████        ▏ 2.6 GB/4.7 GB  7.9 MB/s   4m20s[K[?25h[?2026l[?2026h[?25l[A[1Gpulling manifest [K
pulling 2bada8a74506:  56% ▕██████████        ▏ 2.6 GB/4.7 GB  7.9 MB/s   4m20s[K[?25h[?2026l[?2026h[?25l[A[1Gpulling manifest [K
pulling 2bada8a74506:  56% ▕██████████        ▏ 2.6 GB/4.7 GB  7.9 MB/s   4m20s[K[?25h[?2026l[?2026h[?25l[A[1Gpulling manifest [K
pulling 2bada8a74506:  56% ▕██████████        ▏ 2.6 GB/4.7 GB  7.9 MB/s   4m20s[K[?25h[?2026l[?2026h[?25l[A[1Gpulling manifest [K
pulling 2bada8a74506:  56% ▕██████████        ▏ 2.6 GB/4.7 GB  7.9 MB/s   4m20s[K[?25h[?2026l[?2026h[?25l[A[1Gpulling manifest [K
pulling 2bada8a74506:  56% ▕██████████        ▏ 2.6 GB/4.7 GB  7.9 MB/s   4m20s[K[?25h[?2026l[?2026h[?25l[A[1Gpulling manifest [K
pulling 2bada8a74506:  56% ▕██████████        ▏ 2.6 GB/4.7 GB  7.9 MB/s   4m20s[K[?25h[?2026l[?2026h[?25l[A[1Gpulling manifest [K
pulling 2bada8a74506:  56% ▕██████████        ▏ 2.6 GB/4.7 GB  7.9 MB/s   4m20s[K[?25h[?2026l[?2026h[?25l[A[1Gpulling manifest [K
pulling 2bada8a74506:  56% ▕██████████        ▏ 2.6 GB/4.7 GB  7.9 MB/s   4m20s[K[?25h[?2026l[?2026h[?25l[A[1Gpulling manifest [K
pulling 2bada8a74506:  56% ▕██████████        ▏ 2.6 GB/4.7 GB  7.9 MB/s   4m20s[K[?25h[?2026l[?2026h[?25l[A[1Gpulling manifest [K
pulling 2bada8a74506:  56% ▕██████████        ▏ 2.6 GB/4.7 GB  7.9 MB/s   4m20s[K[?25h[?2026l[?2026h[?25l[A[1Gpulling manifest [K
pulling 2bada8a74506:  56% ▕██████████        ▏ 2.6 GB/4.7 GB  7.9 MB/s   4m19s[K[?25h[?2026l[?2026h[?25l[A[1Gpulling manifest [K
pulling 2bada8a74506:  56% ▕██████████        ▏ 2.6 GB/4.7 GB  7.9 MB/s   4m19s[K[?25h[?2026l[?2026h[?25l[A[1Gpulling manifest [K
pulling 2bada8a74506:  56% ▕██████████        ▏ 2.6 GB/4.7 GB  7.9 MB/s   4m19s[K[?25h[?2026l[?2026h[?25l[A[1Gpulling manifest [K
pulling 2bada8a74506:  56% ▕██████████        ▏ 2.6 GB/4.7 GB  7.9 MB/s   4m19s[K[?25h[?2026l[?2026h[?25l[A[1Gpulling manifest [K
pulling 2bada8a74506:  56% ▕██████████        ▏ 2.6 GB/4.7 GB  7.9 MB/s   4m19s[K[?25h[?2026l[?2026h[?25l[A[1Gpulling manifest [K
pulling 2bada8a74506:  56% ▕██████████        ▏ 2.6 GB/4.7 GB  7.9 MB/s   4m19s[K[?25h[?2026l[?2026h[?25l[A[1Gpulling manifest [K
pulling 2bada8a74506:  56% ▕██████████        ▏ 2.6 GB/4.7 GB  7.9 MB/s   4m19s[K[?25h[?2026l[?2026h[?25l[A[1Gpulling manifest [K
pulling 2bada8a74506:  56% ▕██████████        ▏ 2.6 GB/4.7 GB  7.9 MB/s   4m19s[K[?25h[?2026l[?2026h[?25l[A[1Gpulling manifest [K
pulling 2bada8a74506:  56% ▕██████████        ▏ 2.6 GB/4.7 GB  7.9 MB/s   4m19s[K[?25h[?2026l[?2026h[?25l[A[1Gpulling manifest [K
pulling 2bada8a74506:  56% ▕██████████        ▏ 2.6 GB/4.7 GB  7.9 MB/s   4m18s[K[?25h[?2026l[?2026h[?25l[A[1Gpulling manifest [K
pulling 2bada8a74506:  56% ▕██████████        ▏ 2.6 GB/4.7 GB  7.9 MB/s   4m18s[K[?25h[?2026l[?2026h[?25l[A[1Gpulling manifest [K
pulling 2bada8a74506:  56% ▕██████████        ▏ 2.6 GB/4.7 GB  7.9 MB/s   4m18s[K[?25h[?2026l[?2026h[?25l[A[1Gpulling manifest [K
pulling 2bada8a74506:  56% ▕██████████        ▏ 2.6 GB/4.7 GB  7.9 MB/s   4m18s[K[?25h[?2026l[?2026h[?25l[A[1Gpulling manifest [K
pulling 2bada8a74506:  56% ▕██████████        ▏ 2.6 GB/4.7 GB  8.0 MB/s   4m15s[K[?25h[?2026l[?2026h[?25l[A[1Gpulling manifest [K
pulling 2bada8a74506:  56% ▕██████████        ▏ 2.6 GB/4.7 GB  8.0 MB/s   4m15s[K[?25h[?2026l[?2026h[?25l[A[1Gpulling manifest [K
pulling 2bada8a74506:  56% ▕██████████        ▏ 2.6 GB/4.7 GB  8.0 MB/s   4m15s[K[?25h[?2026l[?2026h[?25l[A[1Gpulling manifest [K
pulling 2bada8a74506:  56% ▕██████████        ▏ 2.6 GB/4.7 GB  8.0 MB/s   4m15s[K[?25h[?2026l[?2026h[?25l[A[1Gpulling manifest [K
pulling 2bada8a74506:  56% ▕██████████        ▏ 2.6 GB/4.7 GB  8.0 MB/s   4m15s[K[?25h[?2026l[?2026h[?25l[A[1Gpulling manifest [K
pulling 2bada8a74506:  56% ▕██████████        ▏ 2.6 GB/4.7 GB  8.0 MB/s   4m15s[K[?25h[?2026l[?2026h[?25l[A[1Gpulling manifest [K
pulling 2bada8a74506:  56% ▕██████████        ▏ 2.6 GB/4.7 GB  8.0 MB/s   4m15s[K[?25h[?2026l[?2026h[?25l[A[1Gpulling manifest [K
pulling 2bada8a74506:  56% ▕██████████        ▏ 2.6 GB/4.7 GB  8.0 MB/s   4m15s[K[?25h[?2026l[?2026h[?25l[A[1Gpulling manifest [K
pulling 2bada8a74506:  57% ▕██████████        ▏ 2.6 GB/4.7 GB  8.0 MB/s   4m15s[K[?25h[?2026l[?2026h[?25l[A[1Gpulling manifest [K
pulling 2bada8a74506:  57% ▕██████████        ▏ 2.6 GB/4.7 GB  8.0 MB/s   4m14s[K[?25h[?2026l[?2026h[?25l[A[1Gpulling manifest [K
pulling 2bada8a74506:  57% ▕██████████        ▏ 2.6 GB/4.7 GB  8.0 MB/s   4m14s[K[?25h[?2026l[?2026h[?25l[A[1Gpulling manifest [K
pulling 2bada8a74506:  57% ▕██████████        ▏ 2.6 GB/4.7 GB  8.1 MB/s   4m10s[K[?25h[?2026l[?2026h[?25l[A[1Gpulling manifest [K
pulling 2bada8a74506:  57% ▕██████████        ▏ 2.7 GB/4.7 GB  8.1 MB/s    4m9s[K[?25h[?2026l[?2026h[?25l[A[1Gpulling manifest [K
pulling 2bada8a74506:  57% ▕██████████        ▏ 2.7 GB/4.7 GB  8.1 MB/s    4m9s[K[?25h[?2026l[?2026h[?25l[A[1Gpulling manifest [K
pulling 2bada8a74506:  57% ▕██████████        ▏ 2.7 GB/4.7 GB  8.1 MB/s    4m9s[K[?25h[?2026l[?2026h[?25l[A[1Gpulling manifest [K
pulling 2bada8a74506:  57% ▕██████████        ▏ 2.7 GB/4.7 GB  8.1 MB/s    4m9s[K[?25h[?2026l[?2026h[?25l[A[1Gpulling manifest [K
pulling 2bada8a74506:  57% ▕██████████        ▏ 2.7 GB/4.7 GB  8.1 MB/s    4m9s[K[?25h[?2026l[?2026h[?25l[A[1Gpulling manifest [K
pulling 2bada8a74506:  57% ▕██████████        ▏ 2.7 GB/4.7 GB  8.1 MB/s    4m9s[K[?25h[?2026l[?2026h[?25l[A[1Gpulling manifest [K
pulling 2bada8a74506:  57% ▕██████████        ▏ 2.7 GB/4.7 GB  8.1 MB/s    4m9s[K[?25h[?2026l[?2026h[?25l[A[1Gpulling manifest [K
pulling 2bada8a74506:  57% ▕██████████        ▏ 2.7 GB/4.7 GB  8.1 MB/s    4m9s[K[?25h[?2026l[?2026h[?25l[A[1Gpulling manifest [K
pulling 2bada8a74506:  57% ▕██████████        ▏ 2.7 GB/4.7 GB  8.1 MB/s    4m9s[K[?25h[?2026l[?2026h[?25l[A[1Gpulling manifest [K
pulling 2bada8a74506:  57% ▕██████████        ▏ 2.7 GB/4.7 GB  8.3 MB/s    4m3s[K[?25h[?2026l[?2026h[?25l[A[1Gpulling manifest [K
pulling 2bada8a74506:  57% ▕██████████        ▏ 2.7 GB/4.7 GB  8.3 MB/s    4m3s[K[?25h[?2026l[?2026h[?25l[A[1Gpulling manifest [K
pulling 2bada8a74506:  57% ▕██████████        ▏ 2.7 GB/4.7 GB  8.3 MB/s    4m3s[K[?25h[?2026l[?2026h[?25l[A[1Gpulling manifest [K
pulling 2bada8a74506:  57% ▕██████████        ▏ 2.7 GB/4.7 GB  8.3 MB/s    4m3s[K[?25h[?2026l[?2026h[?25l[A[1Gpulling manifest [K
pulling 2bada8a74506:  57% ▕██████████        ▏ 2.7 GB/4.7 GB  8.3 MB/s    4m3s[K[?25h[?2026l[?2026h[?25l[A[1Gpulling manifest [K
pulling 2bada8a74506:  57% ▕██████████        ▏ 2.7 GB/4.7 GB  8.3 MB/s    4m2s[K[?25h[?2026l[?2026h[?25l[A[1Gpulling manifest [K
pulling 2bada8a74506:  57% ▕██████████        ▏ 2.7 GB/4.7 GB  8.3 MB/s    4m2s[K[?25h[?2026l[?2026h[?25l[A[1Gpulling manifest [K
pulling 2bada8a74506:  57% ▕██████████        ▏ 2.7 GB/4.7 GB  8.3 MB/s    4m2s[K[?25h[?2026l[?2026h[?25l[A[1Gpulling manifest [K
pulling 2bada8a74506:  57% ▕██████████        ▏ 2.7 GB/4.7 GB  8.3 MB/s    4m2s[K[?25h[?2026l[?2026h[?25l[A[1Gpulling manifest [K
pulling 2bada8a74506:  57% ▕██████████        ▏ 2.7 GB/4.7 GB  8.3 MB/s    4m2s[K[?25h[?2026l[?2026h[?25l[A[1Gpulling manifest [K
pulling 2bada8a74506:  57% ▕██████████        ▏ 2.7 GB/4.7 GB  8.6 MB/s   3m55s[K[?25h[?2026l[?2026h[?25l[A[1Gpulling manifest [K
pulling 2bada8a74506:  57% ▕██████████        ▏ 2.7 GB/4.7 GB  8.6 MB/s   3m55s[K[?25h[?2026l[?2026h[?25l[A[1Gpulling manifest [K
pulling 2bada8a74506:  57% ▕██████████        ▏ 2.7 GB/4.7 GB  8.6 MB/s   3m55s[K[?25h[?2026l[?2026h[?25l[A[1Gpulling manifest [K
pulling 2bada8a74506:  57% ▕██████████        ▏ 2.7 GB/4.7 GB  8.6 MB/s   3m54s[K[?25h[?2026l[?2026h[?25l[A[1Gpulling manifest [K
pulling 2bada8a74506:  57% ▕██████████        ▏ 2.7 GB/4.7 GB  8.6 MB/s   3m54s[K[?25h[?2026l[?2026h[?25l[A[1Gpulling manifest [K
pulling 2bada8a74506:  57% ▕██████████        ▏ 2.7 GB/4.7 GB  8.6 MB/s   3m54s[K[?25h[?2026l[?2026h[?25l[A[1Gpulling manifest [K
pulling 2bada8a74506:  57% ▕██████████        ▏ 2.7 GB/4.7 GB  8.6 MB/s   3m54s[K[?25h[?2026l[?2026h[?25l[A[1Gpulling manifest [K
pulling 2bada8a74506:  57% ▕██████████        ▏ 2.7 GB/4.7 GB  8.6 MB/s   3m54s[K[?25h[?2026l[?2026h[?25l[A[1Gpulling manifest [K
pulling 2bada8a74506:  57% ▕██████████        ▏ 2.7 GB/4.7 GB  8.6 MB/s   3m54s[K[?25h[?2026l[?2026h[?25l[A[1Gpulling manifest [K
pulling 2bada8a74506:  57% ▕██████████        ▏ 2.7 GB/4.7 GB  8.6 MB/s   3m54s[K[?25h[?2026l[?2026h[?25l[A[1Gpulling manifest [K
pulling 2bada8a74506:  57% ▕██████████        ▏ 2.7 GB/4.7 GB  9.0 MB/s   3m44s[K[?25h[?2026l[?2026h[?25l[A[1Gpulling manifest [K
pulling 2bada8a74506:  57% ▕██████████        ▏ 2.7 GB/4.7 GB  9.0 MB/s   3m43s[K[?25h[?2026l[?2026h[?25l[A[1Gpulling manifest [K
pulling 2bada8a74506:  57% ▕██████████        ▏ 2.7 GB/4.7 GB  9.0 MB/s   3m43s[K[?25h[?2026l[?2026h[?25l[A[1Gpulling manifest [K
pulling 2bada8a74506:  57% ▕██████████        ▏ 2.7 GB/4.7 GB  9.0 MB/s   3m43s[K[?25h[?2026l[?2026h[?25l[A[1Gpulling manifest [K
pulling 2bada8a74506:  57% ▕██████████        ▏ 2.7 GB/4.7 GB  9.0 MB/s   3m43s[K[?25h[?2026l[?2026h[?25l[A[1Gpulling manifest [K
pulling 2bada8a74506:  57% ▕██████████        ▏ 2.7 GB/4.7 GB  9.0 MB/s   3m43s[K[?25h[?2026l[?2026h[?25l[A[1Gpulling manifest [K
pulling 2bada8a74506:  57% ▕██████████        ▏ 2.7 GB/4.7 GB  9.0 MB/s   3m43s[K[?25h[?2026l[?2026h[?25l[A[1Gpulling manifest [K
pulling 2bada8a74506:  57% ▕██████████        ▏ 2.7 GB/4.7 GB  9.0 MB/s   3m43s[K[?25h[?2026l[?2026h[?25l[A[1Gpulling manifest [K
pulling 2bada8a74506:  57% ▕██████████        ▏ 2.7 GB/4.7 GB  9.0 MB/s   3m43s[K[?25h[?2026l[?2026h[?25l[A[1Gpulling manifest [K
pulling 2bada8a74506:  57% ▕██████████        ▏ 2.7 GB/4.7 GB  9.0 MB/s   3m43s[K[?25h[?2026l[?2026h[?25l[A[1Gpulling manifest [K
pulling 2bada8a74506:  57% ▕██████████        ▏ 2.7 GB/4.7 GB  9.1 MB/s   3m39s[K[?25h[?2026l[?2026h[?25l[A[1Gpulling manifest [K
pulling 2bada8a74506:  57% ▕██████████        ▏ 2.7 GB/4.7 GB  9.1 MB/s   3m38s[K[?25h[?2026l[?2026h[?25l[A[1Gpulling manifest [K
pulling 2bada8a74506:  57% ▕██████████        ▏ 2.7 GB/4.7 GB  9.1 MB/s   3m38s[K[?25h[?2026l[?2026h[?25l[A[1Gpulling manifest [K
pulling 2bada8a74506:  57% ▕██████████        ▏ 2.7 GB/4.7 GB  9.1 MB/s   3m38s[K[?25h[?2026l[?2026h[?25l[A[1Gpulling manifest [K
pulling 2bada8a74506:  57% ▕██████████        ▏ 2.7 GB/4.7 GB  9.1 MB/s   3m38s[K[?25h[?2026l[?2026h[?25l[A[1Gpulling manifest [K
pulling 2bada8a74506:  57% ▕██████████        ▏ 2.7 GB/4.7 GB  9.1 MB/s   3m38s[K[?25h[?2026l[?2026h[?25l[A[1Gpulling manifest [K
pulling 2bada8a74506:  58% ▕██████████        ▏ 2.7 GB/4.7 GB  9.1 MB/s   3m38s[K[?25h[?2026l[?2026h[?25l[A[1Gpulling manifest [K
pulling 2bada8a74506:  58% ▕██████████        ▏ 2.7 GB/4.7 GB  9.1 MB/s   3m38s[K[?25h[?2026l[?2026h[?25l[A[1Gpulling manifest [K
pulling 2bada8a74506:  58% ▕██████████        ▏ 2.7 GB/4.7 GB  9.1 MB/s   3m38s[K[?25h[?2026l[?2026h[?25l[A[1Gpulling manifest [K
pulling 2bada8a74506:  58% ▕██████████        ▏ 2.7 GB/4.7 GB  9.1 MB/s   3m38s[K[?25h[?2026l[?2026h[?25l[A[1Gpulling manifest [K
pulling 2bada8a74506:  58% ▕██████████        ▏ 2.7 GB/4.7 GB  9.1 MB/s   3m38s[K[?25h[?2026l[?2026h[?25l[A[1Gpulling manifest [K
pulling 2bada8a74506:  58% ▕██████████        ▏ 2.7 GB/4.7 GB  9.3 MB/s   3m34s[K[?25h[?2026l[?2026h[?25l[A[1Gpulling manifest [K
pulling 2bada8a74506:  58% ▕██████████        ▏ 2.7 GB/4.7 GB  9.3 MB/s   3m34s[K[?25h[?2026l[?2026h[?25l[A[1Gpulling manifest [K
pulling 2bada8a74506:  58% ▕██████████        ▏ 2.7 GB/4.7 GB  9.3 MB/s   3m34s[K[?25h[?2026l[?2026h[?25l[A[1Gpulling manifest [K
pulling 2bada8a74506:  58% ▕██████████        ▏ 2.7 GB/4.7 GB  9.3 MB/s   3m33s[K[?25h[?2026l[?2026h[?25l[A[1Gpulling manifest [K
pulling 2bada8a74506:  58% ▕██████████        ▏ 2.7 GB/4.7 GB  9.3 MB/s   3m33s[K[?25h[?2026l[?2026h[?25l[A[1Gpulling manifest [K
pulling 2bada8a74506:  58% ▕██████████        ▏ 2.7 GB/4.7 GB  9.3 MB/s   3m33s[K[?25h[?2026l[?2026h[?25l[A[1Gpulling manifest [K
pulling 2bada8a74506:  58% ▕██████████        ▏ 2.7 GB/4.7 GB  9.3 MB/s   3m33s[K[?25h[?2026l[?2026h[?25l[A[1Gpulling manifest [K
pulling 2bada8a74506:  58% ▕██████████        ▏ 2.7 GB/4.7 GB  9.3 MB/s   3m33s[K[?25h[?2026l[?2026h[?25l[A[1Gpulling manifest [K
pulling 2bada8a74506:  58% ▕██████████        ▏ 2.7 GB/4.7 GB  9.3 MB/s   3m33s[K[?25h[?2026l[?2026h[?25l[A[1Gpulling manifest [K
pulling 2bada8a74506:  58% ▕██████████        ▏ 2.7 GB/4.7 GB  9.3 MB/s   3m33s[K[?25h[?2026l[?2026h[?25l[A[1Gpulling manifest [K
pulling 2bada8a74506:  58% ▕██████████        ▏ 2.7 GB/4.7 GB  9.4 MB/s   3m30s[K[?25h[?2026l[?2026h[?25l[A[1Gpulling manifest [K
pulling 2bada8a74506:  58% ▕██████████        ▏ 2.7 GB/4.7 GB  9.4 MB/s   3m30s[K[?25h[?2026l[?2026h[?25l[A[1Gpulling manifest [K
pulling 2bada8a74506:  58% ▕██████████        ▏ 2.7 GB/4.7 GB  9.4 MB/s   3m29s[K[?25h[?2026l[?2026h[?25l[A[1Gpulling manifest [K
pulling 2bada8a74506:  58% ▕██████████        ▏ 2.7 GB/4.7 GB  9.4 MB/s   3m29s[K[?25h[?2026l[?2026h[?25l[A[1Gpulling manifest [K
pulling 2bada8a74506:  58% ▕██████████        ▏ 2.7 GB/4.7 GB  9.4 MB/s   3m29s[K[?25h[?2026l[?2026h[?25l[A[1Gpulling manifest [K
pulling 2bada8a74506:  58% ▕██████████        ▏ 2.7 GB/4.7 GB  9.4 MB/s   3m29s[K[?25h[?2026l[?2026h[?25l[A[1Gpulling manifest [K
pulling 2bada8a74506:  58% ▕██████████        ▏ 2.7 GB/4.7 GB  9.4 MB/s   3m29s[K[?25h[?2026l[?2026h[?25l[A[1Gpulling manifest [K
pulling 2bada8a74506:  58% ▕██████████        ▏ 2.7 GB/4.7 GB  9.4 MB/s   3m29s[K[?25h[?2026l[?2026h[?25l[A[1Gpulling manifest [K
pulling 2bada8a74506:  58% ▕██████████        ▏ 2.7 GB/4.7 GB  9.4 MB/s   3m29s[K[?25h[?2026l[?2026h[?25l[A[1Gpulling manifest [K
pulling 2bada8a74506:  58% ▕██████████        ▏ 2.7 GB/4.7 GB  9.4 MB/s   3m29s[K[?25h[?2026l[?2026h[?25l[A[1Gpulling manifest [K
pulling 2bada8a74506:  58% ▕██████████        ▏ 2.7 GB/4.7 GB  9.7 MB/s   3m21s[K[?25h[?2026l[?2026h[?25l[A[1Gpulling manifest [K
pulling 2bada8a74506:  58% ▕██████████        ▏ 2.7 GB/4.7 GB  9.7 MB/s   3m21s[K[?25h[?2026l[?2026h[?25l[A[1Gpulling manifest [K
pulling 2bada8a74506:  58% ▕██████████        ▏ 2.7 GB/4.7 GB  9.7 MB/s   3m21s[K[?25h[?2026l[?2026h[?25l[A[1Gpulling manifest [K
pulling 2bada8a74506:  58% ▕██████████        ▏ 2.7 GB/4.7 GB  9.7 MB/s   3m21s[K[?25h[?2026l[?2026h[?25l[A[1Gpulling manifest [K
pulling 2bada8a74506:  58% ▕██████████        ▏ 2.7 GB/4.7 GB  9.7 MB/s   3m21s[K[?25h[?2026l[?2026h[?25l[A[1Gpulling manifest [K
pulling 2bada8a74506:  58% ▕██████████        ▏ 2.7 GB/4.7 GB  9.7 MB/s   3m21s[K[?25h[?2026l[?2026h[?25l[A[1Gpulling manifest [K
pulling 2bada8a74506:  58% ▕██████████        ▏ 2.7 GB/4.7 GB  9.7 MB/s   3m21s[K[?25h[?2026l[?2026h[?25l[A[1Gpulling manifest [K
pulling 2bada8a74506:  58% ▕██████████        ▏ 2.7 GB/4.7 GB  9.7 MB/s   3m20s[K[?25h[?2026l[?2026h[?25l[A[1Gpulling manifest [K
pulling 2bada8a74506:  58% ▕██████████        ▏ 2.7 GB/4.7 GB  9.7 MB/s   3m20s[K[?25h[?2026l[?2026h[?25l[A[1Gpulling manifest [K
pulling 2bada8a74506:  58% ▕██████████        ▏ 2.7 GB/4.7 GB  9.7 MB/s   3m20s[K[?25h[?2026l[?2026h[?25l[A[1Gpulling manifest [K
pulling 2bada8a74506:  58% ▕██████████        ▏ 2.7 GB/4.7 GB  9.9 MB/s   3m18s[K[?25h[?2026l[?2026h[?25l[A[1Gpulling manifest [K
pulling 2bada8a74506:  58% ▕██████████        ▏ 2.7 GB/4.7 GB  9.9 MB/s   3m18s[K[?25h[?2026l[?2026h[?25l[A[1Gpulling manifest [K
pulling 2bada8a74506:  58% ▕██████████        ▏ 2.7 GB/4.7 GB  9.9 MB/s   3m18s[K[?25h[?2026l[?2026h[?25l[A[1Gpulling manifest [K
pulling 2bada8a74506:  58% ▕██████████        ▏ 2.7 GB/4.7 GB  9.9 MB/s   3m18s[K[?25h[?2026l[?2026h[?25l[A[1Gpulling manifest [K
pulling 2bada8a74506:  58% ▕██████████        ▏ 2.7 GB/4.7 GB  9.9 MB/s   3m17s[K[?25h[?2026l[?2026h[?25l[A[1Gpulling manifest [K
pulling 2bada8a74506:  58% ▕██████████        ▏ 2.7 GB/4.7 GB  9.9 MB/s   3m17s[K[?25h[?2026l[?2026h[?25l[A[1Gpulling manifest [K
pulling 2bada8a74506:  58% ▕██████████        ▏ 2.7 GB/4.7 GB  9.9 MB/s   3m17s[K[?25h[?2026l[?2026h[?25l[A[1Gpulling manifest [K
pulling 2bada8a74506:  58% ▕██████████        ▏ 2.7 GB/4.7 GB  9.9 MB/s   3m17s[K[?25h[?2026l[?2026h[?25l[A[1Gpulling manifest [K
pulling 2bada8a74506:  58% ▕██████████        ▏ 2.7 GB/4.7 GB  9.9 MB/s   3m17s[K[?25h[?2026l[?2026h[?25l[A[1Gpulling manifest [K
pulling 2bada8a74506:  58% ▕██████████        ▏ 2.7 GB/4.7 GB  9.9 MB/s   3m17s[K[?25h[?2026l[?2026h[?25l[A[1Gpulling manifest [K
pulling 2bada8a74506:  58% ▕██████████        ▏ 2.7 GB/4.7 GB  9.7 MB/s   3m20s[K[?25h[?2026l[?2026h[?25l[A[1Gpulling manifest [K
pulling 2bada8a74506:  58% ▕██████████        ▏ 2.7 GB/4.7 GB  9.7 MB/s   3m19s[K[?25h[?2026l[?2026h[?25l[A[1Gpulling manifest [K
pulling 2bada8a74506:  58% ▕██████████        ▏ 2.7 GB/4.7 GB  9.7 MB/s   3m19s[K[?25h[?2026l[?2026h[?25l[A[1Gpulling manifest [K
pulling 2bada8a74506:  58% ▕██████████        ▏ 2.7 GB/4.7 GB  9.7 MB/s   3m19s[K[?25h[?2026l[?2026h[?25l[A[1Gpulling manifest [K
pulling 2bada8a74506:  58% ▕██████████        ▏ 2.7 GB/4.7 GB  9.7 MB/s   3m19s[K[?25h[?2026l[?2026h[?25l[A[1Gpulling manifest [K
pulling 2bada8a74506:  59% ▕██████████        ▏ 2.7 GB/4.7 GB  9.7 MB/s   3m19s[K[?25h[?2026l[?2026h[?25l[A[1Gpulling manifest [K
pulling 2bada8a74506:  59% ▕██████████        ▏ 2.7 GB/4.7 GB  9.7 MB/s   3m19s[K[?25h[?2026l[?2026h[?25l[A[1Gpulling manifest [K
pulling 2bada8a74506:  59% ▕██████████        ▏ 2.7 GB/4.7 GB  9.7 MB/s   3m19s[K[?25h[?2026l[?2026h[?25l[A[1Gpulling manifest [K
pulling 2bada8a74506:  59% ▕██████████        ▏ 2.7 GB/4.7 GB  9.7 MB/s   3m19s[K[?25h[?2026l[?2026h[?25l[A[1Gpulling manifest [K
pulling 2bada8a74506:  59% ▕██████████        ▏ 2.7 GB/4.7 GB  9.7 MB/s   3m19s[K[?25h[?2026l[?2026h[?25l[A[1Gpulling manifest [K
pulling 2bada8a74506:  59% ▕██████████        ▏ 2.7 GB/4.7 GB  9.7 MB/s   3m19s[K[?25h[?2026l[?2026h[?25l[A[1Gpulling manifest [K
pulling 2bada8a74506:  59% ▕██████████        ▏ 2.7 GB/4.7 GB  9.7 MB/s   3m19s[K[?25h[?2026l[?2026h[?25l[A[1Gpulling manifest [K
pulling 2bada8a74506:  59% ▕██████████        ▏ 2.7 GB/4.7 GB  9.7 MB/s   3m19s[K[?25h[?2026l[?2026h[?25l[A[1Gpulling manifest [K
pulling 2bada8a74506:  59% ▕██████████        ▏ 2.7 GB/4.7 GB  9.7 MB/s   3m19s[K[?25h[?2026l[?2026h[?25l[A[1Gpulling manifest [K
pulling 2bada8a74506:  59% ▕██████████        ▏ 2.7 GB/4.7 GB  9.7 MB/s   3m18s[K[?25h[?2026l[?2026h[?25l[A[1Gpulling manifest [K
pulling 2bada8a74506:  59% ▕██████████        ▏ 2.7 GB/4.7 GB  9.7 MB/s   3m18s[K[?25h[?2026l[?2026h[?25l[A[1Gpulling manifest [K
pulling 2bada8a74506:  59% ▕██████████        ▏ 2.8 GB/4.7 GB  9.7 MB/s   3m18s[K[?25h[?2026l[?2026h[?25l[A[1Gpulling manifest [K
pulling 2bada8a74506:  59% ▕██████████        ▏ 2.8 GB/4.7 GB  9.7 MB/s   3m18s[K[?25h[?2026l[?2026h[?25l[A[1Gpulling manifest [K
pulling 2bada8a74506:  59% ▕██████████        ▏ 2.8 GB/4.7 GB  9.7 MB/s   3m18s[K[?25h[?2026l[?2026h[?25l[A[1Gpulling manifest [K
pulling 2bada8a74506:  59% ▕██████████        ▏ 2.8 GB/4.7 GB  9.7 MB/s   3m18s[K[?25h[?2026l[?2026h[?25l[A[1Gpulling manifest [K
pulling 2bada8a74506:  59% ▕██████████        ▏ 2.8 GB/4.7 GB  9.7 MB/s   3m18s[K[?25h[?2026l[?2026h[?25l[A[1Gpulling manifest [K
pulling 2bada8a74506:  59% ▕██████████        ▏ 2.8 GB/4.7 GB  9.8 MB/s   3m15s[K[?25h[?2026l[?2026h[?25l[A[1Gpulling manifest [K
pulling 2bada8a74506:  59% ▕██████████        ▏ 2.8 GB/4.7 GB  9.8 MB/s   3m15s[K[?25h[?2026l[?2026h[?25l[A[1Gpulling manifest [K
pulling 2bada8a74506:  59% ▕██████████        ▏ 2.8 GB/4.7 GB  9.8 MB/s   3m15s[K[?25h[?2026l[?2026h[?25l[A[1Gpulling manifest [K
pulling 2bada8a74506:  59% ▕██████████        ▏ 2.8 GB/4.7 GB  9.8 MB/s   3m15s[K[?25h[?2026l[?2026h[?25l[A[1Gpulling manifest [K
pulling 2bada8a74506:  59% ▕██████████        ▏ 2.8 GB/4.7 GB  9.8 MB/s   3m15s[K[?25h[?2026l[?2026h[?25l[A[1Gpulling manifest [K
pulling 2bada8a74506:  59% ▕██████████        ▏ 2.8 GB/4.7 GB  9.8 MB/s   3m15s[K[?25h[?2026l[?2026h[?25l[A[1Gpulling manifest [K
pulling 2bada8a74506:  59% ▕██████████        ▏ 2.8 GB/4.7 GB  9.8 MB/s   3m15s[K[?25h[?2026l[?2026h[?25l[A[1Gpulling manifest [K
pulling 2bada8a74506:  59% ▕██████████        ▏ 2.8 GB/4.7 GB  9.8 MB/s   3m15s[K[?25h[?2026l[?2026h[?25l[A[1Gpulling manifest [K
pulling 2bada8a74506:  59% ▕██████████        ▏ 2.8 GB/4.7 GB  9.8 MB/s   3m15s[K[?25h[?2026l[?2026h[?25l[A[1Gpulling manifest [K
pulling 2bada8a74506:  59% ▕██████████        ▏ 2.8 GB/4.7 GB  9.8 MB/s   3m14s[K[?25h[?2026l[?2026h[?25l[A[1Gpulling manifest [K
pulling 2bada8a74506:  59% ▕██████████        ▏ 2.8 GB/4.7 GB  9.9 MB/s   3m14s[K[?25h[?2026l[?2026h[?25l[A[1Gpulling manifest [K
pulling 2bada8a74506:  59% ▕██████████        ▏ 2.8 GB/4.7 GB  9.9 MB/s   3m14s[K[?25h[?2026l[?2026h[?25l[A[1Gpulling manifest [K
pulling 2bada8a74506:  59% ▕██████████        ▏ 2.8 GB/4.7 GB  9.9 MB/s   3m14s[K[?25h[?2026l[?2026h[?25l[A[1Gpulling manifest [K
pulling 2bada8a74506:  59% ▕██████████        ▏ 2.8 GB/4.7 GB  9.9 MB/s   3m14s[K[?25h[?2026l[?2026h[?25l[A[1Gpulling manifest [K
pulling 2bada8a74506:  59% ▕██████████        ▏ 2.8 GB/4.7 GB  9.9 MB/s   3m13s[K[?25h[?2026l[?2026h[?25l[A[1Gpulling manifest [K
pulling 2bada8a74506:  59% ▕██████████        ▏ 2.8 GB/4.7 GB  9.9 MB/s   3m13s[K[?25h[?2026l[?2026h[?25l[A[1Gpulling manifest [K
pulling 2bada8a74506:  59% ▕██████████        ▏ 2.8 GB/4.7 GB  9.9 MB/s   3m13s[K[?25h[?2026l[?2026h[?25l[A[1Gpulling manifest [K
pulling 2bada8a74506:  59% ▕██████████        ▏ 2.8 GB/4.7 GB  9.9 MB/s   3m13s[K[?25h[?2026l[?2026h[?25l[A[1Gpulling manifest [K
pulling 2bada8a74506:  59% ▕██████████        ▏ 2.8 GB/4.7 GB  9.9 MB/s   3m13s[K[?25h[?2026l[?2026h[?25l[A[1Gpulling manifest [K
pulling 2bada8a74506:  59% ▕██████████        ▏ 2.8 GB/4.7 GB  9.9 MB/s   3m13s[K[?25h[?2026l[?2026h[?25l[A[1Gpulling manifest [K
pulling 2bada8a74506:  59% ▕██████████        ▏ 2.8 GB/4.7 GB  9.9 MB/s   3m12s[K[?25h[?2026l[?2026h[?25l[A[1Gpulling manifest [K
pulling 2bada8a74506:  59% ▕██████████        ▏ 2.8 GB/4.7 GB  9.9 MB/s   3m11s[K[?25h[?2026l[?2026h[?25l[A[1Gpulling manifest [K
pulling 2bada8a74506:  59% ▕██████████        ▏ 2.8 GB/4.7 GB  9.9 MB/s   3m11s[K[?25h[?2026l[?2026h[?25l[A[1Gpulling manifest [K
pulling 2bada8a74506:  59% ▕██████████        ▏ 2.8 GB/4.7 GB  9.9 MB/s   3m11s[K[?25h[?2026l[?2026h[?25l[A[1Gpulling manifest [K
pulling 2bada8a74506:  59% ▕██████████        ▏ 2.8 GB/4.7 GB  9.9 MB/s   3m11s[K[?25h[?2026l[?2026h[?25l[A[1Gpulling manifest [K
pulling 2bada8a74506:  59% ▕██████████        ▏ 2.8 GB/4.7 GB  9.9 MB/s   3m11s[K[?25h[?2026l[?2026h[?25l[A[1Gpulling manifest [K
pulling 2bada8a74506:  59% ▕██████████        ▏ 2.8 GB/4.7 GB  9.9 MB/s   3m11s[K[?25h[?2026l[?2026h[?25l[A[1Gpulling manifest [K
pulling 2bada8a74506:  59% ▕██████████        ▏ 2.8 GB/4.7 GB  9.9 MB/s   3m11s[K[?25h[?2026l[?2026h[?25l[A[1Gpulling manifest [K
pulling 2bada8a74506:  59% ▕██████████        ▏ 2.8 GB/4.7 GB  9.9 MB/s   3m11s[K[?25h[?2026l[?2026h[?25l[A[1Gpulling manifest [K
pulling 2bada8a74506:  60% ▕██████████        ▏ 2.8 GB/4.7 GB  9.9 MB/s   3m11s[K[?25h[?2026l[?2026h[?25l[A[1Gpulling manifest [K
pulling 2bada8a74506:  60% ▕██████████        ▏ 2.8 GB/4.7 GB   10 MB/s    3m8s[K[?25h[?2026l[?2026h[?25l[A[1Gpulling manifest [K
pulling 2bada8a74506:  60% ▕██████████        ▏ 2.8 GB/4.7 GB   10 MB/s    3m8s[K[?25h[?2026l[?2026h[?25l[A[1Gpulling manifest [K
pulling 2bada8a74506:  60% ▕██████████        ▏ 2.8 GB/4.7 GB   10 MB/s    3m8s[K[?25h[?2026l[?2026h[?25l[A[1Gpulling manifest [K
pulling 2bada8a74506:  60% ▕██████████        ▏ 2.8 GB/4.7 GB   10 MB/s    3m8s[K[?25h[?2026l[?2026h[?25l[A[1Gpulling manifest [K
pulling 2bada8a74506:  60% ▕██████████        ▏ 2.8 GB/4.7 GB   10 MB/s    3m8s[K[?25h[?2026l[?2026h[?25l[A[1Gpulling manifest [K
pulling 2bada8a74506:  60% ▕██████████        ▏ 2.8 GB/4.7 GB   10 MB/s    3m7s[K[?25h[?2026l[?2026h[?25l[A[1Gpulling manifest [K
pulling 2bada8a74506:  60% ▕██████████        ▏ 2.8 GB/4.7 GB   10 MB/s    3m7s[K[?25h[?2026l[?2026h[?25l[A[1Gpulling manifest [K
pulling 2bada8a74506:  60% ▕██████████        ▏ 2.8 GB/4.7 GB   10 MB/s    3m7s[K[?25h[?2026l[?2026h[?25l[A[1Gpulling manifest [K
pulling 2bada8a74506:  60% ▕██████████        ▏ 2.8 GB/4.7 GB   10 MB/s    3m7s[K[?25h[?2026l[?2026h[?25l[A[1Gpulling manifest [K
pulling 2bada8a74506:  60% ▕██████████        ▏ 2.8 GB/4.7 GB   10 MB/s    3m7s[K[?25h[?2026l[?2026h[?25l[A[1Gpulling manifest [K
pulling 2bada8a74506:  60% ▕██████████        ▏ 2.8 GB/4.7 GB   10 MB/s    3m7s[K[?25h[?2026l[?2026h[?25l[A[1Gpulling manifest [K
pulling 2bada8a74506:  60% ▕██████████        ▏ 2.8 GB/4.7 GB   10 MB/s    3m4s[K[?25h[?2026l[?2026h[?25l[A[1Gpulling manifest [K
pulling 2bada8a74506:  60% ▕██████████        ▏ 2.8 GB/4.7 GB   10 MB/s    3m4s[K[?25h[?2026l[?2026h[?25l[A[1Gpulling manifest [K
pulling 2bada8a74506:  60% ▕██████████        ▏ 2.8 GB/4.7 GB   10 MB/s    3m4s[K[?25h[?2026l[?2026h[?25l[A[1Gpulling manifest [K
pulling 2bada8a74506:  60% ▕██████████        ▏ 2.8 GB/4.7 GB   10 MB/s    3m4s[K[?25h[?2026l[?2026h[?25l[A[1Gpulling manifest [K
pulling 2bada8a74506:  60% ▕██████████        ▏ 2.8 GB/4.7 GB   10 MB/s    3m4s[K[?25h[?2026l[?2026h[?25l[A[1Gpulling manifest [K
pulling 2bada8a74506:  60% ▕██████████        ▏ 2.8 GB/4.7 GB   10 MB/s    3m4s[K[?25h[?2026l[?2026h[?25l[A[1Gpulling manifest [K
pulling 2bada8a74506:  60% ▕██████████        ▏ 2.8 GB/4.7 GB   10 MB/s    3m4s[K[?25h[?2026l[?2026h[?25l[A[1Gpulling manifest [K
pulling 2bada8a74506:  60% ▕██████████        ▏ 2.8 GB/4.7 GB   10 MB/s    3m3s[K[?25h[?2026l[?2026h[?25l[A[1Gpulling manifest [K
pulling 2bada8a74506:  60% ▕██████████        ▏ 2.8 GB/4.7 GB   10 MB/s    3m3s[K[?25h[?2026l[?2026h[?25l[A[1Gpulling manifest [K
pulling 2bada8a74506:  60% ▕██████████        ▏ 2.8 GB/4.7 GB   10 MB/s    3m3s[K[?25h[?2026l[?2026h[?25l[A[1Gpulling manifest [K
pulling 2bada8a74506:  60% ▕██████████        ▏ 2.8 GB/4.7 GB   10 MB/s    3m2s[K[?25h[?2026l[?2026h[?25l[A[1Gpulling manifest [K
pulling 2bada8a74506:  60% ▕██████████        ▏ 2.8 GB/4.7 GB   10 MB/s    3m2s[K[?25h[?2026l[?2026h[?25l[A[1Gpulling manifest [K
pulling 2bada8a74506:  60% ▕██████████        ▏ 2.8 GB/4.7 GB   10 MB/s    3m1s[K[?25h[?2026l[?2026h[?25l[A[1Gpulling manifest [K
pulling 2bada8a74506:  60% ▕██████████        ▏ 2.8 GB/4.7 GB   10 MB/s    3m1s[K[?25h[?2026l[?2026h[?25l[A[1Gpulling manifest [K
pulling 2bada8a74506:  60% ▕██████████        ▏ 2.8 GB/4.7 GB   10 MB/s    3m1s[K[?25h[?2026l[?2026h[?25l[A[1Gpulling manifest [K
pulling 2bada8a74506:  60% ▕██████████        ▏ 2.8 GB/4.7 GB   10 MB/s    3m1s[K[?25h[?2026l[?2026h[?25l[A[1Gpulling manifest [K
pulling 2bada8a74506:  60% ▕██████████        ▏ 2.8 GB/4.7 GB   10 MB/s    3m1s[K[?25h[?2026l[?2026h[?25l[A[1Gpulling manifest [K
pulling 2bada8a74506:  60% ▕██████████        ▏ 2.8 GB/4.7 GB   10 MB/s    3m1s[K[?25h[?2026l[?2026h[?25l[A[1Gpulling manifest [K
pulling 2bada8a74506:  60% ▕██████████        ▏ 2.8 GB/4.7 GB   10 MB/s    3m1s[K[?25h[?2026l[?2026h[?25l[A[1Gpulling manifest [K
pulling 2bada8a74506:  60% ▕██████████        ▏ 2.8 GB/4.7 GB   10 MB/s    3m1s[K[?25h[?2026l[?2026h[?25l[A[1Gpulling manifest [K
pulling 2bada8a74506:  60% ▕██████████        ▏ 2.8 GB/4.7 GB   10 MB/s   2m57s[K[?25h[?2026l[?2026h[?25l[A[1Gpulling manifest [K
pulling 2bada8a74506:  60% ▕██████████        ▏ 2.8 GB/4.7 GB   10 MB/s   2m57s[K[?25h[?2026l[?2026h[?25l[A[1Gpulling manifest [K
pulling 2bada8a74506:  60% ▕██████████        ▏ 2.8 GB/4.7 GB   10 MB/s   2m57s[K[?25h[?2026l[?2026h[?25l[A[1Gpulling manifest [K
pulling 2bada8a74506:  60% ▕██████████        ▏ 2.8 GB/4.7 GB   10 MB/s   2m57s[K[?25h[?2026l[?2026h[?25l[A[1Gpulling manifest [K
pulling 2bada8a74506:  60% ▕██████████        ▏ 2.8 GB/4.7 GB   10 MB/s   2m57s[K[?25h[?2026l[?2026h[?25l[A[1Gpulling manifest [K
pulling 2bada8a74506:  60% ▕██████████        ▏ 2.8 GB/4.7 GB   10 MB/s   2m57s[K[?25h[?2026l[?2026h[?25l[A[1Gpulling manifest [K
pulling 2bada8a74506:  60% ▕██████████        ▏ 2.8 GB/4.7 GB   10 MB/s   2m57s[K[?25h[?2026l[?2026h[?25l[A[1Gpulling manifest [K
pulling 2bada8a74506:  60% ▕██████████        ▏ 2.8 GB/4.7 GB   10 MB/s   2m57s[K[?25h[?2026l[?2026h[?25l[A[1Gpulling manifest [K
pulling 2bada8a74506:  60% ▕██████████        ▏ 2.8 GB/4.7 GB   10 MB/s   2m56s[K[?25h[?2026l[?2026h[?25l[A[1Gpulling manifest [K
pulling 2bada8a74506:  60% ▕██████████        ▏ 2.8 GB/4.7 GB   10 MB/s   2m56s[K[?25h[?2026l[?2026h[?25l[A[1Gpulling manifest [K
pulling 2bada8a74506:  61% ▕██████████        ▏ 2.8 GB/4.7 GB   10 MB/s   2m50s[K[?25h[?2026l[?2026h[?25l[A[1Gpulling manifest [K
pulling 2bada8a74506:  61% ▕██████████        ▏ 2.8 GB/4.7 GB   10 MB/s   2m50s[K[?25h[?2026l[?2026h[?25l[A[1Gpulling manifest [K
pulling 2bada8a74506:  61% ▕██████████        ▏ 2.8 GB/4.7 GB   10 MB/s   2m50s[K[?25h[?2026l[?2026h[?25l[A[1Gpulling manifest [K
pulling 2bada8a74506:  61% ▕██████████        ▏ 2.8 GB/4.7 GB   10 MB/s   2m50s[K[?25h[?2026l[?2026h[?25l[A[1Gpulling manifest [K
pulling 2bada8a74506:  61% ▕██████████        ▏ 2.8 GB/4.7 GB   10 MB/s   2m50s[K[?25h[?2026l[?2026h[?25l[A[1Gpulling manifest [K
pulling 2bada8a74506:  61% ▕██████████        ▏ 2.8 GB/4.7 GB   10 MB/s   2m50s[K[?25h[?2026l[?2026h[?25l[A[1Gpulling manifest [K
pulling 2bada8a74506:  61% ▕██████████        ▏ 2.8 GB/4.7 GB   10 MB/s   2m50s[K[?25h[?2026l[?2026h[?25l[A[1Gpulling manifest [K
pulling 2bada8a74506:  61% ▕██████████        ▏ 2.8 GB/4.7 GB   10 MB/s   2m49s[K[?25h[?2026l[?2026h[?25l[A[1Gpulling manifest [K
pulling 2bada8a74506:  61% ▕██████████        ▏ 2.8 GB/4.7 GB   10 MB/s   2m49s[K[?25h[?2026l[?2026h[?25l[A[1Gpulling manifest [K
pulling 2bada8a74506:  61% ▕██████████        ▏ 2.8 GB/4.7 GB   10 MB/s   2m49s[K[?25h[?2026l[?2026h[?25l[A[1Gpulling manifest [K
pulling 2bada8a74506:  61% ▕██████████        ▏ 2.8 GB/4.7 GB   11 MB/s   2m46s[K[?25h[?2026l[?2026h[?25l[A[1Gpulling manifest [K
pulling 2bada8a74506:  61% ▕██████████        ▏ 2.8 GB/4.7 GB   11 MB/s   2m46s[K[?25h[?2026l[?2026h[?25l[A[1Gpulling manifest [K
pulling 2bada8a74506:  61% ▕██████████        ▏ 2.8 GB/4.7 GB   11 MB/s   2m46s[K[?25h[?2026l[?2026h[?25l[A[1Gpulling manifest [K
pulling 2bada8a74506:  61% ▕██████████        ▏ 2.8 GB/4.7 GB   11 MB/s   2m46s[K[?25h[?2026l[?2026h[?25l[A[1Gpulling manifest [K
pulling 2bada8a74506:  61% ▕██████████        ▏ 2.8 GB/4.7 GB   11 MB/s   2m46s[K[?25h[?2026l[?2026h[?25l[A[1Gpulling manifest [K
pulling 2bada8a74506:  61% ▕██████████        ▏ 2.8 GB/4.7 GB   11 MB/s   2m46s[K[?25h[?2026l[?2026h[?25l[A[1Gpulling manifest [K
pulling 2bada8a74506:  61% ▕██████████        ▏ 2.9 GB/4.7 GB   11 MB/s   2m46s[K[?25h[?2026l[?2026h[?25l[A[1Gpulling manifest [K
pulling 2bada8a74506:  61% ▕██████████        ▏ 2.9 GB/4.7 GB   11 MB/s   2m46s[K[?25h[?2026l[?2026h[?25l[A[1Gpulling manifest [K
pulling 2bada8a74506:  61% ▕██████████        ▏ 2.9 GB/4.7 GB   11 MB/s   2m46s[K[?25h[?2026l[?2026h[?25l[A[1Gpulling manifest [K
pulling 2bada8a74506:  61% ▕██████████        ▏ 2.9 GB/4.7 GB   11 MB/s   2m45s[K[?25h[?2026l[?2026h[?25l[A[1Gpulling manifest [K
pulling 2bada8a74506:  61% ▕██████████        ▏ 2.9 GB/4.7 GB   11 MB/s   2m45s[K[?25h[?2026l[?2026h[?25l[A[1Gpulling manifest [K
pulling 2bada8a74506:  61% ▕██████████        ▏ 2.9 GB/4.7 GB   11 MB/s   2m43s[K[?25h[?2026l[?2026h[?25l[A[1Gpulling manifest [K
pulling 2bada8a74506:  61% ▕██████████        ▏ 2.9 GB/4.7 GB   11 MB/s   2m43s[K[?25h[?2026l[?2026h[?25l[A[1Gpulling manifest [K
pulling 2bada8a74506:  61% ▕██████████        ▏ 2.9 GB/4.7 GB   11 MB/s   2m43s[K[?25h[?2026l[?2026h[?25l[A[1Gpulling manifest [K
pulling 2bada8a74506:  61% ▕██████████        ▏ 2.9 GB/4.7 GB   11 MB/s   2m43s[K[?25h[?2026l[?2026h[?25l[A[1Gpulling manifest [K
pulling 2bada8a74506:  61% ▕██████████        ▏ 2.9 GB/4.7 GB   11 MB/s   2m43s[K[?25h[?2026l[?2026h[?25l[A[1Gpulling manifest [K
pulling 2bada8a74506:  61% ▕██████████        ▏ 2.9 GB/4.7 GB   11 MB/s   2m43s[K[?25h[?2026l[?2026h[?25l[A[1Gpulling manifest [K
pulling 2bada8a74506:  61% ▕███████████       ▏ 2.9 GB/4.7 GB   11 MB/s   2m43s[K[?25h[?2026l[?2026h[?25l[A[1Gpulling manifest [K
pulling 2bada8a74506:  61% ▕███████████       ▏ 2.9 GB/4.7 GB   11 MB/s   2m43s[K[?25h[?2026l[?2026h[?25l[A[1Gpulling manifest [K
pulling 2bada8a74506:  61% ▕███████████       ▏ 2.9 GB/4.7 GB   11 MB/s   2m43s[K[?25h[?2026l[?2026h[?25l[A[1Gpulling manifest [K
pulling 2bada8a74506:  61% ▕███████████       ▏ 2.9 GB/4.7 GB   11 MB/s   2m43s[K[?25h[?2026l[?2026h[?25l[A[1Gpulling manifest [K
pulling 2bada8a74506:  61% ▕███████████       ▏ 2.9 GB/4.7 GB   11 MB/s   2m43s[K[?25h[?2026l[?2026h[?25l[A[1Gpulling manifest [K
pulling 2bada8a74506:  61% ▕███████████       ▏ 2.9 GB/4.7 GB   11 MB/s   2m43s[K[?25h[?2026l[?2026h[?25l[A[1Gpulling manifest [K
pulling 2bada8a74506:  61% ▕███████████       ▏ 2.9 GB/4.7 GB   11 MB/s   2m43s[K[?25h[?2026l[?2026h[?25l[A[1Gpulling manifest [K
pulling 2bada8a74506:  61% ▕███████████       ▏ 2.9 GB/4.7 GB   11 MB/s   2m43s[K[?25h[?2026l[?2026h[?25l[A[1Gpulling manifest [K
pulling 2bada8a74506:  61% ▕███████████       ▏ 2.9 GB/4.7 GB   11 MB/s   2m43s[K[?25h[?2026l[?2026h[?25l[A[1Gpulling manifest [K
pulling 2bada8a74506:  61% ▕███████████       ▏ 2.9 GB/4.7 GB   11 MB/s   2m42s[K[?25h[?2026l[?2026h[?25l[A[1Gpulling manifest [K
pulling 2bada8a74506:  61% ▕███████████       ▏ 2.9 GB/4.7 GB   11 MB/s   2m42s[K[?25h[?2026l[?2026h[?25l[A[1Gpulling manifest [K
pulling 2bada8a74506:  61% ▕███████████       ▏ 2.9 GB/4.7 GB   11 MB/s   2m42s[K[?25h[?2026l[?2026h[?25l[A[1Gpulling manifest [K
pulling 2bada8a74506:  61% ▕███████████       ▏ 2.9 GB/4.7 GB   11 MB/s   2m42s[K[?25h[?2026l[?2026h[?25l[A[1Gpulling manifest [K
pulling 2bada8a74506:  61% ▕███████████       ▏ 2.9 GB/4.7 GB   11 MB/s   2m42s[K[?25h[?2026l[?2026h[?25l[A[1Gpulling manifest [K
pulling 2bada8a74506:  61% ▕███████████       ▏ 2.9 GB/4.7 GB   11 MB/s   2m43s[K[?25h[?2026l[?2026h[?25l[A[1Gpulling manifest [K
pulling 2bada8a74506:  61% ▕███████████       ▏ 2.9 GB/4.7 GB   11 MB/s   2m43s[K[?25h[?2026l[?2026h[?25l[A[1Gpulling manifest [K
pulling 2bada8a74506:  61% ▕███████████       ▏ 2.9 GB/4.7 GB   11 MB/s   2m42s[K[?25h[?2026l[?2026h[?25l[A[1Gpulling manifest [K
pulling 2bada8a74506:  61% ▕███████████       ▏ 2.9 GB/4.7 GB   11 MB/s   2m42s[K[?25h[?2026l[?2026h[?25l[A[1Gpulling manifest [K
pulling 2bada8a74506:  62% ▕███████████       ▏ 2.9 GB/4.7 GB   11 MB/s   2m42s[K[?25h[?2026l[?2026h[?25l[A[1Gpulling manifest [K
pulling 2bada8a74506:  62% ▕███████████       ▏ 2.9 GB/4.7 GB   11 MB/s   2m42s[K[?25h[?2026l[?2026h[?25l[A[1Gpulling manifest [K
pulling 2bada8a74506:  62% ▕███████████       ▏ 2.9 GB/4.7 GB   11 MB/s   2m42s[K[?25h[?2026l[?2026h[?25l[A[1Gpulling manifest [K
pulling 2bada8a74506:  62% ▕███████████       ▏ 2.9 GB/4.7 GB   11 MB/s   2m42s[K[?25h[?2026l[?2026h[?25l[A[1Gpulling manifest [K
pulling 2bada8a74506:  62% ▕███████████       ▏ 2.9 GB/4.7 GB   11 MB/s   2m42s[K[?25h[?2026l[?2026h[?25l[A[1Gpulling manifest [K
pulling 2bada8a74506:  62% ▕███████████       ▏ 2.9 GB/4.7 GB   11 MB/s   2m42s[K[?25h[?2026l[?2026h[?25l[A[1Gpulling manifest [K
pulling 2bada8a74506:  62% ▕███████████       ▏ 2.9 GB/4.7 GB   10 MB/s   2m44s[K[?25h[?2026l[?2026h[?25l[A[1Gpulling manifest [K
pulling 2bada8a74506:  62% ▕███████████       ▏ 2.9 GB/4.7 GB   10 MB/s   2m44s[K[?25h[?2026l[?2026h[?25l[A[1Gpulling manifest [K
pulling 2bada8a74506:  62% ▕███████████       ▏ 2.9 GB/4.7 GB   10 MB/s   2m44s[K[?25h[?2026l[?2026h[?25l[A[1Gpulling manifest [K
pulling 2bada8a74506:  62% ▕███████████       ▏ 2.9 GB/4.7 GB   10 MB/s   2m44s[K[?25h[?2026l[?2026h[?25l[A[1Gpulling manifest [K
pulling 2bada8a74506:  62% ▕███████████       ▏ 2.9 GB/4.7 GB   10 MB/s   2m44s[K[?25h[?2026l[?2026h[?25l[A[1Gpulling manifest [K
pulling 2bada8a74506:  62% ▕███████████       ▏ 2.9 GB/4.7 GB   10 MB/s   2m44s[K[?25h[?2026l[?2026h[?25l[A[1Gpulling manifest [K
pulling 2bada8a74506:  62% ▕███████████       ▏ 2.9 GB/4.7 GB   10 MB/s   2m44s[K[?25h[?2026l[?2026h[?25l[A[1Gpulling manifest [K
pulling 2bada8a74506:  62% ▕███████████       ▏ 2.9 GB/4.7 GB   10 MB/s   2m44s[K[?25h[?2026l[?2026h[?25l[A[1Gpulling manifest [K
pulling 2bada8a74506:  62% ▕███████████       ▏ 2.9 GB/4.7 GB   10 MB/s   2m44s[K[?25h[?2026l[?2026h[?25l[A[1Gpulling manifest [K
pulling 2bada8a74506:  62% ▕███████████       ▏ 2.9 GB/4.7 GB   10 MB/s   2m43s[K[?25h[?2026l[?2026h[?25l[A[1Gpulling manifest [K
pulling 2bada8a74506:  62% ▕███████████       ▏ 2.9 GB/4.7 GB   10 MB/s   2m46s[K[?25h[?2026l[?2026h[?25l[A[1Gpulling manifest [K
pulling 2bada8a74506:  62% ▕███████████       ▏ 2.9 GB/4.7 GB   10 MB/s   2m46s[K[?25h[?2026l[?2026h[?25l[A[1Gpulling manifest [K
pulling 2bada8a74506:  62% ▕███████████       ▏ 2.9 GB/4.7 GB   10 MB/s   2m46s[K[?25h[?2026l[?2026h[?25l[A[1Gpulling manifest [K
pulling 2bada8a74506:  62% ▕███████████       ▏ 2.9 GB/4.7 GB   10 MB/s   2m46s[K[?25h[?2026l[?2026h[?25l[A[1Gpulling manifest [K
pulling 2bada8a74506:  62% ▕███████████       ▏ 2.9 GB/4.7 GB   10 MB/s   2m46s[K[?25h[?2026l[?2026h[?25l[A[1Gpulling manifest [K
pulling 2bada8a74506:  62% ▕███████████       ▏ 2.9 GB/4.7 GB   10 MB/s   2m46s[K[?25h[?2026l[?2026h[?25l[A[1Gpulling manifest [K
pulling 2bada8a74506:  62% ▕███████████       ▏ 2.9 GB/4.7 GB   10 MB/s   2m45s[K[?25h[?2026l[?2026h[?25l[A[1Gpulling manifest [K
pulling 2bada8a74506:  62% ▕███████████       ▏ 2.9 GB/4.7 GB   10 MB/s   2m45s[K[?25h[?2026l[?2026h[?25l[A[1Gpulling manifest [K
pulling 2bada8a74506:  62% ▕███████████       ▏ 2.9 GB/4.7 GB   10 MB/s   2m45s[K[?25h[?2026l[?2026h[?25l[A[1Gpulling manifest [K
pulling 2bada8a74506:  62% ▕███████████       ▏ 2.9 GB/4.7 GB   10 MB/s   2m45s[K[?25h[?2026l[?2026h[?25l[A[1Gpulling manifest [K
pulling 2bada8a74506:  62% ▕███████████       ▏ 2.9 GB/4.7 GB   10 MB/s   2m45s[K[?25h[?2026l[?2026h[?25l[A[1Gpulling manifest [K
pulling 2bada8a74506:  62% ▕███████████       ▏ 2.9 GB/4.7 GB   10 MB/s   2m50s[K[?25h[?2026l[?2026h[?25l[A[1Gpulling manifest [K
pulling 2bada8a74506:  62% ▕███████████       ▏ 2.9 GB/4.7 GB   10 MB/s   2m50s[K[?25h[?2026l[?2026h[?25l[A[1Gpulling manifest [K
pulling 2bada8a74506:  62% ▕███████████       ▏ 2.9 GB/4.7 GB   10 MB/s   2m50s[K[?25h[?2026l[?2026h[?25l[A[1Gpulling manifest [K
pulling 2bada8a74506:  62% ▕███████████       ▏ 2.9 GB/4.7 GB   10 MB/s   2m50s[K[?25h[?2026l[?2026h[?25l[A[1Gpulling manifest [K
pulling 2bada8a74506:  62% ▕███████████       ▏ 2.9 GB/4.7 GB   10 MB/s   2m50s[K[?25h[?2026l[?2026h[?25l[A[1Gpulling manifest [K
pulling 2bada8a74506:  62% ▕███████████       ▏ 2.9 GB/4.7 GB   10 MB/s   2m50s[K[?25h[?2026l[?2026h[?25l[A[1Gpulling manifest [K
pulling 2bada8a74506:  62% ▕███████████       ▏ 2.9 GB/4.7 GB   10 MB/s   2m50s[K[?25h[?2026l[?2026h[?25l[A[1Gpulling manifest [K
pulling 2bada8a74506:  62% ▕███████████       ▏ 2.9 GB/4.7 GB   10 MB/s   2m50s[K[?25h[?2026l[?2026h[?25l[A[1Gpulling manifest [K
pulling 2bada8a74506:  62% ▕███████████       ▏ 2.9 GB/4.7 GB   10 MB/s   2m49s[K[?25h[?2026l[?2026h[?25l[A[1Gpulling manifest [K
pulling 2bada8a74506:  62% ▕███████████       ▏ 2.9 GB/4.7 GB   10 MB/s   2m49s[K[?25h[?2026l[?2026h[?25l[A[1Gpulling manifest [K
pulling 2bada8a74506:  62% ▕███████████       ▏ 2.9 GB/4.7 GB   10 MB/s   2m50s[K[?25h[?2026l[?2026h[?25l[A[1Gpulling manifest [K
pulling 2bada8a74506:  62% ▕███████████       ▏ 2.9 GB/4.7 GB   10 MB/s   2m50s[K[?25h[?2026l[?2026h[?25l[A[1Gpulling manifest [K
pulling 2bada8a74506:  62% ▕███████████       ▏ 2.9 GB/4.7 GB   10 MB/s   2m50s[K[?25h[?2026l[?2026h[?25l[A[1Gpulling manifest [K
pulling 2bada8a74506:  62% ▕███████████       ▏ 2.9 GB/4.7 GB   10 MB/s   2m49s[K[?25h[?2026l[?2026h[?25l[A[1Gpulling manifest [K
pulling 2bada8a74506:  62% ▕███████████       ▏ 2.9 GB/4.7 GB   10 MB/s   2m49s[K[?25h[?2026l[?2026h[?25l[A[1Gpulling manifest [K
pulling 2bada8a74506:  62% ▕███████████       ▏ 2.9 GB/4.7 GB   10 MB/s   2m49s[K[?25h[?2026l[?2026h[?25l[A[1Gpulling manifest [K
pulling 2bada8a74506:  62% ▕███████████       ▏ 2.9 GB/4.7 GB   10 MB/s   2m49s[K[?25h[?2026l[?2026h[?25l[A[1Gpulling manifest [K
pulling 2bada8a74506:  62% ▕███████████       ▏ 2.9 GB/4.7 GB   10 MB/s   2m49s[K[?25h[?2026l[?2026h[?25l[A[1Gpulling manifest [K
pulling 2bada8a74506:  62% ▕███████████       ▏ 2.9 GB/4.7 GB   10 MB/s   2m49s[K[?25h[?2026l[?2026h[?25l[A[1Gpulling manifest [K
pulling 2bada8a74506:  62% ▕███████████       ▏ 2.9 GB/4.7 GB   10 MB/s   2m49s[K[?25h[?2026l[?2026h[?25l[A[1Gpulling manifest [K
pulling 2bada8a74506:  62% ▕███████████       ▏ 2.9 GB/4.7 GB   10 MB/s   2m51s[K[?25h[?2026l[?2026h[?25l[A[1Gpulling manifest [K
pulling 2bada8a74506:  63% ▕███████████       ▏ 2.9 GB/4.7 GB   10 MB/s   2m51s[K[?25h[?2026l[?2026h[?25l[A[1Gpulling manifest [K
pulling 2bada8a74506:  63% ▕███████████       ▏ 2.9 GB/4.7 GB   10 MB/s   2m51s[K[?25h[?2026l[?2026h[?25l[A[1Gpulling manifest [K
pulling 2bada8a74506:  63% ▕███████████       ▏ 2.9 GB/4.7 GB   10 MB/s   2m51s[K[?25h[?2026l[?2026h[?25l[A[1Gpulling manifest [K
pulling 2bada8a74506:  63% ▕███████████       ▏ 2.9 GB/4.7 GB   10 MB/s   2m50s[K[?25h[?2026l[?2026h[?25l[A[1Gpulling manifest [K
pulling 2bada8a74506:  63% ▕███████████       ▏ 2.9 GB/4.7 GB   10 MB/s   2m50s[K[?25h[?2026l[?2026h[?25l[A[1Gpulling manifest [K
pulling 2bada8a74506:  63% ▕███████████       ▏ 2.9 GB/4.7 GB   10 MB/s   2m50s[K[?25h[?2026l[?2026h[?25l[A[1Gpulling manifest [K
pulling 2bada8a74506:  63% ▕███████████       ▏ 2.9 GB/4.7 GB   10 MB/s   2m50s[K[?25h[?2026l[?2026h[?25l[A[1Gpulling manifest [K
pulling 2bada8a74506:  63% ▕███████████       ▏ 2.9 GB/4.7 GB   10 MB/s   2m50s[K[?25h[?2026l[?2026h[?25l[A[1Gpulling manifest [K
pulling 2bada8a74506:  63% ▕███████████       ▏ 2.9 GB/4.7 GB   10 MB/s   2m50s[K[?25h[?2026l[?2026h[?25l[A[1Gpulling manifest [K
pulling 2bada8a74506:  63% ▕███████████       ▏ 2.9 GB/4.7 GB   10 MB/s   2m52s[K[?25h[?2026l[?2026h[?25l[A[1Gpulling manifest [K
pulling 2bada8a74506:  63% ▕███████████       ▏ 2.9 GB/4.7 GB   10 MB/s   2m52s[K[?25h[?2026l[?2026h[?25l[A[1Gpulling manifest [K
pulling 2bada8a74506:  63% ▕███████████       ▏ 2.9 GB/4.7 GB   10 MB/s   2m52s[K[?25h[?2026l[?2026h[?25l[A[1Gpulling manifest [K
pulling 2bada8a74506:  63% ▕███████████       ▏ 2.9 GB/4.7 GB   10 MB/s   2m52s[K[?25h[?2026l[?2026h[?25l[A[1Gpulling manifest [K
pulling 2bada8a74506:  63% ▕███████████       ▏ 2.9 GB/4.7 GB   10 MB/s   2m52s[K[?25h[?2026l[?2026h[?25l[A[1Gpulling manifest [K
pulling 2bada8a74506:  63% ▕███████████       ▏ 2.9 GB/4.7 GB   10 MB/s   2m52s[K[?25h[?2026l[?2026h[?25l[A[1Gpulling manifest [K
pulling 2bada8a74506:  63% ▕███████████       ▏ 2.9 GB/4.7 GB   10 MB/s   2m52s[K[?25h[?2026l[?2026h[?25l[A[1Gpulling manifest [K
pulling 2bada8a74506:  63% ▕███████████       ▏ 2.9 GB/4.7 GB   10 MB/s   2m52s[K[?25h[?2026l[?2026h[?25l[A[1Gpulling manifest [K
pulling 2bada8a74506:  63% ▕███████████       ▏ 2.9 GB/4.7 GB   10 MB/s   2m52s[K[?25h[?2026l[?2026h[?25l[A[1Gpulling manifest [K
pulling 2bada8a74506:  63% ▕███████████       ▏ 2.9 GB/4.7 GB   10 MB/s   2m52s[K[?25h[?2026l[?2026h[?25l[A[1Gpulling manifest [K
pulling 2bada8a74506:  63% ▕███████████       ▏ 2.9 GB/4.7 GB  9.9 MB/s   2m54s[K[?25h[?2026l[?2026h[?25l[A[1Gpulling manifest [K
pulling 2bada8a74506:  63% ▕███████████       ▏ 2.9 GB/4.7 GB  9.9 MB/s   2m54s[K[?25h[?2026l[?2026h[?25l[A[1Gpulling manifest [K
pulling 2bada8a74506:  63% ▕███████████       ▏ 2.9 GB/4.7 GB  9.9 MB/s   2m54s[K[?25h[?2026l[?2026h[?25l[A[1Gpulling manifest [K
pulling 2bada8a74506:  63% ▕███████████       ▏ 2.9 GB/4.7 GB  9.9 MB/s   2m54s[K[?25h[?2026l[?2026h[?25l[A[1Gpulling manifest [K
pulling 2bada8a74506:  63% ▕███████████       ▏ 2.9 GB/4.7 GB  9.9 MB/s   2m54s[K[?25h[?2026l[?2026h[?25l[A[1Gpulling manifest [K
pulling 2bada8a74506:  63% ▕███████████       ▏ 3.0 GB/4.7 GB  9.9 MB/s   2m54s[K[?25h[?2026l[?2026h[?25l[A[1Gpulling manifest [K
pulling 2bada8a74506:  63% ▕███████████       ▏ 3.0 GB/4.7 GB  9.9 MB/s   2m54s[K[?25h[?2026l[?2026h[?25l[A[1Gpulling manifest [K
pulling 2bada8a74506:  63% ▕███████████       ▏ 3.0 GB/4.7 GB  9.9 MB/s   2m54s[K[?25h[?2026l[?2026h[?25l[A[1Gpulling manifest [K
pulling 2bada8a74506:  63% ▕███████████       ▏ 3.0 GB/4.7 GB  9.9 MB/s   2m53s[K[?25h[?2026l[?2026h[?25l[A[1Gpulling manifest [K
pulling 2bada8a74506:  63% ▕███████████       ▏ 3.0 GB/4.7 GB  9.9 MB/s   2m53s[K[?25h[?2026l[?2026h[?25l[A[1Gpulling manifest [K
pulling 2bada8a74506:  63% ▕███████████       ▏ 3.0 GB/4.7 GB  9.9 MB/s   2m53s[K[?25h[?2026l[?2026h[?25l[A[1Gpulling manifest [K
pulling 2bada8a74506:  63% ▕██████████       ▏ 3.0 GB/4.7 GB  10.0 MB/s   2m52s[K[?25h[?2026l[?2026h[?25l[A[1Gpulling manifest [K
pulling 2bada8a74506:  63% ▕██████████       ▏ 3.0 GB/4.7 GB  10.0 MB/s   2m52s[K[?25h[?2026l[?2026h[?25l[A[1Gpulling manifest [K
pulling 2bada8a74506:  63% ▕██████████       ▏ 3.0 GB/4.7 GB  10.0 MB/s   2m52s[K[?25h[?2026l[?2026h[?25l[A[1Gpulling manifest [K
pulling 2bada8a74506:  63% ▕██████████       ▏ 3.0 GB/4.7 GB  10.0 MB/s   2m52s[K[?25h[?2026l[?2026h[?25l[A[1Gpulling manifest [K
pulling 2bada8a74506:  63% ▕██████████       ▏ 3.0 GB/4.7 GB  10.0 MB/s   2m52s[K[?25h[?2026l[?2026h[?25l[A[1Gpulling manifest [K
pulling 2bada8a74506:  63% ▕██████████       ▏ 3.0 GB/4.7 GB  10.0 MB/s   2m52s[K[?25h[?2026l[?2026h[?25l[A[1Gpulling manifest [K
pulling 2bada8a74506:  63% ▕██████████       ▏ 3.0 GB/4.7 GB  10.0 MB/s   2m52s[K[?25h[?2026l[?2026h[?25l[A[1Gpulling manifest [K
pulling 2bada8a74506:  63% ▕██████████       ▏ 3.0 GB/4.7 GB  10.0 MB/s   2m51s[K[?25h[?2026l[?2026h[?25l[A[1Gpulling manifest [K
pulling 2bada8a74506:  63% ▕██████████       ▏ 3.0 GB/4.7 GB  10.0 MB/s   2m51s[K[?25h[?2026l[?2026h[?25l[A[1Gpulling manifest [K
pulling 2bada8a74506:  63% ▕██████████       ▏ 3.0 GB/4.7 GB  10.0 MB/s   2m51s[K[?25h[?2026l[?2026h[?25l[A[1Gpulling manifest [K
pulling 2bada8a74506:  63% ▕███████████       ▏ 3.0 GB/4.7 GB   10 MB/s   2m50s[K[?25h[?2026l[?2026h[?25l[A[1Gpulling manifest [K
pulling 2bada8a74506:  63% ▕███████████       ▏ 3.0 GB/4.7 GB   10 MB/s   2m50s[K[?25h[?2026l[?2026h[?25l[A[1Gpulling manifest [K
pulling 2bada8a74506:  63% ▕███████████       ▏ 3.0 GB/4.7 GB   10 MB/s   2m50s[K[?25h[?2026l[?2026h[?25l[A[1Gpulling manifest [K
pulling 2bada8a74506:  63% ▕███████████       ▏ 3.0 GB/4.7 GB   10 MB/s   2m49s[K[?25h[?2026l[?2026h[?25l[A[1Gpulling manifest [K
pulling 2bada8a74506:  63% ▕███████████       ▏ 3.0 GB/4.7 GB   10 MB/s   2m49s[K[?25h[?2026l[?2026h[?25l[A[1Gpulling manifest [K
pulling 2bada8a74506:  63% ▕███████████       ▏ 3.0 GB/4.7 GB   10 MB/s   2m49s[K[?25h[?2026l[?2026h[?25l[A[1Gpulling manifest [K
pulling 2bada8a74506:  64% ▕███████████       ▏ 3.0 GB/4.7 GB   10 MB/s   2m49s[K[?25h[?2026l[?2026h[?25l[A[1Gpulling manifest [K
pulling 2bada8a74506:  64% ▕███████████       ▏ 3.0 GB/4.7 GB   10 MB/s   2m49s[K[?25h[?2026l[?2026h[?25l[A[1Gpulling manifest [K
pulling 2bada8a74506:  64% ▕███████████       ▏ 3.0 GB/4.7 GB   10 MB/s   2m49s[K[?25h[?2026l[?2026h[?25l[A[1Gpulling manifest [K
pulling 2bada8a74506:  64% ▕███████████       ▏ 3.0 GB/4.7 GB   10 MB/s   2m49s[K[?25h[?2026l[?2026h[?25l[A[1Gpulling manifest [K
pulling 2bada8a74506:  64% ▕███████████       ▏ 3.0 GB/4.7 GB   10 MB/s   2m48s[K[?25h[?2026l[?2026h[?25l[A[1Gpulling manifest [K
pulling 2bada8a74506:  64% ▕███████████       ▏ 3.0 GB/4.7 GB   10 MB/s   2m48s[K[?25h[?2026l[?2026h[?25l[A[1Gpulling manifest [K
pulling 2bada8a74506:  64% ▕███████████       ▏ 3.0 GB/4.7 GB   10 MB/s   2m48s[K[?25h[?2026l[?2026h[?25l[A[1Gpulling manifest [K
pulling 2bada8a74506:  64% ▕███████████       ▏ 3.0 GB/4.7 GB   10 MB/s   2m47s[K[?25h[?2026l[?2026h[?25l[A[1Gpulling manifest [K
pulling 2bada8a74506:  64% ▕███████████       ▏ 3.0 GB/4.7 GB   10 MB/s   2m47s[K[?25h[?2026l[?2026h[?25l[A[1Gpulling manifest [K
pulling 2bada8a74506:  64% ▕███████████       ▏ 3.0 GB/4.7 GB   10 MB/s   2m47s[K[?25h[?2026l[?2026h[?25l[A[1Gpulling manifest [K
pulling 2bada8a74506:  64% ▕███████████       ▏ 3.0 GB/4.7 GB   10 MB/s   2m47s[K[?25h[?2026l[?2026h[?25l[A[1Gpulling manifest [K
pulling 2bada8a74506:  64% ▕███████████       ▏ 3.0 GB/4.7 GB   10 MB/s   2m47s[K[?25h[?2026l[?2026h[?25l[A[1Gpulling manifest [K
pulling 2bada8a74506:  64% ▕███████████       ▏ 3.0 GB/4.7 GB   10 MB/s   2m47s[K[?25h[?2026l[?2026h[?25l[A[1Gpulling manifest [K
pulling 2bada8a74506:  64% ▕███████████       ▏ 3.0 GB/4.7 GB   10 MB/s   2m47s[K[?25h[?2026l[?2026h[?25l[A[1Gpulling manifest [K
pulling 2bada8a74506:  64% ▕███████████       ▏ 3.0 GB/4.7 GB   10 MB/s   2m47s[K[?25h[?2026l[?2026h[?25l[A[1Gpulling manifest [K
pulling 2bada8a74506:  64% ▕███████████       ▏ 3.0 GB/4.7 GB   10 MB/s   2m47s[K[?25h[?2026l[?2026h[?25l[A[1Gpulling manifest [K
pulling 2bada8a74506:  64% ▕███████████       ▏ 3.0 GB/4.7 GB   10 MB/s   2m47s[K[?25h[?2026l[?2026h[?25l[A[1Gpulling manifest [K
pulling 2bada8a74506:  64% ▕███████████       ▏ 3.0 GB/4.7 GB   10 MB/s   2m47s[K[?25h[?2026l[?2026h[?25l[A[1Gpulling manifest [K
pulling 2bada8a74506:  64% ▕███████████       ▏ 3.0 GB/4.7 GB   10 MB/s   2m47s[K[?25h[?2026l[?2026h[?25l[A[1Gpulling manifest [K
pulling 2bada8a74506:  64% ▕███████████       ▏ 3.0 GB/4.7 GB   10 MB/s   2m47s[K[?25h[?2026l[?2026h[?25l[A[1Gpulling manifest [K
pulling 2bada8a74506:  64% ▕███████████       ▏ 3.0 GB/4.7 GB   10 MB/s   2m46s[K[?25h[?2026l[?2026h[?25l[A[1Gpulling manifest [K
pulling 2bada8a74506:  64% ▕███████████       ▏ 3.0 GB/4.7 GB   10 MB/s   2m46s[K[?25h[?2026l[?2026h[?25l[A[1Gpulling manifest [K
pulling 2bada8a74506:  64% ▕███████████       ▏ 3.0 GB/4.7 GB   10 MB/s   2m46s[K[?25h[?2026l[?2026h[?25l[A[1Gpulling manifest [K
pulling 2bada8a74506:  64% ▕███████████       ▏ 3.0 GB/4.7 GB   10 MB/s   2m46s[K[?25h[?2026l[?2026h[?25l[A[1Gpulling manifest [K
pulling 2bada8a74506:  64% ▕███████████       ▏ 3.0 GB/4.7 GB   10 MB/s   2m42s[K[?25h[?2026l[?2026h[?25l[A[1Gpulling manifest [K
pulling 2bada8a74506:  64% ▕███████████       ▏ 3.0 GB/4.7 GB   10 MB/s   2m42s[K[?25h[?2026l[?2026h[?25l[A[1Gpulling manifest [K
pulling 2bada8a74506:  64% ▕███████████       ▏ 3.0 GB/4.7 GB   10 MB/s   2m41s[K[?25h[?2026l[?2026h[?25l[A[1Gpulling manifest [K
pulling 2bada8a74506:  64% ▕███████████       ▏ 3.0 GB/4.7 GB   10 MB/s   2m41s[K[?25h[?2026l[?2026h[?25l[A[1Gpulling manifest [K
pulling 2bada8a74506:  64% ▕███████████       ▏ 3.0 GB/4.7 GB   10 MB/s   2m41s[K[?25h[?2026l[?2026h[?25l[A[1Gpulling manifest [K
pulling 2bada8a74506:  64% ▕███████████       ▏ 3.0 GB/4.7 GB   10 MB/s   2m41s[K[?25h[?2026l[?2026h[?25l[A[1Gpulling manifest [K
pulling 2bada8a74506:  64% ▕███████████       ▏ 3.0 GB/4.7 GB   10 MB/s   2m41s[K[?25h[?2026l[?2026h[?25l[A[1Gpulling manifest [K
pulling 2bada8a74506:  64% ▕███████████       ▏ 3.0 GB/4.7 GB   10 MB/s   2m41s[K[?25h[?2026l[?2026h[?25l[A[1Gpulling manifest [K
pulling 2bada8a74506:  64% ▕███████████       ▏ 3.0 GB/4.7 GB   10 MB/s   2m41s[K[?25h[?2026l[?2026h[?25l[A[1Gpulling manifest [K
pulling 2bada8a74506:  64% ▕███████████       ▏ 3.0 GB/4.7 GB   10 MB/s   2m41s[K[?25h[?2026l[?2026h[?25l[A[1Gpulling manifest [K
pulling 2bada8a74506:  64% ▕███████████       ▏ 3.0 GB/4.7 GB   10 MB/s   2m41s[K[?25h[?2026l[?2026h[?25l[A[1Gpulling manifest [K
pulling 2bada8a74506:  64% ▕███████████       ▏ 3.0 GB/4.7 GB   10 MB/s   2m40s[K[?25h[?2026l[?2026h[?25l[A[1Gpulling manifest [K
pulling 2bada8a74506:  64% ▕███████████       ▏ 3.0 GB/4.7 GB   10 MB/s   2m40s[K[?25h[?2026l[?2026h[?25l[A[1Gpulling manifest [K
pulling 2bada8a74506:  64% ▕███████████       ▏ 3.0 GB/4.7 GB   10 MB/s   2m40s[K[?25h[?2026l[?2026h[?25l[A[1Gpulling manifest [K
pulling 2bada8a74506:  64% ▕███████████       ▏ 3.0 GB/4.7 GB   10 MB/s   2m40s[K[?25h[?2026l[?2026h[?25l[A[1Gpulling manifest [K
pulling 2bada8a74506:  64% ▕███████████       ▏ 3.0 GB/4.7 GB   10 MB/s   2m40s[K[?25h[?2026l[?2026h[?25l[A[1Gpulling manifest [K
pulling 2bada8a74506:  64% ▕███████████       ▏ 3.0 GB/4.7 GB   10 MB/s   2m40s[K[?25h[?2026l[?2026h[?25l[A[1Gpulling manifest [K
pulling 2bada8a74506:  64% ▕███████████       ▏ 3.0 GB/4.7 GB   10 MB/s   2m40s[K[?25h[?2026l[?2026h[?25l[A[1Gpulling manifest [K
pulling 2bada8a74506:  64% ▕███████████       ▏ 3.0 GB/4.7 GB   10 MB/s   2m40s[K[?25h[?2026l[?2026h[?25l[A[1Gpulling manifest [K
pulling 2bada8a74506:  64% ▕███████████       ▏ 3.0 GB/4.7 GB   10 MB/s   2m40s[K[?25h[?2026l[?2026h[?25l[A[1Gpulling manifest [K
pulling 2bada8a74506:  64% ▕███████████       ▏ 3.0 GB/4.7 GB   10 MB/s   2m39s[K[?25h[?2026l[?2026h[?25l[A[1Gpulling manifest [K
pulling 2bada8a74506:  65% ▕███████████       ▏ 3.0 GB/4.7 GB   10 MB/s   2m38s[K[?25h[?2026l[?2026h[?25l[A[1Gpulling manifest [K
pulling 2bada8a74506:  65% ▕███████████       ▏ 3.0 GB/4.7 GB   10 MB/s   2m38s[K[?25h[?2026l[?2026h[?25l[A[1Gpulling manifest [K
pulling 2bada8a74506:  65% ▕███████████       ▏ 3.0 GB/4.7 GB   10 MB/s   2m38s[K[?25h[?2026l[?2026h[?25l[A[1Gpulling manifest [K
pulling 2bada8a74506:  65% ▕███████████       ▏ 3.0 GB/4.7 GB   10 MB/s   2m38s[K[?25h[?2026l[?2026h[?25l[A[1Gpulling manifest [K
pulling 2bada8a74506:  65% ▕███████████       ▏ 3.0 GB/4.7 GB   10 MB/s   2m37s[K[?25h[?2026l[?2026h[?25l[A[1Gpulling manifest [K
pulling 2bada8a74506:  65% ▕███████████       ▏ 3.0 GB/4.7 GB   10 MB/s   2m37s[K[?25h[?2026l[?2026h[?25l[A[1Gpulling manifest [K
pulling 2bada8a74506:  65% ▕███████████       ▏ 3.0 GB/4.7 GB   10 MB/s   2m37s[K[?25h[?2026l[?2026h[?25l[A[1Gpulling manifest [K
pulling 2bada8a74506:  65% ▕███████████       ▏ 3.0 GB/4.7 GB   10 MB/s   2m37s[K[?25h[?2026l[?2026h[?25l[A[1Gpulling manifest [K
pulling 2bada8a74506:  65% ▕███████████       ▏ 3.0 GB/4.7 GB   10 MB/s   2m37s[K[?25h[?2026l[?2026h[?25l[A[1Gpulling manifest [K
pulling 2bada8a74506:  65% ▕███████████       ▏ 3.0 GB/4.7 GB   10 MB/s   2m37s[K[?25h[?2026l[?2026h[?25l[A[1Gpulling manifest [K
pulling 2bada8a74506:  65% ▕███████████       ▏ 3.0 GB/4.7 GB   10 MB/s   2m35s[K[?25h[?2026l[?2026h[?25l[A[1Gpulling manifest [K
pulling 2bada8a74506:  65% ▕███████████       ▏ 3.0 GB/4.7 GB   10 MB/s   2m35s[K[?25h[?2026l[?2026h[?25l[A[1Gpulling manifest [K
pulling 2bada8a74506:  65% ▕███████████       ▏ 3.0 GB/4.7 GB   10 MB/s   2m35s[K[?25h[?2026l[?2026h[?25l[A[1Gpulling manifest [K
pulling 2bada8a74506:  65% ▕███████████       ▏ 3.0 GB/4.7 GB   10 MB/s   2m35s[K[?25h[?2026l[?2026h[?25l[A[1Gpulling manifest [K
pulling 2bada8a74506:  65% ▕███████████       ▏ 3.0 GB/4.7 GB   10 MB/s   2m35s[K[?25h[?2026l[?2026h[?25l[A[1Gpulling manifest [K
pulling 2bada8a74506:  65% ▕███████████       ▏ 3.0 GB/4.7 GB   10 MB/s   2m34s[K[?25h[?2026l[?2026h[?25l[A[1Gpulling manifest [K
pulling 2bada8a74506:  65% ▕███████████       ▏ 3.0 GB/4.7 GB   10 MB/s   2m34s[K[?25h[?2026l[?2026h[?25l[A[1Gpulling manifest [K
pulling 2bada8a74506:  65% ▕███████████       ▏ 3.0 GB/4.7 GB   10 MB/s   2m34s[K[?25h[?2026l[?2026h[?25l[A[1Gpulling manifest [K
pulling 2bada8a74506:  65% ▕███████████       ▏ 3.0 GB/4.7 GB   10 MB/s   2m34s[K[?25h[?2026l[?2026h[?25l[A[1Gpulling manifest [K
pulling 2bada8a74506:  65% ▕███████████       ▏ 3.0 GB/4.7 GB   10 MB/s   2m34s[K[?25h[?2026l[?2026h[?25l[A[1Gpulling manifest [K
pulling 2bada8a74506:  65% ▕███████████       ▏ 3.0 GB/4.7 GB   10 MB/s   2m32s[K[?25h[?2026l[?2026h[?25l[A[1Gpulling manifest [K
pulling 2bada8a74506:  65% ▕███████████       ▏ 3.0 GB/4.7 GB   10 MB/s   2m31s[K[?25h[?2026l[?2026h[?25l[A[1Gpulling manifest [K
pulling 2bada8a74506:  65% ▕███████████       ▏ 3.0 GB/4.7 GB   10 MB/s   2m31s[K[?25h[?2026l[?2026h[?25l[A[1Gpulling manifest [K
pulling 2bada8a74506:  65% ▕███████████       ▏ 3.0 GB/4.7 GB   10 MB/s   2m31s[K[?25h[?2026l[?2026h[?25l[A[1Gpulling manifest [K
pulling 2bada8a74506:  65% ▕███████████       ▏ 3.0 GB/4.7 GB   10 MB/s   2m31s[K[?25h[?2026l[?2026h[?25l[A[1Gpulling manifest [K
pulling 2bada8a74506:  65% ▕███████████       ▏ 3.0 GB/4.7 GB   10 MB/s   2m31s[K[?25h[?2026l[?2026h[?25l[A[1Gpulling manifest [K
pulling 2bada8a74506:  65% ▕███████████       ▏ 3.0 GB/4.7 GB   10 MB/s   2m31s[K[?25h[?2026l[?2026h[?25l[A[1Gpulling manifest [K
pulling 2bada8a74506:  65% ▕███████████       ▏ 3.1 GB/4.7 GB   10 MB/s   2m31s[K[?25h[?2026l[?2026h[?25l[A[1Gpulling manifest [K
pulling 2bada8a74506:  65% ▕███████████       ▏ 3.1 GB/4.7 GB   10 MB/s   2m31s[K[?25h[?2026l[?2026h[?25l[A[1Gpulling manifest [K
pulling 2bada8a74506:  65% ▕███████████       ▏ 3.1 GB/4.7 GB   10 MB/s   2m31s[K[?25h[?2026l[?2026h[?25l[A[1Gpulling manifest [K
pulling 2bada8a74506:  65% ▕███████████       ▏ 3.1 GB/4.7 GB   10 MB/s   2m28s[K[?25h[?2026l[?2026h[?25l[A[1Gpulling manifest [K
pulling 2bada8a74506:  65% ▕███████████       ▏ 3.1 GB/4.7 GB   10 MB/s   2m28s[K[?25h[?2026l[?2026h[?25l[A[1Gpulling manifest [K
pulling 2bada8a74506:  65% ▕███████████       ▏ 3.1 GB/4.7 GB   10 MB/s   2m28s[K[?25h[?2026l[?2026h[?25l[A[1Gpulling manifest [K
pulling 2bada8a74506:  65% ▕███████████       ▏ 3.1 GB/4.7 GB   10 MB/s   2m28s[K[?25h[?2026l[?2026h[?25l[A[1Gpulling manifest [K
pulling 2bada8a74506:  65% ▕███████████       ▏ 3.1 GB/4.7 GB   10 MB/s   2m28s[K[?25h[?2026l[?2026h[?25l[A[1Gpulling manifest [K
pulling 2bada8a74506:  65% ▕███████████       ▏ 3.1 GB/4.7 GB   10 MB/s   2m28s[K[?25h[?2026l[?2026h[?25l[A[1Gpulling manifest [K
pulling 2bada8a74506:  65% ▕███████████       ▏ 3.1 GB/4.7 GB   10 MB/s   2m28s[K[?25h[?2026l[?2026h[?25l[A[1Gpulling manifest [K
pulling 2bada8a74506:  65% ▕███████████       ▏ 3.1 GB/4.7 GB   10 MB/s   2m28s[K[?25h[?2026l[?2026h[?25l[A[1Gpulling manifest [K
pulling 2bada8a74506:  65% ▕███████████       ▏ 3.1 GB/4.7 GB   10 MB/s   2m27s[K[?25h[?2026l[?2026h[?25l[A[1Gpulling manifest [K
pulling 2bada8a74506:  65% ▕███████████       ▏ 3.1 GB/4.7 GB   10 MB/s   2m27s[K[?25h[?2026l[?2026h[?25l[A[1Gpulling manifest [K
pulling 2bada8a74506:  65% ▕███████████       ▏ 3.1 GB/4.7 GB   10 MB/s   2m27s[K[?25h[?2026l[?2026h[?25l[A[1Gpulling manifest [K
pulling 2bada8a74506:  65% ▕███████████       ▏ 3.1 GB/4.7 GB   10 MB/s   2m28s[K[?25h[?2026l[?2026h[?25l[A[1Gpulling manifest [K
pulling 2bada8a74506:  65% ▕███████████       ▏ 3.1 GB/4.7 GB   10 MB/s   2m27s[K[?25h[?2026l[?2026h[?25l[A[1Gpulling manifest [K
pulling 2bada8a74506:  66% ▕███████████       ▏ 3.1 GB/4.7 GB   10 MB/s   2m27s[K[?25h[?2026l[?2026h[?25l[A[1Gpulling manifest [K
pulling 2bada8a74506:  66% ▕███████████       ▏ 3.1 GB/4.7 GB   10 MB/s   2m27s[K[?25h[?2026l[?2026h[?25l[A[1Gpulling manifest [K
pulling 2bada8a74506:  66% ▕███████████       ▏ 3.1 GB/4.7 GB   10 MB/s   2m27s[K[?25h[?2026l[?2026h[?25l[A[1Gpulling manifest [K
pulling 2bada8a74506:  66% ▕███████████       ▏ 3.1 GB/4.7 GB   10 MB/s   2m27s[K[?25h[?2026l[?2026h[?25l[A[1Gpulling manifest [K
pulling 2bada8a74506:  66% ▕███████████       ▏ 3.1 GB/4.7 GB   10 MB/s   2m27s[K[?25h[?2026l[?2026h[?25l[A[1Gpulling manifest [K
pulling 2bada8a74506:  66% ▕███████████       ▏ 3.1 GB/4.7 GB   10 MB/s   2m27s[K[?25h[?2026l[?2026h[?25l[A[1Gpulling manifest [K
pulling 2bada8a74506:  66% ▕███████████       ▏ 3.1 GB/4.7 GB   10 MB/s   2m27s[K[?25h[?2026l[?2026h[?25l[A[1Gpulling manifest [K
pulling 2bada8a74506:  66% ▕███████████       ▏ 3.1 GB/4.7 GB   10 MB/s   2m27s[K[?25h[?2026l[?2026h[?25l[A[1Gpulling manifest [K
pulling 2bada8a74506:  66% ▕███████████       ▏ 3.1 GB/4.7 GB   10 MB/s   2m26s[K[?25h[?2026l[?2026h[?25l[A[1Gpulling manifest [K
pulling 2bada8a74506:  66% ▕███████████       ▏ 3.1 GB/4.7 GB   10 MB/s   2m26s[K[?25h[?2026l[?2026h[?25l[A[1Gpulling manifest [K
pulling 2bada8a74506:  66% ▕███████████       ▏ 3.1 GB/4.7 GB   10 MB/s   2m26s[K[?25h[?2026l[?2026h[?25l[A[1Gpulling manifest [K
pulling 2bada8a74506:  66% ▕███████████       ▏ 3.1 GB/4.7 GB   10 MB/s   2m25s[K[?25h[?2026l[?2026h[?25l[A[1Gpulling manifest [K
pulling 2bada8a74506:  66% ▕███████████       ▏ 3.1 GB/4.7 GB   10 MB/s   2m25s[K[?25h[?2026l[?2026h[?25l[A[1Gpulling manifest [K
pulling 2bada8a74506:  66% ▕███████████       ▏ 3.1 GB/4.7 GB   10 MB/s   2m25s[K[?25h[?2026l[?2026h[?25l[A[1Gpulling manifest [K
pulling 2bada8a74506:  66% ▕███████████       ▏ 3.1 GB/4.7 GB   10 MB/s   2m25s[K[?25h[?2026l[?2026h[?25l[A[1Gpulling manifest [K
pulling 2bada8a74506:  66% ▕███████████       ▏ 3.1 GB/4.7 GB   10 MB/s   2m25s[K[?25h[?2026l[?2026h[?25l[A[1Gpulling manifest [K
pulling 2bada8a74506:  66% ▕███████████       ▏ 3.1 GB/4.7 GB   10 MB/s   2m25s[K[?25h[?2026l[?2026h[?25l[A[1Gpulling manifest [K
pulling 2bada8a74506:  66% ▕███████████       ▏ 3.1 GB/4.7 GB   10 MB/s   2m25s[K[?25h[?2026l[?2026h[?25l[A[1Gpulling manifest [K
pulling 2bada8a74506:  66% ▕███████████       ▏ 3.1 GB/4.7 GB   11 MB/s   2m22s[K[?25h[?2026l[?2026h[?25l[A[1Gpulling manifest [K
pulling 2bada8a74506:  66% ▕███████████       ▏ 3.1 GB/4.7 GB   11 MB/s   2m22s[K[?25h[?2026l[?2026h[?25l[A[1Gpulling manifest [K
pulling 2bada8a74506:  66% ▕███████████       ▏ 3.1 GB/4.7 GB   11 MB/s   2m22s[K[?25h[?2026l[?2026h[?25l[A[1Gpulling manifest [K
pulling 2bada8a74506:  66% ▕███████████       ▏ 3.1 GB/4.7 GB   11 MB/s   2m22s[K[?25h[?2026l[?2026h[?25l[A[1Gpulling manifest [K
pulling 2bada8a74506:  66% ▕███████████       ▏ 3.1 GB/4.7 GB   11 MB/s   2m22s[K[?25h[?2026l[?2026h[?25l[A[1Gpulling manifest [K
pulling 2bada8a74506:  66% ▕███████████       ▏ 3.1 GB/4.7 GB   11 MB/s   2m21s[K[?25h[?2026l[?2026h[?25l[A[1Gpulling manifest [K
pulling 2bada8a74506:  66% ▕███████████       ▏ 3.1 GB/4.7 GB   11 MB/s   2m21s[K[?25h[?2026l[?2026h[?25l[A[1Gpulling manifest [K
pulling 2bada8a74506:  66% ▕███████████       ▏ 3.1 GB/4.7 GB   11 MB/s   2m21s[K[?25h[?2026l[?2026h[?25l[A[1Gpulling manifest [K
pulling 2bada8a74506:  66% ▕███████████       ▏ 3.1 GB/4.7 GB   11 MB/s   2m21s[K[?25h[?2026l[?2026h[?25l[A[1Gpulling manifest [K
pulling 2bada8a74506:  66% ▕███████████       ▏ 3.1 GB/4.7 GB   11 MB/s   2m21s[K[?25h[?2026l[?2026h[?25l[A[1Gpulling manifest [K
pulling 2bada8a74506:  66% ▕███████████       ▏ 3.1 GB/4.7 GB   11 MB/s   2m22s[K[?25h[?2026l[?2026h[?25l[A[1Gpulling manifest [K
pulling 2bada8a74506:  66% ▕███████████       ▏ 3.1 GB/4.7 GB   11 MB/s   2m22s[K[?25h[?2026l[?2026h[?25l[A[1Gpulling manifest [K
pulling 2bada8a74506:  66% ▕███████████       ▏ 3.1 GB/4.7 GB   11 MB/s   2m22s[K[?25h[?2026l[?2026h[?25l[A[1Gpulling manifest [K
pulling 2bada8a74506:  66% ▕███████████       ▏ 3.1 GB/4.7 GB   11 MB/s   2m22s[K[?25h[?2026l[?2026h[?25l[A[1Gpulling manifest [K
pulling 2bada8a74506:  66% ▕███████████       ▏ 3.1 GB/4.7 GB   11 MB/s   2m22s[K[?25h[?2026l[?2026h[?25l[A[1Gpulling manifest [K
pulling 2bada8a74506:  66% ▕███████████       ▏ 3.1 GB/4.7 GB   11 MB/s   2m22s[K[?25h[?2026l[?2026h[?25l[A[1Gpulling manifest [K
pulling 2bada8a74506:  66% ▕███████████       ▏ 3.1 GB/4.7 GB   11 MB/s   2m22s[K[?25h[?2026l[?2026h[?25l[A[1Gpulling manifest [K
pulling 2bada8a74506:  66% ▕███████████       ▏ 3.1 GB/4.7 GB   11 MB/s   2m22s[K[?25h[?2026l[?2026h[?25l[A[1Gpulling manifest [K
pulling 2bada8a74506:  66% ▕███████████       ▏ 3.1 GB/4.7 GB   11 MB/s   2m22s[K[?25h[?2026l[?2026h[?25l[A[1Gpulling manifest [K
pulling 2bada8a74506:  66% ▕███████████       ▏ 3.1 GB/4.7 GB   11 MB/s   2m21s[K[?25h[?2026l[?2026h[?25l[A[1Gpulling manifest [K
pulling 2bada8a74506:  66% ▕███████████       ▏ 3.1 GB/4.7 GB   11 MB/s   2m22s[K[?25h[?2026l[?2026h[?25l[A[1Gpulling manifest [K
pulling 2bada8a74506:  66% ▕███████████       ▏ 3.1 GB/4.7 GB   11 MB/s   2m22s[K[?25h[?2026l[?2026h[?25l[A[1Gpulling manifest [K
pulling 2bada8a74506:  66% ▕███████████       ▏ 3.1 GB/4.7 GB   11 MB/s   2m22s[K[?25h[?2026l[?2026h[?25l[A[1Gpulling manifest [K
pulling 2bada8a74506:  66% ▕███████████       ▏ 3.1 GB/4.7 GB   11 MB/s   2m22s[K[?25h[?2026l[?2026h[?25l[A[1Gpulling manifest [K
pulling 2bada8a74506:  66% ▕███████████       ▏ 3.1 GB/4.7 GB   11 MB/s   2m22s[K[?25h[?2026l[?2026h[?25l[A[1Gpulling manifest [K
pulling 2bada8a74506:  66% ▕███████████       ▏ 3.1 GB/4.7 GB   11 MB/s   2m22s[K[?25h[?2026l[?2026h[?25l[A[1Gpulling manifest [K
pulling 2bada8a74506:  67% ▕███████████       ▏ 3.1 GB/4.7 GB   11 MB/s   2m22s[K[?25h[?2026l[?2026h[?25l[A[1Gpulling manifest [K
pulling 2bada8a74506:  67% ▕███████████       ▏ 3.1 GB/4.7 GB   11 MB/s   2m22s[K[?25h[?2026l[?2026h[?25l[A[1Gpulling manifest [K
pulling 2bada8a74506:  67% ▕███████████       ▏ 3.1 GB/4.7 GB   11 MB/s   2m22s[K[?25h[?2026l[?2026h[?25l[A[1Gpulling manifest [K
pulling 2bada8a74506:  67% ▕███████████       ▏ 3.1 GB/4.7 GB   11 MB/s   2m21s[K[?25h[?2026l[?2026h[?25l[A[1Gpulling manifest [K
pulling 2bada8a74506:  67% ▕███████████       ▏ 3.1 GB/4.7 GB   11 MB/s   2m21s[K[?25h[?2026l[?2026h[?25l[A[1Gpulling manifest [K
pulling 2bada8a74506:  67% ▕███████████       ▏ 3.1 GB/4.7 GB   10 MB/s   2m22s[K[?25h[?2026l[?2026h[?25l[A[1Gpulling manifest [K
pulling 2bada8a74506:  67% ▕███████████       ▏ 3.1 GB/4.7 GB   10 MB/s   2m22s[K[?25h[?2026l[?2026h[?25l[A[1Gpulling manifest [K
pulling 2bada8a74506:  67% ▕███████████       ▏ 3.1 GB/4.7 GB   10 MB/s   2m22s[K[?25h[?2026l[?2026h[?25l[A[1Gpulling manifest [K
pulling 2bada8a74506:  67% ▕████████████      ▏ 3.1 GB/4.7 GB   10 MB/s   2m22s[K[?25h[?2026l[?2026h[?25l[A[1Gpulling manifest [K
pulling 2bada8a74506:  67% ▕████████████      ▏ 3.1 GB/4.7 GB   10 MB/s   2m22s[K[?25h[?2026l[?2026h[?25l[A[1Gpulling manifest [K
pulling 2bada8a74506:  67% ▕████████████      ▏ 3.1 GB/4.7 GB   10 MB/s   2m22s[K[?25h[?2026l[?2026h[?25l[A[1Gpulling manifest [K
pulling 2bada8a74506:  67% ▕████████████      ▏ 3.1 GB/4.7 GB   10 MB/s   2m22s[K[?25h[?2026l[?2026h[?25l[A[1Gpulling manifest [K
pulling 2bada8a74506:  67% ▕████████████      ▏ 3.1 GB/4.7 GB   10 MB/s   2m22s[K[?25h[?2026l[?2026h[?25l[A[1Gpulling manifest [K
pulling 2bada8a74506:  67% ▕████████████      ▏ 3.1 GB/4.7 GB   10 MB/s   2m22s[K[?25h[?2026l[?2026h[?25l[A[1Gpulling manifest [K
pulling 2bada8a74506:  67% ▕████████████      ▏ 3.1 GB/4.7 GB   10 MB/s   2m21s[K[?25h[?2026l[?2026h[?25l[A[1Gpulling manifest [K
pulling 2bada8a74506:  67% ▕████████████      ▏ 3.1 GB/4.7 GB   11 MB/s   2m21s[K[?25h[?2026l[?2026h[?25l[A[1Gpulling manifest [K
pulling 2bada8a74506:  67% ▕████████████      ▏ 3.1 GB/4.7 GB   11 MB/s   2m21s[K[?25h[?2026l[?2026h[?25l[A[1Gpulling manifest [K
pulling 2bada8a74506:  67% ▕████████████      ▏ 3.1 GB/4.7 GB   11 MB/s   2m20s[K[?25h[?2026l[?2026h[?25l[A[1Gpulling manifest [K
pulling 2bada8a74506:  67% ▕████████████      ▏ 3.1 GB/4.7 GB   11 MB/s   2m20s[K[?25h[?2026l[?2026h[?25l[A[1Gpulling manifest [K
pulling 2bada8a74506:  67% ▕████████████      ▏ 3.1 GB/4.7 GB   11 MB/s   2m20s[K[?25h[?2026l[?2026h[?25l[A[1Gpulling manifest [K
pulling 2bada8a74506:  67% ▕████████████      ▏ 3.1 GB/4.7 GB   11 MB/s   2m20s[K[?25h[?2026l[?2026h[?25l[A[1Gpulling manifest [K
pulling 2bada8a74506:  67% ▕████████████      ▏ 3.1 GB/4.7 GB   11 MB/s   2m20s[K[?25h[?2026l[?2026h[?25l[A[1Gpulling manifest [K
pulling 2bada8a74506:  67% ▕████████████      ▏ 3.1 GB/4.7 GB   11 MB/s   2m20s[K[?25h[?2026l[?2026h[?25l[A[1Gpulling manifest [K
pulling 2bada8a74506:  67% ▕████████████      ▏ 3.1 GB/4.7 GB   11 MB/s   2m20s[K[?25h[?2026l[?2026h[?25l[A[1Gpulling manifest [K
pulling 2bada8a74506:  67% ▕████████████      ▏ 3.1 GB/4.7 GB   11 MB/s   2m20s[K[?25h[?2026l[?2026h[?25l[A[1Gpulling manifest [K
pulling 2bada8a74506:  67% ▕████████████      ▏ 3.1 GB/4.7 GB   11 MB/s   2m19s[K[?25h[?2026l[?2026h[?25l[A[1Gpulling manifest [K
pulling 2bada8a74506:  67% ▕████████████      ▏ 3.1 GB/4.7 GB   11 MB/s   2m19s[K[?25h[?2026l[?2026h[?25l[A[1Gpulling manifest [K
pulling 2bada8a74506:  67% ▕████████████      ▏ 3.1 GB/4.7 GB   11 MB/s   2m19s[K[?25h[?2026l[?2026h[?25l[A[1Gpulling manifest [K
pulling 2bada8a74506:  67% ▕████████████      ▏ 3.1 GB/4.7 GB   11 MB/s   2m18s[K[?25h[?2026l[?2026h[?25l[A[1Gpulling manifest [K
pulling 2bada8a74506:  67% ▕████████████      ▏ 3.1 GB/4.7 GB   11 MB/s   2m18s[K[?25h[?2026l[?2026h[?25l[A[1Gpulling manifest [K
pulling 2bada8a74506:  67% ▕████████████      ▏ 3.1 GB/4.7 GB   11 MB/s   2m18s[K[?25h[?2026l[?2026h[?25l[A[1Gpulling manifest [K
pulling 2bada8a74506:  67% ▕████████████      ▏ 3.1 GB/4.7 GB   11 MB/s   2m18s[K[?25h[?2026l[?2026h[?25l[A[1Gpulling manifest [K
pulling 2bada8a74506:  67% ▕████████████      ▏ 3.2 GB/4.7 GB   11 MB/s   2m18s[K[?25h[?2026l[?2026h[?25l[A[1Gpulling manifest [K
pulling 2bada8a74506:  67% ▕████████████      ▏ 3.2 GB/4.7 GB   11 MB/s   2m18s[K[?25h[?2026l[?2026h[?25l[A[1Gpulling manifest [K
pulling 2bada8a74506:  67% ▕████████████      ▏ 3.2 GB/4.7 GB   11 MB/s   2m18s[K[?25h[?2026l[?2026h[?25l[A[1Gpulling manifest [K
pulling 2bada8a74506:  67% ▕████████████      ▏ 3.2 GB/4.7 GB   10 MB/s   2m19s[K[?25h[?2026l[?2026h[?25l[A[1Gpulling manifest [K
pulling 2bada8a74506:  67% ▕████████████      ▏ 3.2 GB/4.7 GB   10 MB/s   2m19s[K[?25h[?2026l[?2026h[?25l[A[1Gpulling manifest [K
pulling 2bada8a74506:  67% ▕████████████      ▏ 3.2 GB/4.7 GB   10 MB/s   2m19s[K[?25h[?2026l[?2026h[?25l[A[1Gpulling manifest [K
pulling 2bada8a74506:  67% ▕████████████      ▏ 3.2 GB/4.7 GB   10 MB/s   2m19s[K[?25h[?2026l[?2026h[?25l[A[1Gpulling manifest [K
pulling 2bada8a74506:  67% ▕████████████      ▏ 3.2 GB/4.7 GB   10 MB/s   2m19s[K[?25h[?2026l[?2026h[?25l[A[1Gpulling manifest [K
pulling 2bada8a74506:  67% ▕████████████      ▏ 3.2 GB/4.7 GB   10 MB/s   2m19s[K[?25h[?2026l[?2026h[?25l[A[1Gpulling manifest [K
pulling 2bada8a74506:  67% ▕████████████      ▏ 3.2 GB/4.7 GB   10 MB/s   2m19s[K[?25h[?2026l[?2026h[?25l[A[1Gpulling manifest [K
pulling 2bada8a74506:  68% ▕████████████      ▏ 3.2 GB/4.7 GB   10 MB/s   2m19s[K[?25h[?2026l[?2026h[?25l[A[1Gpulling manifest [K
pulling 2bada8a74506:  68% ▕████████████      ▏ 3.2 GB/4.7 GB   10 MB/s   2m19s[K[?25h[?2026l[?2026h[?25l[A[1Gpulling manifest [K
pulling 2bada8a74506:  68% ▕████████████      ▏ 3.2 GB/4.7 GB   10 MB/s   2m18s[K[?25h[?2026l[?2026h[?25l[A[1Gpulling manifest [K
pulling 2bada8a74506:  68% ▕████████████      ▏ 3.2 GB/4.7 GB   10 MB/s   2m18s[K[?25h[?2026l[?2026h[?25l[A[1Gpulling manifest [K
pulling 2bada8a74506:  68% ▕████████████      ▏ 3.2 GB/4.7 GB   10 MB/s   2m18s[K[?25h[?2026l[?2026h[?25l[A[1Gpulling manifest [K
pulling 2bada8a74506:  68% ▕████████████      ▏ 3.2 GB/4.7 GB   10 MB/s   2m18s[K[?25h[?2026l[?2026h[?25l[A[1Gpulling manifest [K
pulling 2bada8a74506:  68% ▕████████████      ▏ 3.2 GB/4.7 GB   10 MB/s   2m18s[K[?25h[?2026l[?2026h[?25l[A[1Gpulling manifest [K
pulling 2bada8a74506:  68% ▕████████████      ▏ 3.2 GB/4.7 GB   10 MB/s   2m17s[K[?25h[?2026l[?2026h[?25l[A[1Gpulling manifest [K
pulling 2bada8a74506:  68% ▕████████████      ▏ 3.2 GB/4.7 GB   10 MB/s   2m17s[K[?25h[?2026l[?2026h[?25l[A[1Gpulling manifest [K
pulling 2bada8a74506:  68% ▕████████████      ▏ 3.2 GB/4.7 GB   10 MB/s   2m17s[K[?25h[?2026l[?2026h[?25l[A[1Gpulling manifest [K
pulling 2bada8a74506:  68% ▕████████████      ▏ 3.2 GB/4.7 GB   10 MB/s   2m17s[K[?25h[?2026l[?2026h[?25l[A[1Gpulling manifest [K
pulling 2bada8a74506:  68% ▕████████████      ▏ 3.2 GB/4.7 GB   10 MB/s   2m17s[K[?25h[?2026l[?2026h[?25l[A[1Gpulling manifest [K
pulling 2bada8a74506:  68% ▕████████████      ▏ 3.2 GB/4.7 GB   10 MB/s   2m17s[K[?25h[?2026l[?2026h[?25l[A[1Gpulling manifest [K
pulling 2bada8a74506:  68% ▕████████████      ▏ 3.2 GB/4.7 GB   10 MB/s   2m17s[K[?25h[?2026l[?2026h[?25l[A[1Gpulling manifest [K
pulling 2bada8a74506:  68% ▕████████████      ▏ 3.2 GB/4.7 GB   11 MB/s   2m16s[K[?25h[?2026l[?2026h[?25l[A[1Gpulling manifest [K
pulling 2bada8a74506:  68% ▕████████████      ▏ 3.2 GB/4.7 GB   11 MB/s   2m16s[K[?25h[?2026l[?2026h[?25l[A[1Gpulling manifest [K
pulling 2bada8a74506:  68% ▕████████████      ▏ 3.2 GB/4.7 GB   11 MB/s   2m16s[K[?25h[?2026l[?2026h[?25l[A[1Gpulling manifest [K
pulling 2bada8a74506:  68% ▕████████████      ▏ 3.2 GB/4.7 GB   11 MB/s   2m15s[K[?25h[?2026l[?2026h[?25l[A[1Gpulling manifest [K
pulling 2bada8a74506:  68% ▕████████████      ▏ 3.2 GB/4.7 GB   11 MB/s   2m15s[K[?25h[?2026l[?2026h[?25l[A[1Gpulling manifest [K
pulling 2bada8a74506:  68% ▕████████████      ▏ 3.2 GB/4.7 GB   11 MB/s   2m15s[K[?25h[?2026l[?2026h[?25l[A[1Gpulling manifest [K
pulling 2bada8a74506:  68% ▕████████████      ▏ 3.2 GB/4.7 GB   11 MB/s   2m15s[K[?25h[?2026l[?2026h[?25l[A[1Gpulling manifest [K
pulling 2bada8a74506:  68% ▕████████████      ▏ 3.2 GB/4.7 GB   11 MB/s   2m15s[K[?25h[?2026l[?2026h[?25l[A[1Gpulling manifest [K
pulling 2bada8a74506:  68% ▕████████████      ▏ 3.2 GB/4.7 GB   11 MB/s   2m15s[K[?25h[?2026l[?2026h[?25l[A[1Gpulling manifest [K
pulling 2bada8a74506:  68% ▕████████████      ▏ 3.2 GB/4.7 GB   11 MB/s   2m15s[K[?25h[?2026l[?2026h[?25l[A[1Gpulling manifest [K
pulling 2bada8a74506:  68% ▕████████████      ▏ 3.2 GB/4.7 GB   10 MB/s   2m16s[K[?25h[?2026l[?2026h[?25l[A[1Gpulling manifest [K
pulling 2bada8a74506:  68% ▕████████████      ▏ 3.2 GB/4.7 GB   10 MB/s   2m16s[K[?25h[?2026l[?2026h[?25l[A[1Gpulling manifest [K
pulling 2bada8a74506:  68% ▕████████████      ▏ 3.2 GB/4.7 GB   10 MB/s   2m16s[K[?25h[?2026l[?2026h[?25l[A[1Gpulling manifest [K
pulling 2bada8a74506:  68% ▕████████████      ▏ 3.2 GB/4.7 GB   10 MB/s   2m15s[K[?25h[?2026l[?2026h[?25l[A[1Gpulling manifest [K
pulling 2bada8a74506:  68% ▕████████████      ▏ 3.2 GB/4.7 GB   10 MB/s   2m15s[K[?25h[?2026l[?2026h[?25l[A[1Gpulling manifest [K
pulling 2bada8a74506:  68% ▕████████████      ▏ 3.2 GB/4.7 GB   10 MB/s   2m15s[K[?25h[?2026l[?2026h[?25l[A[1Gpulling manifest [K
pulling 2bada8a74506:  68% ▕████████████      ▏ 3.2 GB/4.7 GB   10 MB/s   2m15s[K[?25h[?2026l[?2026h[?25l[A[1Gpulling manifest [K
pulling 2bada8a74506:  68% ▕████████████      ▏ 3.2 GB/4.7 GB   10 MB/s   2m15s[K[?25h[?2026l[?2026h[?25l[A[1Gpulling manifest [K
pulling 2bada8a74506:  68% ▕████████████      ▏ 3.2 GB/4.7 GB   10 MB/s   2m15s[K[?25h[?2026l[?2026h[?25l[A[1Gpulling manifest [K
pulling 2bada8a74506:  68% ▕████████████      ▏ 3.2 GB/4.7 GB   10 MB/s   2m15s[K[?25h[?2026l[?2026h[?25l[A[1Gpulling manifest [K
pulling 2bada8a74506:  68% ▕████████████      ▏ 3.2 GB/4.7 GB   11 MB/s   2m14s[K[?25h[?2026l[?2026h[?25l[A[1Gpulling manifest [K
pulling 2bada8a74506:  68% ▕████████████      ▏ 3.2 GB/4.7 GB   11 MB/s   2m13s[K[?25h[?2026l[?2026h[?25l[A[1Gpulling manifest [K
pulling 2bada8a74506:  68% ▕████████████      ▏ 3.2 GB/4.7 GB   11 MB/s   2m13s[K[?25h[?2026l[?2026h[?25l[A[1Gpulling manifest [K
pulling 2bada8a74506:  68% ▕████████████      ▏ 3.2 GB/4.7 GB   11 MB/s   2m13s[K[?25h[?2026l[?2026h[?25l[A[1Gpulling manifest [K
pulling 2bada8a74506:  68% ▕████████████      ▏ 3.2 GB/4.7 GB   11 MB/s   2m13s[K[?25h[?2026l[?2026h[?25l[A[1Gpulling manifest [K
pulling 2bada8a74506:  68% ▕████████████      ▏ 3.2 GB/4.7 GB   11 MB/s   2m13s[K[?25h[?2026l[?2026h[?25l[A[1Gpulling manifest [K
pulling 2bada8a74506:  68% ▕████████████      ▏ 3.2 GB/4.7 GB   11 MB/s   2m13s[K[?25h[?2026l[?2026h[?25l[A[1Gpulling manifest [K
pulling 2bada8a74506:  68% ▕████████████      ▏ 3.2 GB/4.7 GB   11 MB/s   2m13s[K[?25h[?2026l[?2026h[?25l[A[1Gpulling manifest [K
pulling 2bada8a74506:  68% ▕████████████      ▏ 3.2 GB/4.7 GB   11 MB/s   2m13s[K[?25h[?2026l[?2026h[?25l[A[1Gpulling manifest [K
pulling 2bada8a74506:  69% ▕████████████      ▏ 3.2 GB/4.7 GB   11 MB/s   2m13s[K[?25h[?2026l[?2026h[?25l[A[1Gpulling manifest [K
pulling 2bada8a74506:  69% ▕████████████      ▏ 3.2 GB/4.7 GB   11 MB/s   2m11s[K[?25h[?2026l[?2026h[?25l[A[1Gpulling manifest [K
pulling 2bada8a74506:  69% ▕████████████      ▏ 3.2 GB/4.7 GB   11 MB/s   2m11s[K[?25h[?2026l[?2026h[?25l[A[1Gpulling manifest [K
pulling 2bada8a74506:  69% ▕████████████      ▏ 3.2 GB/4.7 GB   11 MB/s   2m11s[K[?25h[?2026l[?2026h[?25l[A[1Gpulling manifest [K
pulling 2bada8a74506:  69% ▕████████████      ▏ 3.2 GB/4.7 GB   11 MB/s   2m11s[K[?25h[?2026l[?2026h[?25l[A[1Gpulling manifest [K
pulling 2bada8a74506:  69% ▕████████████      ▏ 3.2 GB/4.7 GB   11 MB/s   2m10s[K[?25h[?2026l[?2026h[?25l[A[1Gpulling manifest [K
pulling 2bada8a74506:  69% ▕████████████      ▏ 3.2 GB/4.7 GB   11 MB/s   2m10s[K[?25h[?2026l[?2026h[?25l[A[1Gpulling manifest [K
pulling 2bada8a74506:  69% ▕████████████      ▏ 3.2 GB/4.7 GB   11 MB/s   2m10s[K[?25h[?2026l[?2026h[?25l[A[1Gpulling manifest [K
pulling 2bada8a74506:  69% ▕████████████      ▏ 3.2 GB/4.7 GB   11 MB/s   2m10s[K[?25h[?2026l[?2026h[?25l[A[1Gpulling manifest [K
pulling 2bada8a74506:  69% ▕████████████      ▏ 3.2 GB/4.7 GB   11 MB/s   2m10s[K[?25h[?2026l[?2026h[?25l[A[1Gpulling manifest [K
pulling 2bada8a74506:  69% ▕████████████      ▏ 3.2 GB/4.7 GB   11 MB/s   2m10s[K[?25h[?2026l[?2026h[?25l[A[1Gpulling manifest [K
pulling 2bada8a74506:  69% ▕████████████      ▏ 3.2 GB/4.7 GB   11 MB/s   2m10s[K[?25h[?2026l[?2026h[?25l[A[1Gpulling manifest [K
pulling 2bada8a74506:  69% ▕████████████      ▏ 3.2 GB/4.7 GB   11 MB/s   2m10s[K[?25h[?2026l[?2026h[?25l[A[1Gpulling manifest [K
pulling 2bada8a74506:  69% ▕████████████      ▏ 3.2 GB/4.7 GB   11 MB/s   2m10s[K[?25h[?2026l[?2026h[?25l[A[1Gpulling manifest [K
pulling 2bada8a74506:  69% ▕████████████      ▏ 3.2 GB/4.7 GB   11 MB/s   2m10s[K[?25h[?2026l[?2026h[?25l[A[1Gpulling manifest [K
pulling 2bada8a74506:  69% ▕████████████      ▏ 3.2 GB/4.7 GB   11 MB/s   2m10s[K[?25h[?2026l[?2026h[?25l[A[1Gpulling manifest [K
pulling 2bada8a74506:  69% ▕████████████      ▏ 3.2 GB/4.7 GB   11 MB/s    2m9s[K[?25h[?2026l[?2026h[?25l[A[1Gpulling manifest [K
pulling 2bada8a74506:  69% ▕████████████      ▏ 3.2 GB/4.7 GB   11 MB/s    2m9s[K[?25h[?2026l[?2026h[?25l[A[1Gpulling manifest [K
pulling 2bada8a74506:  69% ▕████████████      ▏ 3.2 GB/4.7 GB   11 MB/s    2m9s[K[?25h[?2026l[?2026h[?25l[A[1Gpulling manifest [K
pulling 2bada8a74506:  69% ▕████████████      ▏ 3.2 GB/4.7 GB   11 MB/s    2m9s[K[?25h[?2026l[?2026h[?25l[A[1Gpulling manifest [K
pulling 2bada8a74506:  69% ▕████████████      ▏ 3.2 GB/4.7 GB   11 MB/s    2m9s[K[?25h[?2026l[?2026h[?25l[A[1Gpulling manifest [K
pulling 2bada8a74506:  69% ▕████████████      ▏ 3.2 GB/4.7 GB   11 MB/s    2m9s[K[?25h[?2026l[?2026h[?25l[A[1Gpulling manifest [K
pulling 2bada8a74506:  69% ▕████████████      ▏ 3.2 GB/4.7 GB   11 MB/s   2m10s[K[?25h[?2026l[?2026h[?25l[A[1Gpulling manifest [K
pulling 2bada8a74506:  69% ▕████████████      ▏ 3.2 GB/4.7 GB   11 MB/s   2m10s[K[?25h[?2026l[?2026h[?25l[A[1Gpulling manifest [K
pulling 2bada8a74506:  69% ▕████████████      ▏ 3.2 GB/4.7 GB   11 MB/s   2m10s[K[?25h[?2026l[?2026h[?25l[A[1Gpulling manifest [K
pulling 2bada8a74506:  69% ▕████████████      ▏ 3.2 GB/4.7 GB   11 MB/s    2m9s[K[?25h[?2026l[?2026h[?25l[A[1Gpulling manifest [K
pulling 2bada8a74506:  69% ▕████████████      ▏ 3.2 GB/4.7 GB   11 MB/s    2m9s[K[?25h[?2026l[?2026h[?25l[A[1Gpulling manifest [K
pulling 2bada8a74506:  69% ▕████████████      ▏ 3.2 GB/4.7 GB   11 MB/s    2m9s[K[?25h[?2026l[?2026h[?25l[A[1Gpulling manifest [K
pulling 2bada8a74506:  69% ▕████████████      ▏ 3.2 GB/4.7 GB   11 MB/s    2m9s[K[?25h[?2026l[?2026h[?25l[A[1Gpulling manifest [K
pulling 2bada8a74506:  69% ▕████████████      ▏ 3.2 GB/4.7 GB   11 MB/s    2m9s[K[?25h[?2026l[?2026h[?25l[A[1Gpulling manifest [K
pulling 2bada8a74506:  69% ▕████████████      ▏ 3.2 GB/4.7 GB   11 MB/s    2m9s[K[?25h[?2026l[?2026h[?25l[A[1Gpulling manifest [K
pulling 2bada8a74506:  69% ▕████████████      ▏ 3.2 GB/4.7 GB   11 MB/s    2m9s[K[?25h[?2026l[?2026h[?25l[A[1Gpulling manifest [K
pulling 2bada8a74506:  69% ▕████████████      ▏ 3.2 GB/4.7 GB   11 MB/s   2m11s[K[?25h[?2026l[?2026h[?25l[A[1Gpulling manifest [K
pulling 2bada8a74506:  69% ▕████████████      ▏ 3.2 GB/4.7 GB   11 MB/s   2m10s[K[?25h[?2026l[?2026h[?25l[A[1Gpulling manifest [K
pulling 2bada8a74506:  69% ▕████████████      ▏ 3.2 GB/4.7 GB   11 MB/s   2m10s[K[?25h[?2026l[?2026h[?25l[A[1Gpulling manifest [K
pulling 2bada8a74506:  69% ▕████████████      ▏ 3.2 GB/4.7 GB   11 MB/s   2m10s[K[?25h[?2026l[?2026h[?25l[A[1Gpulling manifest [K
pulling 2bada8a74506:  69% ▕████████████      ▏ 3.2 GB/4.7 GB   11 MB/s   2m10s[K[?25h[?2026l[?2026h[?25l[A[1Gpulling manifest [K
pulling 2bada8a74506:  69% ▕████████████      ▏ 3.2 GB/4.7 GB   11 MB/s   2m10s[K[?25h[?2026l[?2026h[?25l[A[1Gpulling manifest [K
pulling 2bada8a74506:  69% ▕████████████      ▏ 3.2 GB/4.7 GB   11 MB/s   2m10s[K[?25h[?2026l[?2026h[?25l[A[1Gpulling manifest [K
pulling 2bada8a74506:  69% ▕████████████      ▏ 3.2 GB/4.7 GB   11 MB/s   2m10s[K[?25h[?2026l[?2026h[?25l[A[1Gpulling manifest [K
pulling 2bada8a74506:  69% ▕████████████      ▏ 3.3 GB/4.7 GB   11 MB/s   2m10s[K[?25h[?2026l[?2026h[?25l[A[1Gpulling manifest [K
pulling 2bada8a74506:  69% ▕████████████      ▏ 3.3 GB/4.7 GB   11 MB/s   2m10s[K[?25h[?2026l[?2026h[?25l[A[1Gpulling manifest [K
pulling 2bada8a74506:  69% ▕████████████      ▏ 3.3 GB/4.7 GB   11 MB/s    2m9s[K[?25h[?2026l[?2026h[?25l[A[1Gpulling manifest [K
pulling 2bada8a74506:  69% ▕████████████      ▏ 3.3 GB/4.7 GB   11 MB/s    2m9s[K[?25h[?2026l[?2026h[?25l[A[1Gpulling manifest [K
pulling 2bada8a74506:  70% ▕████████████      ▏ 3.3 GB/4.7 GB   11 MB/s    2m9s[K[?25h[?2026l[?2026h[?25l[A[1Gpulling manifest [K
pulling 2bada8a74506:  70% ▕████████████      ▏ 3.3 GB/4.7 GB   11 MB/s    2m9s[K[?25h[?2026l[?2026h[?25l[A[1Gpulling manifest [K
pulling 2bada8a74506:  70% ▕████████████      ▏ 3.3 GB/4.7 GB   11 MB/s    2m9s[K[?25h[?2026l[?2026h[?25l[A[1Gpulling manifest [K
pulling 2bada8a74506:  70% ▕████████████      ▏ 3.3 GB/4.7 GB   11 MB/s    2m8s[K[?25h[?2026l[?2026h[?25l[A[1Gpulling manifest [K
pulling 2bada8a74506:  70% ▕████████████      ▏ 3.3 GB/4.7 GB   11 MB/s    2m8s[K[?25h[?2026l[?2026h[?25l[A[1Gpulling manifest [K
pulling 2bada8a74506:  70% ▕████████████      ▏ 3.3 GB/4.7 GB   11 MB/s    2m8s[K[?25h[?2026l[?2026h[?25l[A[1Gpulling manifest [K
pulling 2bada8a74506:  70% ▕████████████      ▏ 3.3 GB/4.7 GB   11 MB/s    2m8s[K[?25h[?2026l[?2026h[?25l[A[1Gpulling manifest [K
pulling 2bada8a74506:  70% ▕████████████      ▏ 3.3 GB/4.7 GB   11 MB/s    2m8s[K[?25h[?2026l[?2026h[?25l[A[1Gpulling manifest [K
pulling 2bada8a74506:  70% ▕████████████      ▏ 3.3 GB/4.7 GB   11 MB/s    2m7s[K[?25h[?2026l[?2026h[?25l[A[1Gpulling manifest [K
pulling 2bada8a74506:  70% ▕████████████      ▏ 3.3 GB/4.7 GB   11 MB/s    2m7s[K[?25h[?2026l[?2026h[?25l[A[1Gpulling manifest [K
pulling 2bada8a74506:  70% ▕████████████      ▏ 3.3 GB/4.7 GB   11 MB/s    2m7s[K[?25h[?2026l[?2026h[?25l[A[1Gpulling manifest [K
pulling 2bada8a74506:  70% ▕████████████      ▏ 3.3 GB/4.7 GB   11 MB/s    2m7s[K[?25h[?2026l[?2026h[?25l[A[1Gpulling manifest [K
pulling 2bada8a74506:  70% ▕████████████      ▏ 3.3 GB/4.7 GB   11 MB/s    2m7s[K[?25h[?2026l[?2026h[?25l[A[1Gpulling manifest [K
pulling 2bada8a74506:  70% ▕████████████      ▏ 3.3 GB/4.7 GB   11 MB/s    2m7s[K[?25h[?2026l[?2026h[?25l[A[1Gpulling manifest [K
pulling 2bada8a74506:  70% ▕████████████      ▏ 3.3 GB/4.7 GB   11 MB/s    2m7s[K[?25h[?2026l[?2026h[?25l[A[1Gpulling manifest [K
pulling 2bada8a74506:  70% ▕████████████      ▏ 3.3 GB/4.7 GB   11 MB/s    2m7s[K[?25h[?2026l[?2026h[?25l[A[1Gpulling manifest [K
pulling 2bada8a74506:  70% ▕████████████      ▏ 3.3 GB/4.7 GB   11 MB/s    2m7s[K[?25h[?2026l[?2026h[?25l[A[1Gpulling manifest [K
pulling 2bada8a74506:  70% ▕████████████      ▏ 3.3 GB/4.7 GB   11 MB/s    2m7s[K[?25h[?2026l[?2026h[?25l[A[1Gpulling manifest [K
pulling 2bada8a74506:  70% ▕████████████      ▏ 3.3 GB/4.7 GB   10 MB/s    2m8s[K[?25h[?2026l[?2026h[?25l[A[1Gpulling manifest [K
pulling 2bada8a74506:  70% ▕████████████      ▏ 3.3 GB/4.7 GB   10 MB/s    2m8s[K[?25h[?2026l[?2026h[?25l[A[1Gpulling manifest [K
pulling 2bada8a74506:  70% ▕████████████      ▏ 3.3 GB/4.7 GB   10 MB/s    2m8s[K[?25h[?2026l[?2026h[?25l[A[1Gpulling manifest [K
pulling 2bada8a74506:  70% ▕████████████      ▏ 3.3 GB/4.7 GB   10 MB/s    2m8s[K[?25h[?2026l[?2026h[?25l[A[1Gpulling manifest [K
pulling 2bada8a74506:  70% ▕████████████      ▏ 3.3 GB/4.7 GB   10 MB/s    2m7s[K[?25h[?2026l[?2026h[?25l[A[1Gpulling manifest [K
pulling 2bada8a74506:  70% ▕████████████      ▏ 3.3 GB/4.7 GB   10 MB/s    2m7s[K[?25h[?2026l[?2026h[?25l[A[1Gpulling manifest [K
pulling 2bada8a74506:  70% ▕████████████      ▏ 3.3 GB/4.7 GB   10 MB/s    2m7s[K[?25h[?2026l[?2026h[?25l[A[1Gpulling manifest [K
pulling 2bada8a74506:  70% ▕████████████      ▏ 3.3 GB/4.7 GB   10 MB/s    2m7s[K[?25h[?2026l[?2026h[?25l[A[1Gpulling manifest [K
pulling 2bada8a74506:  70% ▕████████████      ▏ 3.3 GB/4.7 GB   10 MB/s    2m7s[K[?25h[?2026l[?2026h[?25l[A[1Gpulling manifest [K
pulling 2bada8a74506:  70% ▕████████████      ▏ 3.3 GB/4.7 GB   10 MB/s    2m7s[K[?25h[?2026l[?2026h[?25l[A[1Gpulling manifest [K
pulling 2bada8a74506:  70% ▕████████████      ▏ 3.3 GB/4.7 GB   10 MB/s    2m7s[K[?25h[?2026l[?2026h[?25l[A[1Gpulling manifest [K
pulling 2bada8a74506:  70% ▕████████████      ▏ 3.3 GB/4.7 GB   10 MB/s    2m7s[K[?25h[?2026l[?2026h[?25l[A[1Gpulling manifest [K
pulling 2bada8a74506:  70% ▕████████████      ▏ 3.3 GB/4.7 GB   10 MB/s    2m7s[K[?25h[?2026l[?2026h[?25l[A[1Gpulling manifest [K
pulling 2bada8a74506:  70% ▕████████████      ▏ 3.3 GB/4.7 GB   10 MB/s    2m6s[K[?25h[?2026l[?2026h[?25l[A[1Gpulling manifest [K
pulling 2bada8a74506:  70% ▕████████████      ▏ 3.3 GB/4.7 GB   10 MB/s    2m6s[K[?25h[?2026l[?2026h[?25l[A[1Gpulling manifest [K
pulling 2bada8a74506:  70% ▕████████████      ▏ 3.3 GB/4.7 GB   10 MB/s    2m6s[K[?25h[?2026l[?2026h[?25l[A[1Gpulling manifest [K
pulling 2bada8a74506:  70% ▕████████████      ▏ 3.3 GB/4.7 GB   10 MB/s    2m6s[K[?25h[?2026l[?2026h[?25l[A[1Gpulling manifest [K
pulling 2bada8a74506:  70% ▕████████████      ▏ 3.3 GB/4.7 GB   10 MB/s    2m6s[K[?25h[?2026l[?2026h[?25l[A[1Gpulling manifest [K
pulling 2bada8a74506:  70% ▕████████████      ▏ 3.3 GB/4.7 GB   10 MB/s    2m6s[K[?25h[?2026l[?2026h[?25l[A[1Gpulling manifest [K
pulling 2bada8a74506:  70% ▕████████████      ▏ 3.3 GB/4.7 GB   10 MB/s    2m6s[K[?25h[?2026l[?2026h[?25l[A[1Gpulling manifest [K
pulling 2bada8a74506:  70% ▕████████████      ▏ 3.3 GB/4.7 GB   10 MB/s    2m6s[K[?25h[?2026l[?2026h[?25l[A[1Gpulling manifest [K
pulling 2bada8a74506:  70% ▕████████████      ▏ 3.3 GB/4.7 GB   10 MB/s    2m8s[K[?25h[?2026l[?2026h[?25l[A[1Gpulling manifest [K
pulling 2bada8a74506:  70% ▕████████████      ▏ 3.3 GB/4.7 GB   10 MB/s    2m8s[K[?25h[?2026l[?2026h[?25l[A[1Gpulling manifest [K
pulling 2bada8a74506:  70% ▕████████████      ▏ 3.3 GB/4.7 GB   10 MB/s    2m8s[K[?25h[?2026l[?2026h[?25l[A[1Gpulling manifest [K
pulling 2bada8a74506:  70% ▕████████████      ▏ 3.3 GB/4.7 GB   10 MB/s    2m8s[K[?25h[?2026l[?2026h[?25l[A[1Gpulling manifest [K
pulling 2bada8a74506:  70% ▕████████████      ▏ 3.3 GB/4.7 GB   10 MB/s    2m7s[K[?25h[?2026l[?2026h[?25l[A[1Gpulling manifest [K
pulling 2bada8a74506:  70% ▕████████████      ▏ 3.3 GB/4.7 GB   10 MB/s    2m7s[K[?25h[?2026l[?2026h[?25l[A[1Gpulling manifest [K
pulling 2bada8a74506:  71% ▕████████████      ▏ 3.3 GB/4.7 GB   10 MB/s    2m7s[K[?25h[?2026l[?2026h[?25l[A[1Gpulling manifest [K
pulling 2bada8a74506:  71% ▕████████████      ▏ 3.3 GB/4.7 GB   10 MB/s    2m7s[K[?25h[?2026l[?2026h[?25l[A[1Gpulling manifest [K
pulling 2bada8a74506:  71% ▕████████████      ▏ 3.3 GB/4.7 GB   10 MB/s    2m7s[K[?25h[?2026l[?2026h[?25l[A[1Gpulling manifest [K
pulling 2bada8a74506:  71% ▕████████████      ▏ 3.3 GB/4.7 GB   10 MB/s    2m7s[K[?25h[?2026l[?2026h[?25l[A[1Gpulling manifest [K
pulling 2bada8a74506:  71% ▕████████████      ▏ 3.3 GB/4.7 GB   10 MB/s    2m9s[K[?25h[?2026l[?2026h[?25l[A[1Gpulling manifest [K
pulling 2bada8a74506:  71% ▕████████████      ▏ 3.3 GB/4.7 GB   10 MB/s    2m9s[K[?25h[?2026l[?2026h[?25l[A[1Gpulling manifest [K
pulling 2bada8a74506:  71% ▕████████████      ▏ 3.3 GB/4.7 GB   10 MB/s    2m9s[K[?25h[?2026l[?2026h[?25l[A[1Gpulling manifest [K
pulling 2bada8a74506:  71% ▕████████████      ▏ 3.3 GB/4.7 GB   10 MB/s    2m9s[K[?25h[?2026l[?2026h[?25l[A[1Gpulling manifest [K
pulling 2bada8a74506:  71% ▕████████████      ▏ 3.3 GB/4.7 GB   10 MB/s    2m9s[K[?25h[?2026l[?2026h[?25l[A[1Gpulling manifest [K
pulling 2bada8a74506:  71% ▕████████████      ▏ 3.3 GB/4.7 GB   10 MB/s    2m8s[K[?25h[?2026l[?2026h[?25l[A[1Gpulling manifest [K
pulling 2bada8a74506:  71% ▕████████████      ▏ 3.3 GB/4.7 GB   10 MB/s    2m8s[K[?25h[?2026l[?2026h[?25l[A[1Gpulling manifest [K
pulling 2bada8a74506:  71% ▕████████████      ▏ 3.3 GB/4.7 GB   10 MB/s    2m8s[K[?25h[?2026l[?2026h[?25l[A[1Gpulling manifest [K
pulling 2bada8a74506:  71% ▕████████████      ▏ 3.3 GB/4.7 GB   10 MB/s    2m8s[K[?25h[?2026l[?2026h[?25l[A[1Gpulling manifest [K
pulling 2bada8a74506:  71% ▕████████████      ▏ 3.3 GB/4.7 GB   10 MB/s    2m8s[K[?25h[?2026l[?2026h[?25l[A[1Gpulling manifest [K
pulling 2bada8a74506:  71% ▕████████████      ▏ 3.3 GB/4.7 GB   10 MB/s    2m9s[K[?25h[?2026l[?2026h[?25l[A[1Gpulling manifest [K
pulling 2bada8a74506:  71% ▕████████████      ▏ 3.3 GB/4.7 GB   10 MB/s    2m8s[K[?25h[?2026l[?2026h[?25l[A[1Gpulling manifest [K
pulling 2bada8a74506:  71% ▕████████████      ▏ 3.3 GB/4.7 GB   10 MB/s    2m8s[K[?25h[?2026l[?2026h[?25l[A[1Gpulling manifest [K
pulling 2bada8a74506:  71% ▕████████████      ▏ 3.3 GB/4.7 GB   10 MB/s    2m8s[K[?25h[?2026l[?2026h[?25l[A[1Gpulling manifest [K
pulling 2bada8a74506:  71% ▕████████████      ▏ 3.3 GB/4.7 GB   10 MB/s    2m8s[K[?25h[?2026l[?2026h[?25l[A[1Gpulling manifest [K
pulling 2bada8a74506:  71% ▕████████████      ▏ 3.3 GB/4.7 GB   10 MB/s    2m8s[K[?25h[?2026l[?2026h[?25l[A[1Gpulling manifest [K
pulling 2bada8a74506:  71% ▕████████████      ▏ 3.3 GB/4.7 GB   10 MB/s    2m8s[K[?25h[?2026l[?2026h[?25l[A[1Gpulling manifest [K
pulling 2bada8a74506:  71% ▕████████████      ▏ 3.3 GB/4.7 GB   10 MB/s    2m8s[K[?25h[?2026l[?2026h[?25l[A[1Gpulling manifest [K
pulling 2bada8a74506:  71% ▕████████████      ▏ 3.3 GB/4.7 GB   10 MB/s    2m8s[K[?25h[?2026l[?2026h[?25l[A[1Gpulling manifest [K
pulling 2bada8a74506:  71% ▕████████████      ▏ 3.3 GB/4.7 GB   10 MB/s    2m8s[K[?25h[?2026l[?2026h[?25l[A[1Gpulling manifest [K
pulling 2bada8a74506:  71% ▕████████████      ▏ 3.3 GB/4.7 GB   10 MB/s    2m9s[K[?25h[?2026l[?2026h[?25l[A[1Gpulling manifest [K
pulling 2bada8a74506:  71% ▕████████████      ▏ 3.3 GB/4.7 GB   10 MB/s    2m9s[K[?25h[?2026l[?2026h[?25l[A[1Gpulling manifest [K
pulling 2bada8a74506:  71% ▕████████████      ▏ 3.3 GB/4.7 GB   10 MB/s    2m9s[K[?25h[?2026l[?2026h[?25l[A[1Gpulling manifest [K
pulling 2bada8a74506:  71% ▕████████████      ▏ 3.3 GB/4.7 GB   10 MB/s    2m9s[K[?25h[?2026l[?2026h[?25l[A[1Gpulling manifest [K
pulling 2bada8a74506:  71% ▕████████████      ▏ 3.3 GB/4.7 GB   10 MB/s    2m9s[K[?25h[?2026l[?2026h[?25l[A[1Gpulling manifest [K
pulling 2bada8a74506:  71% ▕████████████      ▏ 3.3 GB/4.7 GB   10 MB/s    2m9s[K[?25h[?2026l[?2026h[?25l[A[1Gpulling manifest [K
pulling 2bada8a74506:  71% ▕████████████      ▏ 3.3 GB/4.7 GB   10 MB/s    2m9s[K[?25h[?2026l[?2026h[?25l[A[1Gpulling manifest [K
pulling 2bada8a74506:  71% ▕████████████      ▏ 3.3 GB/4.7 GB   10 MB/s    2m9s[K[?25h[?2026l[?2026h[?25l[A[1Gpulling manifest [K
pulling 2bada8a74506:  71% ▕████████████      ▏ 3.3 GB/4.7 GB   10 MB/s    2m9s[K[?25h[?2026l[?2026h[?25l[A[1Gpulling manifest [K
pulling 2bada8a74506:  71% ▕████████████      ▏ 3.3 GB/4.7 GB   10 MB/s    2m9s[K[?25h[?2026l[?2026h[?25l[A[1Gpulling manifest [K
pulling 2bada8a74506:  71% ▕████████████      ▏ 3.3 GB/4.7 GB   10 MB/s    2m9s[K[?25h[?2026l[?2026h[?25l[A[1Gpulling manifest [K
pulling 2bada8a74506:  71% ▕████████████      ▏ 3.3 GB/4.7 GB   10 MB/s   2m10s[K[?25h[?2026l[?2026h[?25l[A[1Gpulling manifest [K
pulling 2bada8a74506:  71% ▕████████████      ▏ 3.3 GB/4.7 GB   10 MB/s    2m9s[K[?25h[?2026l[?2026h[?25l[A[1Gpulling manifest [K
pulling 2bada8a74506:  71% ▕████████████      ▏ 3.3 GB/4.7 GB   10 MB/s    2m9s[K[?25h[?2026l[?2026h[?25l[A[1Gpulling manifest [K
pulling 2bada8a74506:  71% ▕████████████      ▏ 3.3 GB/4.7 GB   10 MB/s    2m9s[K[?25h[?2026l[?2026h[?25l[A[1Gpulling manifest [K
pulling 2bada8a74506:  71% ▕████████████      ▏ 3.3 GB/4.7 GB   10 MB/s    2m9s[K[?25h[?2026l[?2026h[?25l[A[1Gpulling manifest [K
pulling 2bada8a74506:  71% ▕████████████      ▏ 3.3 GB/4.7 GB   10 MB/s    2m9s[K[?25h[?2026l[?2026h[?25l[A[1Gpulling manifest [K
pulling 2bada8a74506:  71% ▕████████████      ▏ 3.3 GB/4.7 GB   10 MB/s    2m9s[K[?25h[?2026l[?2026h[?25l[A[1Gpulling manifest [K
pulling 2bada8a74506:  71% ▕████████████      ▏ 3.3 GB/4.7 GB   10 MB/s    2m9s[K[?25h[?2026l[?2026h[?25l[A[1Gpulling manifest [K
pulling 2bada8a74506:  71% ▕████████████      ▏ 3.3 GB/4.7 GB   10 MB/s    2m9s[K[?25h[?2026l[?2026h[?25l[A[1Gpulling manifest [K
pulling 2bada8a74506:  71% ▕████████████      ▏ 3.3 GB/4.7 GB   10 MB/s    2m9s[K[?25h[?2026l[?2026h[?25l[A[1Gpulling manifest [K
pulling 2bada8a74506:  71% ▕████████████      ▏ 3.3 GB/4.7 GB   10 MB/s   2m13s[K[?25h[?2026l[?2026h[?25l[A[1Gpulling manifest [K
pulling 2bada8a74506:  71% ▕████████████      ▏ 3.3 GB/4.7 GB   10 MB/s   2m13s[K[?25h[?2026l[?2026h[?25l[A[1Gpulling manifest [K
pulling 2bada8a74506:  71% ▕████████████      ▏ 3.3 GB/4.7 GB   10 MB/s   2m13s[K[?25h[?2026l[?2026h[?25l[A[1Gpulling manifest [K
pulling 2bada8a74506:  71% ▕████████████      ▏ 3.3 GB/4.7 GB   10 MB/s   2m13s[K[?25h[?2026l[?2026h[?25l[A[1Gpulling manifest [K
pulling 2bada8a74506:  71% ▕████████████      ▏ 3.3 GB/4.7 GB   10 MB/s   2m13s[K[?25h[?2026l[?2026h[?25l[A[1Gpulling manifest [K
pulling 2bada8a74506:  71% ▕████████████      ▏ 3.3 GB/4.7 GB   10 MB/s   2m13s[K[?25h[?2026l[?2026h[?25l[A[1Gpulling manifest [K
pulling 2bada8a74506:  72% ▕████████████      ▏ 3.3 GB/4.7 GB   10 MB/s   2m13s[K[?25h[?2026l[?2026h[?25l[A[1Gpulling manifest [K
pulling 2bada8a74506:  72% ▕████████████      ▏ 3.3 GB/4.7 GB   10 MB/s   2m13s[K[?25h[?2026l[?2026h[?25l[A[1Gpulling manifest [K
pulling 2bada8a74506:  72% ▕████████████      ▏ 3.4 GB/4.7 GB   10 MB/s   2m13s[K[?25h[?2026l[?2026h[?25l[A[1Gpulling manifest [K
pulling 2bada8a74506:  72% ▕████████████      ▏ 3.4 GB/4.7 GB   10 MB/s   2m12s[K[?25h[?2026l[?2026h[?25l[A[1Gpulling manifest [K
pulling 2bada8a74506:  72% ▕████████████      ▏ 3.4 GB/4.7 GB  9.8 MB/s   2m15s[K[?25h[?2026l[?2026h[?25l[A[1Gpulling manifest [K
pulling 2bada8a74506:  72% ▕████████████      ▏ 3.4 GB/4.7 GB  9.8 MB/s   2m15s[K[?25h[?2026l[?2026h[?25l[A[1Gpulling manifest [K
pulling 2bada8a74506:  72% ▕████████████      ▏ 3.4 GB/4.7 GB  9.8 MB/s   2m15s[K[?25h[?2026l[?2026h[?25l[A[1Gpulling manifest [K
pulling 2bada8a74506:  72% ▕████████████      ▏ 3.4 GB/4.7 GB  9.8 MB/s   2m15s[K[?25h[?2026l[?2026h[?25l[A[1Gpulling manifest [K
pulling 2bada8a74506:  72% ▕████████████      ▏ 3.4 GB/4.7 GB  9.8 MB/s   2m15s[K[?25h[?2026l[?2026h[?25l[A[1Gpulling manifest [K
pulling 2bada8a74506:  72% ▕████████████      ▏ 3.4 GB/4.7 GB  9.8 MB/s   2m15s[K[?25h[?2026l[?2026h[?25l[A[1Gpulling manifest [K
pulling 2bada8a74506:  72% ▕████████████      ▏ 3.4 GB/4.7 GB  9.8 MB/s   2m15s[K[?25h[?2026l[?2026h[?25l[A[1Gpulling manifest [K
pulling 2bada8a74506:  72% ▕████████████      ▏ 3.4 GB/4.7 GB  9.8 MB/s   2m14s[K[?25h[?2026l[?2026h[?25l[A[1Gpulling manifest [K
pulling 2bada8a74506:  72% ▕████████████      ▏ 3.4 GB/4.7 GB  9.8 MB/s   2m14s[K[?25h[?2026l[?2026h[?25l[A[1Gpulling manifest [K
pulling 2bada8a74506:  72% ▕████████████      ▏ 3.4 GB/4.7 GB  9.8 MB/s   2m14s[K[?25h[?2026l[?2026h[?25l[A[1Gpulling manifest [K
pulling 2bada8a74506:  72% ▕████████████      ▏ 3.4 GB/4.7 GB  9.8 MB/s   2m14s[K[?25h[?2026l[?2026h[?25l[A[1Gpulling manifest [K
pulling 2bada8a74506:  72% ▕████████████      ▏ 3.4 GB/4.7 GB  9.8 MB/s   2m14s[K[?25h[?2026l[?2026h[?25l[A[1Gpulling manifest [K
pulling 2bada8a74506:  72% ▕████████████      ▏ 3.4 GB/4.7 GB  9.8 MB/s   2m14s[K[?25h[?2026l[?2026h[?25l[A[1Gpulling manifest [K
pulling 2bada8a74506:  72% ▕████████████      ▏ 3.4 GB/4.7 GB  9.8 MB/s   2m14s[K[?25h[?2026l[?2026h[?25l[A[1Gpulling manifest [K
pulling 2bada8a74506:  72% ▕████████████      ▏ 3.4 GB/4.7 GB  9.8 MB/s   2m14s[K[?25h[?2026l[?2026h[?25l[A[1Gpulling manifest [K
pulling 2bada8a74506:  72% ▕████████████      ▏ 3.4 GB/4.7 GB  9.8 MB/s   2m14s[K[?25h[?2026l[?2026h[?25l[A[1Gpulling manifest [K
pulling 2bada8a74506:  72% ▕████████████      ▏ 3.4 GB/4.7 GB  9.8 MB/s   2m14s[K[?25h[?2026l[?2026h[?25l[A[1Gpulling manifest [K
pulling 2bada8a74506:  72% ▕████████████      ▏ 3.4 GB/4.7 GB  9.8 MB/s   2m14s[K[?25h[?2026l[?2026h[?25l[A[1Gpulling manifest [K
pulling 2bada8a74506:  72% ▕████████████      ▏ 3.4 GB/4.7 GB  9.8 MB/s   2m13s[K[?25h[?2026l[?2026h[?25l[A[1Gpulling manifest [K
pulling 2bada8a74506:  72% ▕████████████      ▏ 3.4 GB/4.7 GB  9.8 MB/s   2m13s[K[?25h[?2026l[?2026h[?25l[A[1Gpulling manifest [K
pulling 2bada8a74506:  72% ▕████████████      ▏ 3.4 GB/4.7 GB  9.7 MB/s   2m14s[K[?25h[?2026l[?2026h[?25l[A[1Gpulling manifest [K
pulling 2bada8a74506:  72% ▕████████████      ▏ 3.4 GB/4.7 GB  9.7 MB/s   2m14s[K[?25h[?2026l[?2026h[?25l[A[1Gpulling manifest [K
pulling 2bada8a74506:  72% ▕████████████      ▏ 3.4 GB/4.7 GB  9.7 MB/s   2m14s[K[?25h[?2026l[?2026h[?25l[A[1Gpulling manifest [K
pulling 2bada8a74506:  72% ▕████████████      ▏ 3.4 GB/4.7 GB  9.7 MB/s   2m14s[K[?25h[?2026l[?2026h[?25l[A[1Gpulling manifest [K
pulling 2bada8a74506:  72% ▕████████████      ▏ 3.4 GB/4.7 GB  9.7 MB/s   2m14s[K[?25h[?2026l[?2026h[?25l[A[1Gpulling manifest [K
pulling 2bada8a74506:  72% ▕████████████      ▏ 3.4 GB/4.7 GB  9.7 MB/s   2m14s[K[?25h[?2026l[?2026h[?25l[A[1Gpulling manifest [K
pulling 2bada8a74506:  72% ▕████████████      ▏ 3.4 GB/4.7 GB  9.7 MB/s   2m14s[K[?25h[?2026l[?2026h[?25l[A[1Gpulling manifest [K
pulling 2bada8a74506:  72% ▕████████████      ▏ 3.4 GB/4.7 GB  9.7 MB/s   2m14s[K[?25h[?2026l[?2026h[?25l[A[1Gpulling manifest [K
pulling 2bada8a74506:  72% ▕████████████      ▏ 3.4 GB/4.7 GB  9.7 MB/s   2m14s[K[?25h[?2026l[?2026h[?25l[A[1Gpulling manifest [K
pulling 2bada8a74506:  72% ▕████████████      ▏ 3.4 GB/4.7 GB  9.7 MB/s   2m14s[K[?25h[?2026l[?2026h[?25l[A[1Gpulling manifest [K
pulling 2bada8a74506:  72% ▕████████████      ▏ 3.4 GB/4.7 GB  9.7 MB/s   2m14s[K[?25h[?2026l[?2026h[?25l[A[1Gpulling manifest [K
pulling 2bada8a74506:  72% ▕████████████      ▏ 3.4 GB/4.7 GB  9.5 MB/s   2m17s[K[?25h[?2026l[?2026h[?25l[A[1Gpulling manifest [K
pulling 2bada8a74506:  72% ▕████████████      ▏ 3.4 GB/4.7 GB  9.5 MB/s   2m17s[K[?25h[?2026l[?2026h[?25l[A[1Gpulling manifest [K
pulling 2bada8a74506:  72% ▕████████████      ▏ 3.4 GB/4.7 GB  9.5 MB/s   2m17s[K[?25h[?2026l[?2026h[?25l[A[1Gpulling manifest [K
pulling 2bada8a74506:  72% ▕█████████████     ▏ 3.4 GB/4.7 GB  9.5 MB/s   2m17s[K[?25h[?2026l[?2026h[?25l[A[1Gpulling manifest [K
pulling 2bada8a74506:  72% ▕█████████████     ▏ 3.4 GB/4.7 GB  9.5 MB/s   2m17s[K[?25h[?2026l[?2026h[?25l[A[1Gpulling manifest [K
pulling 2bada8a74506:  72% ▕█████████████     ▏ 3.4 GB/4.7 GB  9.5 MB/s   2m17s[K[?25h[?2026l[?2026h[?25l[A[1Gpulling manifest [K
pulling 2bada8a74506:  72% ▕█████████████     ▏ 3.4 GB/4.7 GB  9.5 MB/s   2m16s[K[?25h[?2026l[?2026h[?25l[A[1Gpulling manifest [K
pulling 2bada8a74506:  72% ▕█████████████     ▏ 3.4 GB/4.7 GB  9.5 MB/s   2m16s[K[?25h[?2026l[?2026h[?25l[A[1Gpulling manifest [K
pulling 2bada8a74506:  72% ▕█████████████     ▏ 3.4 GB/4.7 GB  9.5 MB/s   2m16s[K[?25h[?2026l[?2026h[?25l[A[1Gpulling manifest [K
pulling 2bada8a74506:  72% ▕█████████████     ▏ 3.4 GB/4.7 GB  9.5 MB/s   2m16s[K[?25h[?2026l[?2026h[?25l[A[1Gpulling manifest [K
pulling 2bada8a74506:  72% ▕█████████████     ▏ 3.4 GB/4.7 GB  9.3 MB/s   2m19s[K[?25h[?2026l[?2026h[?25l[A[1Gpulling manifest [K
pulling 2bada8a74506:  72% ▕█████████████     ▏ 3.4 GB/4.7 GB  9.3 MB/s   2m19s[K[?25h[?2026l[?2026h[?25l[A[1Gpulling manifest [K
pulling 2bada8a74506:  72% ▕█████████████     ▏ 3.4 GB/4.7 GB  9.3 MB/s   2m19s[K[?25h[?2026l[?2026h[?25l[A[1Gpulling manifest [K
pulling 2bada8a74506:  72% ▕█████████████     ▏ 3.4 GB/4.7 GB  9.3 MB/s   2m19s[K[?25h[?2026l[?2026h[?25l[A[1Gpulling manifest [K
pulling 2bada8a74506:  72% ▕█████████████     ▏ 3.4 GB/4.7 GB  9.3 MB/s   2m18s[K[?25h[?2026l[?2026h[?25l[A[1Gpulling manifest [K
pulling 2bada8a74506:  72% ▕█████████████     ▏ 3.4 GB/4.7 GB  9.3 MB/s   2m18s[K[?25h[?2026l[?2026h[?25l[A[1Gpulling manifest [K
pulling 2bada8a74506:  73% ▕█████████████     ▏ 3.4 GB/4.7 GB  9.3 MB/s   2m18s[K[?25h[?2026l[?2026h[?25l[A[1Gpulling manifest [K
pulling 2bada8a74506:  73% ▕█████████████     ▏ 3.4 GB/4.7 GB  9.3 MB/s   2m18s[K[?25h[?2026l[?2026h[?25l[A[1Gpulling manifest [K
pulling 2bada8a74506:  73% ▕█████████████     ▏ 3.4 GB/4.7 GB  9.3 MB/s   2m18s[K[?25h[?2026l[?2026h[?25l[A[1Gpulling manifest [K
pulling 2bada8a74506:  73% ▕█████████████     ▏ 3.4 GB/4.7 GB  9.3 MB/s   2m18s[K[?25h[?2026l[?2026h[?25l[A[1Gpulling manifest [K
pulling 2bada8a74506:  73% ▕█████████████     ▏ 3.4 GB/4.7 GB  9.3 MB/s   2m17s[K[?25h[?2026l[?2026h[?25l[A[1Gpulling manifest [K
pulling 2bada8a74506:  73% ▕█████████████     ▏ 3.4 GB/4.7 GB  9.3 MB/s   2m17s[K[?25h[?2026l[?2026h[?25l[A[1Gpulling manifest [K
pulling 2bada8a74506:  73% ▕█████████████     ▏ 3.4 GB/4.7 GB  9.3 MB/s   2m17s[K[?25h[?2026l[?2026h[?25l[A[1Gpulling manifest [K
pulling 2bada8a74506:  73% ▕█████████████     ▏ 3.4 GB/4.7 GB  9.3 MB/s   2m17s[K[?25h[?2026l[?2026h[?25l[A[1Gpulling manifest [K
pulling 2bada8a74506:  73% ▕█████████████     ▏ 3.4 GB/4.7 GB  9.3 MB/s   2m17s[K[?25h[?2026l[?2026h[?25l[A[1Gpulling manifest [K
pulling 2bada8a74506:  73% ▕█████████████     ▏ 3.4 GB/4.7 GB  9.3 MB/s   2m17s[K[?25h[?2026l[?2026h[?25l[A[1Gpulling manifest [K
pulling 2bada8a74506:  73% ▕█████████████     ▏ 3.4 GB/4.7 GB  9.3 MB/s   2m16s[K[?25h[?2026l[?2026h[?25l[A[1Gpulling manifest [K
pulling 2bada8a74506:  73% ▕█████████████     ▏ 3.4 GB/4.7 GB  9.3 MB/s   2m16s[K[?25h[?2026l[?2026h[?25l[A[1Gpulling manifest [K
pulling 2bada8a74506:  73% ▕█████████████     ▏ 3.4 GB/4.7 GB  9.3 MB/s   2m16s[K[?25h[?2026l[?2026h[?25l[A[1Gpulling manifest [K
pulling 2bada8a74506:  73% ▕█████████████     ▏ 3.4 GB/4.7 GB  9.3 MB/s   2m16s[K[?25h[?2026l[?2026h[?25l[A[1Gpulling manifest [K
pulling 2bada8a74506:  73% ▕█████████████     ▏ 3.4 GB/4.7 GB  9.4 MB/s   2m15s[K[?25h[?2026l[?2026h[?25l[A[1Gpulling manifest [K
pulling 2bada8a74506:  73% ▕█████████████     ▏ 3.4 GB/4.7 GB  9.4 MB/s   2m15s[K[?25h[?2026l[?2026h[?25l[A[1Gpulling manifest [K
pulling 2bada8a74506:  73% ▕█████████████     ▏ 3.4 GB/4.7 GB  9.4 MB/s   2m15s[K[?25h[?2026l[?2026h[?25l[A[1Gpulling manifest [K
pulling 2bada8a74506:  73% ▕█████████████     ▏ 3.4 GB/4.7 GB  9.4 MB/s   2m15s[K[?25h[?2026l[?2026h[?25l[A[1Gpulling manifest [K
pulling 2bada8a74506:  73% ▕█████████████     ▏ 3.4 GB/4.7 GB  9.4 MB/s   2m15s[K[?25h[?2026l[?2026h[?25l[A[1Gpulling manifest [K
pulling 2bada8a74506:  73% ▕█████████████     ▏ 3.4 GB/4.7 GB  9.4 MB/s   2m15s[K[?25h[?2026l[?2026h[?25l[A[1Gpulling manifest [K
pulling 2bada8a74506:  73% ▕█████████████     ▏ 3.4 GB/4.7 GB  9.4 MB/s   2m15s[K[?25h[?2026l[?2026h[?25l[A[1Gpulling manifest [K
pulling 2bada8a74506:  73% ▕█████████████     ▏ 3.4 GB/4.7 GB  9.4 MB/s   2m15s[K[?25h[?2026l[?2026h[?25l[A[1Gpulling manifest [K
pulling 2bada8a74506:  73% ▕█████████████     ▏ 3.4 GB/4.7 GB  9.4 MB/s   2m15s[K[?25h[?2026l[?2026h[?25l[A[1Gpulling manifest [K
pulling 2bada8a74506:  73% ▕█████████████     ▏ 3.4 GB/4.7 GB  9.4 MB/s   2m15s[K[?25h[?2026l[?2026h[?25l[A[1Gpulling manifest [K
pulling 2bada8a74506:  73% ▕█████████████     ▏ 3.4 GB/4.7 GB  9.3 MB/s   2m15s[K[?25h[?2026l[?2026h[?25l[A[1Gpulling manifest [K
pulling 2bada8a74506:  73% ▕█████████████     ▏ 3.4 GB/4.7 GB  9.3 MB/s   2m15s[K[?25h[?2026l[?2026h[?25l[A[1Gpulling manifest [K
pulling 2bada8a74506:  73% ▕█████████████     ▏ 3.4 GB/4.7 GB  9.3 MB/s   2m15s[K[?25h[?2026l[?2026h[?25l[A[1Gpulling manifest [K
pulling 2bada8a74506:  73% ▕█████████████     ▏ 3.4 GB/4.7 GB  9.3 MB/s   2m15s[K[?25h[?2026l[?2026h[?25l[A[1Gpulling manifest [K
pulling 2bada8a74506:  73% ▕█████████████     ▏ 3.4 GB/4.7 GB  9.3 MB/s   2m15s[K[?25h[?2026l[?2026h[?25l[A[1Gpulling manifest [K
pulling 2bada8a74506:  73% ▕█████████████     ▏ 3.4 GB/4.7 GB  9.3 MB/s   2m15s[K[?25h[?2026l[?2026h[?25l[A[1Gpulling manifest [K
pulling 2bada8a74506:  73% ▕█████████████     ▏ 3.4 GB/4.7 GB  9.3 MB/s   2m14s[K[?25h[?2026l[?2026h[?25l[A[1Gpulling manifest [K
pulling 2bada8a74506:  73% ▕█████████████     ▏ 3.4 GB/4.7 GB  9.3 MB/s   2m14s[K[?25h[?2026l[?2026h[?25l[A[1Gpulling manifest [K
pulling 2bada8a74506:  73% ▕█████████████     ▏ 3.4 GB/4.7 GB  9.3 MB/s   2m14s[K[?25h[?2026l[?2026h[?25l[A[1Gpulling manifest [K
pulling 2bada8a74506:  73% ▕█████████████     ▏ 3.4 GB/4.7 GB  9.3 MB/s   2m14s[K[?25h[?2026l[?2026h[?25l[A[1Gpulling manifest [K
pulling 2bada8a74506:  73% ▕█████████████     ▏ 3.4 GB/4.7 GB  9.3 MB/s   2m14s[K[?25h[?2026l[?2026h[?25l[A[1Gpulling manifest [K
pulling 2bada8a74506:  73% ▕█████████████     ▏ 3.4 GB/4.7 GB  9.5 MB/s   2m11s[K[?25h[?2026l[?2026h[?25l[A[1Gpulling manifest [K
pulling 2bada8a74506:  73% ▕█████████████     ▏ 3.4 GB/4.7 GB  9.5 MB/s   2m11s[K[?25h[?2026l[?2026h[?25l[A[1Gpulling manifest [K
pulling 2bada8a74506:  73% ▕█████████████     ▏ 3.4 GB/4.7 GB  9.5 MB/s   2m11s[K[?25h[?2026l[?2026h[?25l[A[1Gpulling manifest [K
pulling 2bada8a74506:  73% ▕█████████████     ▏ 3.4 GB/4.7 GB  9.5 MB/s   2m11s[K[?25h[?2026l[?2026h[?25l[A[1Gpulling manifest [K
pulling 2bada8a74506:  73% ▕█████████████     ▏ 3.4 GB/4.7 GB  9.5 MB/s   2m10s[K[?25h[?2026l[?2026h[?25l[A[1Gpulling manifest [K
pulling 2bada8a74506:  73% ▕█████████████     ▏ 3.4 GB/4.7 GB  9.5 MB/s   2m10s[K[?25h[?2026l[?2026h[?25l[A[1Gpulling manifest [K
pulling 2bada8a74506:  73% ▕█████████████     ▏ 3.4 GB/4.7 GB  9.5 MB/s   2m10s[K[?25h[?2026l[?2026h[?25l[A[1Gpulling manifest [K
pulling 2bada8a74506:  73% ▕█████████████     ▏ 3.4 GB/4.7 GB  9.5 MB/s   2m10s[K[?25h[?2026l[?2026h[?25l[A[1Gpulling manifest [K
pulling 2bada8a74506:  73% ▕█████████████     ▏ 3.4 GB/4.7 GB  9.5 MB/s   2m10s[K[?25h[?2026l[?2026h[?25l[A[1Gpulling manifest [K
pulling 2bada8a74506:  73% ▕█████████████     ▏ 3.4 GB/4.7 GB  9.5 MB/s   2m10s[K[?25h[?2026l[?2026h[?25l[A[1Gpulling manifest [K
pulling 2bada8a74506:  73% ▕█████████████     ▏ 3.4 GB/4.7 GB  9.6 MB/s    2m9s[K[?25h[?2026l[?2026h[?25l[A[1Gpulling manifest [K
pulling 2bada8a74506:  73% ▕█████████████     ▏ 3.4 GB/4.7 GB  9.6 MB/s    2m8s[K[?25h[?2026l[?2026h[?25l[A[1Gpulling manifest [K
pulling 2bada8a74506:  73% ▕█████████████     ▏ 3.4 GB/4.7 GB  9.6 MB/s    2m8s[K[?25h[?2026l[?2026h[?25l[A[1Gpulling manifest [K
pulling 2bada8a74506:  74% ▕█████████████     ▏ 3.4 GB/4.7 GB  9.6 MB/s    2m8s[K[?25h[?2026l[?2026h[?25l[A[1Gpulling manifest [K
pulling 2bada8a74506:  74% ▕█████████████     ▏ 3.4 GB/4.7 GB  9.6 MB/s    2m8s[K[?25h[?2026l[?2026h[?25l[A[1Gpulling manifest [K
pulling 2bada8a74506:  74% ▕█████████████     ▏ 3.4 GB/4.7 GB  9.6 MB/s    2m8s[K[?25h[?2026l[?2026h[?25l[A[1Gpulling manifest [K
pulling 2bada8a74506:  74% ▕█████████████     ▏ 3.4 GB/4.7 GB  9.6 MB/s    2m8s[K[?25h[?2026l[?2026h[?25l[A[1Gpulling manifest [K
pulling 2bada8a74506:  74% ▕█████████████     ▏ 3.4 GB/4.7 GB  9.6 MB/s    2m8s[K[?25h[?2026l[?2026h[?25l[A[1Gpulling manifest [K
pulling 2bada8a74506:  74% ▕█████████████     ▏ 3.4 GB/4.7 GB  9.6 MB/s    2m8s[K[?25h[?2026l[?2026h[?25l[A[1Gpulling manifest [K
pulling 2bada8a74506:  74% ▕█████████████     ▏ 3.4 GB/4.7 GB  9.6 MB/s    2m7s[K[?25h[?2026l[?2026h[?25l[A[1Gpulling manifest [K
pulling 2bada8a74506:  74% ▕█████████████     ▏ 3.5 GB/4.7 GB  9.7 MB/s    2m6s[K[?25h[?2026l[?2026h[?25l[A[1Gpulling manifest [K
pulling 2bada8a74506:  74% ▕█████████████     ▏ 3.5 GB/4.7 GB  9.7 MB/s    2m6s[K[?25h[?2026l[?2026h[?25l[A[1Gpulling manifest [K
pulling 2bada8a74506:  74% ▕█████████████     ▏ 3.5 GB/4.7 GB  9.7 MB/s    2m6s[K[?25h[?2026l[?2026h[?25l[A[1Gpulling manifest [K
pulling 2bada8a74506:  74% ▕█████████████     ▏ 3.5 GB/4.7 GB  9.7 MB/s    2m6s[K[?25h[?2026l[?2026h[?25l[A[1Gpulling manifest [K
pulling 2bada8a74506:  74% ▕█████████████     ▏ 3.5 GB/4.7 GB  9.7 MB/s    2m6s[K[?25h[?2026l[?2026h[?25l[A[1Gpulling manifest [K
pulling 2bada8a74506:  74% ▕█████████████     ▏ 3.5 GB/4.7 GB  9.7 MB/s    2m6s[K[?25h[?2026l[?2026h[?25l[A[1Gpulling manifest [K
pulling 2bada8a74506:  74% ▕█████████████     ▏ 3.5 GB/4.7 GB  9.7 MB/s    2m6s[K[?25h[?2026l[?2026h[?25l[A[1Gpulling manifest [K
pulling 2bada8a74506:  74% ▕█████████████     ▏ 3.5 GB/4.7 GB  9.7 MB/s    2m5s[K[?25h[?2026l[?2026h[?25l[A[1Gpulling manifest [K
pulling 2bada8a74506:  74% ▕█████████████     ▏ 3.5 GB/4.7 GB  9.7 MB/s    2m5s[K[?25h[?2026l[?2026h[?25l[A[1Gpulling manifest [K
pulling 2bada8a74506:  74% ▕█████████████     ▏ 3.5 GB/4.7 GB  9.7 MB/s    2m5s[K[?25h[?2026l[?2026h[?25l[A[1Gpulling manifest [K
pulling 2bada8a74506:  74% ▕█████████████     ▏ 3.5 GB/4.7 GB  9.9 MB/s    2m3s[K[?25h[?2026l[?2026h[?25l[A[1Gpulling manifest [K
pulling 2bada8a74506:  74% ▕█████████████     ▏ 3.5 GB/4.7 GB  9.9 MB/s    2m3s[K[?25h[?2026l[?2026h[?25l[A[1Gpulling manifest [K
pulling 2bada8a74506:  74% ▕█████████████     ▏ 3.5 GB/4.7 GB  9.9 MB/s    2m3s[K[?25h[?2026l[?2026h[?25l[A[1Gpulling manifest [K
pulling 2bada8a74506:  74% ▕█████████████     ▏ 3.5 GB/4.7 GB  9.9 MB/s    2m3s[K[?25h[?2026l[?2026h[?25l[A[1Gpulling manifest [K
pulling 2bada8a74506:  74% ▕█████████████     ▏ 3.5 GB/4.7 GB  9.9 MB/s    2m3s[K[?25h[?2026l[?2026h[?25l[A[1Gpulling manifest [K
pulling 2bada8a74506:  74% ▕█████████████     ▏ 3.5 GB/4.7 GB  9.9 MB/s    2m2s[K[?25h[?2026l[?2026h[?25l[A[1Gpulling manifest [K
pulling 2bada8a74506:  74% ▕█████████████     ▏ 3.5 GB/4.7 GB  9.9 MB/s    2m2s[K[?25h[?2026l[?2026h[?25l[A[1Gpulling manifest [K
pulling 2bada8a74506:  74% ▕█████████████     ▏ 3.5 GB/4.7 GB  9.9 MB/s    2m2s[K[?25h[?2026l[?2026h[?25l[A[1Gpulling manifest [K
pulling 2bada8a74506:  74% ▕█████████████     ▏ 3.5 GB/4.7 GB  9.9 MB/s    2m2s[K[?25h[?2026l[?2026h[?25l[A[1Gpulling manifest [K
pulling 2bada8a74506:  74% ▕█████████████     ▏ 3.5 GB/4.7 GB  9.9 MB/s    2m2s[K[?25h[?2026l[?2026h[?25l[A[1Gpulling manifest [K
pulling 2bada8a74506:  74% ▕█████████████     ▏ 3.5 GB/4.7 GB   10 MB/s   1m58s[K[?25h[?2026l[?2026h[?25l[A[1Gpulling manifest [K
pulling 2bada8a74506:  74% ▕█████████████     ▏ 3.5 GB/4.7 GB   10 MB/s   1m58s[K[?25h[?2026l[?2026h[?25l[A[1Gpulling manifest [K
pulling 2bada8a74506:  74% ▕█████████████     ▏ 3.5 GB/4.7 GB   10 MB/s   1m58s[K[?25h[?2026l[?2026h[?25l[A[1Gpulling manifest [K
pulling 2bada8a74506:  74% ▕█████████████     ▏ 3.5 GB/4.7 GB   10 MB/s   1m58s[K[?25h[?2026l[?2026h[?25l[A[1Gpulling manifest [K
pulling 2bada8a74506:  74% ▕█████████████     ▏ 3.5 GB/4.7 GB   10 MB/s   1m57s[K[?25h[?2026l[?2026h[?25l[A[1Gpulling manifest [K
pulling 2bada8a74506:  74% ▕█████████████     ▏ 3.5 GB/4.7 GB   10 MB/s   1m57s[K[?25h[?2026l[?2026h[?25l[A[1Gpulling manifest [K
pulling 2bada8a74506:  74% ▕█████████████     ▏ 3.5 GB/4.7 GB   10 MB/s   1m57s[K[?25h[?2026l[?2026h[?25l[A[1Gpulling manifest [K
pulling 2bada8a74506:  74% ▕█████████████     ▏ 3.5 GB/4.7 GB   10 MB/s   1m57s[K[?25h[?2026l[?2026h[?25l[A[1Gpulling manifest [K
pulling 2bada8a74506:  74% ▕█████████████     ▏ 3.5 GB/4.7 GB   10 MB/s   1m57s[K[?25h[?2026l[?2026h[?25l[A[1Gpulling manifest [K
pulling 2bada8a74506:  74% ▕█████████████     ▏ 3.5 GB/4.7 GB   10 MB/s   1m57s[K[?25h[?2026l[?2026h[?25l[A[1Gpulling manifest [K
pulling 2bada8a74506:  74% ▕█████████████     ▏ 3.5 GB/4.7 GB   10 MB/s   1m57s[K[?25h[?2026l[?2026h[?25l[A[1Gpulling manifest [K
pulling 2bada8a74506:  74% ▕█████████████     ▏ 3.5 GB/4.7 GB   10 MB/s   1m54s[K[?25h[?2026l[?2026h[?25l[A[1Gpulling manifest [K
pulling 2bada8a74506:  74% ▕█████████████     ▏ 3.5 GB/4.7 GB   10 MB/s   1m54s[K[?25h[?2026l[?2026h[?25l[A[1Gpulling manifest [K
pulling 2bada8a74506:  74% ▕█████████████     ▏ 3.5 GB/4.7 GB   10 MB/s   1m54s[K[?25h[?2026l[?2026h[?25l[A[1Gpulling manifest [K
pulling 2bada8a74506:  74% ▕█████████████     ▏ 3.5 GB/4.7 GB   10 MB/s   1m54s[K[?25h[?2026l[?2026h[?25l[A[1Gpulling manifest [K
pulling 2bada8a74506:  74% ▕█████████████     ▏ 3.5 GB/4.7 GB   10 MB/s   1m54s[K[?25h[?2026l[?2026h[?25l[A[1Gpulling manifest [K
pulling 2bada8a74506:  74% ▕█████████████     ▏ 3.5 GB/4.7 GB   10 MB/s   1m54s[K[?25h[?2026l[?2026h[?25l[A[1Gpulling manifest [K
pulling 2bada8a74506:  75% ▕█████████████     ▏ 3.5 GB/4.7 GB   10 MB/s   1m54s[K[?25h[?2026l[?2026h[?25l[A[1Gpulling manifest [K
pulling 2bada8a74506:  75% ▕█████████████     ▏ 3.5 GB/4.7 GB   10 MB/s   1m53s[K[?25h[?2026l[?2026h[?25l[A[1Gpulling manifest [K
pulling 2bada8a74506:  75% ▕█████████████     ▏ 3.5 GB/4.7 GB   10 MB/s   1m53s[K[?25h[?2026l[?2026h[?25l[A[1Gpulling manifest [K
pulling 2bada8a74506:  75% ▕█████████████     ▏ 3.5 GB/4.7 GB   10 MB/s   1m53s[K[?25h[?2026l[?2026h[?25l[A[1Gpulling manifest [K
pulling 2bada8a74506:  75% ▕█████████████     ▏ 3.5 GB/4.7 GB   10 MB/s   1m52s[K[?25h[?2026l[?2026h[?25l[A[1Gpulling manifest [K
pulling 2bada8a74506:  75% ▕█████████████     ▏ 3.5 GB/4.7 GB   10 MB/s   1m52s[K[?25h[?2026l[?2026h[?25l[A[1Gpulling manifest [K
pulling 2bada8a74506:  75% ▕█████████████     ▏ 3.5 GB/4.7 GB   10 MB/s   1m52s[K[?25h[?2026l[?2026h[?25l[A[1Gpulling manifest [K
pulling 2bada8a74506:  75% ▕█████████████     ▏ 3.5 GB/4.7 GB   10 MB/s   1m52s[K[?25h[?2026l[?2026h[?25l[A[1Gpulling manifest [K
pulling 2bada8a74506:  75% ▕█████████████     ▏ 3.5 GB/4.7 GB   10 MB/s   1m52s[K[?25h[?2026l[?2026h[?25l[A[1Gpulling manifest [K
pulling 2bada8a74506:  75% ▕█████████████     ▏ 3.5 GB/4.7 GB   10 MB/s   1m52s[K[?25h[?2026l[?2026h[?25l[A[1Gpulling manifest [K
pulling 2bada8a74506:  75% ▕█████████████     ▏ 3.5 GB/4.7 GB   10 MB/s   1m51s[K[?25h[?2026l[?2026h[?25l[A[1Gpulling manifest [K
pulling 2bada8a74506:  75% ▕█████████████     ▏ 3.5 GB/4.7 GB   10 MB/s   1m51s[K[?25h[?2026l[?2026h[?25l[A[1Gpulling manifest [K
pulling 2bada8a74506:  75% ▕█████████████     ▏ 3.5 GB/4.7 GB   10 MB/s   1m51s[K[?25h[?2026l[?2026h[?25l[A[1Gpulling manifest [K
pulling 2bada8a74506:  75% ▕█████████████     ▏ 3.5 GB/4.7 GB   10 MB/s   1m51s[K[?25h[?2026l[?2026h[?25l[A[1Gpulling manifest [K
pulling 2bada8a74506:  75% ▕█████████████     ▏ 3.5 GB/4.7 GB   10 MB/s   1m46s[K[?25h[?2026l[?2026h[?25l[A[1Gpulling manifest [K
pulling 2bada8a74506:  75% ▕█████████████     ▏ 3.5 GB/4.7 GB   10 MB/s   1m46s[K[?25h[?2026l[?2026h[?25l[A[1Gpulling manifest [K
pulling 2bada8a74506:  75% ▕█████████████     ▏ 3.5 GB/4.7 GB   10 MB/s   1m46s[K[?25h[?2026l[?2026h[?25l[A[1Gpulling manifest [K
pulling 2bada8a74506:  75% ▕█████████████     ▏ 3.5 GB/4.7 GB   10 MB/s   1m46s[K[?25h[?2026l[?2026h[?25l[A[1Gpulling manifest [K
pulling 2bada8a74506:  75% ▕█████████████     ▏ 3.5 GB/4.7 GB   10 MB/s   1m46s[K[?25h[?2026l[?2026h[?25l[A[1Gpulling manifest [K
pulling 2bada8a74506:  75% ▕█████████████     ▏ 3.5 GB/4.7 GB   10 MB/s   1m46s[K[?25h[?2026l[?2026h[?25l[A[1Gpulling manifest [K
pulling 2bada8a74506:  75% ▕█████████████     ▏ 3.5 GB/4.7 GB   10 MB/s   1m46s[K[?25h[?2026l[?2026h[?25l[A[1Gpulling manifest [K
pulling 2bada8a74506:  75% ▕█████████████     ▏ 3.5 GB/4.7 GB   10 MB/s   1m46s[K[?25h[?2026l[?2026h[?25l[A[1Gpulling manifest [K
pulling 2bada8a74506:  75% ▕█████████████     ▏ 3.5 GB/4.7 GB   10 MB/s   1m46s[K[?25h[?2026l[?2026h[?25l[A[1Gpulling manifest [K
pulling 2bada8a74506:  75% ▕█████████████     ▏ 3.5 GB/4.7 GB   10 MB/s   1m45s[K[?25h[?2026l[?2026h[?25l[A[1Gpulling manifest [K
pulling 2bada8a74506:  75% ▕█████████████     ▏ 3.5 GB/4.7 GB   11 MB/s   1m43s[K[?25h[?2026l[?2026h[?25l[A[1Gpulling manifest [K
pulling 2bada8a74506:  75% ▕█████████████     ▏ 3.5 GB/4.7 GB   11 MB/s   1m43s[K[?25h[?2026l[?2026h[?25l[A[1Gpulling manifest [K
pulling 2bada8a74506:  75% ▕█████████████     ▏ 3.5 GB/4.7 GB   11 MB/s   1m42s[K[?25h[?2026l[?2026h[?25l[A[1Gpulling manifest [K
pulling 2bada8a74506:  75% ▕█████████████     ▏ 3.5 GB/4.7 GB   11 MB/s   1m42s[K[?25h[?2026l[?2026h[?25l[A[1Gpulling manifest [K
pulling 2bada8a74506:  75% ▕█████████████     ▏ 3.5 GB/4.7 GB   11 MB/s   1m42s[K[?25h[?2026l[?2026h[?25l[A[1Gpulling manifest [K
pulling 2bada8a74506:  75% ▕█████████████     ▏ 3.5 GB/4.7 GB   11 MB/s   1m42s[K[?25h[?2026l[?2026h[?25l[A[1Gpulling manifest [K
pulling 2bada8a74506:  75% ▕█████████████     ▏ 3.5 GB/4.7 GB   11 MB/s   1m42s[K[?25h[?2026l[?2026h[?25l[A[1Gpulling manifest [K
pulling 2bada8a74506:  75% ▕█████████████     ▏ 3.5 GB/4.7 GB   11 MB/s   1m42s[K[?25h[?2026l[?2026h[?25l[A[1Gpulling manifest [K
pulling 2bada8a74506:  75% ▕█████████████     ▏ 3.5 GB/4.7 GB   11 MB/s   1m42s[K[?25h[?2026l[?2026h[?25l[A[1Gpulling manifest [K
pulling 2bada8a74506:  75% ▕█████████████     ▏ 3.5 GB/4.7 GB   11 MB/s   1m42s[K[?25h[?2026l[?2026h[?25l[A[1Gpulling manifest [K
pulling 2bada8a74506:  75% ▕█████████████     ▏ 3.5 GB/4.7 GB   11 MB/s   1m40s[K[?25h[?2026l[?2026h[?25l[A[1Gpulling manifest [K
pulling 2bada8a74506:  75% ▕█████████████     ▏ 3.5 GB/4.7 GB   11 MB/s   1m40s[K[?25h[?2026l[?2026h[?25l[A[1Gpulling manifest [K
pulling 2bada8a74506:  75% ▕█████████████     ▏ 3.5 GB/4.7 GB   11 MB/s   1m40s[K[?25h[?2026l[?2026h[?25l[A[1Gpulling manifest [K
pulling 2bada8a74506:  75% ▕█████████████     ▏ 3.5 GB/4.7 GB   11 MB/s   1m40s[K[?25h[?2026l[?2026h[?25l[A[1Gpulling manifest [K
pulling 2bada8a74506:  76% ▕█████████████     ▏ 3.5 GB/4.7 GB   11 MB/s   1m40s[K[?25h[?2026l[?2026h[?25l[A[1Gpulling manifest [K
pulling 2bada8a74506:  76% ▕█████████████     ▏ 3.5 GB/4.7 GB   11 MB/s   1m40s[K[?25h[?2026l[?2026h[?25l[A[1Gpulling manifest [K
pulling 2bada8a74506:  76% ▕█████████████     ▏ 3.5 GB/4.7 GB   11 MB/s   1m40s[K[?25h[?2026l[?2026h[?25l[A[1Gpulling manifest [K
pulling 2bada8a74506:  76% ▕█████████████     ▏ 3.5 GB/4.7 GB   11 MB/s   1m40s[K[?25h[?2026l[?2026h[?25l[A[1Gpulling manifest [K
pulling 2bada8a74506:  76% ▕█████████████     ▏ 3.5 GB/4.7 GB   11 MB/s   1m39s[K[?25h[?2026l[?2026h[?25l[A[1Gpulling manifest [K
pulling 2bada8a74506:  76% ▕█████████████     ▏ 3.5 GB/4.7 GB   11 MB/s   1m39s[K[?25h[?2026l[?2026h[?25l[A[1Gpulling manifest [K
pulling 2bada8a74506:  76% ▕█████████████     ▏ 3.5 GB/4.7 GB   11 MB/s   1m39s[K[?25h[?2026l[?2026h[?25l[A[1Gpulling manifest [K
pulling 2bada8a74506:  76% ▕█████████████     ▏ 3.5 GB/4.7 GB   11 MB/s   1m37s[K[?25h[?2026l[?2026h[?25l[A[1Gpulling manifest [K
pulling 2bada8a74506:  76% ▕█████████████     ▏ 3.5 GB/4.7 GB   11 MB/s   1m36s[K[?25h[?2026l[?2026h[?25l[A[1Gpulling manifest [K
pulling 2bada8a74506:  76% ▕█████████████     ▏ 3.5 GB/4.7 GB   11 MB/s   1m36s[K[?25h[?2026l[?2026h[?25l[A[1Gpulling manifest [K
pulling 2bada8a74506:  76% ▕█████████████     ▏ 3.5 GB/4.7 GB   11 MB/s   1m36s[K[?25h[?2026l[?2026h[?25l[A[1Gpulling manifest [K
pulling 2bada8a74506:  76% ▕█████████████     ▏ 3.6 GB/4.7 GB   11 MB/s   1m36s[K[?25h[?2026l[?2026h[?25l[A[1Gpulling manifest [K
pulling 2bada8a74506:  76% ▕█████████████     ▏ 3.6 GB/4.7 GB   11 MB/s   1m36s[K[?25h[?2026l[?2026h[?25l[A[1Gpulling manifest [K
pulling 2bada8a74506:  76% ▕█████████████     ▏ 3.6 GB/4.7 GB   11 MB/s   1m36s[K[?25h[?2026l[?2026h[?25l[A[1Gpulling manifest [K
pulling 2bada8a74506:  76% ▕█████████████     ▏ 3.6 GB/4.7 GB   11 MB/s   1m36s[K[?25h[?2026l[?2026h[?25l[A[1Gpulling manifest [K
pulling 2bada8a74506:  76% ▕█████████████     ▏ 3.6 GB/4.7 GB   11 MB/s   1m36s[K[?25h[?2026l[?2026h[?25l[A[1Gpulling manifest [K
pulling 2bada8a74506:  76% ▕█████████████     ▏ 3.6 GB/4.7 GB   11 MB/s   1m36s[K[?25h[?2026l[?2026h[?25l[A[1Gpulling manifest [K
pulling 2bada8a74506:  76% ▕█████████████     ▏ 3.6 GB/4.7 GB   11 MB/s   1m34s[K[?25h[?2026l[?2026h[?25l[A[1Gpulling manifest [K
pulling 2bada8a74506:  76% ▕█████████████     ▏ 3.6 GB/4.7 GB   11 MB/s   1m34s[K[?25h[?2026l[?2026h[?25l[A[1Gpulling manifest [K
pulling 2bada8a74506:  76% ▕█████████████     ▏ 3.6 GB/4.7 GB   11 MB/s   1m34s[K[?25h[?2026l[?2026h[?25l[A[1Gpulling manifest [K
pulling 2bada8a74506:  76% ▕█████████████     ▏ 3.6 GB/4.7 GB   11 MB/s   1m34s[K[?25h[?2026l[?2026h[?25l[A[1Gpulling manifest [K
pulling 2bada8a74506:  76% ▕█████████████     ▏ 3.6 GB/4.7 GB   11 MB/s   1m34s[K[?25h[?2026l[?2026h[?25l[A[1Gpulling manifest [K
pulling 2bada8a74506:  76% ▕█████████████     ▏ 3.6 GB/4.7 GB   11 MB/s   1m34s[K[?25h[?2026l[?2026h[?25l[A[1Gpulling manifest [K
pulling 2bada8a74506:  76% ▕█████████████     ▏ 3.6 GB/4.7 GB   11 MB/s   1m34s[K[?25h[?2026l[?2026h[?25l[A[1Gpulling manifest [K
pulling 2bada8a74506:  76% ▕█████████████     ▏ 3.6 GB/4.7 GB   11 MB/s   1m33s[K[?25h[?2026l[?2026h[?25l[A[1Gpulling manifest [K
pulling 2bada8a74506:  76% ▕█████████████     ▏ 3.6 GB/4.7 GB   11 MB/s   1m33s[K[?25h[?2026l[?2026h[?25l[A[1Gpulling manifest [K
pulling 2bada8a74506:  76% ▕█████████████     ▏ 3.6 GB/4.7 GB   11 MB/s   1m33s[K[?25h[?2026l[?2026h[?25l[A[1Gpulling manifest [K
pulling 2bada8a74506:  76% ▕█████████████     ▏ 3.6 GB/4.7 GB   11 MB/s   1m34s[K[?25h[?2026l[?2026h[?25l[A[1Gpulling manifest [K
pulling 2bada8a74506:  76% ▕█████████████     ▏ 3.6 GB/4.7 GB   11 MB/s   1m34s[K[?25h[?2026l[?2026h[?25l[A[1Gpulling manifest [K
pulling 2bada8a74506:  76% ▕█████████████     ▏ 3.6 GB/4.7 GB   11 MB/s   1m34s[K[?25h[?2026l[?2026h[?25l[A[1Gpulling manifest [K
pulling 2bada8a74506:  76% ▕█████████████     ▏ 3.6 GB/4.7 GB   11 MB/s   1m34s[K[?25h[?2026l[?2026h[?25l[A[1Gpulling manifest [K
pulling 2bada8a74506:  76% ▕█████████████     ▏ 3.6 GB/4.7 GB   11 MB/s   1m34s[K[?25h[?2026l[?2026h[?25l[A[1Gpulling manifest [K
pulling 2bada8a74506:  76% ▕█████████████     ▏ 3.6 GB/4.7 GB   11 MB/s   1m34s[K[?25h[?2026l[?2026h[?25l[A[1Gpulling manifest [K
pulling 2bada8a74506:  76% ▕█████████████     ▏ 3.6 GB/4.7 GB   11 MB/s   1m34s[K[?25h[?2026l[?2026h[?25l[A[1Gpulling manifest [K
pulling 2bada8a74506:  76% ▕█████████████     ▏ 3.6 GB/4.7 GB   11 MB/s   1m34s[K[?25h[?2026l[?2026h[?25l[A[1Gpulling manifest [K
pulling 2bada8a74506:  76% ▕█████████████     ▏ 3.6 GB/4.7 GB   11 MB/s   1m34s[K[?25h[?2026l[?2026h[?25l[A[1Gpulling manifest [K
pulling 2bada8a74506:  76% ▕█████████████     ▏ 3.6 GB/4.7 GB   11 MB/s   1m34s[K[?25h[?2026l[?2026h[?25l[A[1Gpulling manifest [K
pulling 2bada8a74506:  76% ▕█████████████     ▏ 3.6 GB/4.7 GB   11 MB/s   1m35s[K[?25h[?2026l[?2026h[?25l[A[1Gpulling manifest [K
pulling 2bada8a74506:  76% ▕█████████████     ▏ 3.6 GB/4.7 GB   11 MB/s   1m35s[K[?25h[?2026l[?2026h[?25l[A[1Gpulling manifest [K
pulling 2bada8a74506:  76% ▕█████████████     ▏ 3.6 GB/4.7 GB   11 MB/s   1m35s[K[?25h[?2026l[?2026h[?25l[A[1Gpulling manifest [K
pulling 2bada8a74506:  76% ▕█████████████     ▏ 3.6 GB/4.7 GB   11 MB/s   1m35s[K[?25h[?2026l[?2026h[?25l[A[1Gpulling manifest [K
pulling 2bada8a74506:  76% ▕█████████████     ▏ 3.6 GB/4.7 GB   11 MB/s   1m35s[K[?25h[?2026l[?2026h[?25l[A[1Gpulling manifest [K
pulling 2bada8a74506:  76% ▕█████████████     ▏ 3.6 GB/4.7 GB   11 MB/s   1m35s[K[?25h[?2026l[?2026h[?25l[A[1Gpulling manifest [K
pulling 2bada8a74506:  76% ▕█████████████     ▏ 3.6 GB/4.7 GB   11 MB/s   1m35s[K[?25h[?2026l[?2026h[?25l[A[1Gpulling manifest [K
pulling 2bada8a74506:  77% ▕█████████████     ▏ 3.6 GB/4.7 GB   11 MB/s   1m34s[K[?25h[?2026l[?2026h[?25l[A[1Gpulling manifest [K
pulling 2bada8a74506:  77% ▕█████████████     ▏ 3.6 GB/4.7 GB   11 MB/s   1m34s[K[?25h[?2026l[?2026h[?25l[A[1Gpulling manifest [K
pulling 2bada8a74506:  77% ▕█████████████     ▏ 3.6 GB/4.7 GB   11 MB/s   1m34s[K[?25h[?2026l[?2026h[?25l[A[1Gpulling manifest [K
pulling 2bada8a74506:  77% ▕█████████████     ▏ 3.6 GB/4.7 GB   11 MB/s   1m35s[K[?25h[?2026l[?2026h[?25l[A[1Gpulling manifest [K
pulling 2bada8a74506:  77% ▕█████████████     ▏ 3.6 GB/4.7 GB   11 MB/s   1m35s[K[?25h[?2026l[?2026h[?25l[A[1Gpulling manifest [K
pulling 2bada8a74506:  77% ▕█████████████     ▏ 3.6 GB/4.7 GB   11 MB/s   1m35s[K[?25h[?2026l[?2026h[?25l[A[1Gpulling manifest [K
pulling 2bada8a74506:  77% ▕█████████████     ▏ 3.6 GB/4.7 GB   11 MB/s   1m35s[K[?25h[?2026l[?2026h[?25l[A[1Gpulling manifest [K
pulling 2bada8a74506:  77% ▕█████████████     ▏ 3.6 GB/4.7 GB   11 MB/s   1m35s[K[?25h[?2026l[?2026h[?25l[A[1Gpulling manifest [K
pulling 2bada8a74506:  77% ▕█████████████     ▏ 3.6 GB/4.7 GB   11 MB/s   1m35s[K[?25h[?2026l[?2026h[?25l[A[1Gpulling manifest [K
pulling 2bada8a74506:  77% ▕█████████████     ▏ 3.6 GB/4.7 GB   11 MB/s   1m35s[K[?25h[?2026l[?2026h[?25l[A[1Gpulling manifest [K
pulling 2bada8a74506:  77% ▕█████████████     ▏ 3.6 GB/4.7 GB   11 MB/s   1m35s[K[?25h[?2026l[?2026h[?25l[A[1Gpulling manifest [K
pulling 2bada8a74506:  77% ▕█████████████     ▏ 3.6 GB/4.7 GB   11 MB/s   1m35s[K[?25h[?2026l[?2026h[?25l[A[1Gpulling manifest [K
pulling 2bada8a74506:  77% ▕█████████████     ▏ 3.6 GB/4.7 GB   11 MB/s   1m34s[K[?25h[?2026l[?2026h[?25l[A[1Gpulling manifest [K
pulling 2bada8a74506:  77% ▕█████████████     ▏ 3.6 GB/4.7 GB   11 MB/s   1m34s[K[?25h[?2026l[?2026h[?25l[A[1Gpulling manifest [K
pulling 2bada8a74506:  77% ▕█████████████     ▏ 3.6 GB/4.7 GB   11 MB/s   1m36s[K[?25h[?2026l[?2026h[?25l[A[1Gpulling manifest [K
pulling 2bada8a74506:  77% ▕█████████████     ▏ 3.6 GB/4.7 GB   11 MB/s   1m36s[K[?25h[?2026l[?2026h[?25l[A[1Gpulling manifest [K
pulling 2bada8a74506:  77% ▕█████████████     ▏ 3.6 GB/4.7 GB   11 MB/s   1m36s[K[?25h[?2026l[?2026h[?25l[A[1Gpulling manifest [K
pulling 2bada8a74506:  77% ▕█████████████     ▏ 3.6 GB/4.7 GB   11 MB/s   1m36s[K[?25h[?2026l[?2026h[?25l[A[1Gpulling manifest [K
pulling 2bada8a74506:  77% ▕█████████████     ▏ 3.6 GB/4.7 GB   11 MB/s   1m36s[K[?25h[?2026l[?2026h[?25l[A[1Gpulling manifest [K
pulling 2bada8a74506:  77% ▕█████████████     ▏ 3.6 GB/4.7 GB   11 MB/s   1m35s[K[?25h[?2026l[?2026h[?25l[A[1Gpulling manifest [K
pulling 2bada8a74506:  77% ▕█████████████     ▏ 3.6 GB/4.7 GB   11 MB/s   1m35s[K[?25h[?2026l[?2026h[?25l[A[1Gpulling manifest [K
pulling 2bada8a74506:  77% ▕█████████████     ▏ 3.6 GB/4.7 GB   11 MB/s   1m35s[K[?25h[?2026l[?2026h[?25l[A[1Gpulling manifest [K
pulling 2bada8a74506:  77% ▕█████████████     ▏ 3.6 GB/4.7 GB   11 MB/s   1m35s[K[?25h[?2026l[?2026h[?25l[A[1Gpulling manifest [K
pulling 2bada8a74506:  77% ▕█████████████     ▏ 3.6 GB/4.7 GB   11 MB/s   1m35s[K[?25h[?2026l[?2026h[?25l[A[1Gpulling manifest [K
pulling 2bada8a74506:  77% ▕█████████████     ▏ 3.6 GB/4.7 GB   10 MB/s   1m39s[K[?25h[?2026l[?2026h[?25l[A[1Gpulling manifest [K
pulling 2bada8a74506:  77% ▕█████████████     ▏ 3.6 GB/4.7 GB   10 MB/s   1m39s[K[?25h[?2026l[?2026h[?25l[A[1Gpulling manifest [K
pulling 2bada8a74506:  77% ▕█████████████     ▏ 3.6 GB/4.7 GB   10 MB/s   1m39s[K[?25h[?2026l[?2026h[?25l[A[1Gpulling manifest [K
pulling 2bada8a74506:  77% ▕█████████████     ▏ 3.6 GB/4.7 GB   10 MB/s   1m39s[K[?25h[?2026l[?2026h[?25l[A[1Gpulling manifest [K
pulling 2bada8a74506:  77% ▕█████████████     ▏ 3.6 GB/4.7 GB   10 MB/s   1m39s[K[?25h[?2026l[?2026h[?25l[A[1Gpulling manifest [K
pulling 2bada8a74506:  77% ▕█████████████     ▏ 3.6 GB/4.7 GB   10 MB/s   1m39s[K[?25h[?2026l[?2026h[?25l[A[1Gpulling manifest [K
pulling 2bada8a74506:  77% ▕█████████████     ▏ 3.6 GB/4.7 GB   10 MB/s   1m39s[K[?25h[?2026l[?2026h[?25l[A[1Gpulling manifest [K
pulling 2bada8a74506:  77% ▕█████████████     ▏ 3.6 GB/4.7 GB   10 MB/s   1m39s[K[?25h[?2026l[?2026h[?25l[A[1Gpulling manifest [K
pulling 2bada8a74506:  77% ▕█████████████     ▏ 3.6 GB/4.7 GB   10 MB/s   1m39s[K[?25h[?2026l[?2026h[?25l[A[1Gpulling manifest [K
pulling 2bada8a74506:  77% ▕█████████████     ▏ 3.6 GB/4.7 GB   10 MB/s   1m39s[K[?25h[?2026l[?2026h[?25l[A[1Gpulling manifest [K
pulling 2bada8a74506:  77% ▕█████████████     ▏ 3.6 GB/4.7 GB   10 MB/s   1m41s[K[?25h[?2026l[?2026h[?25l[A[1Gpulling manifest [K
pulling 2bada8a74506:  77% ▕█████████████     ▏ 3.6 GB/4.7 GB   10 MB/s   1m41s[K[?25h[?2026l[?2026h[?25l[A[1Gpulling manifest [K
pulling 2bada8a74506:  77% ▕█████████████     ▏ 3.6 GB/4.7 GB   10 MB/s   1m41s[K[?25h[?2026l[?2026h[?25l[A[1Gpulling manifest [K
pulling 2bada8a74506:  77% ▕█████████████     ▏ 3.6 GB/4.7 GB   10 MB/s   1m41s[K[?25h[?2026l[?2026h[?25l[A[1Gpulling manifest [K
pulling 2bada8a74506:  77% ▕█████████████     ▏ 3.6 GB/4.7 GB   10 MB/s   1m41s[K[?25h[?2026l[?2026h[?25l[A[1Gpulling manifest [K
pulling 2bada8a74506:  77% ▕█████████████     ▏ 3.6 GB/4.7 GB   10 MB/s   1m40s[K[?25h[?2026l[?2026h[?25l[A[1Gpulling manifest [K
pulling 2bada8a74506:  77% ▕█████████████     ▏ 3.6 GB/4.7 GB   10 MB/s   1m40s[K[?25h[?2026l[?2026h[?25l[A[1Gpulling manifest [K
pulling 2bada8a74506:  77% ▕█████████████     ▏ 3.6 GB/4.7 GB   10 MB/s   1m40s[K[?25h[?2026l[?2026h[?25l[A[1Gpulling manifest [K
pulling 2bada8a74506:  77% ▕█████████████     ▏ 3.6 GB/4.7 GB   10 MB/s   1m40s[K[?25h[?2026l[?2026h[?25l[A[1Gpulling manifest [K
pulling 2bada8a74506:  77% ▕█████████████     ▏ 3.6 GB/4.7 GB   10 MB/s   1m40s[K[?25h[?2026l[?2026h[?25l[A[1Gpulling manifest [K
pulling 2bada8a74506:  77% ▕█████████████     ▏ 3.6 GB/4.7 GB   10 MB/s   1m42s[K[?25h[?2026l[?2026h[?25l[A[1Gpulling manifest [K
pulling 2bada8a74506:  77% ▕█████████████     ▏ 3.6 GB/4.7 GB   10 MB/s   1m42s[K[?25h[?2026l[?2026h[?25l[A[1Gpulling manifest [K
pulling 2bada8a74506:  77% ▕█████████████     ▏ 3.6 GB/4.7 GB   10 MB/s   1m42s[K[?25h[?2026l[?2026h[?25l[A[1Gpulling manifest [K
pulling 2bada8a74506:  77% ▕█████████████     ▏ 3.6 GB/4.7 GB   10 MB/s   1m41s[K[?25h[?2026l[?2026h[?25l[A[1Gpulling manifest [K
pulling 2bada8a74506:  77% ▕█████████████     ▏ 3.6 GB/4.7 GB   10 MB/s   1m41s[K[?25h[?2026l[?2026h[?25l[A[1Gpulling manifest [K
pulling 2bada8a74506:  77% ▕█████████████     ▏ 3.6 GB/4.7 GB   10 MB/s   1m41s[K[?25h[?2026l[?2026h[?25l[A[1Gpulling manifest [K
pulling 2bada8a74506:  78% ▕█████████████     ▏ 3.6 GB/4.7 GB   10 MB/s   1m41s[K[?25h[?2026l[?2026h[?25l[A[1Gpulling manifest [K
pulling 2bada8a74506:  78% ▕█████████████     ▏ 3.6 GB/4.7 GB   10 MB/s   1m41s[K[?25h[?2026l[?2026h[?25l[A[1Gpulling manifest [K
pulling 2bada8a74506:  78% ▕█████████████     ▏ 3.6 GB/4.7 GB   10 MB/s   1m41s[K[?25h[?2026l[?2026h[?25l[A[1Gpulling manifest [K
pulling 2bada8a74506:  78% ▕█████████████     ▏ 3.6 GB/4.7 GB   10 MB/s   1m41s[K[?25h[?2026l[?2026h[?25l[A[1Gpulling manifest [K
pulling 2bada8a74506:  78% ▕█████████████     ▏ 3.6 GB/4.7 GB  9.9 MB/s   1m45s[K[?25h[?2026l[?2026h[?25l[A[1Gpulling manifest [K
pulling 2bada8a74506:  78% ▕█████████████     ▏ 3.6 GB/4.7 GB  9.9 MB/s   1m45s[K[?25h[?2026l[?2026h[?25l[A[1Gpulling manifest [K
pulling 2bada8a74506:  78% ▕█████████████     ▏ 3.6 GB/4.7 GB  9.9 MB/s   1m45s[K[?25h[?2026l[?2026h[?25l[A[1Gpulling manifest [K
pulling 2bada8a74506:  78% ▕█████████████     ▏ 3.6 GB/4.7 GB  9.9 MB/s   1m45s[K[?25h[?2026l[?2026h[?25l[A[1Gpulling manifest [K
pulling 2bada8a74506:  78% ▕█████████████     ▏ 3.6 GB/4.7 GB  9.9 MB/s   1m45s[K[?25h[?2026l[?2026h[?25l[A[1Gpulling manifest [K
pulling 2bada8a74506:  78% ▕█████████████     ▏ 3.6 GB/4.7 GB  9.9 MB/s   1m45s[K[?25h[?2026l[?2026h[?25l[A[1Gpulling manifest [K
pulling 2bada8a74506:  78% ▕█████████████     ▏ 3.6 GB/4.7 GB  9.9 MB/s   1m45s[K[?25h[?2026l[?2026h[?25l[A[1Gpulling manifest [K
pulling 2bada8a74506:  78% ▕█████████████     ▏ 3.6 GB/4.7 GB  9.9 MB/s   1m45s[K[?25h[?2026l[?2026h[?25l[A[1Gpulling manifest [K
pulling 2bada8a74506:  78% ▕█████████████     ▏ 3.6 GB/4.7 GB  9.9 MB/s   1m45s[K[?25h[?2026l[?2026h[?25l[A[1Gpulling manifest [K
pulling 2bada8a74506:  78% ▕█████████████     ▏ 3.6 GB/4.7 GB  9.9 MB/s   1m45s[K[?25h[?2026l[?2026h[?25l[A[1Gpulling manifest [K
pulling 2bada8a74506:  78% ▕█████████████     ▏ 3.6 GB/4.7 GB  9.9 MB/s   1m45s[K[?25h[?2026l[?2026h[?25l[A[1Gpulling manifest [K
pulling 2bada8a74506:  78% ▕██████████████    ▏ 3.6 GB/4.7 GB  9.4 MB/s   1m50s[K[?25h[?2026l[?2026h[?25l[A[1Gpulling manifest [K
pulling 2bada8a74506:  78% ▕██████████████    ▏ 3.6 GB/4.7 GB  9.4 MB/s   1m49s[K[?25h[?2026l[?2026h[?25l[A[1Gpulling manifest [K
pulling 2bada8a74506:  78% ▕██████████████    ▏ 3.6 GB/4.7 GB  9.4 MB/s   1m49s[K[?25h[?2026l[?2026h[?25l[A[1Gpulling manifest [K
pulling 2bada8a74506:  78% ▕██████████████    ▏ 3.6 GB/4.7 GB  9.4 MB/s   1m49s[K[?25h[?2026l[?2026h[?25l[A[1Gpulling manifest [K
pulling 2bada8a74506:  78% ▕██████████████    ▏ 3.6 GB/4.7 GB  9.4 MB/s   1m49s[K[?25h[?2026l[?2026h[?25l[A[1Gpulling manifest [K
pulling 2bada8a74506:  78% ▕██████████████    ▏ 3.6 GB/4.7 GB  9.4 MB/s   1m49s[K[?25h[?2026l[?2026h[?25l[A[1Gpulling manifest [K
pulling 2bada8a74506:  78% ▕██████████████    ▏ 3.6 GB/4.7 GB  9.4 MB/s   1m49s[K[?25h[?2026l[?2026h[?25l[A[1Gpulling manifest [K
pulling 2bada8a74506:  78% ▕██████████████    ▏ 3.6 GB/4.7 GB  9.4 MB/s   1m49s[K[?25h[?2026l[?2026h[?25l[A[1Gpulling manifest [K
pulling 2bada8a74506:  78% ▕██████████████    ▏ 3.6 GB/4.7 GB  9.4 MB/s   1m49s[K[?25h[?2026l[?2026h[?25l[A[1Gpulling manifest [K
pulling 2bada8a74506:  78% ▕██████████████    ▏ 3.7 GB/4.7 GB  9.4 MB/s   1m49s[K[?25h[?2026l[?2026h[?25l[A[1Gpulling manifest [K
pulling 2bada8a74506:  78% ▕██████████████    ▏ 3.7 GB/4.7 GB  9.3 MB/s   1m51s[K[?25h[?2026l[?2026h[?25l[A[1Gpulling manifest [K
pulling 2bada8a74506:  78% ▕██████████████    ▏ 3.7 GB/4.7 GB  9.3 MB/s   1m51s[K[?25h[?2026l[?2026h[?25l[A[1Gpulling manifest [K
pulling 2bada8a74506:  78% ▕██████████████    ▏ 3.7 GB/4.7 GB  9.3 MB/s   1m50s[K[?25h[?2026l[?2026h[?25l[A[1Gpulling manifest [K
pulling 2bada8a74506:  78% ▕██████████████    ▏ 3.7 GB/4.7 GB  9.3 MB/s   1m50s[K[?25h[?2026l[?2026h[?25l[A[1Gpulling manifest [K
pulling 2bada8a74506:  78% ▕██████████████    ▏ 3.7 GB/4.7 GB  9.3 MB/s   1m50s[K[?25h[?2026l[?2026h[?25l[A[1Gpulling manifest [K
pulling 2bada8a74506:  78% ▕██████████████    ▏ 3.7 GB/4.7 GB  9.3 MB/s   1m50s[K[?25h[?2026l[?2026h[?25l[A[1Gpulling manifest [K
pulling 2bada8a74506:  78% ▕██████████████    ▏ 3.7 GB/4.7 GB  9.3 MB/s   1m50s[K[?25h[?2026l[?2026h[?25l[A[1Gpulling manifest [K
pulling 2bada8a74506:  78% ▕██████████████    ▏ 3.7 GB/4.7 GB  9.3 MB/s   1m50s[K[?25h[?2026l[?2026h[?25l[A[1Gpulling manifest [K
pulling 2bada8a74506:  78% ▕██████████████    ▏ 3.7 GB/4.7 GB  9.3 MB/s   1m50s[K[?25h[?2026l[?2026h[?25l[A[1Gpulling manifest [K
pulling 2bada8a74506:  78% ▕██████████████    ▏ 3.7 GB/4.7 GB  9.3 MB/s   1m50s[K[?25h[?2026l[?2026h[?25l[A[1Gpulling manifest [K
pulling 2bada8a74506:  78% ▕██████████████    ▏ 3.7 GB/4.7 GB  9.3 MB/s   1m50s[K[?25h[?2026l[?2026h[?25l[A[1Gpulling manifest [K
pulling 2bada8a74506:  78% ▕██████████████    ▏ 3.7 GB/4.7 GB  9.3 MB/s   1m49s[K[?25h[?2026l[?2026h[?25l[A[1Gpulling manifest [K
pulling 2bada8a74506:  78% ▕██████████████    ▏ 3.7 GB/4.7 GB  9.3 MB/s   1m49s[K[?25h[?2026l[?2026h[?25l[A[1Gpulling manifest [K
pulling 2bada8a74506:  78% ▕██████████████    ▏ 3.7 GB/4.7 GB  9.3 MB/s   1m49s[K[?25h[?2026l[?2026h[?25l[A[1Gpulling manifest [K
pulling 2bada8a74506:  78% ▕██████████████    ▏ 3.7 GB/4.7 GB  9.3 MB/s   1m49s[K[?25h[?2026l[?2026h[?25l[A[1Gpulling manifest [K
pulling 2bada8a74506:  78% ▕██████████████    ▏ 3.7 GB/4.7 GB  9.3 MB/s   1m49s[K[?25h[?2026l[?2026h[?25l[A[1Gpulling manifest [K
pulling 2bada8a74506:  78% ▕██████████████    ▏ 3.7 GB/4.7 GB  9.3 MB/s   1m49s[K[?25h[?2026l[?2026h[?25l[A[1Gpulling manifest [K
pulling 2bada8a74506:  78% ▕██████████████    ▏ 3.7 GB/4.7 GB  9.3 MB/s   1m49s[K[?25h[?2026l[?2026h[?25l[A[1Gpulling manifest [K
pulling 2bada8a74506:  78% ▕██████████████    ▏ 3.7 GB/4.7 GB  9.3 MB/s   1m49s[K[?25h[?2026l[?2026h[?25l[A[1Gpulling manifest [K
pulling 2bada8a74506:  78% ▕██████████████    ▏ 3.7 GB/4.7 GB  9.3 MB/s   1m49s[K[?25h[?2026l[?2026h[?25l[A[1Gpulling manifest [K
pulling 2bada8a74506:  78% ▕██████████████    ▏ 3.7 GB/4.7 GB  9.2 MB/s   1m49s[K[?25h[?2026l[?2026h[?25l[A[1Gpulling manifest [K
pulling 2bada8a74506:  78% ▕██████████████    ▏ 3.7 GB/4.7 GB  9.2 MB/s   1m49s[K[?25h[?2026l[?2026h[?25l[A[1Gpulling manifest [K
pulling 2bada8a74506:  78% ▕██████████████    ▏ 3.7 GB/4.7 GB  9.2 MB/s   1m49s[K[?25h[?2026l[?2026h[?25l[A[1Gpulling manifest [K
pulling 2bada8a74506:  78% ▕██████████████    ▏ 3.7 GB/4.7 GB  9.2 MB/s   1m49s[K[?25h[?2026l[?2026h[?25l[A[1Gpulling manifest [K
pulling 2bada8a74506:  78% ▕██████████████    ▏ 3.7 GB/4.7 GB  9.2 MB/s   1m49s[K[?25h[?2026l[?2026h[?25l[A[1Gpulling manifest [K
pulling 2bada8a74506:  78% ▕██████████████    ▏ 3.7 GB/4.7 GB  9.2 MB/s   1m49s[K[?25h[?2026l[?2026h[?25l[A[1Gpulling manifest [K
pulling 2bada8a74506:  78% ▕██████████████    ▏ 3.7 GB/4.7 GB  9.2 MB/s   1m49s[K[?25h[?2026l[?2026h[?25l[A[1Gpulling manifest [K
pulling 2bada8a74506:  79% ▕██████████████    ▏ 3.7 GB/4.7 GB  9.2 MB/s   1m48s[K[?25h[?2026l[?2026h[?25l[A[1Gpulling manifest [K
pulling 2bada8a74506:  79% ▕██████████████    ▏ 3.7 GB/4.7 GB  9.2 MB/s   1m48s[K[?25h[?2026l[?2026h[?25l[A[1Gpulling manifest [K
pulling 2bada8a74506:  79% ▕██████████████    ▏ 3.7 GB/4.7 GB  9.2 MB/s   1m48s[K[?25h[?2026l[?2026h[?25l[A[1Gpulling manifest [K
pulling 2bada8a74506:  79% ▕██████████████    ▏ 3.7 GB/4.7 GB  9.4 MB/s   1m46s[K[?25h[?2026l[?2026h[?25l[A[1Gpulling manifest [K
pulling 2bada8a74506:  79% ▕██████████████    ▏ 3.7 GB/4.7 GB  9.4 MB/s   1m46s[K[?25h[?2026l[?2026h[?25l[A[1Gpulling manifest [K
pulling 2bada8a74506:  79% ▕██████████████    ▏ 3.7 GB/4.7 GB  9.4 MB/s   1m46s[K[?25h[?2026l[?2026h[?25l[A[1Gpulling manifest [K
pulling 2bada8a74506:  79% ▕██████████████    ▏ 3.7 GB/4.7 GB  9.4 MB/s   1m46s[K[?25h[?2026l[?2026h[?25l[A[1Gpulling manifest [K
pulling 2bada8a74506:  79% ▕██████████████    ▏ 3.7 GB/4.7 GB  9.4 MB/s   1m46s[K[?25h[?2026l[?2026h[?25l[A[1Gpulling manifest [K
pulling 2bada8a74506:  79% ▕██████████████    ▏ 3.7 GB/4.7 GB  9.4 MB/s   1m46s[K[?25h[?2026l[?2026h[?25l[A[1Gpulling manifest [K
pulling 2bada8a74506:  79% ▕██████████████    ▏ 3.7 GB/4.7 GB  9.4 MB/s   1m46s[K[?25h[?2026l[?2026h[?25l[A[1Gpulling manifest [K
pulling 2bada8a74506:  79% ▕██████████████    ▏ 3.7 GB/4.7 GB  9.4 MB/s   1m46s[K[?25h[?2026l[?2026h[?25l[A[1Gpulling manifest [K
pulling 2bada8a74506:  79% ▕██████████████    ▏ 3.7 GB/4.7 GB  9.4 MB/s   1m46s[K[?25h[?2026l[?2026h[?25l[A[1Gpulling manifest [K
pulling 2bada8a74506:  79% ▕██████████████    ▏ 3.7 GB/4.7 GB  9.4 MB/s   1m45s[K[?25h[?2026l[?2026h[?25l[A[1Gpulling manifest [K
pulling 2bada8a74506:  79% ▕██████████████    ▏ 3.7 GB/4.7 GB  9.4 MB/s   1m45s[K[?25h[?2026l[?2026h[?25l[A[1Gpulling manifest [K
pulling 2bada8a74506:  79% ▕██████████████    ▏ 3.7 GB/4.7 GB  9.6 MB/s   1m43s[K[?25h[?2026l[?2026h[?25l[A[1Gpulling manifest [K
pulling 2bada8a74506:  79% ▕██████████████    ▏ 3.7 GB/4.7 GB  9.6 MB/s   1m43s[K[?25h[?2026l[?2026h[?25l[A[1Gpulling manifest [K
pulling 2bada8a74506:  79% ▕██████████████    ▏ 3.7 GB/4.7 GB  9.6 MB/s   1m43s[K[?25h[?2026l[?2026h[?25l[A[1Gpulling manifest [K
pulling 2bada8a74506:  79% ▕██████████████    ▏ 3.7 GB/4.7 GB  9.6 MB/s   1m42s[K[?25h[?2026l[?2026h[?25l[A[1Gpulling manifest [K
pulling 2bada8a74506:  79% ▕██████████████    ▏ 3.7 GB/4.7 GB  9.6 MB/s   1m42s[K[?25h[?2026l[?2026h[?25l[A[1Gpulling manifest [K
pulling 2bada8a74506:  79% ▕██████████████    ▏ 3.7 GB/4.7 GB  9.6 MB/s   1m42s[K[?25h[?2026l[?2026h[?25l[A[1Gpulling manifest [K
pulling 2bada8a74506:  79% ▕██████████████    ▏ 3.7 GB/4.7 GB  9.6 MB/s   1m42s[K[?25h[?2026l[?2026h[?25l[A[1Gpulling manifest [K
pulling 2bada8a74506:  79% ▕██████████████    ▏ 3.7 GB/4.7 GB  9.6 MB/s   1m42s[K[?25h[?2026l[?2026h[?25l[A[1Gpulling manifest [K
pulling 2bada8a74506:  79% ▕██████████████    ▏ 3.7 GB/4.7 GB  9.6 MB/s   1m42s[K[?25h[?2026l[?2026h[?25l[A[1Gpulling manifest [K
pulling 2bada8a74506:  79% ▕██████████████    ▏ 3.7 GB/4.7 GB  9.6 MB/s   1m42s[K[?25h[?2026l[?2026h[?25l[A[1Gpulling manifest [K
pulling 2bada8a74506:  79% ▕██████████████    ▏ 3.7 GB/4.7 GB  9.6 MB/s   1m42s[K[?25h[?2026l[?2026h[?25l[A[1Gpulling manifest [K
pulling 2bada8a74506:  79% ▕██████████████    ▏ 3.7 GB/4.7 GB  9.6 MB/s   1m42s[K[?25h[?2026l[?2026h[?25l[A[1Gpulling manifest [K
pulling 2bada8a74506:  79% ▕██████████████    ▏ 3.7 GB/4.7 GB  9.6 MB/s   1m42s[K[?25h[?2026l[?2026h[?25l[A[1Gpulling manifest [K
pulling 2bada8a74506:  79% ▕██████████████    ▏ 3.7 GB/4.7 GB  9.6 MB/s   1m42s[K[?25h[?2026l[?2026h[?25l[A[1Gpulling manifest [K
pulling 2bada8a74506:  79% ▕██████████████    ▏ 3.7 GB/4.7 GB  9.6 MB/s   1m42s[K[?25h[?2026l[?2026h[?25l[A[1Gpulling manifest [K
pulling 2bada8a74506:  79% ▕██████████████    ▏ 3.7 GB/4.7 GB  9.6 MB/s   1m42s[K[?25h[?2026l[?2026h[?25l[A[1Gpulling manifest [K
pulling 2bada8a74506:  79% ▕██████████████    ▏ 3.7 GB/4.7 GB  9.6 MB/s   1m42s[K[?25h[?2026l[?2026h[?25l[A[1Gpulling manifest [K
pulling 2bada8a74506:  79% ▕██████████████    ▏ 3.7 GB/4.7 GB  9.6 MB/s   1m41s[K[?25h[?2026l[?2026h[?25l[A[1Gpulling manifest [K
pulling 2bada8a74506:  79% ▕██████████████    ▏ 3.7 GB/4.7 GB  9.6 MB/s   1m41s[K[?25h[?2026l[?2026h[?25l[A[1Gpulling manifest [K
pulling 2bada8a74506:  79% ▕██████████████    ▏ 3.7 GB/4.7 GB  9.6 MB/s   1m41s[K[?25h[?2026l[?2026h[?25l[A[1Gpulling manifest [K
pulling 2bada8a74506:  79% ▕██████████████    ▏ 3.7 GB/4.7 GB  9.6 MB/s   1m41s[K[?25h[?2026l[?2026h[?25l[A[1Gpulling manifest [K
pulling 2bada8a74506:  79% ▕██████████████    ▏ 3.7 GB/4.7 GB  9.6 MB/s   1m41s[K[?25h[?2026l[?2026h[?25l[A[1Gpulling manifest [K
pulling 2bada8a74506:  79% ▕██████████████    ▏ 3.7 GB/4.7 GB  9.6 MB/s   1m41s[K[?25h[?2026l[?2026h[?25l[A[1Gpulling manifest [K
pulling 2bada8a74506:  79% ▕██████████████    ▏ 3.7 GB/4.7 GB  9.6 MB/s   1m41s[K[?25h[?2026l[?2026h[?25l[A[1Gpulling manifest [K
pulling 2bada8a74506:  79% ▕██████████████    ▏ 3.7 GB/4.7 GB  9.6 MB/s   1m41s[K[?25h[?2026l[?2026h[?25l[A[1Gpulling manifest [K
pulling 2bada8a74506:  79% ▕██████████████    ▏ 3.7 GB/4.7 GB  9.6 MB/s   1m41s[K[?25h[?2026l[?2026h[?25l[A[1Gpulling manifest [K
pulling 2bada8a74506:  79% ▕██████████████    ▏ 3.7 GB/4.7 GB  9.6 MB/s   1m41s[K[?25h[?2026l[?2026h[?25l[A[1Gpulling manifest [K
pulling 2bada8a74506:  79% ▕██████████████    ▏ 3.7 GB/4.7 GB  9.6 MB/s   1m41s[K[?25h[?2026l[?2026h[?25l[A[1Gpulling manifest [K
pulling 2bada8a74506:  79% ▕██████████████    ▏ 3.7 GB/4.7 GB  9.6 MB/s   1m40s[K[?25h[?2026l[?2026h[?25l[A[1Gpulling manifest [K
pulling 2bada8a74506:  79% ▕██████████████    ▏ 3.7 GB/4.7 GB  9.6 MB/s   1m40s[K[?25h[?2026l[?2026h[?25l[A[1Gpulling manifest [K
pulling 2bada8a74506:  79% ▕██████████████    ▏ 3.7 GB/4.7 GB  9.7 MB/s   1m38s[K[?25h[?2026l[?2026h[?25l[A[1Gpulling manifest [K
pulling 2bada8a74506:  79% ▕██████████████    ▏ 3.7 GB/4.7 GB  9.7 MB/s   1m38s[K[?25h[?2026l[?2026h[?25l[A[1Gpulling manifest [K
pulling 2bada8a74506:  80% ▕██████████████    ▏ 3.7 GB/4.7 GB  9.7 MB/s   1m38s[K[?25h[?2026l[?2026h[?25l[A[1Gpulling manifest [K
pulling 2bada8a74506:  80% ▕██████████████    ▏ 3.7 GB/4.7 GB  9.7 MB/s   1m38s[K[?25h[?2026l[?2026h[?25l[A[1Gpulling manifest [K
pulling 2bada8a74506:  80% ▕██████████████    ▏ 3.7 GB/4.7 GB  9.7 MB/s   1m38s[K[?25h[?2026l[?2026h[?25l[A[1Gpulling manifest [K
pulling 2bada8a74506:  80% ▕██████████████    ▏ 3.7 GB/4.7 GB  9.7 MB/s   1m38s[K[?25h[?2026l[?2026h[?25l[A[1Gpulling manifest [K
pulling 2bada8a74506:  80% ▕██████████████    ▏ 3.7 GB/4.7 GB  9.7 MB/s   1m38s[K[?25h[?2026l[?2026h[?25l[A[1Gpulling manifest [K
pulling 2bada8a74506:  80% ▕██████████████    ▏ 3.7 GB/4.7 GB  9.7 MB/s   1m38s[K[?25h[?2026l[?2026h[?25l[A[1Gpulling manifest [K
pulling 2bada8a74506:  80% ▕██████████████    ▏ 3.7 GB/4.7 GB  9.7 MB/s   1m38s[K[?25h[?2026l[?2026h[?25l[A[1Gpulling manifest [K
pulling 2bada8a74506:  80% ▕██████████████    ▏ 3.7 GB/4.7 GB  9.7 MB/s   1m37s[K[?25h[?2026l[?2026h[?25l[A[1Gpulling manifest [K
pulling 2bada8a74506:  80% ▕█████████████    ▏ 3.7 GB/4.7 GB  10.0 MB/s   1m35s[K[?25h[?2026l[?2026h[?25l[A[1Gpulling manifest [K
pulling 2bada8a74506:  80% ▕█████████████    ▏ 3.7 GB/4.7 GB  10.0 MB/s   1m35s[K[?25h[?2026l[?2026h[?25l[A[1Gpulling manifest [K
pulling 2bada8a74506:  80% ▕█████████████    ▏ 3.7 GB/4.7 GB  10.0 MB/s   1m35s[K[?25h[?2026l[?2026h[?25l[A[1Gpulling manifest [K
pulling 2bada8a74506:  80% ▕█████████████    ▏ 3.7 GB/4.7 GB  10.0 MB/s   1m34s[K[?25h[?2026l[?2026h[?25l[A[1Gpulling manifest [K
pulling 2bada8a74506:  80% ▕█████████████    ▏ 3.7 GB/4.7 GB  10.0 MB/s   1m34s[K[?25h[?2026l[?2026h[?25l[A[1Gpulling manifest [K
pulling 2bada8a74506:  80% ▕█████████████    ▏ 3.7 GB/4.7 GB  10.0 MB/s   1m34s[K[?25h[?2026l[?2026h[?25l[A[1Gpulling manifest [K
pulling 2bada8a74506:  80% ▕█████████████    ▏ 3.7 GB/4.7 GB  10.0 MB/s   1m34s[K[?25h[?2026l[?2026h[?25l[A[1Gpulling manifest [K
pulling 2bada8a74506:  80% ▕█████████████    ▏ 3.7 GB/4.7 GB  10.0 MB/s   1m34s[K[?25h[?2026l[?2026h[?25l[A[1Gpulling manifest [K
pulling 2bada8a74506:  80% ▕█████████████    ▏ 3.7 GB/4.7 GB  10.0 MB/s   1m34s[K[?25h[?2026l[?2026h[?25l[A[1Gpulling manifest [K
pulling 2bada8a74506:  80% ▕█████████████    ▏ 3.7 GB/4.7 GB  10.0 MB/s   1m34s[K[?25h[?2026l[?2026h[?25l[A[1Gpulling manifest [K
pulling 2bada8a74506:  80% ▕█████████████    ▏ 3.7 GB/4.7 GB  10.0 MB/s   1m34s[K[?25h[?2026l[?2026h[?25l[A[1Gpulling manifest [K
pulling 2bada8a74506:  80% ▕██████████████    ▏ 3.7 GB/4.7 GB   10 MB/s   1m32s[K[?25h[?2026l[?2026h[?25l[A[1Gpulling manifest [K
pulling 2bada8a74506:  80% ▕██████████████    ▏ 3.7 GB/4.7 GB   10 MB/s   1m32s[K[?25h[?2026l[?2026h[?25l[A[1Gpulling manifest [K
pulling 2bada8a74506:  80% ▕██████████████    ▏ 3.7 GB/4.7 GB   10 MB/s   1m32s[K[?25h[?2026l[?2026h[?25l[A[1Gpulling manifest [K
pulling 2bada8a74506:  80% ▕██████████████    ▏ 3.7 GB/4.7 GB   10 MB/s   1m32s[K[?25h[?2026l[?2026h[?25l[A[1Gpulling manifest [K
pulling 2bada8a74506:  80% ▕██████████████    ▏ 3.7 GB/4.7 GB   10 MB/s   1m32s[K[?25h[?2026l[?2026h[?25l[A[1Gpulling manifest [K
pulling 2bada8a74506:  80% ▕██████████████    ▏ 3.7 GB/4.7 GB   10 MB/s   1m32s[K[?25h[?2026l[?2026h[?25l[A[1Gpulling manifest [K
pulling 2bada8a74506:  80% ▕██████████████    ▏ 3.7 GB/4.7 GB   10 MB/s   1m32s[K[?25h[?2026l[?2026h[?25l[A[1Gpulling manifest [K
pulling 2bada8a74506:  80% ▕██████████████    ▏ 3.7 GB/4.7 GB   10 MB/s   1m32s[K[?25h[?2026l[?2026h[?25l[A[1Gpulling manifest [K
pulling 2bada8a74506:  80% ▕██████████████    ▏ 3.8 GB/4.7 GB   10 MB/s   1m32s[K[?25h[?2026l[?2026h[?25l[A[1Gpulling manifest [K
pulling 2bada8a74506:  80% ▕██████████████    ▏ 3.8 GB/4.7 GB   10 MB/s   1m32s[K[?25h[?2026l[?2026h[?25l[A[1Gpulling manifest [K
pulling 2bada8a74506:  80% ▕██████████████    ▏ 3.8 GB/4.7 GB   10 MB/s   1m31s[K[?25h[?2026l[?2026h[?25l[A[1Gpulling manifest [K
pulling 2bada8a74506:  80% ▕██████████████    ▏ 3.8 GB/4.7 GB   10 MB/s   1m31s[K[?25h[?2026l[?2026h[?25l[A[1Gpulling manifest [K
pulling 2bada8a74506:  80% ▕██████████████    ▏ 3.8 GB/4.7 GB   10 MB/s   1m31s[K[?25h[?2026l[?2026h[?25l[A[1Gpulling manifest [K
pulling 2bada8a74506:  80% ▕██████████████    ▏ 3.8 GB/4.7 GB   10 MB/s   1m31s[K[?25h[?2026l[?2026h[?25l[A[1Gpulling manifest [K
pulling 2bada8a74506:  80% ▕██████████████    ▏ 3.8 GB/4.7 GB   10 MB/s   1m30s[K[?25h[?2026l[?2026h[?25l[A[1Gpulling manifest [K
pulling 2bada8a74506:  80% ▕██████████████    ▏ 3.8 GB/4.7 GB   10 MB/s   1m30s[K[?25h[?2026l[?2026h[?25l[A[1Gpulling manifest [K
pulling 2bada8a74506:  80% ▕██████████████    ▏ 3.8 GB/4.7 GB   10 MB/s   1m30s[K[?25h[?2026l[?2026h[?25l[A[1Gpulling manifest [K
pulling 2bada8a74506:  80% ▕██████████████    ▏ 3.8 GB/4.7 GB   10 MB/s   1m30s[K[?25h[?2026l[?2026h[?25l[A[1Gpulling manifest [K
pulling 2bada8a74506:  80% ▕██████████████    ▏ 3.8 GB/4.7 GB   10 MB/s   1m30s[K[?25h[?2026l[?2026h[?25l[A[1Gpulling manifest [K
pulling 2bada8a74506:  80% ▕██████████████    ▏ 3.8 GB/4.7 GB   10 MB/s   1m30s[K[?25h[?2026l[?2026h[?25l[A[1Gpulling manifest [K
pulling 2bada8a74506:  80% ▕██████████████    ▏ 3.8 GB/4.7 GB   10 MB/s   1m30s[K[?25h[?2026l[?2026h[?25l[A[1Gpulling manifest [K
pulling 2bada8a74506:  80% ▕██████████████    ▏ 3.8 GB/4.7 GB   10 MB/s   1m30s[K[?25h[?2026l[?2026h[?25l[A[1Gpulling manifest [K
pulling 2bada8a74506:  80% ▕██████████████    ▏ 3.8 GB/4.7 GB   10 MB/s   1m29s[K[?25h[?2026l[?2026h[?25l[A[1Gpulling manifest [K
pulling 2bada8a74506:  80% ▕██████████████    ▏ 3.8 GB/4.7 GB   10 MB/s   1m29s[K[?25h[?2026l[?2026h[?25l[A[1Gpulling manifest [K
pulling 2bada8a74506:  80% ▕██████████████    ▏ 3.8 GB/4.7 GB   10 MB/s   1m29s[K[?25h[?2026l[?2026h[?25l[A[1Gpulling manifest [K
pulling 2bada8a74506:  80% ▕██████████████    ▏ 3.8 GB/4.7 GB   10 MB/s   1m29s[K[?25h[?2026l[?2026h[?25l[A[1Gpulling manifest [K
pulling 2bada8a74506:  80% ▕██████████████    ▏ 3.8 GB/4.7 GB   10 MB/s   1m29s[K[?25h[?2026l[?2026h[?25l[A[1Gpulling manifest [K
pulling 2bada8a74506:  80% ▕██████████████    ▏ 3.8 GB/4.7 GB   10 MB/s   1m29s[K[?25h[?2026l[?2026h[?25l[A[1Gpulling manifest [K
pulling 2bada8a74506:  80% ▕██████████████    ▏ 3.8 GB/4.7 GB   10 MB/s   1m29s[K[?25h[?2026l[?2026h[?25l[A[1Gpulling manifest [K
pulling 2bada8a74506:  80% ▕██████████████    ▏ 3.8 GB/4.7 GB   10 MB/s   1m29s[K[?25h[?2026l[?2026h[?25l[A[1Gpulling manifest [K
pulling 2bada8a74506:  81% ▕██████████████    ▏ 3.8 GB/4.7 GB   10 MB/s   1m30s[K[?25h[?2026l[?2026h[?25l[A[1Gpulling manifest [K
pulling 2bada8a74506:  81% ▕██████████████    ▏ 3.8 GB/4.7 GB   10 MB/s   1m30s[K[?25h[?2026l[?2026h[?25l[A[1Gpulling manifest [K
pulling 2bada8a74506:  81% ▕██████████████    ▏ 3.8 GB/4.7 GB   10 MB/s   1m30s[K[?25h[?2026l[?2026h[?25l[A[1Gpulling manifest [K
pulling 2bada8a74506:  81% ▕██████████████    ▏ 3.8 GB/4.7 GB   10 MB/s   1m30s[K[?25h[?2026l[?2026h[?25l[A[1Gpulling manifest [K
pulling 2bada8a74506:  81% ▕██████████████    ▏ 3.8 GB/4.7 GB   10 MB/s   1m30s[K[?25h[?2026l[?2026h[?25l[A[1Gpulling manifest [K
pulling 2bada8a74506:  81% ▕██████████████    ▏ 3.8 GB/4.7 GB   10 MB/s   1m30s[K[?25h[?2026l[?2026h[?25l[A[1Gpulling manifest [K
pulling 2bada8a74506:  81% ▕██████████████    ▏ 3.8 GB/4.7 GB   10 MB/s   1m30s[K[?25h[?2026l[?2026h[?25l[A[1Gpulling manifest [K
pulling 2bada8a74506:  81% ▕██████████████    ▏ 3.8 GB/4.7 GB   10 MB/s   1m30s[K[?25h[?2026l[?2026h[?25l[A[1Gpulling manifest [K
pulling 2bada8a74506:  81% ▕██████████████    ▏ 3.8 GB/4.7 GB   10 MB/s   1m30s[K[?25h[?2026l[?2026h[?25l[A[1Gpulling manifest [K
pulling 2bada8a74506:  81% ▕██████████████    ▏ 3.8 GB/4.7 GB   10 MB/s   1m30s[K[?25h[?2026l[?2026h[?25l[A[1Gpulling manifest [K
pulling 2bada8a74506:  81% ▕██████████████    ▏ 3.8 GB/4.7 GB  9.9 MB/s   1m31s[K[?25h[?2026l[?2026h[?25l[A[1Gpulling manifest [K
pulling 2bada8a74506:  81% ▕██████████████    ▏ 3.8 GB/4.7 GB  9.9 MB/s   1m31s[K[?25h[?2026l[?2026h[?25l[A[1Gpulling manifest [K
pulling 2bada8a74506:  81% ▕██████████████    ▏ 3.8 GB/4.7 GB  9.9 MB/s   1m31s[K[?25h[?2026l[?2026h[?25l[A[1Gpulling manifest [K
pulling 2bada8a74506:  81% ▕██████████████    ▏ 3.8 GB/4.7 GB  9.9 MB/s   1m31s[K[?25h[?2026l[?2026h[?25l[A[1Gpulling manifest [K
pulling 2bada8a74506:  81% ▕██████████████    ▏ 3.8 GB/4.7 GB  9.9 MB/s   1m31s[K[?25h[?2026l[?2026h[?25l[A[1Gpulling manifest [K
pulling 2bada8a74506:  81% ▕██████████████    ▏ 3.8 GB/4.7 GB  9.9 MB/s   1m30s[K[?25h[?2026l[?2026h[?25l[A[1Gpulling manifest [K
pulling 2bada8a74506:  81% ▕██████████████    ▏ 3.8 GB/4.7 GB  9.9 MB/s   1m30s[K[?25h[?2026l[?2026h[?25l[A[1Gpulling manifest [K
pulling 2bada8a74506:  81% ▕██████████████    ▏ 3.8 GB/4.7 GB  9.9 MB/s   1m30s[K[?25h[?2026l[?2026h[?25l[A[1Gpulling manifest [K
pulling 2bada8a74506:  81% ▕██████████████    ▏ 3.8 GB/4.7 GB  9.9 MB/s   1m30s[K[?25h[?2026l[?2026h[?25l[A[1Gpulling manifest [K
pulling 2bada8a74506:  81% ▕██████████████    ▏ 3.8 GB/4.7 GB  9.9 MB/s   1m30s[K[?25h[?2026l[?2026h[?25l[A[1Gpulling manifest [K
pulling 2bada8a74506:  81% ▕██████████████    ▏ 3.8 GB/4.7 GB  9.9 MB/s   1m30s[K[?25h[?2026l[?2026h[?25l[A[1Gpulling manifest [K
pulling 2bada8a74506:  81% ▕█████████████    ▏ 3.8 GB/4.7 GB  10.0 MB/s   1m29s[K[?25h[?2026l[?2026h[?25l[A[1Gpulling manifest [K
pulling 2bada8a74506:  81% ▕█████████████    ▏ 3.8 GB/4.7 GB  10.0 MB/s   1m29s[K[?25h[?2026l[?2026h[?25l[A[1Gpulling manifest [K
pulling 2bada8a74506:  81% ▕█████████████    ▏ 3.8 GB/4.7 GB  10.0 MB/s   1m29s[K[?25h[?2026l[?2026h[?25l[A[1Gpulling manifest [K
pulling 2bada8a74506:  81% ▕█████████████    ▏ 3.8 GB/4.7 GB  10.0 MB/s   1m29s[K[?25h[?2026l[?2026h[?25l[A[1Gpulling manifest [K
pulling 2bada8a74506:  81% ▕█████████████    ▏ 3.8 GB/4.7 GB  10.0 MB/s   1m28s[K[?25h[?2026l[?2026h[?25l[A[1Gpulling manifest [K
pulling 2bada8a74506:  81% ▕█████████████    ▏ 3.8 GB/4.7 GB  10.0 MB/s   1m28s[K[?25h[?2026l[?2026h[?25l[A[1Gpulling manifest [K
pulling 2bada8a74506:  81% ▕█████████████    ▏ 3.8 GB/4.7 GB  10.0 MB/s   1m28s[K[?25h[?2026l[?2026h[?25l[A[1Gpulling manifest [K
pulling 2bada8a74506:  81% ▕█████████████    ▏ 3.8 GB/4.7 GB  10.0 MB/s   1m28s[K[?25h[?2026l[?2026h[?25l[A[1Gpulling manifest [K
pulling 2bada8a74506:  81% ▕█████████████    ▏ 3.8 GB/4.7 GB  10.0 MB/s   1m28s[K[?25h[?2026l[?2026h[?25l[A[1Gpulling manifest [K
pulling 2bada8a74506:  81% ▕█████████████    ▏ 3.8 GB/4.7 GB  10.0 MB/s   1m28s[K[?25h[?2026l[?2026h[?25l[A[1Gpulling manifest [K
pulling 2bada8a74506:  81% ▕██████████████    ▏ 3.8 GB/4.7 GB  9.9 MB/s   1m28s[K[?25h[?2026l[?2026h[?25l[A[1Gpulling manifest [K
pulling 2bada8a74506:  81% ▕██████████████    ▏ 3.8 GB/4.7 GB  9.9 MB/s   1m28s[K[?25h[?2026l[?2026h[?25l[A[1Gpulling manifest [K
pulling 2bada8a74506:  81% ▕██████████████    ▏ 3.8 GB/4.7 GB  9.9 MB/s   1m28s[K[?25h[?2026l[?2026h[?25l[A[1Gpulling manifest [K
pulling 2bada8a74506:  81% ▕██████████████    ▏ 3.8 GB/4.7 GB  9.9 MB/s   1m28s[K[?25h[?2026l[?2026h[?25l[A[1Gpulling manifest [K
pulling 2bada8a74506:  81% ▕██████████████    ▏ 3.8 GB/4.7 GB  9.9 MB/s   1m28s[K[?25h[?2026l[?2026h[?25l[A[1Gpulling manifest [K
pulling 2bada8a74506:  81% ▕██████████████    ▏ 3.8 GB/4.7 GB  9.9 MB/s   1m28s[K[?25h[?2026l[?2026h[?25l[A[1Gpulling manifest [K
pulling 2bada8a74506:  81% ▕██████████████    ▏ 3.8 GB/4.7 GB  9.9 MB/s   1m28s[K[?25h[?2026l[?2026h[?25l[A[1Gpulling manifest [K
pulling 2bada8a74506:  81% ▕██████████████    ▏ 3.8 GB/4.7 GB  9.9 MB/s   1m28s[K[?25h[?2026l[?2026h[?25l[A[1Gpulling manifest [K
pulling 2bada8a74506:  81% ▕██████████████    ▏ 3.8 GB/4.7 GB  9.9 MB/s   1m28s[K[?25h[?2026l[?2026h[?25l[A[1Gpulling manifest [K
pulling 2bada8a74506:  81% ▕██████████████    ▏ 3.8 GB/4.7 GB  9.9 MB/s   1m27s[K[?25h[?2026l[?2026h[?25l[A[1Gpulling manifest [K
pulling 2bada8a74506:  81% ▕██████████████    ▏ 3.8 GB/4.7 GB  9.9 MB/s   1m28s[K[?25h[?2026l[?2026h[?25l[A[1Gpulling manifest [K
pulling 2bada8a74506:  81% ▕██████████████    ▏ 3.8 GB/4.7 GB  9.9 MB/s   1m28s[K[?25h[?2026l[?2026h[?25l[A[1Gpulling manifest [K
pulling 2bada8a74506:  81% ▕██████████████    ▏ 3.8 GB/4.7 GB  9.9 MB/s   1m28s[K[?25h[?2026l[?2026h[?25l[A[1Gpulling manifest [K
pulling 2bada8a74506:  81% ▕██████████████    ▏ 3.8 GB/4.7 GB  9.9 MB/s   1m28s[K[?25h[?2026l[?2026h[?25l[A[1Gpulling manifest [K
pulling 2bada8a74506:  81% ▕██████████████    ▏ 3.8 GB/4.7 GB  9.9 MB/s   1m28s[K[?25h[?2026l[?2026h[?25l[A[1Gpulling manifest [K
pulling 2bada8a74506:  81% ▕██████████████    ▏ 3.8 GB/4.7 GB  9.9 MB/s   1m27s[K[?25h[?2026l[?2026h[?25l[A[1Gpulling manifest [K
pulling 2bada8a74506:  81% ▕██████████████    ▏ 3.8 GB/4.7 GB  9.9 MB/s   1m27s[K[?25h[?2026l[?2026h[?25l[A[1Gpulling manifest [K
pulling 2bada8a74506:  82% ▕██████████████    ▏ 3.8 GB/4.7 GB  9.9 MB/s   1m27s[K[?25h[?2026l[?2026h[?25l[A[1Gpulling manifest [K
pulling 2bada8a74506:  82% ▕██████████████    ▏ 3.8 GB/4.7 GB  9.9 MB/s   1m27s[K[?25h[?2026l[?2026h[?25l[A[1Gpulling manifest [K
pulling 2bada8a74506:  82% ▕██████████████    ▏ 3.8 GB/4.7 GB  9.9 MB/s   1m27s[K[?25h[?2026l[?2026h[?25l[A[1Gpulling manifest [K
pulling 2bada8a74506:  82% ▕██████████████    ▏ 3.8 GB/4.7 GB  9.7 MB/s   1m28s[K[?25h[?2026l[?2026h[?25l[A[1Gpulling manifest [K
pulling 2bada8a74506:  82% ▕██████████████    ▏ 3.8 GB/4.7 GB  9.7 MB/s   1m28s[K[?25h[?2026l[?2026h[?25l[A[1Gpulling manifest [K
pulling 2bada8a74506:  82% ▕██████████████    ▏ 3.8 GB/4.7 GB  9.7 MB/s   1m28s[K[?25h[?2026l[?2026h[?25l[A[1Gpulling manifest [K
pulling 2bada8a74506:  82% ▕██████████████    ▏ 3.8 GB/4.7 GB  9.7 MB/s   1m28s[K[?25h[?2026l[?2026h[?25l[A[1Gpulling manifest [K
pulling 2bada8a74506:  82% ▕██████████████    ▏ 3.8 GB/4.7 GB  9.7 MB/s   1m28s[K[?25h[?2026l[?2026h[?25l[A[1Gpulling manifest [K
pulling 2bada8a74506:  82% ▕██████████████    ▏ 3.8 GB/4.7 GB  9.7 MB/s   1m28s[K[?25h[?2026l[?2026h[?25l[A[1Gpulling manifest [K
pulling 2bada8a74506:  82% ▕██████████████    ▏ 3.8 GB/4.7 GB  9.7 MB/s   1m28s[K[?25h[?2026l[?2026h[?25l[A[1Gpulling manifest [K
pulling 2bada8a74506:  82% ▕██████████████    ▏ 3.8 GB/4.7 GB  9.7 MB/s   1m28s[K[?25h[?2026l[?2026h[?25l[A[1Gpulling manifest [K
pulling 2bada8a74506:  82% ▕██████████████    ▏ 3.8 GB/4.7 GB  9.7 MB/s   1m28s[K[?25h[?2026l[?2026h[?25l[A[1Gpulling manifest [K
pulling 2bada8a74506:  82% ▕██████████████    ▏ 3.8 GB/4.7 GB  9.7 MB/s   1m27s[K[?25h[?2026l[?2026h[?25l[A[1Gpulling manifest [K
pulling 2bada8a74506:  82% ▕██████████████    ▏ 3.8 GB/4.7 GB  9.8 MB/s   1m27s[K[?25h[?2026l[?2026h[?25l[A[1Gpulling manifest [K
pulling 2bada8a74506:  82% ▕██████████████    ▏ 3.8 GB/4.7 GB  9.8 MB/s   1m27s[K[?25h[?2026l[?2026h[?25l[A[1Gpulling manifest [K
pulling 2bada8a74506:  82% ▕██████████████    ▏ 3.8 GB/4.7 GB  9.8 MB/s   1m27s[K[?25h[?2026l[?2026h[?25l[A[1Gpulling manifest [K
pulling 2bada8a74506:  82% ▕██████████████    ▏ 3.8 GB/4.7 GB  9.8 MB/s   1m27s[K[?25h[?2026l[?2026h[?25l[A[1Gpulling manifest [K
pulling 2bada8a74506:  82% ▕██████████████    ▏ 3.8 GB/4.7 GB  9.8 MB/s   1m27s[K[?25h[?2026l[?2026h[?25l[A[1Gpulling manifest [K
pulling 2bada8a74506:  82% ▕██████████████    ▏ 3.8 GB/4.7 GB  9.8 MB/s   1m26s[K[?25h[?2026l[?2026h[?25l[A[1Gpulling manifest [K
pulling 2bada8a74506:  82% ▕██████████████    ▏ 3.8 GB/4.7 GB  9.8 MB/s   1m26s[K[?25h[?2026l[?2026h[?25l[A[1Gpulling manifest [K
pulling 2bada8a74506:  82% ▕██████████████    ▏ 3.8 GB/4.7 GB  9.8 MB/s   1m26s[K[?25h[?2026l[?2026h[?25l[A[1Gpulling manifest [K
pulling 2bada8a74506:  82% ▕██████████████    ▏ 3.8 GB/4.7 GB  9.8 MB/s   1m26s[K[?25h[?2026l[?2026h[?25l[A[1Gpulling manifest [K
pulling 2bada8a74506:  82% ▕██████████████    ▏ 3.8 GB/4.7 GB  9.8 MB/s   1m26s[K[?25h[?2026l[?2026h[?25l[A[1Gpulling manifest [K
pulling 2bada8a74506:  82% ▕██████████████    ▏ 3.8 GB/4.7 GB  9.8 MB/s   1m26s[K[?25h[?2026l[?2026h[?25l[A[1Gpulling manifest [K
pulling 2bada8a74506:  82% ▕██████████████    ▏ 3.8 GB/4.7 GB  9.9 MB/s   1m25s[K[?25h[?2026l[?2026h[?25l[A[1Gpulling manifest [K
pulling 2bada8a74506:  82% ▕██████████████    ▏ 3.8 GB/4.7 GB  9.9 MB/s   1m24s[K[?25h[?2026l[?2026h[?25l[A[1Gpulling manifest [K
pulling 2bada8a74506:  82% ▕██████████████    ▏ 3.8 GB/4.7 GB  9.9 MB/s   1m24s[K[?25h[?2026l[?2026h[?25l[A[1Gpulling manifest [K
pulling 2bada8a74506:  82% ▕██████████████    ▏ 3.8 GB/4.7 GB  9.9 MB/s   1m24s[K[?25h[?2026l[?2026h[?25l[A[1Gpulling manifest [K
pulling 2bada8a74506:  82% ▕██████████████    ▏ 3.8 GB/4.7 GB  9.9 MB/s   1m24s[K[?25h[?2026l[?2026h[?25l[A[1Gpulling manifest [K
pulling 2bada8a74506:  82% ▕██████████████    ▏ 3.8 GB/4.7 GB  9.9 MB/s   1m24s[K[?25h[?2026l[?2026h[?25l[A[1Gpulling manifest [K
pulling 2bada8a74506:  82% ▕██████████████    ▏ 3.8 GB/4.7 GB  9.9 MB/s   1m24s[K[?25h[?2026l[?2026h[?25l[A[1Gpulling manifest [K
pulling 2bada8a74506:  82% ▕██████████████    ▏ 3.8 GB/4.7 GB  9.9 MB/s   1m24s[K[?25h[?2026l[?2026h[?25l[A[1Gpulling manifest [K
pulling 2bada8a74506:  82% ▕██████████████    ▏ 3.8 GB/4.7 GB  9.9 MB/s   1m24s[K[?25h[?2026l[?2026h[?25l[A[1Gpulling manifest [K
pulling 2bada8a74506:  82% ▕██████████████    ▏ 3.9 GB/4.7 GB  9.9 MB/s   1m24s[K[?25h[?2026l[?2026h[?25l[A[1Gpulling manifest [K
pulling 2bada8a74506:  82% ▕██████████████    ▏ 3.9 GB/4.7 GB  9.9 MB/s   1m23s[K[?25h[?2026l[?2026h[?25l[A[1Gpulling manifest [K
pulling 2bada8a74506:  82% ▕██████████████    ▏ 3.9 GB/4.7 GB  9.9 MB/s   1m23s[K[?25h[?2026l[?2026h[?25l[A[1Gpulling manifest [K
pulling 2bada8a74506:  82% ▕██████████████    ▏ 3.9 GB/4.7 GB  9.9 MB/s   1m23s[K[?25h[?2026l[?2026h[?25l[A[1Gpulling manifest [K
pulling 2bada8a74506:  82% ▕██████████████    ▏ 3.9 GB/4.7 GB  9.9 MB/s   1m23s[K[?25h[?2026l[?2026h[?25l[A[1Gpulling manifest [K
pulling 2bada8a74506:  82% ▕██████████████    ▏ 3.9 GB/4.7 GB  9.9 MB/s   1m23s[K[?25h[?2026l[?2026h[?25l[A[1Gpulling manifest [K
pulling 2bada8a74506:  82% ▕██████████████    ▏ 3.9 GB/4.7 GB  9.9 MB/s   1m23s[K[?25h[?2026l[?2026h[?25l[A[1Gpulling manifest [K
pulling 2bada8a74506:  82% ▕██████████████    ▏ 3.9 GB/4.7 GB  9.9 MB/s   1m23s[K[?25h[?2026l[?2026h[?25l[A[1Gpulling manifest [K
pulling 2bada8a74506:  82% ▕██████████████    ▏ 3.9 GB/4.7 GB  9.9 MB/s   1m22s[K[?25h[?2026l[?2026h[?25l[A[1Gpulling manifest [K
pulling 2bada8a74506:  82% ▕██████████████    ▏ 3.9 GB/4.7 GB  9.9 MB/s   1m22s[K[?25h[?2026l[?2026h[?25l[A[1Gpulling manifest [K
pulling 2bada8a74506:  82% ▕██████████████    ▏ 3.9 GB/4.7 GB  9.9 MB/s   1m22s[K[?25h[?2026l[?2026h[?25l[A[1Gpulling manifest [K
pulling 2bada8a74506:  82% ▕██████████████    ▏ 3.9 GB/4.7 GB   10 MB/s   1m21s[K[?25h[?2026l[?2026h[?25l[A[1Gpulling manifest [K
pulling 2bada8a74506:  82% ▕██████████████    ▏ 3.9 GB/4.7 GB   10 MB/s   1m21s[K[?25h[?2026l[?2026h[?25l[A[1Gpulling manifest [K
pulling 2bada8a74506:  82% ▕██████████████    ▏ 3.9 GB/4.7 GB   10 MB/s   1m21s[K[?25h[?2026l[?2026h[?25l[A[1Gpulling manifest [K
pulling 2bada8a74506:  83% ▕██████████████    ▏ 3.9 GB/4.7 GB   10 MB/s   1m21s[K[?25h[?2026l[?2026h[?25l[A[1Gpulling manifest [K
pulling 2bada8a74506:  83% ▕██████████████    ▏ 3.9 GB/4.7 GB   10 MB/s   1m21s[K[?25h[?2026l[?2026h[?25l[A[1Gpulling manifest [K
pulling 2bada8a74506:  83% ▕██████████████    ▏ 3.9 GB/4.7 GB   10 MB/s   1m21s[K[?25h[?2026l[?2026h[?25l[A[1Gpulling manifest [K
pulling 2bada8a74506:  83% ▕██████████████    ▏ 3.9 GB/4.7 GB   10 MB/s   1m21s[K[?25h[?2026l[?2026h[?25l[A[1Gpulling manifest [K
pulling 2bada8a74506:  83% ▕██████████████    ▏ 3.9 GB/4.7 GB   10 MB/s   1m21s[K[?25h[?2026l[?2026h[?25l[A[1Gpulling manifest [K
pulling 2bada8a74506:  83% ▕██████████████    ▏ 3.9 GB/4.7 GB   10 MB/s   1m21s[K[?25h[?2026l[?2026h[?25l[A[1Gpulling manifest [K
pulling 2bada8a74506:  83% ▕██████████████    ▏ 3.9 GB/4.7 GB   10 MB/s   1m21s[K[?25h[?2026l[?2026h[?25l[A[1Gpulling manifest [K
pulling 2bada8a74506:  83% ▕██████████████    ▏ 3.9 GB/4.7 GB   10 MB/s   1m20s[K[?25h[?2026l[?2026h[?25l[A[1Gpulling manifest [K
pulling 2bada8a74506:  83% ▕██████████████    ▏ 3.9 GB/4.7 GB   10 MB/s   1m20s[K[?25h[?2026l[?2026h[?25l[A[1Gpulling manifest [K
pulling 2bada8a74506:  83% ▕██████████████    ▏ 3.9 GB/4.7 GB   10 MB/s   1m20s[K[?25h[?2026l[?2026h[?25l[A[1Gpulling manifest [K
pulling 2bada8a74506:  83% ▕██████████████    ▏ 3.9 GB/4.7 GB   10 MB/s   1m20s[K[?25h[?2026l[?2026h[?25l[A[1Gpulling manifest [K
pulling 2bada8a74506:  83% ▕██████████████    ▏ 3.9 GB/4.7 GB   10 MB/s   1m20s[K[?25h[?2026l[?2026h[?25l[A[1Gpulling manifest [K
pulling 2bada8a74506:  83% ▕██████████████    ▏ 3.9 GB/4.7 GB   10 MB/s   1m20s[K[?25h[?2026l[?2026h[?25l[A[1Gpulling manifest [K
pulling 2bada8a74506:  83% ▕██████████████    ▏ 3.9 GB/4.7 GB   10 MB/s   1m20s[K[?25h[?2026l[?2026h[?25l[A[1Gpulling manifest [K
pulling 2bada8a74506:  83% ▕██████████████    ▏ 3.9 GB/4.7 GB   10 MB/s   1m20s[K[?25h[?2026l[?2026h[?25l[A[1Gpulling manifest [K
pulling 2bada8a74506:  83% ▕██████████████    ▏ 3.9 GB/4.7 GB   10 MB/s   1m19s[K[?25h[?2026l[?2026h[?25l[A[1Gpulling manifest [K
pulling 2bada8a74506:  83% ▕██████████████    ▏ 3.9 GB/4.7 GB   10 MB/s   1m19s[K[?25h[?2026l[?2026h[?25l[A[1Gpulling manifest [K
pulling 2bada8a74506:  83% ▕██████████████    ▏ 3.9 GB/4.7 GB   10 MB/s   1m19s[K[?25h[?2026l[?2026h[?25l[A[1Gpulling manifest [K
pulling 2bada8a74506:  83% ▕██████████████    ▏ 3.9 GB/4.7 GB   10 MB/s   1m19s[K[?25h[?2026l[?2026h[?25l[A[1Gpulling manifest [K
pulling 2bada8a74506:  83% ▕██████████████    ▏ 3.9 GB/4.7 GB   10 MB/s   1m19s[K[?25h[?2026l[?2026h[?25l[A[1Gpulling manifest [K
pulling 2bada8a74506:  83% ▕██████████████    ▏ 3.9 GB/4.7 GB   10 MB/s   1m19s[K[?25h[?2026l[?2026h[?25l[A[1Gpulling manifest [K
pulling 2bada8a74506:  83% ▕██████████████    ▏ 3.9 GB/4.7 GB   10 MB/s   1m19s[K[?25h[?2026l[?2026h[?25l[A[1Gpulling manifest [K
pulling 2bada8a74506:  83% ▕██████████████    ▏ 3.9 GB/4.7 GB   10 MB/s   1m19s[K[?25h[?2026l[?2026h[?25l[A[1Gpulling manifest [K
pulling 2bada8a74506:  83% ▕██████████████    ▏ 3.9 GB/4.7 GB   10 MB/s   1m19s[K[?25h[?2026l[?2026h[?25l[A[1Gpulling manifest [K
pulling 2bada8a74506:  83% ▕██████████████    ▏ 3.9 GB/4.7 GB   10 MB/s   1m19s[K[?25h[?2026l[?2026h[?25l[A[1Gpulling manifest [K
pulling 2bada8a74506:  83% ▕██████████████    ▏ 3.9 GB/4.7 GB   10 MB/s   1m19s[K[?25h[?2026l[?2026h[?25l[A[1Gpulling manifest [K
pulling 2bada8a74506:  83% ▕██████████████    ▏ 3.9 GB/4.7 GB   10 MB/s   1m19s[K[?25h[?2026l[?2026h[?25l[A[1Gpulling manifest [K
pulling 2bada8a74506:  83% ▕██████████████    ▏ 3.9 GB/4.7 GB   10 MB/s   1m18s[K[?25h[?2026l[?2026h[?25l[A[1Gpulling manifest [K
pulling 2bada8a74506:  83% ▕██████████████    ▏ 3.9 GB/4.7 GB   10 MB/s   1m18s[K[?25h[?2026l[?2026h[?25l[A[1Gpulling manifest [K
pulling 2bada8a74506:  83% ▕██████████████    ▏ 3.9 GB/4.7 GB   10 MB/s   1m18s[K[?25h[?2026l[?2026h[?25l[A[1Gpulling manifest [K
pulling 2bada8a74506:  83% ▕██████████████    ▏ 3.9 GB/4.7 GB   10 MB/s   1m18s[K[?25h[?2026l[?2026h[?25l[A[1Gpulling manifest [K
pulling 2bada8a74506:  83% ▕██████████████    ▏ 3.9 GB/4.7 GB   10 MB/s   1m18s[K[?25h[?2026l[?2026h[?25l[A[1Gpulling manifest [K
pulling 2bada8a74506:  83% ▕██████████████    ▏ 3.9 GB/4.7 GB   10 MB/s   1m18s[K[?25h[?2026l[?2026h[?25l[A[1Gpulling manifest [K
pulling 2bada8a74506:  83% ▕██████████████    ▏ 3.9 GB/4.7 GB   10 MB/s   1m18s[K[?25h[?2026l[?2026h[?25l[A[1Gpulling manifest [K
pulling 2bada8a74506:  83% ▕██████████████    ▏ 3.9 GB/4.7 GB   10 MB/s   1m17s[K[?25h[?2026l[?2026h[?25l[A[1Gpulling manifest [K
pulling 2bada8a74506:  83% ▕██████████████    ▏ 3.9 GB/4.7 GB   10 MB/s   1m17s[K[?25h[?2026l[?2026h[?25l[A[1Gpulling manifest [K
pulling 2bada8a74506:  83% ▕██████████████    ▏ 3.9 GB/4.7 GB   10 MB/s   1m17s[K[?25h[?2026l[?2026h[?25l[A[1Gpulling manifest [K
pulling 2bada8a74506:  83% ▕██████████████    ▏ 3.9 GB/4.7 GB   10 MB/s   1m17s[K[?25h[?2026l[?2026h[?25l[A[1Gpulling manifest [K
pulling 2bada8a74506:  83% ▕██████████████    ▏ 3.9 GB/4.7 GB   10 MB/s   1m17s[K[?25h[?2026l[?2026h[?25l[A[1Gpulling manifest [K
pulling 2bada8a74506:  83% ▕██████████████    ▏ 3.9 GB/4.7 GB   10 MB/s   1m17s[K[?25h[?2026l[?2026h[?25l[A[1Gpulling manifest [K
pulling 2bada8a74506:  83% ▕███████████████   ▏ 3.9 GB/4.7 GB   10 MB/s   1m17s[K[?25h[?2026l[?2026h[?25l[A[1Gpulling manifest [K
pulling 2bada8a74506:  83% ▕███████████████   ▏ 3.9 GB/4.7 GB   10 MB/s   1m17s[K[?25h[?2026l[?2026h[?25l[A[1Gpulling manifest [K
pulling 2bada8a74506:  83% ▕███████████████   ▏ 3.9 GB/4.7 GB   10 MB/s   1m17s[K[?25h[?2026l[?2026h[?25l[A[1Gpulling manifest [K
pulling 2bada8a74506:  83% ▕███████████████   ▏ 3.9 GB/4.7 GB   10 MB/s   1m17s[K[?25h[?2026l[?2026h[?25l[A[1Gpulling manifest [K
pulling 2bada8a74506:  83% ▕███████████████   ▏ 3.9 GB/4.7 GB   10 MB/s   1m17s[K[?25h[?2026l[?2026h[?25l[A[1Gpulling manifest [K
pulling 2bada8a74506:  83% ▕███████████████   ▏ 3.9 GB/4.7 GB   10 MB/s   1m17s[K[?25h[?2026l[?2026h[?25l[A[1Gpulling manifest [K
pulling 2bada8a74506:  83% ▕███████████████   ▏ 3.9 GB/4.7 GB   10 MB/s   1m17s[K[?25h[?2026l[?2026h[?25l[A[1Gpulling manifest [K
pulling 2bada8a74506:  83% ▕███████████████   ▏ 3.9 GB/4.7 GB   10 MB/s   1m16s[K[?25h[?2026l[?2026h[?25l[A[1Gpulling manifest [K
pulling 2bada8a74506:  84% ▕███████████████   ▏ 3.9 GB/4.7 GB   10 MB/s   1m16s[K[?25h[?2026l[?2026h[?25l[A[1Gpulling manifest [K
pulling 2bada8a74506:  84% ▕███████████████   ▏ 3.9 GB/4.7 GB   10 MB/s   1m16s[K[?25h[?2026l[?2026h[?25l[A[1Gpulling manifest [K
pulling 2bada8a74506:  84% ▕███████████████   ▏ 3.9 GB/4.7 GB   10 MB/s   1m15s[K[?25h[?2026l[?2026h[?25l[A[1Gpulling manifest [K
pulling 2bada8a74506:  84% ▕███████████████   ▏ 3.9 GB/4.7 GB   10 MB/s   1m15s[K[?25h[?2026l[?2026h[?25l[A[1Gpulling manifest [K
pulling 2bada8a74506:  84% ▕███████████████   ▏ 3.9 GB/4.7 GB   10 MB/s   1m15s[K[?25h[?2026l[?2026h[?25l[A[1Gpulling manifest [K
pulling 2bada8a74506:  84% ▕███████████████   ▏ 3.9 GB/4.7 GB   10 MB/s   1m15s[K[?25h[?2026l[?2026h[?25l[A[1Gpulling manifest [K
pulling 2bada8a74506:  84% ▕███████████████   ▏ 3.9 GB/4.7 GB   10 MB/s   1m15s[K[?25h[?2026l[?2026h[?25l[A[1Gpulling manifest [K
pulling 2bada8a74506:  84% ▕███████████████   ▏ 3.9 GB/4.7 GB   10 MB/s   1m15s[K[?25h[?2026l[?2026h[?25l[A[1Gpulling manifest [K
pulling 2bada8a74506:  84% ▕███████████████   ▏ 3.9 GB/4.7 GB   10 MB/s   1m15s[K[?25h[?2026l[?2026h[?25l[A[1Gpulling manifest [K
pulling 2bada8a74506:  84% ▕███████████████   ▏ 3.9 GB/4.7 GB   10 MB/s   1m15s[K[?25h[?2026l[?2026h[?25l[A[1Gpulling manifest [K
pulling 2bada8a74506:  84% ▕███████████████   ▏ 3.9 GB/4.7 GB   10 MB/s   1m14s[K[?25h[?2026l[?2026h[?25l[A[1Gpulling manifest [K
pulling 2bada8a74506:  84% ▕███████████████   ▏ 3.9 GB/4.7 GB   10 MB/s   1m14s[K[?25h[?2026l[?2026h[?25l[A[1Gpulling manifest [K
pulling 2bada8a74506:  84% ▕███████████████   ▏ 3.9 GB/4.7 GB   10 MB/s   1m14s[K[?25h[?2026l[?2026h[?25l[A[1Gpulling manifest [K
pulling 2bada8a74506:  84% ▕███████████████   ▏ 3.9 GB/4.7 GB   10 MB/s   1m14s[K[?25h[?2026l[?2026h[?25l[A[1Gpulling manifest [K
pulling 2bada8a74506:  84% ▕███████████████   ▏ 3.9 GB/4.7 GB   10 MB/s   1m14s[K[?25h[?2026l[?2026h[?25l[A[1Gpulling manifest [K
pulling 2bada8a74506:  84% ▕███████████████   ▏ 3.9 GB/4.7 GB   10 MB/s   1m14s[K[?25h[?2026l[?2026h[?25l[A[1Gpulling manifest [K
pulling 2bada8a74506:  84% ▕███████████████   ▏ 3.9 GB/4.7 GB   10 MB/s   1m14s[K[?25h[?2026l[?2026h[?25l[A[1Gpulling manifest [K
pulling 2bada8a74506:  84% ▕███████████████   ▏ 3.9 GB/4.7 GB   10 MB/s   1m14s[K[?25h[?2026l[?2026h[?25l[A[1Gpulling manifest [K
pulling 2bada8a74506:  84% ▕███████████████   ▏ 3.9 GB/4.7 GB   10 MB/s   1m14s[K[?25h[?2026l[?2026h[?25l[A[1Gpulling manifest [K
pulling 2bada8a74506:  84% ▕███████████████   ▏ 3.9 GB/4.7 GB   10 MB/s   1m13s[K[?25h[?2026l[?2026h[?25l[A[1Gpulling manifest [K
pulling 2bada8a74506:  84% ▕███████████████   ▏ 3.9 GB/4.7 GB   10 MB/s   1m14s[K[?25h[?2026l[?2026h[?25l[A[1Gpulling manifest [K
pulling 2bada8a74506:  84% ▕███████████████   ▏ 3.9 GB/4.7 GB   10 MB/s   1m14s[K[?25h[?2026l[?2026h[?25l[A[1Gpulling manifest [K
pulling 2bada8a74506:  84% ▕███████████████   ▏ 3.9 GB/4.7 GB   10 MB/s   1m14s[K[?25h[?2026l[?2026h[?25l[A[1Gpulling manifest [K
pulling 2bada8a74506:  84% ▕███████████████   ▏ 3.9 GB/4.7 GB   10 MB/s   1m14s[K[?25h[?2026l[?2026h[?25l[A[1Gpulling manifest [K
pulling 2bada8a74506:  84% ▕███████████████   ▏ 3.9 GB/4.7 GB   10 MB/s   1m14s[K[?25h[?2026l[?2026h[?25l[A[1Gpulling manifest [K
pulling 2bada8a74506:  84% ▕███████████████   ▏ 3.9 GB/4.7 GB   10 MB/s   1m14s[K[?25h[?2026l[?2026h[?25l[A[1Gpulling manifest [K
pulling 2bada8a74506:  84% ▕███████████████   ▏ 3.9 GB/4.7 GB   10 MB/s   1m14s[K[?25h[?2026l[?2026h[?25l[A[1Gpulling manifest [K
pulling 2bada8a74506:  84% ▕███████████████   ▏ 3.9 GB/4.7 GB   10 MB/s   1m14s[K[?25h[?2026l[?2026h[?25l[A[1Gpulling manifest [K
pulling 2bada8a74506:  84% ▕███████████████   ▏ 3.9 GB/4.7 GB   10 MB/s   1m14s[K[?25h[?2026l[?2026h[?25l[A[1Gpulling manifest [K
pulling 2bada8a74506:  84% ▕███████████████   ▏ 3.9 GB/4.7 GB   10 MB/s   1m14s[K[?25h[?2026l[?2026h[?25l[A[1Gpulling manifest [K
pulling 2bada8a74506:  84% ▕███████████████   ▏ 3.9 GB/4.7 GB   10 MB/s   1m14s[K[?25h[?2026l[?2026h[?25l[A[1Gpulling manifest [K
pulling 2bada8a74506:  84% ▕███████████████   ▏ 3.9 GB/4.7 GB  9.9 MB/s   1m15s[K[?25h[?2026l[?2026h[?25l[A[1Gpulling manifest [K
pulling 2bada8a74506:  84% ▕███████████████   ▏ 3.9 GB/4.7 GB  9.9 MB/s   1m14s[K[?25h[?2026l[?2026h[?25l[A[1Gpulling manifest [K
pulling 2bada8a74506:  84% ▕███████████████   ▏ 3.9 GB/4.7 GB  9.9 MB/s   1m14s[K[?25h[?2026l[?2026h[?25l[A[1Gpulling manifest [K
pulling 2bada8a74506:  84% ▕███████████████   ▏ 3.9 GB/4.7 GB  9.9 MB/s   1m14s[K[?25h[?2026l[?2026h[?25l[A[1Gpulling manifest [K
pulling 2bada8a74506:  84% ▕███████████████   ▏ 3.9 GB/4.7 GB  9.9 MB/s   1m14s[K[?25h[?2026l[?2026h[?25l[A[1Gpulling manifest [K
pulling 2bada8a74506:  84% ▕███████████████   ▏ 3.9 GB/4.7 GB  9.9 MB/s   1m14s[K[?25h[?2026l[?2026h[?25l[A[1Gpulling manifest [K
pulling 2bada8a74506:  84% ▕███████████████   ▏ 3.9 GB/4.7 GB  9.9 MB/s   1m14s[K[?25h[?2026l[?2026h[?25l[A[1Gpulling manifest [K
pulling 2bada8a74506:  84% ▕███████████████   ▏ 3.9 GB/4.7 GB  9.9 MB/s   1m14s[K[?25h[?2026l[?2026h[?25l[A[1Gpulling manifest [K
pulling 2bada8a74506:  84% ▕███████████████   ▏ 3.9 GB/4.7 GB  9.9 MB/s   1m14s[K[?25h[?2026l[?2026h[?25l[A[1Gpulling manifest [K
pulling 2bada8a74506:  84% ▕███████████████   ▏ 3.9 GB/4.7 GB  9.9 MB/s   1m14s[K[?25h[?2026l[?2026h[?25l[A[1Gpulling manifest [K
pulling 2bada8a74506:  84% ▕███████████████   ▏ 3.9 GB/4.7 GB  9.8 MB/s   1m14s[K[?25h[?2026l[?2026h[?25l[A[1Gpulling manifest [K
pulling 2bada8a74506:  84% ▕███████████████   ▏ 3.9 GB/4.7 GB  9.8 MB/s   1m14s[K[?25h[?2026l[?2026h[?25l[A[1Gpulling manifest [K
pulling 2bada8a74506:  84% ▕███████████████   ▏ 4.0 GB/4.7 GB  9.8 MB/s   1m14s[K[?25h[?2026l[?2026h[?25l[A[1Gpulling manifest [K
pulling 2bada8a74506:  84% ▕███████████████   ▏ 4.0 GB/4.7 GB  9.8 MB/s   1m14s[K[?25h[?2026l[?2026h[?25l[A[1Gpulling manifest [K
pulling 2bada8a74506:  84% ▕███████████████   ▏ 4.0 GB/4.7 GB  9.8 MB/s   1m14s[K[?25h[?2026l[?2026h[?25l[A[1Gpulling manifest [K
pulling 2bada8a74506:  84% ▕███████████████   ▏ 4.0 GB/4.7 GB  9.8 MB/s   1m14s[K[?25h[?2026l[?2026h[?25l[A[1Gpulling manifest [K
pulling 2bada8a74506:  84% ▕███████████████   ▏ 4.0 GB/4.7 GB  9.8 MB/s   1m14s[K[?25h[?2026l[?2026h[?25l[A[1Gpulling manifest [K
pulling 2bada8a74506:  84% ▕███████████████   ▏ 4.0 GB/4.7 GB  9.8 MB/s   1m14s[K[?25h[?2026l[?2026h[?25l[A[1Gpulling manifest [K
pulling 2bada8a74506:  85% ▕███████████████   ▏ 4.0 GB/4.7 GB  9.8 MB/s   1m14s[K[?25h[?2026l[?2026h[?25l[A[1Gpulling manifest [K
pulling 2bada8a74506:  85% ▕███████████████   ▏ 4.0 GB/4.7 GB  9.8 MB/s   1m13s[K[?25h[?2026l[?2026h[?25l[A[1Gpulling manifest [K
pulling 2bada8a74506:  85% ▕███████████████   ▏ 4.0 GB/4.7 GB  9.8 MB/s   1m13s[K[?25h[?2026l[?2026h[?25l[A[1Gpulling manifest [K
pulling 2bada8a74506:  85% ▕███████████████   ▏ 4.0 GB/4.7 GB  9.8 MB/s   1m13s[K[?25h[?2026l[?2026h[?25l[A[1Gpulling manifest [K
pulling 2bada8a74506:  85% ▕███████████████   ▏ 4.0 GB/4.7 GB  9.8 MB/s   1m13s[K[?25h[?2026l[?2026h[?25l[A[1Gpulling manifest [K
pulling 2bada8a74506:  85% ▕███████████████   ▏ 4.0 GB/4.7 GB  9.8 MB/s   1m13s[K[?25h[?2026l[?2026h[?25l[A[1Gpulling manifest [K
pulling 2bada8a74506:  85% ▕███████████████   ▏ 4.0 GB/4.7 GB  9.8 MB/s   1m13s[K[?25h[?2026l[?2026h[?25l[A[1Gpulling manifest [K
pulling 2bada8a74506:  85% ▕███████████████   ▏ 4.0 GB/4.7 GB  9.8 MB/s   1m12s[K[?25h[?2026l[?2026h[?25l[A[1Gpulling manifest [K
pulling 2bada8a74506:  85% ▕███████████████   ▏ 4.0 GB/4.7 GB  9.8 MB/s   1m12s[K[?25h[?2026l[?2026h[?25l[A[1Gpulling manifest [K
pulling 2bada8a74506:  85% ▕███████████████   ▏ 4.0 GB/4.7 GB  9.8 MB/s   1m12s[K[?25h[?2026l[?2026h[?25l[A[1Gpulling manifest [K
pulling 2bada8a74506:  85% ▕███████████████   ▏ 4.0 GB/4.7 GB  9.8 MB/s   1m12s[K[?25h[?2026l[?2026h[?25l[A[1Gpulling manifest [K
pulling 2bada8a74506:  85% ▕███████████████   ▏ 4.0 GB/4.7 GB  9.8 MB/s   1m12s[K[?25h[?2026l[?2026h[?25l[A[1Gpulling manifest [K
pulling 2bada8a74506:  85% ▕██████████████   ▏ 4.0 GB/4.7 GB  10.0 MB/s   1m11s[K[?25h[?2026l[?2026h[?25l[A[1Gpulling manifest [K
pulling 2bada8a74506:  85% ▕██████████████   ▏ 4.0 GB/4.7 GB  10.0 MB/s   1m11s[K[?25h[?2026l[?2026h[?25l[A[1Gpulling manifest [K
pulling 2bada8a74506:  85% ▕██████████████   ▏ 4.0 GB/4.7 GB  10.0 MB/s   1m11s[K[?25h[?2026l[?2026h[?25l[A[1Gpulling manifest [K
pulling 2bada8a74506:  85% ▕██████████████   ▏ 4.0 GB/4.7 GB  10.0 MB/s   1m11s[K[?25h[?2026l[?2026h[?25l[A[1Gpulling manifest [K
pulling 2bada8a74506:  85% ▕██████████████   ▏ 4.0 GB/4.7 GB  10.0 MB/s   1m11s[K[?25h[?2026l[?2026h[?25l[A[1Gpulling manifest [K
pulling 2bada8a74506:  85% ▕██████████████   ▏ 4.0 GB/4.7 GB  10.0 MB/s   1m10s[K[?25h[?2026l[?2026h[?25l[A[1Gpulling manifest [K
pulling 2bada8a74506:  85% ▕██████████████   ▏ 4.0 GB/4.7 GB  10.0 MB/s   1m10s[K[?25h[?2026l[?2026h[?25l[A[1Gpulling manifest [K
pulling 2bada8a74506:  85% ▕██████████████   ▏ 4.0 GB/4.7 GB  10.0 MB/s   1m10s[K[?25h[?2026l[?2026h[?25l[A[1Gpulling manifest [K
pulling 2bada8a74506:  85% ▕██████████████   ▏ 4.0 GB/4.7 GB  10.0 MB/s   1m10s[K[?25h[?2026l[?2026h[?25l[A[1Gpulling manifest [K
pulling 2bada8a74506:  85% ▕██████████████   ▏ 4.0 GB/4.7 GB  10.0 MB/s   1m10s[K[?25h[?2026l[?2026h[?25l[A[1Gpulling manifest [K
pulling 2bada8a74506:  85% ▕██████████████   ▏ 4.0 GB/4.7 GB  10.0 MB/s   1m10s[K[?25h[?2026l[?2026h[?25l[A[1Gpulling manifest [K
pulling 2bada8a74506:  85% ▕██████████████   ▏ 4.0 GB/4.7 GB  10.0 MB/s   1m10s[K[?25h[?2026l[?2026h[?25l[A[1Gpulling manifest [K
pulling 2bada8a74506:  85% ▕██████████████   ▏ 4.0 GB/4.7 GB  10.0 MB/s   1m10s[K[?25h[?2026l[?2026h[?25l[A[1Gpulling manifest [K
pulling 2bada8a74506:  85% ▕██████████████   ▏ 4.0 GB/4.7 GB  10.0 MB/s    1m9s[K[?25h[?2026l[?2026h[?25l[A[1Gpulling manifest [K
pulling 2bada8a74506:  85% ▕██████████████   ▏ 4.0 GB/4.7 GB  10.0 MB/s    1m9s[K[?25h[?2026l[?2026h[?25l[A[1Gpulling manifest [K
pulling 2bada8a74506:  85% ▕██████████████   ▏ 4.0 GB/4.7 GB  10.0 MB/s    1m9s[K[?25h[?2026l[?2026h[?25l[A[1Gpulling manifest [K
pulling 2bada8a74506:  85% ▕██████████████   ▏ 4.0 GB/4.7 GB  10.0 MB/s    1m9s[K[?25h[?2026l[?2026h[?25l[A[1Gpulling manifest [K
pulling 2bada8a74506:  85% ▕██████████████   ▏ 4.0 GB/4.7 GB  10.0 MB/s    1m9s[K[?25h[?2026l[?2026h[?25l[A[1Gpulling manifest [K
pulling 2bada8a74506:  85% ▕██████████████   ▏ 4.0 GB/4.7 GB  10.0 MB/s    1m9s[K[?25h[?2026l[?2026h[?25l[A[1Gpulling manifest [K
pulling 2bada8a74506:  85% ▕██████████████   ▏ 4.0 GB/4.7 GB  10.0 MB/s    1m9s[K[?25h[?2026l[?2026h[?25l[A[1Gpulling manifest [K
pulling 2bada8a74506:  85% ▕██████████████   ▏ 4.0 GB/4.7 GB  10.0 MB/s    1m9s[K[?25h[?2026l[?2026h[?25l[A[1Gpulling manifest [K
pulling 2bada8a74506:  85% ▕███████████████   ▏ 4.0 GB/4.7 GB   10 MB/s    1m8s[K[?25h[?2026l[?2026h[?25l[A[1Gpulling manifest [K
pulling 2bada8a74506:  85% ▕███████████████   ▏ 4.0 GB/4.7 GB   10 MB/s    1m8s[K[?25h[?2026l[?2026h[?25l[A[1Gpulling manifest [K
pulling 2bada8a74506:  85% ▕███████████████   ▏ 4.0 GB/4.7 GB   10 MB/s    1m8s[K[?25h[?2026l[?2026h[?25l[A[1Gpulling manifest [K
pulling 2bada8a74506:  85% ▕███████████████   ▏ 4.0 GB/4.7 GB   10 MB/s    1m8s[K[?25h[?2026l[?2026h[?25l[A[1Gpulling manifest [K
pulling 2bada8a74506:  85% ▕███████████████   ▏ 4.0 GB/4.7 GB   10 MB/s    1m8s[K[?25h[?2026l[?2026h[?25l[A[1Gpulling manifest [K
pulling 2bada8a74506:  85% ▕███████████████   ▏ 4.0 GB/4.7 GB   10 MB/s    1m8s[K[?25h[?2026l[?2026h[?25l[A[1Gpulling manifest [K
pulling 2bada8a74506:  85% ▕███████████████   ▏ 4.0 GB/4.7 GB   10 MB/s    1m8s[K[?25h[?2026l[?2026h[?25l[A[1Gpulling manifest [K
pulling 2bada8a74506:  85% ▕███████████████   ▏ 4.0 GB/4.7 GB   10 MB/s    1m7s[K[?25h[?2026l[?2026h[?25l[A[1Gpulling manifest [K
pulling 2bada8a74506:  85% ▕███████████████   ▏ 4.0 GB/4.7 GB   10 MB/s    1m7s[K[?25h[?2026l[?2026h[?25l[A[1Gpulling manifest [K
pulling 2bada8a74506:  85% ▕███████████████   ▏ 4.0 GB/4.7 GB   10 MB/s    1m7s[K[?25h[?2026l[?2026h[?25l[A[1Gpulling manifest [K
pulling 2bada8a74506:  85% ▕███████████████   ▏ 4.0 GB/4.7 GB   10 MB/s    1m7s[K[?25h[?2026l[?2026h[?25l[A[1Gpulling manifest [K
pulling 2bada8a74506:  85% ▕███████████████   ▏ 4.0 GB/4.7 GB   10 MB/s    1m7s[K[?25h[?2026l[?2026h[?25l[A[1Gpulling manifest [K
pulling 2bada8a74506:  86% ▕███████████████   ▏ 4.0 GB/4.7 GB   10 MB/s    1m7s[K[?25h[?2026l[?2026h[?25l[A[1Gpulling manifest [K
pulling 2bada8a74506:  86% ▕███████████████   ▏ 4.0 GB/4.7 GB   10 MB/s    1m7s[K[?25h[?2026l[?2026h[?25l[A[1Gpulling manifest [K
pulling 2bada8a74506:  86% ▕███████████████   ▏ 4.0 GB/4.7 GB   10 MB/s    1m7s[K[?25h[?2026l[?2026h[?25l[A[1Gpulling manifest [K
pulling 2bada8a74506:  86% ▕███████████████   ▏ 4.0 GB/4.7 GB   10 MB/s    1m6s[K[?25h[?2026l[?2026h[?25l[A[1Gpulling manifest [K
pulling 2bada8a74506:  86% ▕███████████████   ▏ 4.0 GB/4.7 GB   10 MB/s    1m6s[K[?25h[?2026l[?2026h[?25l[A[1Gpulling manifest [K
pulling 2bada8a74506:  86% ▕███████████████   ▏ 4.0 GB/4.7 GB   10 MB/s    1m6s[K[?25h[?2026l[?2026h[?25l[A[1Gpulling manifest [K
pulling 2bada8a74506:  86% ▕███████████████   ▏ 4.0 GB/4.7 GB   10 MB/s    1m6s[K[?25h[?2026l[?2026h[?25l[A[1Gpulling manifest [K
pulling 2bada8a74506:  86% ▕███████████████   ▏ 4.0 GB/4.7 GB   10 MB/s    1m6s[K[?25h[?2026l[?2026h[?25l[A[1Gpulling manifest [K
pulling 2bada8a74506:  86% ▕███████████████   ▏ 4.0 GB/4.7 GB   10 MB/s    1m6s[K[?25h[?2026l[?2026h[?25l[A[1Gpulling manifest [K
pulling 2bada8a74506:  86% ▕███████████████   ▏ 4.0 GB/4.7 GB   10 MB/s    1m6s[K[?25h[?2026l[?2026h[?25l[A[1Gpulling manifest [K
pulling 2bada8a74506:  86% ▕███████████████   ▏ 4.0 GB/4.7 GB   10 MB/s    1m5s[K[?25h[?2026l[?2026h[?25l[A[1Gpulling manifest [K
pulling 2bada8a74506:  86% ▕███████████████   ▏ 4.0 GB/4.7 GB   10 MB/s    1m5s[K[?25h[?2026l[?2026h[?25l[A[1Gpulling manifest [K
pulling 2bada8a74506:  86% ▕███████████████   ▏ 4.0 GB/4.7 GB   10 MB/s    1m5s[K[?25h[?2026l[?2026h[?25l[A[1Gpulling manifest [K
pulling 2bada8a74506:  86% ▕███████████████   ▏ 4.0 GB/4.7 GB   10 MB/s    1m5s[K[?25h[?2026l[?2026h[?25l[A[1Gpulling manifest [K
pulling 2bada8a74506:  86% ▕███████████████   ▏ 4.0 GB/4.7 GB   10 MB/s    1m5s[K[?25h[?2026l[?2026h[?25l[A[1Gpulling manifest [K
pulling 2bada8a74506:  86% ▕███████████████   ▏ 4.0 GB/4.7 GB   10 MB/s    1m5s[K[?25h[?2026l[?2026h[?25l[A[1Gpulling manifest [K
pulling 2bada8a74506:  86% ▕███████████████   ▏ 4.0 GB/4.7 GB   10 MB/s    1m5s[K[?25h[?2026l[?2026h[?25l[A[1Gpulling manifest [K
pulling 2bada8a74506:  86% ▕███████████████   ▏ 4.0 GB/4.7 GB   10 MB/s    1m5s[K[?25h[?2026l[?2026h[?25l[A[1Gpulling manifest [K
pulling 2bada8a74506:  86% ▕███████████████   ▏ 4.0 GB/4.7 GB   10 MB/s    1m4s[K[?25h[?2026l[?2026h[?25l[A[1Gpulling manifest [K
pulling 2bada8a74506:  86% ▕███████████████   ▏ 4.0 GB/4.7 GB   10 MB/s    1m4s[K[?25h[?2026l[?2026h[?25l[A[1Gpulling manifest [K
pulling 2bada8a74506:  86% ▕███████████████   ▏ 4.0 GB/4.7 GB   10 MB/s    1m4s[K[?25h[?2026l[?2026h[?25l[A[1Gpulling manifest [K
pulling 2bada8a74506:  86% ▕███████████████   ▏ 4.0 GB/4.7 GB   10 MB/s    1m4s[K[?25h[?2026l[?2026h[?25l[A[1Gpulling manifest [K
pulling 2bada8a74506:  86% ▕███████████████   ▏ 4.0 GB/4.7 GB   10 MB/s    1m4s[K[?25h[?2026l[?2026h[?25l[A[1Gpulling manifest [K
pulling 2bada8a74506:  86% ▕███████████████   ▏ 4.0 GB/4.7 GB   10 MB/s    1m4s[K[?25h[?2026l[?2026h[?25l[A[1Gpulling manifest [K
pulling 2bada8a74506:  86% ▕███████████████   ▏ 4.0 GB/4.7 GB   10 MB/s    1m4s[K[?25h[?2026l[?2026h[?25l[A[1Gpulling manifest [K
pulling 2bada8a74506:  86% ▕███████████████   ▏ 4.0 GB/4.7 GB   10 MB/s    1m3s[K[?25h[?2026l[?2026h[?25l[A[1Gpulling manifest [K
pulling 2bada8a74506:  86% ▕███████████████   ▏ 4.0 GB/4.7 GB   10 MB/s    1m3s[K[?25h[?2026l[?2026h[?25l[A[1Gpulling manifest [K
pulling 2bada8a74506:  86% ▕███████████████   ▏ 4.0 GB/4.7 GB   10 MB/s    1m3s[K[?25h[?2026l[?2026h[?25l[A[1Gpulling manifest [K
pulling 2bada8a74506:  86% ▕███████████████   ▏ 4.0 GB/4.7 GB   10 MB/s    1m3s[K[?25h[?2026l[?2026h[?25l[A[1Gpulling manifest [K
pulling 2bada8a74506:  86% ▕███████████████   ▏ 4.0 GB/4.7 GB   10 MB/s    1m3s[K[?25h[?2026l[?2026h[?25l[A[1Gpulling manifest [K
pulling 2bada8a74506:  86% ▕███████████████   ▏ 4.0 GB/4.7 GB   10 MB/s    1m3s[K[?25h[?2026l[?2026h[?25l[A[1Gpulling manifest [K
pulling 2bada8a74506:  86% ▕███████████████   ▏ 4.0 GB/4.7 GB   10 MB/s    1m2s[K[?25h[?2026l[?2026h[?25l[A[1Gpulling manifest [K
pulling 2bada8a74506:  86% ▕███████████████   ▏ 4.0 GB/4.7 GB   10 MB/s    1m2s[K[?25h[?2026l[?2026h[?25l[A[1Gpulling manifest [K
pulling 2bada8a74506:  86% ▕███████████████   ▏ 4.0 GB/4.7 GB   10 MB/s    1m2s[K[?25h[?2026l[?2026h[?25l[A[1Gpulling manifest [K
pulling 2bada8a74506:  86% ▕███████████████   ▏ 4.0 GB/4.7 GB   10 MB/s    1m2s[K[?25h[?2026l[?2026h[?25l[A[1Gpulling manifest [K
pulling 2bada8a74506:  86% ▕███████████████   ▏ 4.0 GB/4.7 GB   10 MB/s    1m2s[K[?25h[?2026l[?2026h[?25l[A[1Gpulling manifest [K
pulling 2bada8a74506:  86% ▕███████████████   ▏ 4.0 GB/4.7 GB   10 MB/s    1m2s[K[?25h[?2026l[?2026h[?25l[A[1Gpulling manifest [K
pulling 2bada8a74506:  86% ▕███████████████   ▏ 4.0 GB/4.7 GB   10 MB/s    1m2s[K[?25h[?2026l[?2026h[?25l[A[1Gpulling manifest [K
pulling 2bada8a74506:  86% ▕███████████████   ▏ 4.0 GB/4.7 GB   10 MB/s    1m2s[K[?25h[?2026l[?2026h[?25l[A[1Gpulling manifest [K
pulling 2bada8a74506:  86% ▕███████████████   ▏ 4.0 GB/4.7 GB   10 MB/s    1m2s[K[?25h[?2026l[?2026h[?25l[A[1Gpulling manifest [K
pulling 2bada8a74506:  86% ▕███████████████   ▏ 4.0 GB/4.7 GB   10 MB/s    1m2s[K[?25h[?2026l[?2026h[?25l[A[1Gpulling manifest [K
pulling 2bada8a74506:  86% ▕███████████████   ▏ 4.0 GB/4.7 GB   10 MB/s    1m2s[K[?25h[?2026l[?2026h[?25l[A[1Gpulling manifest [K
pulling 2bada8a74506:  86% ▕███████████████   ▏ 4.0 GB/4.7 GB   10 MB/s    1m2s[K[?25h[?2026l[?2026h[?25l[A[1Gpulling manifest [K
pulling 2bada8a74506:  86% ▕███████████████   ▏ 4.0 GB/4.7 GB   10 MB/s    1m2s[K[?25h[?2026l[?2026h[?25l[A[1Gpulling manifest [K
pulling 2bada8a74506:  86% ▕███████████████   ▏ 4.0 GB/4.7 GB   10 MB/s    1m2s[K[?25h[?2026l[?2026h[?25l[A[1Gpulling manifest [K
pulling 2bada8a74506:  86% ▕███████████████   ▏ 4.0 GB/4.7 GB   10 MB/s    1m1s[K[?25h[?2026l[?2026h[?25l[A[1Gpulling manifest [K
pulling 2bada8a74506:  86% ▕███████████████   ▏ 4.0 GB/4.7 GB   10 MB/s    1m1s[K[?25h[?2026l[?2026h[?25l[A[1Gpulling manifest [K
pulling 2bada8a74506:  86% ▕███████████████   ▏ 4.0 GB/4.7 GB   10 MB/s    1m1s[K[?25h[?2026l[?2026h[?25l[A[1Gpulling manifest [K
pulling 2bada8a74506:  87% ▕███████████████   ▏ 4.1 GB/4.7 GB   10 MB/s    1m1s[K[?25h[?2026l[?2026h[?25l[A[1Gpulling manifest [K
pulling 2bada8a74506:  87% ▕███████████████   ▏ 4.1 GB/4.7 GB   10 MB/s    1m1s[K[?25h[?2026l[?2026h[?25l[A[1Gpulling manifest [K
pulling 2bada8a74506:  87% ▕███████████████   ▏ 4.1 GB/4.7 GB   10 MB/s    1m1s[K[?25h[?2026l[?2026h[?25l[A[1Gpulling manifest [K
pulling 2bada8a74506:  87% ▕███████████████   ▏ 4.1 GB/4.7 GB   10 MB/s    1m1s[K[?25h[?2026l[?2026h[?25l[A[1Gpulling manifest [K
pulling 2bada8a74506:  87% ▕███████████████   ▏ 4.1 GB/4.7 GB   10 MB/s    1m1s[K[?25h[?2026l[?2026h[?25l[A[1Gpulling manifest [K
pulling 2bada8a74506:  87% ▕███████████████   ▏ 4.1 GB/4.7 GB   10 MB/s    1m1s[K[?25h[?2026l[?2026h[?25l[A[1Gpulling manifest [K
pulling 2bada8a74506:  87% ▕███████████████   ▏ 4.1 GB/4.7 GB   10 MB/s    1m0s[K[?25h[?2026l[?2026h[?25l[A[1Gpulling manifest [K
pulling 2bada8a74506:  87% ▕███████████████   ▏ 4.1 GB/4.7 GB   10 MB/s    1m0s[K[?25h[?2026l[?2026h[?25l[A[1Gpulling manifest [K
pulling 2bada8a74506:  87% ▕███████████████   ▏ 4.1 GB/4.7 GB   10 MB/s    1m0s[K[?25h[?2026l[?2026h[?25l[A[1Gpulling manifest [K
pulling 2bada8a74506:  87% ▕███████████████   ▏ 4.1 GB/4.7 GB   10 MB/s    1m0s[K[?25h[?2026l[?2026h[?25l[A[1Gpulling manifest [K
pulling 2bada8a74506:  87% ▕███████████████   ▏ 4.1 GB/4.7 GB   10 MB/s    1m0s[K[?25h[?2026l[?2026h[?25l[A[1Gpulling manifest [K
pulling 2bada8a74506:  87% ▕███████████████   ▏ 4.1 GB/4.7 GB   10 MB/s    1m1s[K[?25h[?2026l[?2026h[?25l[A[1Gpulling manifest [K
pulling 2bada8a74506:  87% ▕███████████████   ▏ 4.1 GB/4.7 GB   10 MB/s    1m1s[K[?25h[?2026l[?2026h[?25l[A[1Gpulling manifest [K
pulling 2bada8a74506:  87% ▕███████████████   ▏ 4.1 GB/4.7 GB   10 MB/s    1m1s[K[?25h[?2026l[?2026h[?25l[A[1Gpulling manifest [K
pulling 2bada8a74506:  87% ▕███████████████   ▏ 4.1 GB/4.7 GB   10 MB/s    1m0s[K[?25h[?2026l[?2026h[?25l[A[1Gpulling manifest [K
pulling 2bada8a74506:  87% ▕███████████████   ▏ 4.1 GB/4.7 GB   10 MB/s    1m0s[K[?25h[?2026l[?2026h[?25l[A[1Gpulling manifest [K
pulling 2bada8a74506:  87% ▕███████████████   ▏ 4.1 GB/4.7 GB   10 MB/s    1m0s[K[?25h[?2026l[?2026h[?25l[A[1Gpulling manifest [K
pulling 2bada8a74506:  87% ▕███████████████   ▏ 4.1 GB/4.7 GB   10 MB/s    1m0s[K[?25h[?2026l[?2026h[?25l[A[1Gpulling manifest [K
pulling 2bada8a74506:  87% ▕███████████████   ▏ 4.1 GB/4.7 GB   10 MB/s    1m0s[K[?25h[?2026l[?2026h[?25l[A[1Gpulling manifest [K
pulling 2bada8a74506:  87% ▕███████████████   ▏ 4.1 GB/4.7 GB   10 MB/s    1m0s[K[?25h[?2026l[?2026h[?25l[A[1Gpulling manifest [K
pulling 2bada8a74506:  87% ▕███████████████   ▏ 4.1 GB/4.7 GB   10 MB/s    1m0s[K[?25h[?2026l[?2026h[?25l[A[1Gpulling manifest [K
pulling 2bada8a74506:  87% ▕███████████████   ▏ 4.1 GB/4.7 GB   10 MB/s    1m0s[K[?25h[?2026l[?2026h[?25l[A[1Gpulling manifest [K
pulling 2bada8a74506:  87% ▕███████████████   ▏ 4.1 GB/4.7 GB   10 MB/s    1m0s[K[?25h[?2026l[?2026h[?25l[A[1Gpulling manifest [K
pulling 2bada8a74506:  87% ▕███████████████   ▏ 4.1 GB/4.7 GB   10 MB/s    1m0s[K[?25h[?2026l[?2026h[?25l[A[1Gpulling manifest [K
pulling 2bada8a74506:  87% ▕███████████████   ▏ 4.1 GB/4.7 GB   10 MB/s    1m0s[K[?25h[?2026l[?2026h[?25l[A[1Gpulling manifest [K
pulling 2bada8a74506:  87% ▕███████████████   ▏ 4.1 GB/4.7 GB   10 MB/s     59s[K[?25h[?2026l[?2026h[?25l[A[1Gpulling manifest [K
pulling 2bada8a74506:  87% ▕███████████████   ▏ 4.1 GB/4.7 GB   10 MB/s     59s[K[?25h[?2026l[?2026h[?25l[A[1Gpulling manifest [K
pulling 2bada8a74506:  87% ▕███████████████   ▏ 4.1 GB/4.7 GB   10 MB/s     59s[K[?25h[?2026l[?2026h[?25l[A[1Gpulling manifest [K
pulling 2bada8a74506:  87% ▕███████████████   ▏ 4.1 GB/4.7 GB   10 MB/s     59s[K[?25h[?2026l[?2026h[?25l[A[1Gpulling manifest [K
pulling 2bada8a74506:  87% ▕███████████████   ▏ 4.1 GB/4.7 GB   10 MB/s     59s[K[?25h[?2026l[?2026h[?25l[A[1Gpulling manifest [K
pulling 2bada8a74506:  87% ▕███████████████   ▏ 4.1 GB/4.7 GB   10 MB/s     59s[K[?25h[?2026l[?2026h[?25l[A[1Gpulling manifest [K
pulling 2bada8a74506:  87% ▕███████████████   ▏ 4.1 GB/4.7 GB   10 MB/s     59s[K[?25h[?2026l[?2026h[?25l[A[1Gpulling manifest [K
pulling 2bada8a74506:  87% ▕███████████████   ▏ 4.1 GB/4.7 GB   10 MB/s     59s[K[?25h[?2026l[?2026h[?25l[A[1Gpulling manifest [K
pulling 2bada8a74506:  87% ▕███████████████   ▏ 4.1 GB/4.7 GB   10 MB/s     59s[K[?25h[?2026l[?2026h[?25l[A[1Gpulling manifest [K
pulling 2bada8a74506:  87% ▕███████████████   ▏ 4.1 GB/4.7 GB   10 MB/s     59s[K[?25h[?2026l[?2026h[?25l[A[1Gpulling manifest [K
pulling 2bada8a74506:  87% ▕███████████████   ▏ 4.1 GB/4.7 GB   10 MB/s     59s[K[?25h[?2026l[?2026h[?25l[A[1Gpulling manifest [K
pulling 2bada8a74506:  87% ▕███████████████   ▏ 4.1 GB/4.7 GB   10 MB/s     58s[K[?25h[?2026l[?2026h[?25l[A[1Gpulling manifest [K
pulling 2bada8a74506:  87% ▕███████████████   ▏ 4.1 GB/4.7 GB   10 MB/s     58s[K[?25h[?2026l[?2026h[?25l[A[1Gpulling manifest [K
pulling 2bada8a74506:  87% ▕███████████████   ▏ 4.1 GB/4.7 GB   10 MB/s     58s[K[?25h[?2026l[?2026h[?25l[A[1Gpulling manifest [K
pulling 2bada8a74506:  87% ▕███████████████   ▏ 4.1 GB/4.7 GB   10 MB/s     58s[K[?25h[?2026l[?2026h[?25l[A[1Gpulling manifest [K
pulling 2bada8a74506:  87% ▕███████████████   ▏ 4.1 GB/4.7 GB   10 MB/s     58s[K[?25h[?2026l[?2026h[?25l[A[1Gpulling manifest [K
pulling 2bada8a74506:  87% ▕███████████████   ▏ 4.1 GB/4.7 GB   10 MB/s     58s[K[?25h[?2026l[?2026h[?25l[A[1Gpulling manifest [K
pulling 2bada8a74506:  87% ▕███████████████   ▏ 4.1 GB/4.7 GB  9.9 MB/s     59s[K[?25h[?2026l[?2026h[?25l[A[1Gpulling manifest [K
pulling 2bada8a74506:  87% ▕███████████████   ▏ 4.1 GB/4.7 GB  9.9 MB/s     59s[K[?25h[?2026l[?2026h[?25l[A[1Gpulling manifest [K
pulling 2bada8a74506:  87% ▕███████████████   ▏ 4.1 GB/4.7 GB  9.9 MB/s     59s[K[?25h[?2026l[?2026h[?25l[A[1Gpulling manifest [K
pulling 2bada8a74506:  87% ▕███████████████   ▏ 4.1 GB/4.7 GB  9.9 MB/s     59s[K[?25h[?2026l[?2026h[?25l[A[1Gpulling manifest [K
pulling 2bada8a74506:  87% ▕███████████████   ▏ 4.1 GB/4.7 GB  9.9 MB/s     59s[K[?25h[?2026l[?2026h[?25l[A[1Gpulling manifest [K
pulling 2bada8a74506:  87% ▕███████████████   ▏ 4.1 GB/4.7 GB  9.9 MB/s     59s[K[?25h[?2026l[?2026h[?25l[A[1Gpulling manifest [K
pulling 2bada8a74506:  87% ▕███████████████   ▏ 4.1 GB/4.7 GB  9.9 MB/s     58s[K[?25h[?2026l[?2026h[?25l[A[1Gpulling manifest [K
pulling 2bada8a74506:  88% ▕███████████████   ▏ 4.1 GB/4.7 GB  9.9 MB/s     58s[K[?25h[?2026l[?2026h[?25l[A[1Gpulling manifest [K
pulling 2bada8a74506:  88% ▕███████████████   ▏ 4.1 GB/4.7 GB  9.9 MB/s     58s[K[?25h[?2026l[?2026h[?25l[A[1Gpulling manifest [K
pulling 2bada8a74506:  88% ▕███████████████   ▏ 4.1 GB/4.7 GB  9.9 MB/s     58s[K[?25h[?2026l[?2026h[?25l[A[1Gpulling manifest [K
pulling 2bada8a74506:  88% ▕███████████████   ▏ 4.1 GB/4.7 GB  9.7 MB/s    1m0s[K[?25h[?2026l[?2026h[?25l[A[1Gpulling manifest [K
pulling 2bada8a74506:  88% ▕███████████████   ▏ 4.1 GB/4.7 GB  9.7 MB/s    1m0s[K[?25h[?2026l[?2026h[?25l[A[1Gpulling manifest [K
pulling 2bada8a74506:  88% ▕███████████████   ▏ 4.1 GB/4.7 GB  9.7 MB/s     59s[K[?25h[?2026l[?2026h[?25l[A[1Gpulling manifest [K
pulling 2bada8a74506:  88% ▕███████████████   ▏ 4.1 GB/4.7 GB  9.7 MB/s     59s[K[?25h[?2026l[?2026h[?25l[A[1Gpulling manifest [K
pulling 2bada8a74506:  88% ▕███████████████   ▏ 4.1 GB/4.7 GB  9.7 MB/s     59s[K[?25h[?2026l[?2026h[?25l[A[1Gpulling manifest [K
pulling 2bada8a74506:  88% ▕███████████████   ▏ 4.1 GB/4.7 GB  9.7 MB/s     59s[K[?25h[?2026l[?2026h[?25l[A[1Gpulling manifest [K
pulling 2bada8a74506:  88% ▕███████████████   ▏ 4.1 GB/4.7 GB  9.7 MB/s     59s[K[?25h[?2026l[?2026h[?25l[A[1Gpulling manifest [K
pulling 2bada8a74506:  88% ▕███████████████   ▏ 4.1 GB/4.7 GB  9.7 MB/s     59s[K[?25h[?2026l[?2026h[?25l[A[1Gpulling manifest [K
pulling 2bada8a74506:  88% ▕███████████████   ▏ 4.1 GB/4.7 GB  9.7 MB/s     59s[K[?25h[?2026l[?2026h[?25l[A[1Gpulling manifest [K
pulling 2bada8a74506:  88% ▕███████████████   ▏ 4.1 GB/4.7 GB  9.7 MB/s     59s[K[?25h[?2026l[?2026h[?25l[A[1Gpulling manifest [K
pulling 2bada8a74506:  88% ▕███████████████   ▏ 4.1 GB/4.7 GB  9.4 MB/s    1m0s[K[?25h[?2026l[?2026h[?25l[A[1Gpulling manifest [K
pulling 2bada8a74506:  88% ▕███████████████   ▏ 4.1 GB/4.7 GB  9.4 MB/s    1m0s[K[?25h[?2026l[?2026h[?25l[A[1Gpulling manifest [K
pulling 2bada8a74506:  88% ▕███████████████   ▏ 4.1 GB/4.7 GB  9.4 MB/s    1m0s[K[?25h[?2026l[?2026h[?25l[A[1Gpulling manifest [K
pulling 2bada8a74506:  88% ▕███████████████   ▏ 4.1 GB/4.7 GB  9.4 MB/s    1m0s[K[?25h[?2026l[?2026h[?25l[A[1Gpulling manifest [K
pulling 2bada8a74506:  88% ▕███████████████   ▏ 4.1 GB/4.7 GB  9.4 MB/s    1m0s[K[?25h[?2026l[?2026h[?25l[A[1Gpulling manifest [K
pulling 2bada8a74506:  88% ▕███████████████   ▏ 4.1 GB/4.7 GB  9.4 MB/s    1m0s[K[?25h[?2026l[?2026h[?25l[A[1Gpulling manifest [K
pulling 2bada8a74506:  88% ▕███████████████   ▏ 4.1 GB/4.7 GB  9.4 MB/s    1m0s[K[?25h[?2026l[?2026h[?25l[A[1Gpulling manifest [K
pulling 2bada8a74506:  88% ▕███████████████   ▏ 4.1 GB/4.7 GB  9.4 MB/s    1m0s[K[?25h[?2026l[?2026h[?25l[A[1Gpulling manifest [K
pulling 2bada8a74506:  88% ▕███████████████   ▏ 4.1 GB/4.7 GB  9.4 MB/s    1m0s[K[?25h[?2026l[?2026h[?25l[A[1Gpulling manifest [K
pulling 2bada8a74506:  88% ▕███████████████   ▏ 4.1 GB/4.7 GB  9.4 MB/s    1m0s[K[?25h[?2026l[?2026h[?25l[A[1Gpulling manifest [K
pulling 2bada8a74506:  88% ▕███████████████   ▏ 4.1 GB/4.7 GB  9.4 MB/s    1m0s[K[?25h[?2026l[?2026h[?25l[A[1Gpulling manifest [K
pulling 2bada8a74506:  88% ▕███████████████   ▏ 4.1 GB/4.7 GB  9.4 MB/s    1m0s[K[?25h[?2026l[?2026h[?25l[A[1Gpulling manifest [K
pulling 2bada8a74506:  88% ▕███████████████   ▏ 4.1 GB/4.7 GB  9.4 MB/s    1m0s[K[?25h[?2026l[?2026h[?25l[A[1Gpulling manifest [K
pulling 2bada8a74506:  88% ▕███████████████   ▏ 4.1 GB/4.7 GB  9.4 MB/s    1m0s[K[?25h[?2026l[?2026h[?25l[A[1Gpulling manifest [K
pulling 2bada8a74506:  88% ▕███████████████   ▏ 4.1 GB/4.7 GB  9.4 MB/s    1m0s[K[?25h[?2026l[?2026h[?25l[A[1Gpulling manifest [K
pulling 2bada8a74506:  88% ▕███████████████   ▏ 4.1 GB/4.7 GB  9.4 MB/s    1m0s[K[?25h[?2026l[?2026h[?25l[A[1Gpulling manifest [K
pulling 2bada8a74506:  88% ▕███████████████   ▏ 4.1 GB/4.7 GB  9.4 MB/s     59s[K[?25h[?2026l[?2026h[?25l[A[1Gpulling manifest [K
pulling 2bada8a74506:  88% ▕███████████████   ▏ 4.1 GB/4.7 GB  9.4 MB/s     59s[K[?25h[?2026l[?2026h[?25l[A[1Gpulling manifest [K
pulling 2bada8a74506:  88% ▕███████████████   ▏ 4.1 GB/4.7 GB  9.4 MB/s     59s[K[?25h[?2026l[?2026h[?25l[A[1Gpulling manifest [K
pulling 2bada8a74506:  88% ▕███████████████   ▏ 4.1 GB/4.7 GB  9.4 MB/s     59s[K[?25h[?2026l[?2026h[?25l[A[1Gpulling manifest [K
pulling 2bada8a74506:  88% ▕███████████████   ▏ 4.1 GB/4.7 GB  9.3 MB/s     59s[K[?25h[?2026l[?2026h[?25l[A[1Gpulling manifest [K
pulling 2bada8a74506:  88% ▕███████████████   ▏ 4.1 GB/4.7 GB  9.3 MB/s     59s[K[?25h[?2026l[?2026h[?25l[A[1Gpulling manifest [K
pulling 2bada8a74506:  88% ▕███████████████   ▏ 4.1 GB/4.7 GB  9.3 MB/s     59s[K[?25h[?2026l[?2026h[?25l[A[1Gpulling manifest [K
pulling 2bada8a74506:  88% ▕███████████████   ▏ 4.1 GB/4.7 GB  9.3 MB/s     59s[K[?25h[?2026l[?2026h[?25l[A[1Gpulling manifest [K
pulling 2bada8a74506:  88% ▕███████████████   ▏ 4.1 GB/4.7 GB  9.3 MB/s     59s[K[?25h[?2026l[?2026h[?25l[A[1Gpulling manifest [K
pulling 2bada8a74506:  88% ▕███████████████   ▏ 4.1 GB/4.7 GB  9.3 MB/s     59s[K[?25h[?2026l[?2026h[?25l[A[1Gpulling manifest [K
pulling 2bada8a74506:  88% ▕███████████████   ▏ 4.1 GB/4.7 GB  9.3 MB/s     59s[K[?25h[?2026l[?2026h[?25l[A[1Gpulling manifest [K
pulling 2bada8a74506:  88% ▕███████████████   ▏ 4.1 GB/4.7 GB  9.3 MB/s     59s[K[?25h[?2026l[?2026h[?25l[A[1Gpulling manifest [K
pulling 2bada8a74506:  88% ▕███████████████   ▏ 4.1 GB/4.7 GB  9.3 MB/s     58s[K[?25h[?2026l[?2026h[?25l[A[1Gpulling manifest [K
pulling 2bada8a74506:  88% ▕███████████████   ▏ 4.1 GB/4.7 GB  9.3 MB/s     58s[K[?25h[?2026l[?2026h[?25l[A[1Gpulling manifest [K
pulling 2bada8a74506:  88% ▕███████████████   ▏ 4.1 GB/4.7 GB  9.3 MB/s     58s[K[?25h[?2026l[?2026h[?25l[A[1Gpulling manifest [K
pulling 2bada8a74506:  88% ▕███████████████   ▏ 4.1 GB/4.7 GB  9.1 MB/s    1m0s[K[?25h[?2026l[?2026h[?25l[A[1Gpulling manifest [K
pulling 2bada8a74506:  88% ▕███████████████   ▏ 4.1 GB/4.7 GB  9.1 MB/s    1m0s[K[?25h[?2026l[?2026h[?25l[A[1Gpulling manifest [K
pulling 2bada8a74506:  88% ▕███████████████   ▏ 4.1 GB/4.7 GB  9.1 MB/s    1m0s[K[?25h[?2026l[?2026h[?25l[A[1Gpulling manifest [K
pulling 2bada8a74506:  88% ▕███████████████   ▏ 4.1 GB/4.7 GB  9.1 MB/s    1m0s[K[?25h[?2026l[?2026h[?25l[A[1Gpulling manifest [K
pulling 2bada8a74506:  88% ▕███████████████   ▏ 4.1 GB/4.7 GB  9.1 MB/s     59s[K[?25h[?2026l[?2026h[?25l[A[1Gpulling manifest [K
pulling 2bada8a74506:  88% ▕███████████████   ▏ 4.1 GB/4.7 GB  9.1 MB/s     59s[K[?25h[?2026l[?2026h[?25l[A[1Gpulling manifest [K
pulling 2bada8a74506:  88% ▕███████████████   ▏ 4.1 GB/4.7 GB  9.1 MB/s     59s[K[?25h[?2026l[?2026h[?25l[A[1Gpulling manifest [K
pulling 2bada8a74506:  88% ▕███████████████   ▏ 4.1 GB/4.7 GB  9.1 MB/s     59s[K[?25h[?2026l[?2026h[?25l[A[1Gpulling manifest [K
pulling 2bada8a74506:  88% ▕███████████████   ▏ 4.1 GB/4.7 GB  9.1 MB/s     59s[K[?25h[?2026l[?2026h[?25l[A[1Gpulling manifest [K
pulling 2bada8a74506:  88% ▕███████████████   ▏ 4.1 GB/4.7 GB  9.1 MB/s     59s[K[?25h[?2026l[?2026h[?25l[A[1Gpulling manifest [K
pulling 2bada8a74506:  88% ▕███████████████   ▏ 4.1 GB/4.7 GB  8.8 MB/s    1m1s[K[?25h[?2026l[?2026h[?25l[A[1Gpulling manifest [K
pulling 2bada8a74506:  88% ▕███████████████   ▏ 4.1 GB/4.7 GB  8.8 MB/s    1m1s[K[?25h[?2026l[?2026h[?25l[A[1Gpulling manifest [K
pulling 2bada8a74506:  88% ▕███████████████   ▏ 4.1 GB/4.7 GB  8.8 MB/s    1m1s[K[?25h[?2026l[?2026h[?25l[A[1Gpulling manifest [K
pulling 2bada8a74506:  88% ▕███████████████   ▏ 4.1 GB/4.7 GB  8.8 MB/s    1m1s[K[?25h[?2026l[?2026h[?25l[A[1Gpulling manifest [K
pulling 2bada8a74506:  88% ▕███████████████   ▏ 4.1 GB/4.7 GB  8.8 MB/s    1m1s[K[?25h[?2026l[?2026h[?25l[A[1Gpulling manifest [K
pulling 2bada8a74506:  89% ▕███████████████   ▏ 4.1 GB/4.7 GB  8.8 MB/s    1m1s[K[?25h[?2026l[?2026h[?25l[A[1Gpulling manifest [K
pulling 2bada8a74506:  89% ▕███████████████   ▏ 4.1 GB/4.7 GB  8.8 MB/s    1m1s[K[?25h[?2026l[?2026h[?25l[A[1Gpulling manifest [K
pulling 2bada8a74506:  89% ▕███████████████   ▏ 4.1 GB/4.7 GB  8.8 MB/s    1m0s[K[?25h[?2026l[?2026h[?25l[A[1Gpulling manifest [K
pulling 2bada8a74506:  89% ▕███████████████   ▏ 4.1 GB/4.7 GB  8.8 MB/s    1m0s[K[?25h[?2026l[?2026h[?25l[A[1Gpulling manifest [K
pulling 2bada8a74506:  89% ▕███████████████   ▏ 4.1 GB/4.7 GB  8.8 MB/s    1m0s[K[?25h[?2026l[?2026h[?25l[A[1Gpulling manifest [K
pulling 2bada8a74506:  89% ▕███████████████   ▏ 4.1 GB/4.7 GB  8.5 MB/s    1m2s[K[?25h[?2026l[?2026h[?25l[A[1Gpulling manifest [K
pulling 2bada8a74506:  89% ▕███████████████   ▏ 4.1 GB/4.7 GB  8.5 MB/s    1m2s[K[?25h[?2026l[?2026h[?25l[A[1Gpulling manifest [K
pulling 2bada8a74506:  89% ▕███████████████   ▏ 4.2 GB/4.7 GB  8.5 MB/s    1m2s[K[?25h[?2026l[?2026h[?25l[A[1Gpulling manifest [K
pulling 2bada8a74506:  89% ▕███████████████   ▏ 4.2 GB/4.7 GB  8.5 MB/s    1m2s[K[?25h[?2026l[?2026h[?25l[A[1Gpulling manifest [K
pulling 2bada8a74506:  89% ▕███████████████   ▏ 4.2 GB/4.7 GB  8.5 MB/s    1m2s[K[?25h[?2026l[?2026h[?25l[A[1Gpulling manifest [K
pulling 2bada8a74506:  89% ▕███████████████   ▏ 4.2 GB/4.7 GB  8.5 MB/s    1m2s[K[?25h[?2026l[?2026h[?25l[A[1Gpulling manifest [K
pulling 2bada8a74506:  89% ▕███████████████   ▏ 4.2 GB/4.7 GB  8.5 MB/s    1m2s[K[?25h[?2026l[?2026h[?25l[A[1Gpulling manifest [K
pulling 2bada8a74506:  89% ▕███████████████   ▏ 4.2 GB/4.7 GB  8.5 MB/s    1m2s[K[?25h[?2026l[?2026h[?25l[A[1Gpulling manifest [K
pulling 2bada8a74506:  89% ▕███████████████   ▏ 4.2 GB/4.7 GB  8.5 MB/s    1m2s[K[?25h[?2026l[?2026h[?25l[A[1Gpulling manifest [K
pulling 2bada8a74506:  89% ▕███████████████   ▏ 4.2 GB/4.7 GB  8.5 MB/s    1m2s[K[?25h[?2026l[?2026h[?25l[A[1Gpulling manifest [K
pulling 2bada8a74506:  89% ▕███████████████   ▏ 4.2 GB/4.7 GB  8.1 MB/s    1m4s[K[?25h[?2026l[?2026h[?25l[A[1Gpulling manifest [K
pulling 2bada8a74506:  89% ▕███████████████   ▏ 4.2 GB/4.7 GB  8.1 MB/s    1m4s[K[?25h[?2026l[?2026h[?25l[A[1Gpulling manifest [K
pulling 2bada8a74506:  89% ▕███████████████   ▏ 4.2 GB/4.7 GB  8.1 MB/s    1m4s[K[?25h[?2026l[?2026h[?25l[A[1Gpulling manifest [K
pulling 2bada8a74506:  89% ▕███████████████   ▏ 4.2 GB/4.7 GB  8.1 MB/s    1m4s[K[?25h[?2026l[?2026h[?25l[A[1Gpulling manifest [K
pulling 2bada8a74506:  89% ▕███████████████   ▏ 4.2 GB/4.7 GB  8.1 MB/s    1m4s[K[?25h[?2026l[?2026h[?25l[A[1Gpulling manifest [K
pulling 2bada8a74506:  89% ▕███████████████   ▏ 4.2 GB/4.7 GB  8.1 MB/s    1m4s[K[?25h[?2026l[?2026h[?25l[A[1Gpulling manifest [K
pulling 2bada8a74506:  89% ▕███████████████   ▏ 4.2 GB/4.7 GB  8.1 MB/s    1m4s[K[?25h[?2026l[?2026h[?25l[A[1Gpulling manifest [K
pulling 2bada8a74506:  89% ▕███████████████   ▏ 4.2 GB/4.7 GB  8.1 MB/s    1m4s[K[?25h[?2026l[?2026h[?25l[A[1Gpulling manifest [K
pulling 2bada8a74506:  89% ▕███████████████   ▏ 4.2 GB/4.7 GB  8.1 MB/s    1m4s[K[?25h[?2026l[?2026h[?25l[A[1Gpulling manifest [K
pulling 2bada8a74506:  89% ▕███████████████   ▏ 4.2 GB/4.7 GB  8.1 MB/s    1m4s[K[?25h[?2026l[?2026h[?25l[A[1Gpulling manifest [K
pulling 2bada8a74506:  89% ▕████████████████  ▏ 4.2 GB/4.7 GB  8.0 MB/s    1m5s[K[?25h[?2026l[?2026h[?25l[A[1Gpulling manifest [K
pulling 2bada8a74506:  89% ▕████████████████  ▏ 4.2 GB/4.7 GB  8.0 MB/s    1m4s[K[?25h[?2026l[?2026h[?25l[A[1Gpulling manifest [K
pulling 2bada8a74506:  89% ▕████████████████  ▏ 4.2 GB/4.7 GB  8.0 MB/s    1m4s[K[?25h[?2026l[?2026h[?25l[A[1Gpulling manifest [K
pulling 2bada8a74506:  89% ▕████████████████  ▏ 4.2 GB/4.7 GB  8.0 MB/s    1m4s[K[?25h[?2026l[?2026h[?25l[A[1Gpulling manifest [K
pulling 2bada8a74506:  89% ▕████████████████  ▏ 4.2 GB/4.7 GB  8.0 MB/s    1m4s[K[?25h[?2026l[?2026h[?25l[A[1Gpulling manifest [K
pulling 2bada8a74506:  89% ▕████████████████  ▏ 4.2 GB/4.7 GB  8.0 MB/s    1m4s[K[?25h[?2026l[?2026h[?25l[A[1Gpulling manifest [K
pulling 2bada8a74506:  89% ▕████████████████  ▏ 4.2 GB/4.7 GB  8.0 MB/s    1m4s[K[?25h[?2026l[?2026h[?25l[A[1Gpulling manifest [K
pulling 2bada8a74506:  89% ▕████████████████  ▏ 4.2 GB/4.7 GB  8.0 MB/s    1m4s[K[?25h[?2026l[?2026h[?25l[A[1Gpulling manifest [K
pulling 2bada8a74506:  89% ▕████████████████  ▏ 4.2 GB/4.7 GB  8.0 MB/s    1m4s[K[?25h[?2026l[?2026h[?25l[A[1Gpulling manifest [K
pulling 2bada8a74506:  89% ▕████████████████  ▏ 4.2 GB/4.7 GB  8.0 MB/s    1m4s[K[?25h[?2026l[?2026h[?25l[A[1Gpulling manifest [K
pulling 2bada8a74506:  89% ▕████████████████  ▏ 4.2 GB/4.7 GB  8.0 MB/s    1m4s[K[?25h[?2026l[?2026h[?25l[A[1Gpulling manifest [K
pulling 2bada8a74506:  89% ▕████████████████  ▏ 4.2 GB/4.7 GB  8.0 MB/s    1m4s[K[?25h[?2026l[?2026h[?25l[A[1Gpulling manifest [K
pulling 2bada8a74506:  89% ▕████████████████  ▏ 4.2 GB/4.7 GB  8.0 MB/s    1m3s[K[?25h[?2026l[?2026h[?25l[A[1Gpulling manifest [K
pulling 2bada8a74506:  89% ▕████████████████  ▏ 4.2 GB/4.7 GB  8.0 MB/s    1m3s[K[?25h[?2026l[?2026h[?25l[A[1Gpulling manifest [K
pulling 2bada8a74506:  89% ▕████████████████  ▏ 4.2 GB/4.7 GB  8.0 MB/s    1m3s[K[?25h[?2026l[?2026h[?25l[A[1Gpulling manifest [K
pulling 2bada8a74506:  89% ▕████████████████  ▏ 4.2 GB/4.7 GB  8.0 MB/s    1m3s[K[?25h[?2026l[?2026h[?25l[A[1Gpulling manifest [K
pulling 2bada8a74506:  89% ▕████████████████  ▏ 4.2 GB/4.7 GB  8.0 MB/s    1m3s[K[?25h[?2026l[?2026h[?25l[A[1Gpulling manifest [K
pulling 2bada8a74506:  89% ▕████████████████  ▏ 4.2 GB/4.7 GB  8.0 MB/s    1m3s[K[?25h[?2026l[?2026h[?25l[A[1Gpulling manifest [K
pulling 2bada8a74506:  89% ▕████████████████  ▏ 4.2 GB/4.7 GB  8.0 MB/s    1m3s[K[?25h[?2026l[?2026h[?25l[A[1Gpulling manifest [K
pulling 2bada8a74506:  89% ▕████████████████  ▏ 4.2 GB/4.7 GB  8.0 MB/s    1m3s[K[?25h[?2026l[?2026h[?25l[A[1Gpulling manifest [K
pulling 2bada8a74506:  89% ▕████████████████  ▏ 4.2 GB/4.7 GB  8.0 MB/s    1m3s[K[?25h[?2026l[?2026h[?25l[A[1Gpulling manifest [K
pulling 2bada8a74506:  89% ▕████████████████  ▏ 4.2 GB/4.7 GB  7.8 MB/s    1m4s[K[?25h[?2026l[?2026h[?25l[A[1Gpulling manifest [K
pulling 2bada8a74506:  89% ▕████████████████  ▏ 4.2 GB/4.7 GB  7.8 MB/s    1m4s[K[?25h[?2026l[?2026h[?25l[A[1Gpulling manifest [K
pulling 2bada8a74506:  89% ▕████████████████  ▏ 4.2 GB/4.7 GB  7.8 MB/s    1m4s[K[?25h[?2026l[?2026h[?25l[A[1Gpulling manifest [K
pulling 2bada8a74506:  89% ▕████████████████  ▏ 4.2 GB/4.7 GB  7.8 MB/s    1m4s[K[?25h[?2026l[?2026h[?25l[A[1Gpulling manifest [K
pulling 2bada8a74506:  89% ▕████████████████  ▏ 4.2 GB/4.7 GB  7.8 MB/s    1m4s[K[?25h[?2026l[?2026h[?25l[A[1Gpulling manifest [K
pulling 2bada8a74506:  89% ▕████████████████  ▏ 4.2 GB/4.7 GB  7.8 MB/s    1m4s[K[?25h[?2026l[?2026h[?25l[A[1Gpulling manifest [K
pulling 2bada8a74506:  89% ▕████████████████  ▏ 4.2 GB/4.7 GB  7.8 MB/s    1m4s[K[?25h[?2026l[?2026h[?25l[A[1Gpulling manifest [K
pulling 2bada8a74506:  89% ▕████████████████  ▏ 4.2 GB/4.7 GB  7.8 MB/s    1m4s[K[?25h[?2026l[?2026h[?25l[A[1Gpulling manifest [K
pulling 2bada8a74506:  89% ▕████████████████  ▏ 4.2 GB/4.7 GB  7.8 MB/s    1m4s[K[?25h[?2026l[?2026h[?25l[A[1Gpulling manifest [K
pulling 2bada8a74506:  89% ▕████████████████  ▏ 4.2 GB/4.7 GB  7.8 MB/s    1m4s[K[?25h[?2026l[?2026h[?25l[A[1Gpulling manifest [K
pulling 2bada8a74506:  89% ▕████████████████  ▏ 4.2 GB/4.7 GB  7.6 MB/s    1m5s[K[?25h[?2026l[?2026h[?25l[A[1Gpulling manifest [K
pulling 2bada8a74506:  89% ▕████████████████  ▏ 4.2 GB/4.7 GB  7.6 MB/s    1m5s[K[?25h[?2026l[?2026h[?25l[A[1Gpulling manifest [K
pulling 2bada8a74506:  89% ▕████████████████  ▏ 4.2 GB/4.7 GB  7.6 MB/s    1m5s[K[?25h[?2026l[?2026h[?25l[A[1Gpulling manifest [K
pulling 2bada8a74506:  89% ▕████████████████  ▏ 4.2 GB/4.7 GB  7.6 MB/s    1m5s[K[?25h[?2026l[?2026h[?25l[A[1Gpulling manifest [K
pulling 2bada8a74506:  89% ▕████████████████  ▏ 4.2 GB/4.7 GB  7.6 MB/s    1m5s[K[?25h[?2026l[?2026h[?25l[A[1Gpulling manifest [K
pulling 2bada8a74506:  89% ▕████████████████  ▏ 4.2 GB/4.7 GB  7.6 MB/s    1m5s[K[?25h[?2026l[?2026h[?25l[A[1Gpulling manifest [K
pulling 2bada8a74506:  89% ▕████████████████  ▏ 4.2 GB/4.7 GB  7.6 MB/s    1m5s[K[?25h[?2026l[?2026h[?25l[A[1Gpulling manifest [K
pulling 2bada8a74506:  89% ▕████████████████  ▏ 4.2 GB/4.7 GB  7.6 MB/s    1m4s[K[?25h[?2026l[?2026h[?25l[A[1Gpulling manifest [K
pulling 2bada8a74506:  89% ▕████████████████  ▏ 4.2 GB/4.7 GB  7.6 MB/s    1m4s[K[?25h[?2026l[?2026h[?25l[A[1Gpulling manifest [K
pulling 2bada8a74506:  90% ▕████████████████  ▏ 4.2 GB/4.7 GB  7.6 MB/s    1m4s[K[?25h[?2026l[?2026h[?25l[A[1Gpulling manifest [K
pulling 2bada8a74506:  90% ▕████████████████  ▏ 4.2 GB/4.7 GB  7.4 MB/s    1m6s[K[?25h[?2026l[?2026h[?25l[A[1Gpulling manifest [K
pulling 2bada8a74506:  90% ▕████████████████  ▏ 4.2 GB/4.7 GB  7.4 MB/s    1m5s[K[?25h[?2026l[?2026h[?25l[A[1Gpulling manifest [K
pulling 2bada8a74506:  90% ▕████████████████  ▏ 4.2 GB/4.7 GB  7.4 MB/s    1m5s[K[?25h[?2026l[?2026h[?25l[A[1Gpulling manifest [K
pulling 2bada8a74506:  90% ▕████████████████  ▏ 4.2 GB/4.7 GB  7.4 MB/s    1m5s[K[?25h[?2026l[?2026h[?25l[A[1Gpulling manifest [K
pulling 2bada8a74506:  90% ▕████████████████  ▏ 4.2 GB/4.7 GB  7.4 MB/s    1m5s[K[?25h[?2026l[?2026h[?25l[A[1Gpulling manifest [K
pulling 2bada8a74506:  90% ▕████████████████  ▏ 4.2 GB/4.7 GB  7.4 MB/s    1m5s[K[?25h[?2026l[?2026h[?25l[A[1Gpulling manifest [K
pulling 2bada8a74506:  90% ▕████████████████  ▏ 4.2 GB/4.7 GB  7.4 MB/s    1m5s[K[?25h[?2026l[?2026h[?25l[A[1Gpulling manifest [K
pulling 2bada8a74506:  90% ▕████████████████  ▏ 4.2 GB/4.7 GB  7.4 MB/s    1m5s[K[?25h[?2026l[?2026h[?25l[A[1Gpulling manifest [K
pulling 2bada8a74506:  90% ▕████████████████  ▏ 4.2 GB/4.7 GB  7.4 MB/s    1m5s[K[?25h[?2026l[?2026h[?25l[A[1Gpulling manifest [K
pulling 2bada8a74506:  90% ▕████████████████  ▏ 4.2 GB/4.7 GB  7.4 MB/s    1m5s[K[?25h[?2026l[?2026h[?25l[A[1Gpulling manifest [K
pulling 2bada8a74506:  90% ▕████████████████  ▏ 4.2 GB/4.7 GB  7.3 MB/s    1m5s[K[?25h[?2026l[?2026h[?25l[A[1Gpulling manifest [K
pulling 2bada8a74506:  90% ▕████████████████  ▏ 4.2 GB/4.7 GB  7.3 MB/s    1m5s[K[?25h[?2026l[?2026h[?25l[A[1Gpulling manifest [K
pulling 2bada8a74506:  90% ▕████████████████  ▏ 4.2 GB/4.7 GB  7.3 MB/s    1m5s[K[?25h[?2026l[?2026h[?25l[A[1Gpulling manifest [K
pulling 2bada8a74506:  90% ▕████████████████  ▏ 4.2 GB/4.7 GB  7.3 MB/s    1m5s[K[?25h[?2026l[?2026h[?25l[A[1Gpulling manifest [K
pulling 2bada8a74506:  90% ▕████████████████  ▏ 4.2 GB/4.7 GB  7.3 MB/s    1m5s[K[?25h[?2026l[?2026h[?25l[A[1Gpulling manifest [K
pulling 2bada8a74506:  90% ▕████████████████  ▏ 4.2 GB/4.7 GB  7.3 MB/s    1m5s[K[?25h[?2026l[?2026h[?25l[A[1Gpulling manifest [K
pulling 2bada8a74506:  90% ▕████████████████  ▏ 4.2 GB/4.7 GB  7.3 MB/s    1m5s[K[?25h[?2026l[?2026h[?25l[A[1Gpulling manifest [K
pulling 2bada8a74506:  90% ▕████████████████  ▏ 4.2 GB/4.7 GB  7.3 MB/s    1m5s[K[?25h[?2026l[?2026h[?25l[A[1Gpulling manifest [K
pulling 2bada8a74506:  90% ▕████████████████  ▏ 4.2 GB/4.7 GB  7.3 MB/s    1m4s[K[?25h[?2026l[?2026h[?25l[A[1Gpulling manifest [K
pulling 2bada8a74506:  90% ▕████████████████  ▏ 4.2 GB/4.7 GB  7.3 MB/s    1m4s[K[?25h[?2026l[?2026h[?25l[A[1Gpulling manifest [K
pulling 2bada8a74506:  90% ▕████████████████  ▏ 4.2 GB/4.7 GB  7.3 MB/s    1m4s[K[?25h[?2026l[?2026h[?25l[A[1Gpulling manifest [K
pulling 2bada8a74506:  90% ▕████████████████  ▏ 4.2 GB/4.7 GB  7.5 MB/s    1m3s[K[?25h[?2026l[?2026h[?25l[A[1Gpulling manifest [K
pulling 2bada8a74506:  90% ▕████████████████  ▏ 4.2 GB/4.7 GB  7.5 MB/s    1m3s[K[?25h[?2026l[?2026h[?25l[A[1Gpulling manifest [K
pulling 2bada8a74506:  90% ▕████████████████  ▏ 4.2 GB/4.7 GB  7.5 MB/s    1m3s[K[?25h[?2026l[?2026h[?25l[A[1Gpulling manifest [K
pulling 2bada8a74506:  90% ▕████████████████  ▏ 4.2 GB/4.7 GB  7.5 MB/s    1m3s[K[?25h[?2026l[?2026h[?25l[A[1Gpulling manifest [K
pulling 2bada8a74506:  90% ▕████████████████  ▏ 4.2 GB/4.7 GB  7.5 MB/s    1m3s[K[?25h[?2026l[?2026h[?25l[A[1Gpulling manifest [K
pulling 2bada8a74506:  90% ▕████████████████  ▏ 4.2 GB/4.7 GB  7.5 MB/s    1m2s[K[?25h[?2026l[?2026h[?25l[A[1Gpulling manifest [K
pulling 2bada8a74506:  90% ▕████████████████  ▏ 4.2 GB/4.7 GB  7.5 MB/s    1m2s[K[?25h[?2026l[?2026h[?25l[A[1Gpulling manifest [K
pulling 2bada8a74506:  90% ▕████████████████  ▏ 4.2 GB/4.7 GB  7.5 MB/s    1m2s[K[?25h[?2026l[?2026h[?25l[A[1Gpulling manifest [K
pulling 2bada8a74506:  90% ▕████████████████  ▏ 4.2 GB/4.7 GB  7.5 MB/s    1m2s[K[?25h[?2026l[?2026h[?25l[A[1Gpulling manifest [K
pulling 2bada8a74506:  90% ▕████████████████  ▏ 4.2 GB/4.7 GB  7.5 MB/s    1m2s[K[?25h[?2026l[?2026h[?25l[A[1Gpulling manifest [K
pulling 2bada8a74506:  90% ▕████████████████  ▏ 4.2 GB/4.7 GB  7.6 MB/s    1m1s[K[?25h[?2026l[?2026h[?25l[A[1Gpulling manifest [K
pulling 2bada8a74506:  90% ▕████████████████  ▏ 4.2 GB/4.7 GB  7.6 MB/s    1m1s[K[?25h[?2026l[?2026h[?25l[A[1Gpulling manifest [K
pulling 2bada8a74506:  90% ▕████████████████  ▏ 4.2 GB/4.7 GB  7.6 MB/s    1m1s[K[?25h[?2026l[?2026h[?25l[A[1Gpulling manifest [K
pulling 2bada8a74506:  90% ▕████████████████  ▏ 4.2 GB/4.7 GB  7.6 MB/s    1m0s[K[?25h[?2026l[?2026h[?25l[A[1Gpulling manifest [K
pulling 2bada8a74506:  90% ▕████████████████  ▏ 4.2 GB/4.7 GB  7.6 MB/s    1m0s[K[?25h[?2026l[?2026h[?25l[A[1Gpulling manifest [K
pulling 2bada8a74506:  90% ▕████████████████  ▏ 4.2 GB/4.7 GB  7.6 MB/s    1m0s[K[?25h[?2026l[?2026h[?25l[A[1Gpulling manifest [K
pulling 2bada8a74506:  90% ▕████████████████  ▏ 4.2 GB/4.7 GB  7.6 MB/s    1m0s[K[?25h[?2026l[?2026h[?25l[A[1Gpulling manifest [K
pulling 2bada8a74506:  90% ▕████████████████  ▏ 4.2 GB/4.7 GB  7.6 MB/s    1m0s[K[?25h[?2026l[?2026h[?25l[A[1Gpulling manifest [K
pulling 2bada8a74506:  90% ▕████████████████  ▏ 4.2 GB/4.7 GB  7.6 MB/s    1m0s[K[?25h[?2026l[?2026h[?25l[A[1Gpulling manifest [K
pulling 2bada8a74506:  90% ▕████████████████  ▏ 4.2 GB/4.7 GB  7.6 MB/s    1m0s[K[?25h[?2026l[?2026h[?25l[A[1Gpulling manifest [K
pulling 2bada8a74506:  90% ▕████████████████  ▏ 4.2 GB/4.7 GB  7.7 MB/s     59s[K[?25h[?2026l[?2026h[?25l[A[1Gpulling manifest [K
pulling 2bada8a74506:  90% ▕████████████████  ▏ 4.2 GB/4.7 GB  7.7 MB/s     59s[K[?25h[?2026l[?2026h[?25l[A[1Gpulling manifest [K
pulling 2bada8a74506:  90% ▕████████████████  ▏ 4.2 GB/4.7 GB  7.7 MB/s     59s[K[?25h[?2026l[?2026h[?25l[A[1Gpulling manifest [K
pulling 2bada8a74506:  90% ▕████████████████  ▏ 4.2 GB/4.7 GB  7.7 MB/s     59s[K[?25h[?2026l[?2026h[?25l[A[1Gpulling manifest [K
pulling 2bada8a74506:  90% ▕████████████████  ▏ 4.2 GB/4.7 GB  7.7 MB/s     58s[K[?25h[?2026l[?2026h[?25l[A[1Gpulling manifest [K
pulling 2bada8a74506:  90% ▕████████████████  ▏ 4.2 GB/4.7 GB  7.7 MB/s     58s[K[?25h[?2026l[?2026h[?25l[A[1Gpulling manifest [K
pulling 2bada8a74506:  90% ▕████████████████  ▏ 4.2 GB/4.7 GB  7.7 MB/s     58s[K[?25h[?2026l[?2026h[?25l[A[1Gpulling manifest [K
pulling 2bada8a74506:  90% ▕████████████████  ▏ 4.2 GB/4.7 GB  7.7 MB/s     58s[K[?25h[?2026l[?2026h[?25l[A[1Gpulling manifest [K
pulling 2bada8a74506:  90% ▕████████████████  ▏ 4.2 GB/4.7 GB  7.7 MB/s     58s[K[?25h[?2026l[?2026h[?25l[A[1Gpulling manifest [K
pulling 2bada8a74506:  90% ▕████████████████  ▏ 4.2 GB/4.7 GB  7.7 MB/s     58s[K[?25h[?2026l[?2026h[?25l[A[1Gpulling manifest [K
pulling 2bada8a74506:  90% ▕████████████████  ▏ 4.2 GB/4.7 GB  7.8 MB/s     57s[K[?25h[?2026l[?2026h[?25l[A[1Gpulling manifest [K
pulling 2bada8a74506:  90% ▕████████████████  ▏ 4.2 GB/4.7 GB  7.8 MB/s     57s[K[?25h[?2026l[?2026h[?25l[A[1Gpulling manifest [K
pulling 2bada8a74506:  90% ▕████████████████  ▏ 4.2 GB/4.7 GB  7.8 MB/s     57s[K[?25h[?2026l[?2026h[?25l[A[1Gpulling manifest [K
pulling 2bada8a74506:  90% ▕████████████████  ▏ 4.2 GB/4.7 GB  7.8 MB/s     57s[K[?25h[?2026l[?2026h[?25l[A[1Gpulling manifest [K
pulling 2bada8a74506:  90% ▕████████████████  ▏ 4.2 GB/4.7 GB  7.8 MB/s     57s[K[?25h[?2026l[?2026h[?25l[A[1Gpulling manifest [K
pulling 2bada8a74506:  90% ▕████████████████  ▏ 4.2 GB/4.7 GB  7.8 MB/s     57s[K[?25h[?2026l[?2026h[?25l[A[1Gpulling manifest [K
pulling 2bada8a74506:  90% ▕████████████████  ▏ 4.2 GB/4.7 GB  7.8 MB/s     57s[K[?25h[?2026l[?2026h[?25l[A[1Gpulling manifest [K
pulling 2bada8a74506:  91% ▕████████████████  ▏ 4.2 GB/4.7 GB  7.8 MB/s     57s[K[?25h[?2026l[?2026h[?25l[A[1Gpulling manifest [K
pulling 2bada8a74506:  91% ▕████████████████  ▏ 4.2 GB/4.7 GB  7.8 MB/s     57s[K[?25h[?2026l[?2026h[?25l[A[1Gpulling manifest [K
pulling 2bada8a74506:  91% ▕████████████████  ▏ 4.2 GB/4.7 GB  7.8 MB/s     57s[K[?25h[?2026l[?2026h[?25l[A[1Gpulling manifest [K
pulling 2bada8a74506:  91% ▕████████████████  ▏ 4.2 GB/4.7 GB  7.7 MB/s     57s[K[?25h[?2026l[?2026h[?25l[A[1Gpulling manifest [K
pulling 2bada8a74506:  91% ▕████████████████  ▏ 4.2 GB/4.7 GB  7.7 MB/s     57s[K[?25h[?2026l[?2026h[?25l[A[1Gpulling manifest [K
pulling 2bada8a74506:  91% ▕████████████████  ▏ 4.2 GB/4.7 GB  7.7 MB/s     57s[K[?25h[?2026l[?2026h[?25l[A[1Gpulling manifest [K
pulling 2bada8a74506:  91% ▕████████████████  ▏ 4.2 GB/4.7 GB  7.7 MB/s     56s[K[?25h[?2026l[?2026h[?25l[A[1Gpulling manifest [K
pulling 2bada8a74506:  91% ▕████████████████  ▏ 4.2 GB/4.7 GB  7.7 MB/s     56s[K[?25h[?2026l[?2026h[?25l[A[1Gpulling manifest [K
pulling 2bada8a74506:  91% ▕████████████████  ▏ 4.2 GB/4.7 GB  7.7 MB/s     56s[K[?25h[?2026l[?2026h[?25l[A[1Gpulling manifest [K
pulling 2bada8a74506:  91% ▕████████████████  ▏ 4.2 GB/4.7 GB  7.7 MB/s     56s[K[?25h[?2026l[?2026h[?25l[A[1Gpulling manifest [K
pulling 2bada8a74506:  91% ▕████████████████  ▏ 4.2 GB/4.7 GB  7.7 MB/s     56s[K[?25h[?2026l[?2026h[?25l[A[1Gpulling manifest [K
pulling 2bada8a74506:  91% ▕████████████████  ▏ 4.2 GB/4.7 GB  7.7 MB/s     56s[K[?25h[?2026l[?2026h[?25l[A[1Gpulling manifest [K
pulling 2bada8a74506:  91% ▕████████████████  ▏ 4.2 GB/4.7 GB  7.7 MB/s     56s[K[?25h[?2026l[?2026h[?25l[A[1Gpulling manifest [K
pulling 2bada8a74506:  91% ▕████████████████  ▏ 4.2 GB/4.7 GB  7.7 MB/s     56s[K[?25h[?2026l[?2026h[?25l[A[1Gpulling manifest [K
pulling 2bada8a74506:  91% ▕████████████████  ▏ 4.3 GB/4.7 GB  7.9 MB/s     54s[K[?25h[?2026l[?2026h[?25l[A[1Gpulling manifest [K
pulling 2bada8a74506:  91% ▕████████████████  ▏ 4.3 GB/4.7 GB  7.9 MB/s     54s[K[?25h[?2026l[?2026h[?25l[A[1Gpulling manifest [K
pulling 2bada8a74506:  91% ▕████████████████  ▏ 4.3 GB/4.7 GB  7.9 MB/s     54s[K[?25h[?2026l[?2026h[?25l[A[1Gpulling manifest [K
pulling 2bada8a74506:  91% ▕████████████████  ▏ 4.3 GB/4.7 GB  7.9 MB/s     54s[K[?25h[?2026l[?2026h[?25l[A[1Gpulling manifest [K
pulling 2bada8a74506:  91% ▕████████████████  ▏ 4.3 GB/4.7 GB  7.9 MB/s     54s[K[?25h[?2026l[?2026h[?25l[A[1Gpulling manifest [K
pulling 2bada8a74506:  91% ▕████████████████  ▏ 4.3 GB/4.7 GB  7.9 MB/s     54s[K[?25h[?2026l[?2026h[?25l[A[1Gpulling manifest [K
pulling 2bada8a74506:  91% ▕████████████████  ▏ 4.3 GB/4.7 GB  7.9 MB/s     53s[K[?25h[?2026l[?2026h[?25l[A[1Gpulling manifest [K
pulling 2bada8a74506:  91% ▕████████████████  ▏ 4.3 GB/4.7 GB  7.9 MB/s     53s[K[?25h[?2026l[?2026h[?25l[A[1Gpulling manifest [K
pulling 2bada8a74506:  91% ▕████████████████  ▏ 4.3 GB/4.7 GB  7.9 MB/s     53s[K[?25h[?2026l[?2026h[?25l[A[1Gpulling manifest [K
pulling 2bada8a74506:  91% ▕████████████████  ▏ 4.3 GB/4.7 GB  7.9 MB/s     53s[K[?25h[?2026l[?2026h[?25l[A[1Gpulling manifest [K
pulling 2bada8a74506:  91% ▕████████████████  ▏ 4.3 GB/4.7 GB  8.1 MB/s     52s[K[?25h[?2026l[?2026h[?25l[A[1Gpulling manifest [K
pulling 2bada8a74506:  91% ▕████████████████  ▏ 4.3 GB/4.7 GB  8.1 MB/s     52s[K[?25h[?2026l[?2026h[?25l[A[1Gpulling manifest [K
pulling 2bada8a74506:  91% ▕████████████████  ▏ 4.3 GB/4.7 GB  8.1 MB/s     52s[K[?25h[?2026l[?2026h[?25l[A[1Gpulling manifest [K
pulling 2bada8a74506:  91% ▕████████████████  ▏ 4.3 GB/4.7 GB  8.1 MB/s     52s[K[?25h[?2026l[?2026h[?25l[A[1Gpulling manifest [K
pulling 2bada8a74506:  91% ▕████████████████  ▏ 4.3 GB/4.7 GB  8.1 MB/s     52s[K[?25h[?2026l[?2026h[?25l[A[1Gpulling manifest [K
pulling 2bada8a74506:  91% ▕████████████████  ▏ 4.3 GB/4.7 GB  8.1 MB/s     52s[K[?25h[?2026l[?2026h[?25l[A[1Gpulling manifest [K
pulling 2bada8a74506:  91% ▕████████████████  ▏ 4.3 GB/4.7 GB  8.1 MB/s     52s[K[?25h[?2026l[?2026h[?25l[A[1Gpulling manifest [K
pulling 2bada8a74506:  91% ▕████████████████  ▏ 4.3 GB/4.7 GB  8.1 MB/s     52s[K[?25h[?2026l[?2026h[?25l[A[1Gpulling manifest [K
pulling 2bada8a74506:  91% ▕████████████████  ▏ 4.3 GB/4.7 GB  8.1 MB/s     52s[K[?25h[?2026l[?2026h[?25l[A[1Gpulling manifest [K
pulling 2bada8a74506:  91% ▕████████████████  ▏ 4.3 GB/4.7 GB  8.1 MB/s     52s[K[?25h[?2026l[?2026h[?25l[A[1Gpulling manifest [K
pulling 2bada8a74506:  91% ▕████████████████  ▏ 4.3 GB/4.7 GB  7.9 MB/s     53s[K[?25h[?2026l[?2026h[?25l[A[1Gpulling manifest [K
pulling 2bada8a74506:  91% ▕████████████████  ▏ 4.3 GB/4.7 GB  7.9 MB/s     52s[K[?25h[?2026l[?2026h[?25l[A[1Gpulling manifest [K
pulling 2bada8a74506:  91% ▕████████████████  ▏ 4.3 GB/4.7 GB  7.9 MB/s     52s[K[?25h[?2026l[?2026h[?25l[A[1Gpulling manifest [K
pulling 2bada8a74506:  91% ▕████████████████  ▏ 4.3 GB/4.7 GB  7.9 MB/s     52s[K[?25h[?2026l[?2026h[?25l[A[1Gpulling manifest [K
pulling 2bada8a74506:  91% ▕████████████████  ▏ 4.3 GB/4.7 GB  7.9 MB/s     52s[K[?25h[?2026l[?2026h[?25l[A[1Gpulling manifest [K
pulling 2bada8a74506:  91% ▕████████████████  ▏ 4.3 GB/4.7 GB  7.9 MB/s     52s[K[?25h[?2026l[?2026h[?25l[A[1Gpulling manifest [K
pulling 2bada8a74506:  91% ▕████████████████  ▏ 4.3 GB/4.7 GB  7.9 MB/s     52s[K[?25h[?2026l[?2026h[?25l[A[1Gpulling manifest [K
pulling 2bada8a74506:  91% ▕████████████████  ▏ 4.3 GB/4.7 GB  7.9 MB/s     52s[K[?25h[?2026l[?2026h[?25l[A[1Gpulling manifest [K
pulling 2bada8a74506:  91% ▕████████████████  ▏ 4.3 GB/4.7 GB  7.9 MB/s     52s[K[?25h[?2026l[?2026h[?25l[A[1Gpulling manifest [K
pulling 2bada8a74506:  91% ▕████████████████  ▏ 4.3 GB/4.7 GB  7.9 MB/s     52s[K[?25h[?2026l[?2026h[?25l[A[1Gpulling manifest [K
pulling 2bada8a74506:  91% ▕████████████████  ▏ 4.3 GB/4.7 GB  7.8 MB/s     52s[K[?25h[?2026l[?2026h[?25l[A[1Gpulling manifest [K
pulling 2bada8a74506:  91% ▕████████████████  ▏ 4.3 GB/4.7 GB  7.8 MB/s     52s[K[?25h[?2026l[?2026h[?25l[A[1Gpulling manifest [K
pulling 2bada8a74506:  91% ▕████████████████  ▏ 4.3 GB/4.7 GB  7.8 MB/s     52s[K[?25h[?2026l[?2026h[?25l[A[1Gpulling manifest [K
pulling 2bada8a74506:  91% ▕████████████████  ▏ 4.3 GB/4.7 GB  7.8 MB/s     52s[K[?25h[?2026l[?2026h[?25l[A[1Gpulling manifest [K
pulling 2bada8a74506:  91% ▕████████████████  ▏ 4.3 GB/4.7 GB  7.8 MB/s     52s[K[?25h[?2026l[?2026h[?25l[A[1Gpulling manifest [K
pulling 2bada8a74506:  91% ▕████████████████  ▏ 4.3 GB/4.7 GB  7.8 MB/s     52s[K[?25h[?2026l[?2026h[?25l[A[1Gpulling manifest [K
pulling 2bada8a74506:  91% ▕████████████████  ▏ 4.3 GB/4.7 GB  7.8 MB/s     52s[K[?25h[?2026l[?2026h[?25l[A[1Gpulling manifest [K
pulling 2bada8a74506:  91% ▕████████████████  ▏ 4.3 GB/4.7 GB  7.8 MB/s     51s[K[?25h[?2026l[?2026h[?25l[A[1Gpulling manifest [K
pulling 2bada8a74506:  91% ▕████████████████  ▏ 4.3 GB/4.7 GB  7.8 MB/s     51s[K[?25h[?2026l[?2026h[?25l[A[1Gpulling manifest [K
pulling 2bada8a74506:  91% ▕████████████████  ▏ 4.3 GB/4.7 GB  7.8 MB/s     51s[K[?25h[?2026l[?2026h[?25l[A[1Gpulling manifest [K
pulling 2bada8a74506:  91% ▕████████████████  ▏ 4.3 GB/4.7 GB  7.7 MB/s     52s[K[?25h[?2026l[?2026h[?25l[A[1Gpulling manifest [K
pulling 2bada8a74506:  91% ▕████████████████  ▏ 4.3 GB/4.7 GB  7.7 MB/s     52s[K[?25h[?2026l[?2026h[?25l[A[1Gpulling manifest [K
pulling 2bada8a74506:  91% ▕████████████████  ▏ 4.3 GB/4.7 GB  7.7 MB/s     52s[K[?25h[?2026l[?2026h[?25l[A[1Gpulling manifest [K
pulling 2bada8a74506:  91% ▕████████████████  ▏ 4.3 GB/4.7 GB  7.7 MB/s     52s[K[?25h[?2026l[?2026h[?25l[A[1Gpulling manifest [K
pulling 2bada8a74506:  91% ▕████████████████  ▏ 4.3 GB/4.7 GB  7.7 MB/s     52s[K[?25h[?2026l[?2026h[?25l[A[1Gpulling manifest [K
pulling 2bada8a74506:  91% ▕████████████████  ▏ 4.3 GB/4.7 GB  7.7 MB/s     51s[K[?25h[?2026l[?2026h[?25l[A[1Gpulling manifest [K
pulling 2bada8a74506:  91% ▕████████████████  ▏ 4.3 GB/4.7 GB  7.7 MB/s     51s[K[?25h[?2026l[?2026h[?25l[A[1Gpulling manifest [K
pulling 2bada8a74506:  91% ▕████████████████  ▏ 4.3 GB/4.7 GB  7.7 MB/s     51s[K[?25h[?2026l[?2026h[?25l[A[1Gpulling manifest [K
pulling 2bada8a74506:  91% ▕████████████████  ▏ 4.3 GB/4.7 GB  7.7 MB/s     51s[K[?25h[?2026l[?2026h[?25l[A[1Gpulling manifest [K
pulling 2bada8a74506:  91% ▕████████████████  ▏ 4.3 GB/4.7 GB  7.7 MB/s     51s[K[?25h[?2026l[?2026h[?25l[A[1Gpulling manifest [K
pulling 2bada8a74506:  91% ▕████████████████  ▏ 4.3 GB/4.7 GB  7.7 MB/s     51s[K[?25h[?2026l[?2026h[?25l[A[1Gpulling manifest [K
pulling 2bada8a74506:  92% ▕████████████████  ▏ 4.3 GB/4.7 GB  7.6 MB/s     52s[K[?25h[?2026l[?2026h[?25l[A[1Gpulling manifest [K
pulling 2bada8a74506:  92% ▕████████████████  ▏ 4.3 GB/4.7 GB  7.6 MB/s     52s[K[?25h[?2026l[?2026h[?25l[A[1Gpulling manifest [K
pulling 2bada8a74506:  92% ▕████████████████  ▏ 4.3 GB/4.7 GB  7.6 MB/s     52s[K[?25h[?2026l[?2026h[?25l[A[1Gpulling manifest [K
pulling 2bada8a74506:  92% ▕████████████████  ▏ 4.3 GB/4.7 GB  7.6 MB/s     52s[K[?25h[?2026l[?2026h[?25l[A[1Gpulling manifest [K
pulling 2bada8a74506:  92% ▕████████████████  ▏ 4.3 GB/4.7 GB  7.6 MB/s     52s[K[?25h[?2026l[?2026h[?25l[A[1Gpulling manifest [K
pulling 2bada8a74506:  92% ▕████████████████  ▏ 4.3 GB/4.7 GB  7.6 MB/s     52s[K[?25h[?2026l[?2026h[?25l[A[1Gpulling manifest [K
pulling 2bada8a74506:  92% ▕████████████████  ▏ 4.3 GB/4.7 GB  7.6 MB/s     51s[K[?25h[?2026l[?2026h[?25l[A[1Gpulling manifest [K
pulling 2bada8a74506:  92% ▕████████████████  ▏ 4.3 GB/4.7 GB  7.6 MB/s     51s[K[?25h[?2026l[?2026h[?25l[A[1Gpulling manifest [K
pulling 2bada8a74506:  92% ▕████████████████  ▏ 4.3 GB/4.7 GB  7.6 MB/s     51s[K[?25h[?2026l[?2026h[?25l[A[1Gpulling manifest [K
pulling 2bada8a74506:  92% ▕████████████████  ▏ 4.3 GB/4.7 GB  7.6 MB/s     51s[K[?25h[?2026l[?2026h[?25l[A[1Gpulling manifest [K
pulling 2bada8a74506:  92% ▕████████████████  ▏ 4.3 GB/4.7 GB  7.5 MB/s     51s[K[?25h[?2026l[?2026h[?25l[A[1Gpulling manifest [K
pulling 2bada8a74506:  92% ▕████████████████  ▏ 4.3 GB/4.7 GB  7.5 MB/s     51s[K[?25h[?2026l[?2026h[?25l[A[1Gpulling manifest [K
pulling 2bada8a74506:  92% ▕████████████████  ▏ 4.3 GB/4.7 GB  7.5 MB/s     51s[K[?25h[?2026l[?2026h[?25l[A[1Gpulling manifest [K
pulling 2bada8a74506:  92% ▕████████████████  ▏ 4.3 GB/4.7 GB  7.5 MB/s     51s[K[?25h[?2026l[?2026h[?25l[A[1Gpulling manifest [K
pulling 2bada8a74506:  92% ▕████████████████  ▏ 4.3 GB/4.7 GB  7.5 MB/s     51s[K[?25h[?2026l[?2026h[?25l[A[1Gpulling manifest [K
pulling 2bada8a74506:  92% ▕████████████████  ▏ 4.3 GB/4.7 GB  7.5 MB/s     51s[K[?25h[?2026l[?2026h[?25l[A[1Gpulling manifest [K
pulling 2bada8a74506:  92% ▕████████████████  ▏ 4.3 GB/4.7 GB  7.5 MB/s     51s[K[?25h[?2026l[?2026h[?25l[A[1Gpulling manifest [K
pulling 2bada8a74506:  92% ▕████████████████  ▏ 4.3 GB/4.7 GB  7.5 MB/s     51s[K[?25h[?2026l[?2026h[?25l[A[1Gpulling manifest [K
pulling 2bada8a74506:  92% ▕████████████████  ▏ 4.3 GB/4.7 GB  7.5 MB/s     50s[K[?25h[?2026l[?2026h[?25l[A[1Gpulling manifest [K
pulling 2bada8a74506:  92% ▕████████████████  ▏ 4.3 GB/4.7 GB  7.5 MB/s     50s[K[?25h[?2026l[?2026h[?25l[A[1Gpulling manifest [K
pulling 2bada8a74506:  92% ▕████████████████  ▏ 4.3 GB/4.7 GB  7.5 MB/s     50s[K[?25h[?2026l[?2026h[?25l[A[1Gpulling manifest [K
pulling 2bada8a74506:  92% ▕████████████████  ▏ 4.3 GB/4.7 GB  7.5 MB/s     50s[K[?25h[?2026l[?2026h[?25l[A[1Gpulling manifest [K
pulling 2bada8a74506:  92% ▕████████████████  ▏ 4.3 GB/4.7 GB  7.5 MB/s     50s[K[?25h[?2026l[?2026h[?25l[A[1Gpulling manifest [K
pulling 2bada8a74506:  92% ▕████████████████  ▏ 4.3 GB/4.7 GB  7.5 MB/s     50s[K[?25h[?2026l[?2026h[?25l[A[1Gpulling manifest [K
pulling 2bada8a74506:  92% ▕████████████████  ▏ 4.3 GB/4.7 GB  7.5 MB/s     50s[K[?25h[?2026l[?2026h[?25l[A[1Gpulling manifest [K
pulling 2bada8a74506:  92% ▕████████████████  ▏ 4.3 GB/4.7 GB  7.5 MB/s     50s[K[?25h[?2026l[?2026h[?25l[A[1Gpulling manifest [K
pulling 2bada8a74506:  92% ▕████████████████  ▏ 4.3 GB/4.7 GB  7.5 MB/s     50s[K[?25h[?2026l[?2026h[?25l[A[1Gpulling manifest [K
pulling 2bada8a74506:  92% ▕████████████████  ▏ 4.3 GB/4.7 GB  7.5 MB/s     49s[K[?25h[?2026l[?2026h[?25l[A[1Gpulling manifest [K
pulling 2bada8a74506:  92% ▕████████████████  ▏ 4.3 GB/4.7 GB  7.5 MB/s     49s[K[?25h[?2026l[?2026h[?25l[A[1Gpulling manifest [K
pulling 2bada8a74506:  92% ▕████████████████  ▏ 4.3 GB/4.7 GB  7.5 MB/s     49s[K[?25h[?2026l[?2026h[?25l[A[1Gpulling manifest [K
pulling 2bada8a74506:  92% ▕████████████████  ▏ 4.3 GB/4.7 GB  7.6 MB/s     49s[K[?25h[?2026l[?2026h[?25l[A[1Gpulling manifest [K
pulling 2bada8a74506:  92% ▕████████████████  ▏ 4.3 GB/4.7 GB  7.6 MB/s     49s[K[?25h[?2026l[?2026h[?25l[A[1Gpulling manifest [K
pulling 2bada8a74506:  92% ▕████████████████  ▏ 4.3 GB/4.7 GB  7.6 MB/s     49s[K[?25h[?2026l[?2026h[?25l[A[1Gpulling manifest [K
pulling 2bada8a74506:  92% ▕████████████████  ▏ 4.3 GB/4.7 GB  7.6 MB/s     49s[K[?25h[?2026l[?2026h[?25l[A[1Gpulling manifest [K
pulling 2bada8a74506:  92% ▕████████████████  ▏ 4.3 GB/4.7 GB  7.6 MB/s     49s[K[?25h[?2026l[?2026h[?25l[A[1Gpulling manifest [K
pulling 2bada8a74506:  92% ▕████████████████  ▏ 4.3 GB/4.7 GB  7.6 MB/s     48s[K[?25h[?2026l[?2026h[?25l[A[1Gpulling manifest [K
pulling 2bada8a74506:  92% ▕████████████████  ▏ 4.3 GB/4.7 GB  7.6 MB/s     48s[K[?25h[?2026l[?2026h[?25l[A[1Gpulling manifest [K
pulling 2bada8a74506:  92% ▕████████████████  ▏ 4.3 GB/4.7 GB  7.6 MB/s     48s[K[?25h[?2026l[?2026h[?25l[A[1Gpulling manifest [K
pulling 2bada8a74506:  92% ▕████████████████  ▏ 4.3 GB/4.7 GB  7.6 MB/s     48s[K[?25h[?2026l[?2026h[?25l[A[1Gpulling manifest [K
pulling 2bada8a74506:  92% ▕████████████████  ▏ 4.3 GB/4.7 GB  7.6 MB/s     48s[K[?25h[?2026l[?2026h[?25l[A[1Gpulling manifest [K
pulling 2bada8a74506:  92% ▕████████████████  ▏ 4.3 GB/4.7 GB  7.5 MB/s     48s[K[?25h[?2026l[?2026h[?25l[A[1Gpulling manifest [K
pulling 2bada8a74506:  92% ▕████████████████  ▏ 4.3 GB/4.7 GB  7.5 MB/s     48s[K[?25h[?2026l[?2026h[?25l[A[1Gpulling manifest [K
pulling 2bada8a74506:  92% ▕████████████████  ▏ 4.3 GB/4.7 GB  7.5 MB/s     48s[K[?25h[?2026l[?2026h[?25l[A[1Gpulling manifest [K
pulling 2bada8a74506:  92% ▕████████████████  ▏ 4.3 GB/4.7 GB  7.5 MB/s     48s[K[?25h[?2026l[?2026h[?25l[A[1Gpulling manifest [K
pulling 2bada8a74506:  92% ▕████████████████  ▏ 4.3 GB/4.7 GB  7.5 MB/s     48s[K[?25h[?2026l[?2026h[?25l[A[1Gpulling manifest [K
pulling 2bada8a74506:  92% ▕████████████████  ▏ 4.3 GB/4.7 GB  7.5 MB/s     47s[K[?25h[?2026l[?2026h[?25l[A[1Gpulling manifest [K
pulling 2bada8a74506:  92% ▕████████████████  ▏ 4.3 GB/4.7 GB  7.5 MB/s     47s[K[?25h[?2026l[?2026h[?25l[A[1Gpulling manifest [K
pulling 2bada8a74506:  92% ▕████████████████  ▏ 4.3 GB/4.7 GB  7.5 MB/s     47s[K[?25h[?2026l[?2026h[?25l[A[1Gpulling manifest [K
pulling 2bada8a74506:  92% ▕████████████████  ▏ 4.3 GB/4.7 GB  7.5 MB/s     47s[K[?25h[?2026l[?2026h[?25l[A[1Gpulling manifest [K
pulling 2bada8a74506:  92% ▕████████████████  ▏ 4.3 GB/4.7 GB  7.5 MB/s     47s[K[?25h[?2026l[?2026h[?25l[A[1Gpulling manifest [K
pulling 2bada8a74506:  92% ▕████████████████  ▏ 4.3 GB/4.7 GB  7.5 MB/s     47s[K[?25h[?2026l[?2026h[?25l[A[1Gpulling manifest [K
pulling 2bada8a74506:  92% ▕████████████████  ▏ 4.3 GB/4.7 GB  7.5 MB/s     47s[K[?25h[?2026l[?2026h[?25l[A[1Gpulling manifest [K
pulling 2bada8a74506:  92% ▕████████████████  ▏ 4.3 GB/4.7 GB  7.5 MB/s     47s[K[?25h[?2026l[?2026h[?25l[A[1Gpulling manifest [K
pulling 2bada8a74506:  92% ▕████████████████  ▏ 4.3 GB/4.7 GB  7.5 MB/s     47s[K[?25h[?2026l[?2026h[?25l[A[1Gpulling manifest [K
pulling 2bada8a74506:  92% ▕████████████████  ▏ 4.3 GB/4.7 GB  7.5 MB/s     47s[K[?25h[?2026l[?2026h[?25l[A[1Gpulling manifest [K
pulling 2bada8a74506:  92% ▕████████████████  ▏ 4.3 GB/4.7 GB  7.5 MB/s     47s[K[?25h[?2026l[?2026h[?25l[A[1Gpulling manifest [K
pulling 2bada8a74506:  92% ▕████████████████  ▏ 4.3 GB/4.7 GB  7.5 MB/s     47s[K[?25h[?2026l[?2026h[?25l[A[1Gpulling manifest [K
pulling 2bada8a74506:  92% ▕████████████████  ▏ 4.3 GB/4.7 GB  7.5 MB/s     47s[K[?25h[?2026l[?2026h[?25l[A[1Gpulling manifest [K
pulling 2bada8a74506:  92% ▕████████████████  ▏ 4.3 GB/4.7 GB  7.5 MB/s     46s[K[?25h[?2026l[?2026h[?25l[A[1Gpulling manifest [K
pulling 2bada8a74506:  92% ▕████████████████  ▏ 4.3 GB/4.7 GB  7.5 MB/s     46s[K[?25h[?2026l[?2026h[?25l[A[1Gpulling manifest [K
pulling 2bada8a74506:  93% ▕████████████████  ▏ 4.3 GB/4.7 GB  7.5 MB/s     46s[K[?25h[?2026l[?2026h[?25l[A[1Gpulling manifest [K
pulling 2bada8a74506:  93% ▕████████████████  ▏ 4.3 GB/4.7 GB  7.7 MB/s     45s[K[?25h[?2026l[?2026h[?25l[A[1Gpulling manifest [K
pulling 2bada8a74506:  93% ▕████████████████  ▏ 4.3 GB/4.7 GB  7.7 MB/s     45s[K[?25h[?2026l[?2026h[?25l[A[1Gpulling manifest [K
pulling 2bada8a74506:  93% ▕████████████████  ▏ 4.3 GB/4.7 GB  7.7 MB/s     45s[K[?25h[?2026l[?2026h[?25l[A[1Gpulling manifest [K
pulling 2bada8a74506:  93% ▕████████████████  ▏ 4.3 GB/4.7 GB  7.7 MB/s     45s[K[?25h[?2026l[?2026h[?25l[A[1Gpulling manifest [K
pulling 2bada8a74506:  93% ▕████████████████  ▏ 4.3 GB/4.7 GB  7.7 MB/s     45s[K[?25h[?2026l[?2026h[?25l[A[1Gpulling manifest [K
pulling 2bada8a74506:  93% ▕████████████████  ▏ 4.3 GB/4.7 GB  7.7 MB/s     44s[K[?25h[?2026l[?2026h[?25l[A[1Gpulling manifest [K
pulling 2bada8a74506:  93% ▕████████████████  ▏ 4.3 GB/4.7 GB  7.7 MB/s     44s[K[?25h[?2026l[?2026h[?25l[A[1Gpulling manifest [K
pulling 2bada8a74506:  93% ▕████████████████  ▏ 4.3 GB/4.7 GB  7.7 MB/s     44s[K[?25h[?2026l[?2026h[?25l[A[1Gpulling manifest [K
pulling 2bada8a74506:  93% ▕████████████████  ▏ 4.3 GB/4.7 GB  7.7 MB/s     44s[K[?25h[?2026l[?2026h[?25l[A[1Gpulling manifest [K
pulling 2bada8a74506:  93% ▕████████████████  ▏ 4.3 GB/4.7 GB  7.7 MB/s     44s[K[?25h[?2026l[?2026h[?25l[A[1Gpulling manifest [K
pulling 2bada8a74506:  93% ▕████████████████  ▏ 4.3 GB/4.7 GB  7.8 MB/s     43s[K[?25h[?2026l[?2026h[?25l[A[1Gpulling manifest [K
pulling 2bada8a74506:  93% ▕████████████████  ▏ 4.3 GB/4.7 GB  7.8 MB/s     43s[K[?25h[?2026l[?2026h[?25l[A[1Gpulling manifest [K
pulling 2bada8a74506:  93% ▕████████████████  ▏ 4.3 GB/4.7 GB  7.8 MB/s     43s[K[?25h[?2026l[?2026h[?25l[A[1Gpulling manifest [K
pulling 2bada8a74506:  93% ▕████████████████  ▏ 4.3 GB/4.7 GB  7.8 MB/s     43s[K[?25h[?2026l[?2026h[?25l[A[1Gpulling manifest [K
pulling 2bada8a74506:  93% ▕████████████████  ▏ 4.3 GB/4.7 GB  7.8 MB/s     43s[K[?25h[?2026l[?2026h[?25l[A[1Gpulling manifest [K
pulling 2bada8a74506:  93% ▕████████████████  ▏ 4.3 GB/4.7 GB  7.8 MB/s     43s[K[?25h[?2026l[?2026h[?25l[A[1Gpulling manifest [K
pulling 2bada8a74506:  93% ▕████████████████  ▏ 4.3 GB/4.7 GB  7.8 MB/s     43s[K[?25h[?2026l[?2026h[?25l[A[1Gpulling manifest [K
pulling 2bada8a74506:  93% ▕████████████████  ▏ 4.3 GB/4.7 GB  7.8 MB/s     42s[K[?25h[?2026l[?2026h[?25l[A[1Gpulling manifest [K
pulling 2bada8a74506:  93% ▕████████████████  ▏ 4.3 GB/4.7 GB  7.8 MB/s     42s[K[?25h[?2026l[?2026h[?25l[A[1Gpulling manifest [K
pulling 2bada8a74506:  93% ▕████████████████  ▏ 4.3 GB/4.7 GB  7.8 MB/s     42s[K[?25h[?2026l[?2026h[?25l[A[1Gpulling manifest [K
pulling 2bada8a74506:  93% ▕████████████████  ▏ 4.3 GB/4.7 GB  7.9 MB/s     42s[K[?25h[?2026l[?2026h[?25l[A[1Gpulling manifest [K
pulling 2bada8a74506:  93% ▕████████████████  ▏ 4.4 GB/4.7 GB  7.9 MB/s     42s[K[?25h[?2026l[?2026h[?25l[A[1Gpulling manifest [K
pulling 2bada8a74506:  93% ▕████████████████  ▏ 4.4 GB/4.7 GB  7.9 MB/s     41s[K[?25h[?2026l[?2026h[?25l[A[1Gpulling manifest [K
pulling 2bada8a74506:  93% ▕████████████████  ▏ 4.4 GB/4.7 GB  7.9 MB/s     41s[K[?25h[?2026l[?2026h[?25l[A[1Gpulling manifest [K
pulling 2bada8a74506:  93% ▕████████████████  ▏ 4.4 GB/4.7 GB  7.9 MB/s     41s[K[?25h[?2026l[?2026h[?25l[A[1Gpulling manifest [K
pulling 2bada8a74506:  93% ▕████████████████  ▏ 4.4 GB/4.7 GB  7.9 MB/s     41s[K[?25h[?2026l[?2026h[?25l[A[1Gpulling manifest [K
pulling 2bada8a74506:  93% ▕████████████████  ▏ 4.4 GB/4.7 GB  7.9 MB/s     41s[K[?25h[?2026l[?2026h[?25l[A[1Gpulling manifest [K
pulling 2bada8a74506:  93% ▕████████████████  ▏ 4.4 GB/4.7 GB  7.9 MB/s     41s[K[?25h[?2026l[?2026h[?25l[A[1Gpulling manifest [K
pulling 2bada8a74506:  93% ▕████████████████  ▏ 4.4 GB/4.7 GB  7.9 MB/s     41s[K[?25h[?2026l[?2026h[?25l[A[1Gpulling manifest [K
pulling 2bada8a74506:  93% ▕████████████████  ▏ 4.4 GB/4.7 GB  7.9 MB/s     41s[K[?25h[?2026l[?2026h[?25l[A[1Gpulling manifest [K
pulling 2bada8a74506:  93% ▕████████████████  ▏ 4.4 GB/4.7 GB  8.0 MB/s     40s[K[?25h[?2026l[?2026h[?25l[A[1Gpulling manifest [K
pulling 2bada8a74506:  93% ▕████████████████  ▏ 4.4 GB/4.7 GB  8.0 MB/s     40s[K[?25h[?2026l[?2026h[?25l[A[1Gpulling manifest [K
pulling 2bada8a74506:  93% ▕████████████████  ▏ 4.4 GB/4.7 GB  8.0 MB/s     40s[K[?25h[?2026l[?2026h[?25l[A[1Gpulling manifest [K
pulling 2bada8a74506:  93% ▕████████████████  ▏ 4.4 GB/4.7 GB  8.0 MB/s     40s[K[?25h[?2026l[?2026h[?25l[A[1Gpulling manifest [K
pulling 2bada8a74506:  93% ▕████████████████  ▏ 4.4 GB/4.7 GB  8.0 MB/s     40s[K[?25h[?2026l[?2026h[?25l[A[1Gpulling manifest [K
pulling 2bada8a74506:  93% ▕████████████████  ▏ 4.4 GB/4.7 GB  8.0 MB/s     40s[K[?25h[?2026l[?2026h[?25l[A[1Gpulling manifest [K
pulling 2bada8a74506:  93% ▕████████████████  ▏ 4.4 GB/4.7 GB  8.0 MB/s     39s[K[?25h[?2026l[?2026h[?25l[A[1Gpulling manifest [K
pulling 2bada8a74506:  93% ▕████████████████  ▏ 4.4 GB/4.7 GB  8.0 MB/s     39s[K[?25h[?2026l[?2026h[?25l[A[1Gpulling manifest [K
pulling 2bada8a74506:  93% ▕████████████████  ▏ 4.4 GB/4.7 GB  8.0 MB/s     39s[K[?25h[?2026l[?2026h[?25l[A[1Gpulling manifest [K
pulling 2bada8a74506:  93% ▕████████████████  ▏ 4.4 GB/4.7 GB  8.0 MB/s     39s[K[?25h[?2026l[?2026h[?25l[A[1Gpulling manifest [K
pulling 2bada8a74506:  93% ▕████████████████  ▏ 4.4 GB/4.7 GB  8.0 MB/s     39s[K[?25h[?2026l[?2026h[?25l[A[1Gpulling manifest [K
pulling 2bada8a74506:  93% ▕████████████████  ▏ 4.4 GB/4.7 GB  8.0 MB/s     39s[K[?25h[?2026l[?2026h[?25l[A[1Gpulling manifest [K
pulling 2bada8a74506:  93% ▕████████████████  ▏ 4.4 GB/4.7 GB  8.0 MB/s     39s[K[?25h[?2026l[?2026h[?25l[A[1Gpulling manifest [K
pulling 2bada8a74506:  93% ▕████████████████  ▏ 4.4 GB/4.7 GB  8.0 MB/s     39s[K[?25h[?2026l[?2026h[?25l[A[1Gpulling manifest [K
pulling 2bada8a74506:  93% ▕████████████████  ▏ 4.4 GB/4.7 GB  8.0 MB/s     39s[K[?25h[?2026l[?2026h[?25l[A[1Gpulling manifest [K
pulling 2bada8a74506:  93% ▕████████████████  ▏ 4.4 GB/4.7 GB  8.0 MB/s     39s[K[?25h[?2026l[?2026h[?25l[A[1Gpulling manifest [K
pulling 2bada8a74506:  93% ▕████████████████  ▏ 4.4 GB/4.7 GB  8.0 MB/s     39s[K[?25h[?2026l[?2026h[?25l[A[1Gpulling manifest [K
pulling 2bada8a74506:  93% ▕████████████████  ▏ 4.4 GB/4.7 GB  8.0 MB/s     39s[K[?25h[?2026l[?2026h[?25l[A[1Gpulling manifest [K
pulling 2bada8a74506:  93% ▕████████████████  ▏ 4.4 GB/4.7 GB  8.0 MB/s     39s[K[?25h[?2026l[?2026h[?25l[A[1Gpulling manifest [K
pulling 2bada8a74506:  93% ▕████████████████  ▏ 4.4 GB/4.7 GB  8.0 MB/s     38s[K[?25h[?2026l[?2026h[?25l[A[1Gpulling manifest [K
pulling 2bada8a74506:  93% ▕████████████████  ▏ 4.4 GB/4.7 GB  8.0 MB/s     38s[K[?25h[?2026l[?2026h[?25l[A[1Gpulling manifest [K
pulling 2bada8a74506:  93% ▕████████████████  ▏ 4.4 GB/4.7 GB  8.0 MB/s     38s[K[?25h[?2026l[?2026h[?25l[A[1Gpulling manifest [K
pulling 2bada8a74506:  93% ▕████████████████  ▏ 4.4 GB/4.7 GB  8.0 MB/s     38s[K[?25h[?2026l[?2026h[?25l[A[1Gpulling manifest [K
pulling 2bada8a74506:  93% ▕████████████████  ▏ 4.4 GB/4.7 GB  8.0 MB/s     38s[K[?25h[?2026l[?2026h[?25l[A[1Gpulling manifest [K
pulling 2bada8a74506:  93% ▕████████████████  ▏ 4.4 GB/4.7 GB  8.0 MB/s     38s[K[?25h[?2026l[?2026h[?25l[A[1Gpulling manifest [K
pulling 2bada8a74506:  93% ▕████████████████  ▏ 4.4 GB/4.7 GB  8.0 MB/s     38s[K[?25h[?2026l[?2026h[?25l[A[1Gpulling manifest [K
pulling 2bada8a74506:  93% ▕████████████████  ▏ 4.4 GB/4.7 GB  8.0 MB/s     38s[K[?25h[?2026l[?2026h[?25l[A[1Gpulling manifest [K
pulling 2bada8a74506:  93% ▕████████████████  ▏ 4.4 GB/4.7 GB  8.0 MB/s     38s[K[?25h[?2026l[?2026h[?25l[A[1Gpulling manifest [K
pulling 2bada8a74506:  93% ▕████████████████  ▏ 4.4 GB/4.7 GB  8.0 MB/s     38s[K[?25h[?2026l[?2026h[?25l[A[1Gpulling manifest [K
pulling 2bada8a74506:  94% ▕████████████████  ▏ 4.4 GB/4.7 GB  8.0 MB/s     38s[K[?25h[?2026l[?2026h[?25l[A[1Gpulling manifest [K
pulling 2bada8a74506:  94% ▕████████████████  ▏ 4.4 GB/4.7 GB  8.0 MB/s     38s[K[?25h[?2026l[?2026h[?25l[A[1Gpulling manifest [K
pulling 2bada8a74506:  94% ▕████████████████  ▏ 4.4 GB/4.7 GB  7.9 MB/s     38s[K[?25h[?2026l[?2026h[?25l[A[1Gpulling manifest [K
pulling 2bada8a74506:  94% ▕████████████████  ▏ 4.4 GB/4.7 GB  7.9 MB/s     38s[K[?25h[?2026l[?2026h[?25l[A[1Gpulling manifest [K
pulling 2bada8a74506:  94% ▕████████████████  ▏ 4.4 GB/4.7 GB  7.9 MB/s     38s[K[?25h[?2026l[?2026h[?25l[A[1Gpulling manifest [K
pulling 2bada8a74506:  94% ▕████████████████  ▏ 4.4 GB/4.7 GB  7.9 MB/s     37s[K[?25h[?2026l[?2026h[?25l[A[1Gpulling manifest [K
pulling 2bada8a74506:  94% ▕████████████████  ▏ 4.4 GB/4.7 GB  7.9 MB/s     37s[K[?25h[?2026l[?2026h[?25l[A[1Gpulling manifest [K
pulling 2bada8a74506:  94% ▕████████████████  ▏ 4.4 GB/4.7 GB  7.9 MB/s     37s[K[?25h[?2026l[?2026h[?25l[A[1Gpulling manifest [K
pulling 2bada8a74506:  94% ▕████████████████  ▏ 4.4 GB/4.7 GB  7.9 MB/s     37s[K[?25h[?2026l[?2026h[?25l[A[1Gpulling manifest [K
pulling 2bada8a74506:  94% ▕████████████████  ▏ 4.4 GB/4.7 GB  7.9 MB/s     37s[K[?25h[?2026l[?2026h[?25l[A[1Gpulling manifest [K
pulling 2bada8a74506:  94% ▕████████████████  ▏ 4.4 GB/4.7 GB  7.9 MB/s     37s[K[?25h[?2026l[?2026h[?25l[A[1Gpulling manifest [K
pulling 2bada8a74506:  94% ▕████████████████  ▏ 4.4 GB/4.7 GB  7.9 MB/s     37s[K[?25h[?2026l[?2026h[?25l[A[1Gpulling manifest [K
pulling 2bada8a74506:  94% ▕████████████████  ▏ 4.4 GB/4.7 GB  7.9 MB/s     37s[K[?25h[?2026l[?2026h[?25l[A[1Gpulling manifest [K
pulling 2bada8a74506:  94% ▕████████████████  ▏ 4.4 GB/4.7 GB  7.9 MB/s     37s[K[?25h[?2026l[?2026h[?25l[A[1Gpulling manifest [K
pulling 2bada8a74506:  94% ▕████████████████  ▏ 4.4 GB/4.7 GB  7.9 MB/s     37s[K[?25h[?2026l[?2026h[?25l[A[1Gpulling manifest [K
pulling 2bada8a74506:  94% ▕████████████████  ▏ 4.4 GB/4.7 GB  7.9 MB/s     36s[K[?25h[?2026l[?2026h[?25l[A[1Gpulling manifest [K
pulling 2bada8a74506:  94% ▕████████████████  ▏ 4.4 GB/4.7 GB  7.9 MB/s     36s[K[?25h[?2026l[?2026h[?25l[A[1Gpulling manifest [K
pulling 2bada8a74506:  94% ▕████████████████  ▏ 4.4 GB/4.7 GB  7.9 MB/s     36s[K[?25h[?2026l[?2026h[?25l[A[1Gpulling manifest [K
pulling 2bada8a74506:  94% ▕████████████████  ▏ 4.4 GB/4.7 GB  7.9 MB/s     36s[K[?25h[?2026l[?2026h[?25l[A[1Gpulling manifest [K
pulling 2bada8a74506:  94% ▕████████████████  ▏ 4.4 GB/4.7 GB  7.9 MB/s     36s[K[?25h[?2026l[?2026h[?25l[A[1Gpulling manifest [K
pulling 2bada8a74506:  94% ▕████████████████  ▏ 4.4 GB/4.7 GB  7.9 MB/s     36s[K[?25h[?2026l[?2026h[?25l[A[1Gpulling manifest [K
pulling 2bada8a74506:  94% ▕████████████████  ▏ 4.4 GB/4.7 GB  7.9 MB/s     36s[K[?25h[?2026l[?2026h[?25l[A[1Gpulling manifest [K
pulling 2bada8a74506:  94% ▕████████████████  ▏ 4.4 GB/4.7 GB  7.9 MB/s     36s[K[?25h[?2026l[?2026h[?25l[A[1Gpulling manifest [K
pulling 2bada8a74506:  94% ▕████████████████  ▏ 4.4 GB/4.7 GB  7.9 MB/s     36s[K[?25h[?2026l[?2026h[?25l[A[1Gpulling manifest [K
pulling 2bada8a74506:  94% ▕████████████████  ▏ 4.4 GB/4.7 GB  7.9 MB/s     36s[K[?25h[?2026l[?2026h[?25l[A[1Gpulling manifest [K
pulling 2bada8a74506:  94% ▕████████████████  ▏ 4.4 GB/4.7 GB  7.9 MB/s     36s[K[?25h[?2026l[?2026h[?25l[A[1Gpulling manifest [K
pulling 2bada8a74506:  94% ▕████████████████  ▏ 4.4 GB/4.7 GB  7.9 MB/s     35s[K[?25h[?2026l[?2026h[?25l[A[1Gpulling manifest [K
pulling 2bada8a74506:  94% ▕████████████████  ▏ 4.4 GB/4.7 GB  7.9 MB/s     35s[K[?25h[?2026l[?2026h[?25l[A[1Gpulling manifest [K
pulling 2bada8a74506:  94% ▕████████████████  ▏ 4.4 GB/4.7 GB  7.9 MB/s     35s[K[?25h[?2026l[?2026h[?25l[A[1Gpulling manifest [K
pulling 2bada8a74506:  94% ▕████████████████  ▏ 4.4 GB/4.7 GB  7.9 MB/s     35s[K[?25h[?2026l[?2026h[?25l[A[1Gpulling manifest [K
pulling 2bada8a74506:  94% ▕████████████████  ▏ 4.4 GB/4.7 GB  7.9 MB/s     35s[K[?25h[?2026l[?2026h[?25l[A[1Gpulling manifest [K
pulling 2bada8a74506:  94% ▕████████████████  ▏ 4.4 GB/4.7 GB  7.9 MB/s     35s[K[?25h[?2026l[?2026h[?25l[A[1Gpulling manifest [K
pulling 2bada8a74506:  94% ▕████████████████  ▏ 4.4 GB/4.7 GB  7.9 MB/s     35s[K[?25h[?2026l[?2026h[?25l[A[1Gpulling manifest [K
pulling 2bada8a74506:  94% ▕████████████████  ▏ 4.4 GB/4.7 GB  7.9 MB/s     35s[K[?25h[?2026l[?2026h[?25l[A[1Gpulling manifest [K
pulling 2bada8a74506:  94% ▕████████████████  ▏ 4.4 GB/4.7 GB  7.9 MB/s     35s[K[?25h[?2026l[?2026h[?25l[A[1Gpulling manifest [K
pulling 2bada8a74506:  94% ▕████████████████  ▏ 4.4 GB/4.7 GB  7.9 MB/s     35s[K[?25h[?2026l[?2026h[?25l[A[1Gpulling manifest [K
pulling 2bada8a74506:  94% ▕████████████████  ▏ 4.4 GB/4.7 GB  7.9 MB/s     34s[K[?25h[?2026l[?2026h[?25l[A[1Gpulling manifest [K
pulling 2bada8a74506:  94% ▕████████████████  ▏ 4.4 GB/4.7 GB  7.9 MB/s     34s[K[?25h[?2026l[?2026h[?25l[A[1Gpulling manifest [K
pulling 2bada8a74506:  94% ▕████████████████  ▏ 4.4 GB/4.7 GB  7.9 MB/s     34s[K[?25h[?2026l[?2026h[?25l[A[1Gpulling manifest [K
pulling 2bada8a74506:  94% ▕████████████████  ▏ 4.4 GB/4.7 GB  7.9 MB/s     34s[K[?25h[?2026l[?2026h[?25l[A[1Gpulling manifest [K
pulling 2bada8a74506:  94% ▕████████████████  ▏ 4.4 GB/4.7 GB  7.9 MB/s     34s[K[?25h[?2026l[?2026h[?25l[A[1Gpulling manifest [K
pulling 2bada8a74506:  94% ▕████████████████  ▏ 4.4 GB/4.7 GB  7.9 MB/s     34s[K[?25h[?2026l[?2026h[?25l[A[1Gpulling manifest [K
pulling 2bada8a74506:  94% ▕████████████████  ▏ 4.4 GB/4.7 GB  7.9 MB/s     34s[K[?25h[?2026l[?2026h[?25l[A[1Gpulling manifest [K
pulling 2bada8a74506:  94% ▕████████████████  ▏ 4.4 GB/4.7 GB  7.9 MB/s     34s[K[?25h[?2026l[?2026h[?25l[A[1Gpulling manifest [K
pulling 2bada8a74506:  94% ▕████████████████  ▏ 4.4 GB/4.7 GB  7.9 MB/s     34s[K[?25h[?2026l[?2026h[?25l[A[1Gpulling manifest [K
pulling 2bada8a74506:  94% ▕████████████████  ▏ 4.4 GB/4.7 GB  7.9 MB/s     34s[K[?25h[?2026l[?2026h[?25l[A[1Gpulling manifest [K
pulling 2bada8a74506:  94% ▕████████████████  ▏ 4.4 GB/4.7 GB  7.9 MB/s     33s[K[?25h[?2026l[?2026h[?25l[A[1Gpulling manifest [K
pulling 2bada8a74506:  94% ▕████████████████  ▏ 4.4 GB/4.7 GB  7.9 MB/s     33s[K[?25h[?2026l[?2026h[?25l[A[1Gpulling manifest [K
pulling 2bada8a74506:  94% ▕████████████████  ▏ 4.4 GB/4.7 GB  7.9 MB/s     33s[K[?25h[?2026l[?2026h[?25l[A[1Gpulling manifest [K
pulling 2bada8a74506:  94% ▕████████████████  ▏ 4.4 GB/4.7 GB  7.9 MB/s     33s[K[?25h[?2026l[?2026h[?25l[A[1Gpulling manifest [K
pulling 2bada8a74506:  94% ▕████████████████  ▏ 4.4 GB/4.7 GB  7.9 MB/s     33s[K[?25h[?2026l[?2026h[?25l[A[1Gpulling manifest [K
pulling 2bada8a74506:  94% ▕████████████████  ▏ 4.4 GB/4.7 GB  7.9 MB/s     33s[K[?25h[?2026l[?2026h[?25l[A[1Gpulling manifest [K
pulling 2bada8a74506:  94% ▕████████████████  ▏ 4.4 GB/4.7 GB  7.9 MB/s     33s[K[?25h[?2026l[?2026h[?25l[A[1Gpulling manifest [K
pulling 2bada8a74506:  94% ▕████████████████  ▏ 4.4 GB/4.7 GB  7.9 MB/s     33s[K[?25h[?2026l[?2026h[?25l[A[1Gpulling manifest [K
pulling 2bada8a74506:  94% ▕████████████████  ▏ 4.4 GB/4.7 GB  7.9 MB/s     32s[K[?25h[?2026l[?2026h[?25l[A[1Gpulling manifest [K
pulling 2bada8a74506:  94% ▕████████████████  ▏ 4.4 GB/4.7 GB  7.9 MB/s     32s[K[?25h[?2026l[?2026h[?25l[A[1Gpulling manifest [K
pulling 2bada8a74506:  94% ▕█████████████████ ▏ 4.4 GB/4.7 GB  7.9 MB/s     32s[K[?25h[?2026l[?2026h[?25l[A[1Gpulling manifest [K
pulling 2bada8a74506:  94% ▕█████████████████ ▏ 4.4 GB/4.7 GB  7.9 MB/s     32s[K[?25h[?2026l[?2026h[?25l[A[1Gpulling manifest [K
pulling 2bada8a74506:  94% ▕█████████████████ ▏ 4.4 GB/4.7 GB  7.9 MB/s     32s[K[?25h[?2026l[?2026h[?25l[A[1Gpulling manifest [K
pulling 2bada8a74506:  95% ▕█████████████████ ▏ 4.4 GB/4.7 GB  7.9 MB/s     32s[K[?25h[?2026l[?2026h[?25l[A[1Gpulling manifest [K
pulling 2bada8a74506:  95% ▕█████████████████ ▏ 4.4 GB/4.7 GB  7.9 MB/s     32s[K[?25h[?2026l[?2026h[?25l[A[1Gpulling manifest [K
pulling 2bada8a74506:  95% ▕█████████████████ ▏ 4.4 GB/4.7 GB  7.9 MB/s     32s[K[?25h[?2026l[?2026h[?25l[A[1Gpulling manifest [K
pulling 2bada8a74506:  95% ▕█████████████████ ▏ 4.4 GB/4.7 GB  7.9 MB/s     32s[K[?25h[?2026l[?2026h[?25l[A[1Gpulling manifest [K
pulling 2bada8a74506:  95% ▕█████████████████ ▏ 4.4 GB/4.7 GB  8.0 MB/s     31s[K[?25h[?2026l[?2026h[?25l[A[1Gpulling manifest [K
pulling 2bada8a74506:  95% ▕█████████████████ ▏ 4.4 GB/4.7 GB  8.0 MB/s     31s[K[?25h[?2026l[?2026h[?25l[A[1Gpulling manifest [K
pulling 2bada8a74506:  95% ▕█████████████████ ▏ 4.4 GB/4.7 GB  8.0 MB/s     31s[K[?25h[?2026l[?2026h[?25l[A[1Gpulling manifest [K
pulling 2bada8a74506:  95% ▕█████████████████ ▏ 4.4 GB/4.7 GB  8.0 MB/s     31s[K[?25h[?2026l[?2026h[?25l[A[1Gpulling manifest [K
pulling 2bada8a74506:  95% ▕█████████████████ ▏ 4.4 GB/4.7 GB  8.0 MB/s     30s[K[?25h[?2026l[?2026h[?25l[A[1Gpulling manifest [K
pulling 2bada8a74506:  95% ▕█████████████████ ▏ 4.4 GB/4.7 GB  8.0 MB/s     30s[K[?25h[?2026l[?2026h[?25l[A[1Gpulling manifest [K
pulling 2bada8a74506:  95% ▕█████████████████ ▏ 4.4 GB/4.7 GB  8.0 MB/s     30s[K[?25h[?2026l[?2026h[?25l[A[1Gpulling manifest [K
pulling 2bada8a74506:  95% ▕█████████████████ ▏ 4.4 GB/4.7 GB  8.0 MB/s     30s[K[?25h[?2026l[?2026h[?25l[A[1Gpulling manifest [K
pulling 2bada8a74506:  95% ▕█████████████████ ▏ 4.4 GB/4.7 GB  8.0 MB/s     30s[K[?25h[?2026l[?2026h[?25l[A[1Gpulling manifest [K
pulling 2bada8a74506:  95% ▕█████████████████ ▏ 4.4 GB/4.7 GB  8.0 MB/s     30s[K[?25h[?2026l[?2026h[?25l[A[1Gpulling manifest [K
pulling 2bada8a74506:  95% ▕█████████████████ ▏ 4.4 GB/4.7 GB  8.3 MB/s     29s[K[?25h[?2026l[?2026h[?25l[A[1Gpulling manifest [K
pulling 2bada8a74506:  95% ▕█████████████████ ▏ 4.4 GB/4.7 GB  8.3 MB/s     29s[K[?25h[?2026l[?2026h[?25l[A[1Gpulling manifest [K
pulling 2bada8a74506:  95% ▕█████████████████ ▏ 4.4 GB/4.7 GB  8.3 MB/s     29s[K[?25h[?2026l[?2026h[?25l[A[1Gpulling manifest [K
pulling 2bada8a74506:  95% ▕█████████████████ ▏ 4.4 GB/4.7 GB  8.3 MB/s     29s[K[?25h[?2026l[?2026h[?25l[A[1Gpulling manifest [K
pulling 2bada8a74506:  95% ▕█████████████████ ▏ 4.4 GB/4.7 GB  8.3 MB/s     29s[K[?25h[?2026l[?2026h[?25l[A[1Gpulling manifest [K
pulling 2bada8a74506:  95% ▕█████████████████ ▏ 4.4 GB/4.7 GB  8.3 MB/s     28s[K[?25h[?2026l[?2026h[?25l[A[1Gpulling manifest [K
pulling 2bada8a74506:  95% ▕█████████████████ ▏ 4.4 GB/4.7 GB  8.3 MB/s     28s[K[?25h[?2026l[?2026h[?25l[A[1Gpulling manifest [K
pulling 2bada8a74506:  95% ▕█████████████████ ▏ 4.4 GB/4.7 GB  8.3 MB/s     28s[K[?25h[?2026l[?2026h[?25l[A[1Gpulling manifest [K
pulling 2bada8a74506:  95% ▕█████████████████ ▏ 4.4 GB/4.7 GB  8.3 MB/s     28s[K[?25h[?2026l[?2026h[?25l[A[1Gpulling manifest [K
pulling 2bada8a74506:  95% ▕█████████████████ ▏ 4.4 GB/4.7 GB  8.3 MB/s     28s[K[?25h[?2026l[?2026h[?25l[A[1Gpulling manifest [K
pulling 2bada8a74506:  95% ▕█████████████████ ▏ 4.4 GB/4.7 GB  8.3 MB/s     28s[K[?25h[?2026l[?2026h[?25l[A[1Gpulling manifest [K
pulling 2bada8a74506:  95% ▕█████████████████ ▏ 4.4 GB/4.7 GB  8.4 MB/s     27s[K[?25h[?2026l[?2026h[?25l[A[1Gpulling manifest [K
pulling 2bada8a74506:  95% ▕█████████████████ ▏ 4.5 GB/4.7 GB  8.4 MB/s     27s[K[?25h[?2026l[?2026h[?25l[A[1Gpulling manifest [K
pulling 2bada8a74506:  95% ▕█████████████████ ▏ 4.5 GB/4.7 GB  8.4 MB/s     27s[K[?25h[?2026l[?2026h[?25l[A[1Gpulling manifest [K
pulling 2bada8a74506:  95% ▕█████████████████ ▏ 4.5 GB/4.7 GB  8.4 MB/s     27s[K[?25h[?2026l[?2026h[?25l[A[1Gpulling manifest [K
pulling 2bada8a74506:  95% ▕█████████████████ ▏ 4.5 GB/4.7 GB  8.4 MB/s     27s[K[?25h[?2026l[?2026h[?25l[A[1Gpulling manifest [K
pulling 2bada8a74506:  95% ▕█████████████████ ▏ 4.5 GB/4.7 GB  8.4 MB/s     27s[K[?25h[?2026l[?2026h[?25l[A[1Gpulling manifest [K
pulling 2bada8a74506:  95% ▕█████████████████ ▏ 4.5 GB/4.7 GB  8.4 MB/s     27s[K[?25h[?2026l[?2026h[?25l[A[1Gpulling manifest [K
pulling 2bada8a74506:  95% ▕█████████████████ ▏ 4.5 GB/4.7 GB  8.4 MB/s     27s[K[?25h[?2026l[?2026h[?25l[A[1Gpulling manifest [K
pulling 2bada8a74506:  95% ▕█████████████████ ▏ 4.5 GB/4.7 GB  8.4 MB/s     27s[K[?25h[?2026l[?2026h[?25l[A[1Gpulling manifest [K
pulling 2bada8a74506:  95% ▕█████████████████ ▏ 4.5 GB/4.7 GB  8.4 MB/s     27s[K[?25h[?2026l[?2026h[?25l[A[1Gpulling manifest [K
pulling 2bada8a74506:  95% ▕█████████████████ ▏ 4.5 GB/4.7 GB  8.4 MB/s     26s[K[?25h[?2026l[?2026h[?25l[A[1Gpulling manifest [K
pulling 2bada8a74506:  95% ▕█████████████████ ▏ 4.5 GB/4.7 GB  8.4 MB/s     26s[K[?25h[?2026l[?2026h[?25l[A[1Gpulling manifest [K
pulling 2bada8a74506:  95% ▕█████████████████ ▏ 4.5 GB/4.7 GB  8.4 MB/s     26s[K[?25h[?2026l[?2026h[?25l[A[1Gpulling manifest [K
pulling 2bada8a74506:  95% ▕█████████████████ ▏ 4.5 GB/4.7 GB  8.4 MB/s     26s[K[?25h[?2026l[?2026h[?25l[A[1Gpulling manifest [K
pulling 2bada8a74506:  95% ▕█████████████████ ▏ 4.5 GB/4.7 GB  8.4 MB/s     26s[K[?25h[?2026l[?2026h[?25l[A[1Gpulling manifest [K
pulling 2bada8a74506:  95% ▕█████████████████ ▏ 4.5 GB/4.7 GB  8.4 MB/s     26s[K[?25h[?2026l[?2026h[?25l[A[1Gpulling manifest [K
pulling 2bada8a74506:  95% ▕█████████████████ ▏ 4.5 GB/4.7 GB  8.4 MB/s     26s[K[?25h[?2026l[?2026h[?25l[A[1Gpulling manifest [K
pulling 2bada8a74506:  95% ▕█████████████████ ▏ 4.5 GB/4.7 GB  8.4 MB/s     26s[K[?25h[?2026l[?2026h[?25l[A[1Gpulling manifest [K
pulling 2bada8a74506:  95% ▕█████████████████ ▏ 4.5 GB/4.7 GB  8.4 MB/s     26s[K[?25h[?2026l[?2026h[?25l[A[1Gpulling manifest [K
pulling 2bada8a74506:  95% ▕█████████████████ ▏ 4.5 GB/4.7 GB  8.4 MB/s     25s[K[?25h[?2026l[?2026h[?25l[A[1Gpulling manifest [K
pulling 2bada8a74506:  95% ▕█████████████████ ▏ 4.5 GB/4.7 GB  8.5 MB/s     25s[K[?25h[?2026l[?2026h[?25l[A[1Gpulling manifest [K
pulling 2bada8a74506:  95% ▕█████████████████ ▏ 4.5 GB/4.7 GB  8.5 MB/s     25s[K[?25h[?2026l[?2026h[?25l[A[1Gpulling manifest [K
pulling 2bada8a74506:  95% ▕█████████████████ ▏ 4.5 GB/4.7 GB  8.5 MB/s     25s[K[?25h[?2026l[?2026h[?25l[A[1Gpulling manifest [K
pulling 2bada8a74506:  95% ▕█████████████████ ▏ 4.5 GB/4.7 GB  8.5 MB/s     25s[K[?25h[?2026l[?2026h[?25l[A[1Gpulling manifest [K
pulling 2bada8a74506:  95% ▕█████████████████ ▏ 4.5 GB/4.7 GB  8.5 MB/s     25s[K[?25h[?2026l[?2026h[?25l[A[1Gpulling manifest [K
pulling 2bada8a74506:  95% ▕█████████████████ ▏ 4.5 GB/4.7 GB  8.5 MB/s     24s[K[?25h[?2026l[?2026h[?25l[A[1Gpulling manifest [K
pulling 2bada8a74506:  95% ▕█████████████████ ▏ 4.5 GB/4.7 GB  8.5 MB/s     24s[K[?25h[?2026l[?2026h[?25l[A[1Gpulling manifest [K
pulling 2bada8a74506:  96% ▕█████████████████ ▏ 4.5 GB/4.7 GB  8.5 MB/s     24s[K[?25h[?2026l[?2026h[?25l[A[1Gpulling manifest [K
pulling 2bada8a74506:  96% ▕█████████████████ ▏ 4.5 GB/4.7 GB  8.5 MB/s     24s[K[?25h[?2026l[?2026h[?25l[A[1Gpulling manifest [K
pulling 2bada8a74506:  96% ▕█████████████████ ▏ 4.5 GB/4.7 GB  8.5 MB/s     24s[K[?25h[?2026l[?2026h[?25l[A[1Gpulling manifest [K
pulling 2bada8a74506:  96% ▕█████████████████ ▏ 4.5 GB/4.7 GB  8.8 MB/s     23s[K[?25h[?2026l[?2026h[?25l[A[1Gpulling manifest [K
pulling 2bada8a74506:  96% ▕█████████████████ ▏ 4.5 GB/4.7 GB  8.8 MB/s     23s[K[?25h[?2026l[?2026h[?25l[A[1Gpulling manifest [K
pulling 2bada8a74506:  96% ▕█████████████████ ▏ 4.5 GB/4.7 GB  8.8 MB/s     23s[K[?25h[?2026l[?2026h[?25l[A[1Gpulling manifest [K
pulling 2bada8a74506:  96% ▕█████████████████ ▏ 4.5 GB/4.7 GB  8.8 MB/s     23s[K[?25h[?2026l[?2026h[?25l[A[1Gpulling manifest [K
pulling 2bada8a74506:  96% ▕█████████████████ ▏ 4.5 GB/4.7 GB  8.8 MB/s     23s[K[?25h[?2026l[?2026h[?25l[A[1Gpulling manifest [K
pulling 2bada8a74506:  96% ▕█████████████████ ▏ 4.5 GB/4.7 GB  8.8 MB/s     23s[K[?25h[?2026l[?2026h[?25l[A[1Gpulling manifest [K
pulling 2bada8a74506:  96% ▕█████████████████ ▏ 4.5 GB/4.7 GB  8.8 MB/s     23s[K[?25h[?2026l[?2026h[?25l[A[1Gpulling manifest [K
pulling 2bada8a74506:  96% ▕█████████████████ ▏ 4.5 GB/4.7 GB  8.8 MB/s     22s[K[?25h[?2026l[?2026h[?25l[A[1Gpulling manifest [K
pulling 2bada8a74506:  96% ▕█████████████████ ▏ 4.5 GB/4.7 GB  8.8 MB/s     22s[K[?25h[?2026l[?2026h[?25l[A[1Gpulling manifest [K
pulling 2bada8a74506:  96% ▕█████████████████ ▏ 4.5 GB/4.7 GB  8.8 MB/s     22s[K[?25h[?2026l[?2026h[?25l[A[1Gpulling manifest [K
pulling 2bada8a74506:  96% ▕█████████████████ ▏ 4.5 GB/4.7 GB  8.9 MB/s     22s[K[?25h[?2026l[?2026h[?25l[A[1Gpulling manifest [K
pulling 2bada8a74506:  96% ▕█████████████████ ▏ 4.5 GB/4.7 GB  8.9 MB/s     22s[K[?25h[?2026l[?2026h[?25l[A[1Gpulling manifest [K
pulling 2bada8a74506:  96% ▕█████████████████ ▏ 4.5 GB/4.7 GB  8.9 MB/s     22s[K[?25h[?2026l[?2026h[?25l[A[1Gpulling manifest [K
pulling 2bada8a74506:  96% ▕█████████████████ ▏ 4.5 GB/4.7 GB  8.9 MB/s     22s[K[?25h[?2026l[?2026h[?25l[A[1Gpulling manifest [K
pulling 2bada8a74506:  96% ▕█████████████████ ▏ 4.5 GB/4.7 GB  8.9 MB/s     22s[K[?25h[?2026l[?2026h[?25l[A[1Gpulling manifest [K
pulling 2bada8a74506:  96% ▕█████████████████ ▏ 4.5 GB/4.7 GB  8.9 MB/s     21s[K[?25h[?2026l[?2026h[?25l[A[1Gpulling manifest [K
pulling 2bada8a74506:  96% ▕█████████████████ ▏ 4.5 GB/4.7 GB  8.9 MB/s     21s[K[?25h[?2026l[?2026h[?25l[A[1Gpulling manifest [K
pulling 2bada8a74506:  96% ▕█████████████████ ▏ 4.5 GB/4.7 GB  8.9 MB/s     21s[K[?25h[?2026l[?2026h[?25l[A[1Gpulling manifest [K
pulling 2bada8a74506:  96% ▕█████████████████ ▏ 4.5 GB/4.7 GB  8.9 MB/s     21s[K[?25h[?2026l[?2026h[?25l[A[1Gpulling manifest [K
pulling 2bada8a74506:  96% ▕█████████████████ ▏ 4.5 GB/4.7 GB  8.9 MB/s     21s[K[?25h[?2026l[?2026h[?25l[A[1Gpulling manifest [K
pulling 2bada8a74506:  96% ▕█████████████████ ▏ 4.5 GB/4.7 GB  8.9 MB/s     21s[K[?25h[?2026l[?2026h[?25l[A[1Gpulling manifest [K
pulling 2bada8a74506:  96% ▕█████████████████ ▏ 4.5 GB/4.7 GB  8.9 MB/s     21s[K[?25h[?2026l[?2026h[?25l[A[1Gpulling manifest [K
pulling 2bada8a74506:  96% ▕█████████████████ ▏ 4.5 GB/4.7 GB  8.9 MB/s     21s[K[?25h[?2026l[?2026h[?25l[A[1Gpulling manifest [K
pulling 2bada8a74506:  96% ▕█████████████████ ▏ 4.5 GB/4.7 GB  8.9 MB/s     21s[K[?25h[?2026l[?2026h[?25l[A[1Gpulling manifest [K
pulling 2bada8a74506:  96% ▕█████████████████ ▏ 4.5 GB/4.7 GB  8.9 MB/s     21s[K[?25h[?2026l[?2026h[?25l[A[1Gpulling manifest [K
pulling 2bada8a74506:  96% ▕█████████████████ ▏ 4.5 GB/4.7 GB  8.9 MB/s     21s[K[?25h[?2026l[?2026h[?25l[A[1Gpulling manifest [K
pulling 2bada8a74506:  96% ▕█████████████████ ▏ 4.5 GB/4.7 GB  8.9 MB/s     21s[K[?25h[?2026l[?2026h[?25l[A[1Gpulling manifest [K
pulling 2bada8a74506:  96% ▕█████████████████ ▏ 4.5 GB/4.7 GB  8.9 MB/s     20s[K[?25h[?2026l[?2026h[?25l[A[1Gpulling manifest [K
pulling 2bada8a74506:  96% ▕█████████████████ ▏ 4.5 GB/4.7 GB  8.9 MB/s     20s[K[?25h[?2026l[?2026h[?25l[A[1Gpulling manifest [K
pulling 2bada8a74506:  96% ▕█████████████████ ▏ 4.5 GB/4.7 GB  8.9 MB/s     20s[K[?25h[?2026l[?2026h[?25l[A[1Gpulling manifest [K
pulling 2bada8a74506:  96% ▕█████████████████ ▏ 4.5 GB/4.7 GB  8.9 MB/s     20s[K[?25h[?2026l[?2026h[?25l[A[1Gpulling manifest [K
pulling 2bada8a74506:  96% ▕█████████████████ ▏ 4.5 GB/4.7 GB  8.9 MB/s     20s[K[?25h[?2026l[?2026h[?25l[A[1Gpulling manifest [K
pulling 2bada8a74506:  96% ▕█████████████████ ▏ 4.5 GB/4.7 GB  8.9 MB/s     20s[K[?25h[?2026l[?2026h[?25l[A[1Gpulling manifest [K
pulling 2bada8a74506:  96% ▕█████████████████ ▏ 4.5 GB/4.7 GB  8.9 MB/s     20s[K[?25h[?2026l[?2026h[?25l[A[1Gpulling manifest [K
pulling 2bada8a74506:  96% ▕█████████████████ ▏ 4.5 GB/4.7 GB  8.9 MB/s     20s[K[?25h[?2026l[?2026h[?25l[A[1Gpulling manifest [K
pulling 2bada8a74506:  96% ▕█████████████████ ▏ 4.5 GB/4.7 GB  8.9 MB/s     20s[K[?25h[?2026l[?2026h[?25l[A[1Gpulling manifest [K
pulling 2bada8a74506:  96% ▕█████████████████ ▏ 4.5 GB/4.7 GB  8.9 MB/s     20s[K[?25h[?2026l[?2026h[?25l[A[1Gpulling manifest [K
pulling 2bada8a74506:  96% ▕█████████████████ ▏ 4.5 GB/4.7 GB  8.9 MB/s     20s[K[?25h[?2026l[?2026h[?25l[A[1Gpulling manifest [K
pulling 2bada8a74506:  96% ▕█████████████████ ▏ 4.5 GB/4.7 GB  8.9 MB/s     20s[K[?25h[?2026l[?2026h[?25l[A[1Gpulling manifest [K
pulling 2bada8a74506:  96% ▕█████████████████ ▏ 4.5 GB/4.7 GB  8.9 MB/s     19s[K[?25h[?2026l[?2026h[?25l[A[1Gpulling manifest [K
pulling 2bada8a74506:  96% ▕█████████████████ ▏ 4.5 GB/4.7 GB  8.9 MB/s     19s[K[?25h[?2026l[?2026h[?25l[A[1Gpulling manifest [K
pulling 2bada8a74506:  96% ▕█████████████████ ▏ 4.5 GB/4.7 GB  8.7 MB/s     19s[K[?25h[?2026l[?2026h[?25l[A[1Gpulling manifest [K
pulling 2bada8a74506:  96% ▕█████████████████ ▏ 4.5 GB/4.7 GB  8.7 MB/s     19s[K[?25h[?2026l[?2026h[?25l[A[1Gpulling manifest [K
pulling 2bada8a74506:  96% ▕█████████████████ ▏ 4.5 GB/4.7 GB  8.7 MB/s     19s[K[?25h[?2026l[?2026h[?25l[A[1Gpulling manifest [K
pulling 2bada8a74506:  96% ▕█████████████████ ▏ 4.5 GB/4.7 GB  8.7 MB/s     19s[K[?25h[?2026l[?2026h[?25l[A[1Gpulling manifest [K
pulling 2bada8a74506:  96% ▕█████████████████ ▏ 4.5 GB/4.7 GB  8.7 MB/s     19s[K[?25h[?2026l[?2026h[?25l[A[1Gpulling manifest [K
pulling 2bada8a74506:  96% ▕█████████████████ ▏ 4.5 GB/4.7 GB  8.7 MB/s     19s[K[?25h[?2026l[?2026h[?25l[A[1Gpulling manifest [K
pulling 2bada8a74506:  96% ▕█████████████████ ▏ 4.5 GB/4.7 GB  8.7 MB/s     19s[K[?25h[?2026l[?2026h[?25l[A[1Gpulling manifest [K
pulling 2bada8a74506:  96% ▕█████████████████ ▏ 4.5 GB/4.7 GB  8.7 MB/s     19s[K[?25h[?2026l[?2026h[?25l[A[1Gpulling manifest [K
pulling 2bada8a74506:  96% ▕█████████████████ ▏ 4.5 GB/4.7 GB  8.7 MB/s     19s[K[?25h[?2026l[?2026h[?25l[A[1Gpulling manifest [K
pulling 2bada8a74506:  96% ▕█████████████████ ▏ 4.5 GB/4.7 GB  8.7 MB/s     19s[K[?25h[?2026l[?2026h[?25l[A[1Gpulling manifest [K
pulling 2bada8a74506:  96% ▕█████████████████ ▏ 4.5 GB/4.7 GB  8.7 MB/s     19s[K[?25h[?2026l[?2026h[?25l[A[1Gpulling manifest [K
pulling 2bada8a74506:  96% ▕█████████████████ ▏ 4.5 GB/4.7 GB  8.7 MB/s     19s[K[?25h[?2026l[?2026h[?25l[A[1Gpulling manifest [K
pulling 2bada8a74506:  96% ▕█████████████████ ▏ 4.5 GB/4.7 GB  8.7 MB/s     18s[K[?25h[?2026l[?2026h[?25l[A[1Gpulling manifest [K
pulling 2bada8a74506:  97% ▕█████████████████ ▏ 4.5 GB/4.7 GB  8.7 MB/s     18s[K[?25h[?2026l[?2026h[?25l[A[1Gpulling manifest [K
pulling 2bada8a74506:  97% ▕█████████████████ ▏ 4.5 GB/4.7 GB  8.7 MB/s     18s[K[?25h[?2026l[?2026h[?25l[A[1Gpulling manifest [K
pulling 2bada8a74506:  97% ▕█████████████████ ▏ 4.5 GB/4.7 GB  8.7 MB/s     18s[K[?25h[?2026l[?2026h[?25l[A[1Gpulling manifest [K
pulling 2bada8a74506:  97% ▕█████████████████ ▏ 4.5 GB/4.7 GB  8.7 MB/s     18s[K[?25h[?2026l[?2026h[?25l[A[1Gpulling manifest [K
pulling 2bada8a74506:  97% ▕█████████████████ ▏ 4.5 GB/4.7 GB  8.7 MB/s     18s[K[?25h[?2026l[?2026h[?25l[A[1Gpulling manifest [K
pulling 2bada8a74506:  97% ▕█████████████████ ▏ 4.5 GB/4.7 GB  8.7 MB/s     18s[K[?25h[?2026l[?2026h[?25l[A[1Gpulling manifest [K
pulling 2bada8a74506:  97% ▕█████████████████ ▏ 4.5 GB/4.7 GB  8.7 MB/s     18s[K[?25h[?2026l[?2026h[?25l[A[1Gpulling manifest [K
pulling 2bada8a74506:  97% ▕█████████████████ ▏ 4.5 GB/4.7 GB  8.6 MB/s     18s[K[?25h[?2026l[?2026h[?25l[A[1Gpulling manifest [K
pulling 2bada8a74506:  97% ▕█████████████████ ▏ 4.5 GB/4.7 GB  8.6 MB/s     18s[K[?25h[?2026l[?2026h[?25l[A[1Gpulling manifest [K
pulling 2bada8a74506:  97% ▕█████████████████ ▏ 4.5 GB/4.7 GB  8.6 MB/s     18s[K[?25h[?2026l[?2026h[?25l[A[1Gpulling manifest [K
pulling 2bada8a74506:  97% ▕█████████████████ ▏ 4.5 GB/4.7 GB  8.6 MB/s     18s[K[?25h[?2026l[?2026h[?25l[A[1Gpulling manifest [K
pulling 2bada8a74506:  97% ▕█████████████████ ▏ 4.5 GB/4.7 GB  8.6 MB/s     18s[K[?25h[?2026l[?2026h[?25l[A[1Gpulling manifest [K
pulling 2bada8a74506:  97% ▕█████████████████ ▏ 4.5 GB/4.7 GB  8.6 MB/s     17s[K[?25h[?2026l[?2026h[?25l[A[1Gpulling manifest [K
pulling 2bada8a74506:  97% ▕█████████████████ ▏ 4.5 GB/4.7 GB  8.6 MB/s     17s[K[?25h[?2026l[?2026h[?25l[A[1Gpulling manifest [K
pulling 2bada8a74506:  97% ▕█████████████████ ▏ 4.5 GB/4.7 GB  8.6 MB/s     17s[K[?25h[?2026l[?2026h[?25l[A[1Gpulling manifest [K
pulling 2bada8a74506:  97% ▕█████████████████ ▏ 4.5 GB/4.7 GB  8.6 MB/s     17s[K[?25h[?2026l[?2026h[?25l[A[1Gpulling manifest [K
pulling 2bada8a74506:  97% ▕█████████████████ ▏ 4.5 GB/4.7 GB  8.6 MB/s     17s[K[?25h[?2026l[?2026h[?25l[A[1Gpulling manifest [K
pulling 2bada8a74506:  97% ▕█████████████████ ▏ 4.5 GB/4.7 GB  8.6 MB/s     17s[K[?25h[?2026l[?2026h[?25l[A[1Gpulling manifest [K
pulling 2bada8a74506:  97% ▕█████████████████ ▏ 4.5 GB/4.7 GB  8.6 MB/s     17s[K[?25h[?2026l[?2026h[?25l[A[1Gpulling manifest [K
pulling 2bada8a74506:  97% ▕█████████████████ ▏ 4.5 GB/4.7 GB  8.6 MB/s     17s[K[?25h[?2026l[?2026h[?25l[A[1Gpulling manifest [K
pulling 2bada8a74506:  97% ▕█████████████████ ▏ 4.5 GB/4.7 GB  8.6 MB/s     17s[K[?25h[?2026l[?2026h[?25l[A[1Gpulling manifest [K
pulling 2bada8a74506:  97% ▕█████████████████ ▏ 4.5 GB/4.7 GB  8.6 MB/s     17s[K[?25h[?2026l[?2026h[?25l[A[1Gpulling manifest [K
pulling 2bada8a74506:  97% ▕█████████████████ ▏ 4.5 GB/4.7 GB  8.6 MB/s     16s[K[?25h[?2026l[?2026h[?25l[A[1Gpulling manifest [K
pulling 2bada8a74506:  97% ▕█████████████████ ▏ 4.5 GB/4.7 GB  8.6 MB/s     16s[K[?25h[?2026l[?2026h[?25l[A[1Gpulling manifest [K
pulling 2bada8a74506:  97% ▕█████████████████ ▏ 4.5 GB/4.7 GB  8.6 MB/s     16s[K[?25h[?2026l[?2026h[?25l[A[1Gpulling manifest [K
pulling 2bada8a74506:  97% ▕█████████████████ ▏ 4.5 GB/4.7 GB  8.6 MB/s     16s[K[?25h[?2026l[?2026h[?25l[A[1Gpulling manifest [K
pulling 2bada8a74506:  97% ▕█████████████████ ▏ 4.5 GB/4.7 GB  8.6 MB/s     16s[K[?25h[?2026l[?2026h[?25l[A[1Gpulling manifest [K
pulling 2bada8a74506:  97% ▕█████████████████ ▏ 4.5 GB/4.7 GB  8.6 MB/s     16s[K[?25h[?2026l[?2026h[?25l[A[1Gpulling manifest [K
pulling 2bada8a74506:  97% ▕█████████████████ ▏ 4.5 GB/4.7 GB  8.5 MB/s     16s[K[?25h[?2026l[?2026h[?25l[A[1Gpulling manifest [K
pulling 2bada8a74506:  97% ▕█████████████████ ▏ 4.5 GB/4.7 GB  8.5 MB/s     16s[K[?25h[?2026l[?2026h[?25l[A[1Gpulling manifest [K
pulling 2bada8a74506:  97% ▕█████████████████ ▏ 4.5 GB/4.7 GB  8.5 MB/s     16s[K[?25h[?2026l[?2026h[?25l[A[1Gpulling manifest [K
pulling 2bada8a74506:  97% ▕█████████████████ ▏ 4.5 GB/4.7 GB  8.5 MB/s     16s[K[?25h[?2026l[?2026h[?25l[A[1Gpulling manifest [K
pulling 2bada8a74506:  97% ▕█████████████████ ▏ 4.5 GB/4.7 GB  8.5 MB/s     16s[K[?25h[?2026l[?2026h[?25l[A[1Gpulling manifest [K
pulling 2bada8a74506:  97% ▕█████████████████ ▏ 4.5 GB/4.7 GB  8.5 MB/s     16s[K[?25h[?2026l[?2026h[?25l[A[1Gpulling manifest [K
pulling 2bada8a74506:  97% ▕█████████████████ ▏ 4.5 GB/4.7 GB  8.5 MB/s     15s[K[?25h[?2026l[?2026h[?25l[A[1Gpulling manifest [K
pulling 2bada8a74506:  97% ▕█████████████████ ▏ 4.5 GB/4.7 GB  8.5 MB/s     15s[K[?25h[?2026l[?2026h[?25l[A[1Gpulling manifest [K
pulling 2bada8a74506:  97% ▕█████████████████ ▏ 4.5 GB/4.7 GB  8.5 MB/s     15s[K[?25h[?2026l[?2026h[?25l[A[1Gpulling manifest [K
pulling 2bada8a74506:  97% ▕█████████████████ ▏ 4.5 GB/4.7 GB  8.5 MB/s     15s[K[?25h[?2026l[?2026h[?25l[A[1Gpulling manifest [K
pulling 2bada8a74506:  97% ▕█████████████████ ▏ 4.6 GB/4.7 GB  8.3 MB/s     15s[K[?25h[?2026l[?2026h[?25l[A[1Gpulling manifest [K
pulling 2bada8a74506:  97% ▕█████████████████ ▏ 4.6 GB/4.7 GB  8.3 MB/s     15s[K[?25h[?2026l[?2026h[?25l[A[1Gpulling manifest [K
pulling 2bada8a74506:  97% ▕█████████████████ ▏ 4.6 GB/4.7 GB  8.3 MB/s     15s[K[?25h[?2026l[?2026h[?25l[A[1Gpulling manifest [K
pulling 2bada8a74506:  97% ▕█████████████████ ▏ 4.6 GB/4.7 GB  8.3 MB/s     15s[K[?25h[?2026l[?2026h[?25l[A[1Gpulling manifest [K
pulling 2bada8a74506:  97% ▕█████████████████ ▏ 4.6 GB/4.7 GB  8.3 MB/s     15s[K[?25h[?2026l[?2026h[?25l[A[1Gpulling manifest [K
pulling 2bada8a74506:  97% ▕█████████████████ ▏ 4.6 GB/4.7 GB  8.3 MB/s     15s[K[?25h[?2026l[?2026h[?25l[A[1Gpulling manifest [K
pulling 2bada8a74506:  97% ▕█████████████████ ▏ 4.6 GB/4.7 GB  8.3 MB/s     15s[K[?25h[?2026l[?2026h[?25l[A[1Gpulling manifest [K
pulling 2bada8a74506:  97% ▕█████████████████ ▏ 4.6 GB/4.7 GB  8.3 MB/s     15s[K[?25h[?2026l[?2026h[?25l[A[1Gpulling manifest [K
pulling 2bada8a74506:  97% ▕█████████████████ ▏ 4.6 GB/4.7 GB  8.3 MB/s     14s[K[?25h[?2026l[?2026h[?25l[A[1Gpulling manifest [K
pulling 2bada8a74506:  97% ▕█████████████████ ▏ 4.6 GB/4.7 GB  8.3 MB/s     14s[K[?25h[?2026l[?2026h[?25l[A[1Gpulling manifest [K
pulling 2bada8a74506:  97% ▕█████████████████ ▏ 4.6 GB/4.7 GB  8.4 MB/s     14s[K[?25h[?2026l[?2026h[?25l[A[1Gpulling manifest [K
pulling 2bada8a74506:  97% ▕█████████████████ ▏ 4.6 GB/4.7 GB  8.4 MB/s     14s[K[?25h[?2026l[?2026h[?25l[A[1Gpulling manifest [K
pulling 2bada8a74506:  97% ▕█████████████████ ▏ 4.6 GB/4.7 GB  8.4 MB/s     14s[K[?25h[?2026l[?2026h[?25l[A[1Gpulling manifest [K
pulling 2bada8a74506:  97% ▕█████████████████ ▏ 4.6 GB/4.7 GB  8.4 MB/s     14s[K[?25h[?2026l[?2026h[?25l[A[1Gpulling manifest [K
pulling 2bada8a74506:  97% ▕█████████████████ ▏ 4.6 GB/4.7 GB  8.4 MB/s     14s[K[?25h[?2026l[?2026h[?25l[A[1Gpulling manifest [K
pulling 2bada8a74506:  97% ▕█████████████████ ▏ 4.6 GB/4.7 GB  8.4 MB/s     14s[K[?25h[?2026l[?2026h[?25l[A[1Gpulling manifest [K
pulling 2bada8a74506:  97% ▕█████████████████ ▏ 4.6 GB/4.7 GB  8.4 MB/s     14s[K[?25h[?2026l[?2026h[?25l[A[1Gpulling manifest [K
pulling 2bada8a74506:  97% ▕█████████████████ ▏ 4.6 GB/4.7 GB  8.4 MB/s     14s[K[?25h[?2026l[?2026h[?25l[A[1Gpulling manifest [K
pulling 2bada8a74506:  97% ▕█████████████████ ▏ 4.6 GB/4.7 GB  8.4 MB/s     14s[K[?25h[?2026l[?2026h[?25l[A[1Gpulling manifest [K
pulling 2bada8a74506:  97% ▕█████████████████ ▏ 4.6 GB/4.7 GB  8.4 MB/s     14s[K[?25h[?2026l[?2026h[?25l[A[1Gpulling manifest [K
pulling 2bada8a74506:  97% ▕█████████████████ ▏ 4.6 GB/4.7 GB  8.1 MB/s     14s[K[?25h[?2026l[?2026h[?25l[A[1Gpulling manifest [K
pulling 2bada8a74506:  97% ▕█████████████████ ▏ 4.6 GB/4.7 GB  8.1 MB/s     14s[K[?25h[?2026l[?2026h[?25l[A[1Gpulling manifest [K
pulling 2bada8a74506:  98% ▕█████████████████ ▏ 4.6 GB/4.7 GB  8.1 MB/s     14s[K[?25h[?2026l[?2026h[?25l[A[1Gpulling manifest [K
pulling 2bada8a74506:  98% ▕█████████████████ ▏ 4.6 GB/4.7 GB  8.1 MB/s     14s[K[?25h[?2026l[?2026h[?25l[A[1Gpulling manifest [K
pulling 2bada8a74506:  98% ▕█████████████████ ▏ 4.6 GB/4.7 GB  8.1 MB/s     14s[K[?25h[?2026l[?2026h[?25l[A[1Gpulling manifest [K
pulling 2bada8a74506:  98% ▕█████████████████ ▏ 4.6 GB/4.7 GB  8.1 MB/s     14s[K[?25h[?2026l[?2026h[?25l[A[1Gpulling manifest [K
pulling 2bada8a74506:  98% ▕█████████████████ ▏ 4.6 GB/4.7 GB  8.1 MB/s     14s[K[?25h[?2026l[?2026h[?25l[A[1Gpulling manifest [K
pulling 2bada8a74506:  98% ▕█████████████████ ▏ 4.6 GB/4.7 GB  8.1 MB/s     14s[K[?25h[?2026l[?2026h[?25l[A[1Gpulling manifest [K
pulling 2bada8a74506:  98% ▕█████████████████ ▏ 4.6 GB/4.7 GB  8.1 MB/s     13s[K[?25h[?2026l[?2026h[?25l[A[1Gpulling manifest [K
pulling 2bada8a74506:  98% ▕█████████████████ ▏ 4.6 GB/4.7 GB  8.1 MB/s     13s[K[?25h[?2026l[?2026h[?25l[A[1Gpulling manifest [K
pulling 2bada8a74506:  98% ▕█████████████████ ▏ 4.6 GB/4.7 GB  8.1 MB/s     13s[K[?25h[?2026l[?2026h[?25l[A[1Gpulling manifest [K
pulling 2bada8a74506:  98% ▕█████████████████ ▏ 4.6 GB/4.7 GB  8.0 MB/s     13s[K[?25h[?2026l[?2026h[?25l[A[1Gpulling manifest [K
pulling 2bada8a74506:  98% ▕█████████████████ ▏ 4.6 GB/4.7 GB  8.0 MB/s     13s[K[?25h[?2026l[?2026h[?25l[A[1Gpulling manifest [K
pulling 2bada8a74506:  98% ▕█████████████████ ▏ 4.6 GB/4.7 GB  8.0 MB/s     13s[K[?25h[?2026l[?2026h[?25l[A[1Gpulling manifest [K
pulling 2bada8a74506:  98% ▕█████████████████ ▏ 4.6 GB/4.7 GB  8.0 MB/s     13s[K[?25h[?2026l[?2026h[?25l[A[1Gpulling manifest [K
pulling 2bada8a74506:  98% ▕█████████████████ ▏ 4.6 GB/4.7 GB  8.0 MB/s     13s[K[?25h[?2026l[?2026h[?25l[A[1Gpulling manifest [K
pulling 2bada8a74506:  98% ▕█████████████████ ▏ 4.6 GB/4.7 GB  8.0 MB/s     13s[K[?25h[?2026l[?2026h[?25l[A[1Gpulling manifest [K
pulling 2bada8a74506:  98% ▕█████████████████ ▏ 4.6 GB/4.7 GB  8.0 MB/s     13s[K[?25h[?2026l[?2026h[?25l[A[1Gpulling manifest [K
pulling 2bada8a74506:  98% ▕█████████████████ ▏ 4.6 GB/4.7 GB  8.0 MB/s     13s[K[?25h[?2026l[?2026h[?25l[A[1Gpulling manifest [K
pulling 2bada8a74506:  98% ▕█████████████████ ▏ 4.6 GB/4.7 GB  8.0 MB/s     13s[K[?25h[?2026l[?2026h[?25l[A[1Gpulling manifest [K
pulling 2bada8a74506:  98% ▕█████████████████ ▏ 4.6 GB/4.7 GB  8.0 MB/s     13s[K[?25h[?2026l[?2026h[?25l[A[1Gpulling manifest [K
pulling 2bada8a74506:  98% ▕█████████████████ ▏ 4.6 GB/4.7 GB  7.9 MB/s     13s[K[?25h[?2026l[?2026h[?25l[A[1Gpulling manifest [K
pulling 2bada8a74506:  98% ▕█████████████████ ▏ 4.6 GB/4.7 GB  7.9 MB/s     13s[K[?25h[?2026l[?2026h[?25l[A[1Gpulling manifest [K
pulling 2bada8a74506:  98% ▕█████████████████ ▏ 4.6 GB/4.7 GB  7.9 MB/s     12s[K[?25h[?2026l[?2026h[?25l[A[1Gpulling manifest [K
pulling 2bada8a74506:  98% ▕█████████████████ ▏ 4.6 GB/4.7 GB  7.9 MB/s     12s[K[?25h[?2026l[?2026h[?25l[A[1Gpulling manifest [K
pulling 2bada8a74506:  98% ▕█████████████████ ▏ 4.6 GB/4.7 GB  7.9 MB/s     12s[K[?25h[?2026l[?2026h[?25l[A[1Gpulling manifest [K
pulling 2bada8a74506:  98% ▕█████████████████ ▏ 4.6 GB/4.7 GB  7.9 MB/s     12s[K[?25h[?2026l[?2026h[?25l[A[1Gpulling manifest [K
pulling 2bada8a74506:  98% ▕█████████████████ ▏ 4.6 GB/4.7 GB  7.9 MB/s     12s[K[?25h[?2026l[?2026h[?25l[A[1Gpulling manifest [K
pulling 2bada8a74506:  98% ▕█████████████████ ▏ 4.6 GB/4.7 GB  7.9 MB/s     12s[K[?25h[?2026l[?2026h[?25l[A[1Gpulling manifest [K
pulling 2bada8a74506:  98% ▕█████████████████ ▏ 4.6 GB/4.7 GB  7.9 MB/s     12s[K[?25h[?2026l[?2026h[?25l[A[1Gpulling manifest [K
pulling 2bada8a74506:  98% ▕█████████████████ ▏ 4.6 GB/4.7 GB  7.9 MB/s     12s[K[?25h[?2026l[?2026h[?25l[A[1Gpulling manifest [K
pulling 2bada8a74506:  98% ▕█████████████████ ▏ 4.6 GB/4.7 GB  7.8 MB/s     12s[K[?25h[?2026l[?2026h[?25l[A[1Gpulling manifest [K
pulling 2bada8a74506:  98% ▕█████████████████ ▏ 4.6 GB/4.7 GB  7.8 MB/s     12s[K[?25h[?2026l[?2026h[?25l[A[1Gpulling manifest [K
pulling 2bada8a74506:  98% ▕█████████████████ ▏ 4.6 GB/4.7 GB  7.8 MB/s     12s[K[?25h[?2026l[?2026h[?25l[A[1Gpulling manifest [K
pulling 2bada8a74506:  98% ▕█████████████████ ▏ 4.6 GB/4.7 GB  7.8 MB/s     12s[K[?25h[?2026l[?2026h[?25l[A[1Gpulling manifest [K
pulling 2bada8a74506:  98% ▕█████████████████ ▏ 4.6 GB/4.7 GB  7.8 MB/s     11s[K[?25h[?2026l[?2026h[?25l[A[1Gpulling manifest [K
pulling 2bada8a74506:  98% ▕█████████████████ ▏ 4.6 GB/4.7 GB  7.8 MB/s     11s[K[?25h[?2026l[?2026h[?25l[A[1Gpulling manifest [K
pulling 2bada8a74506:  98% ▕█████████████████ ▏ 4.6 GB/4.7 GB  7.8 MB/s     11s[K[?25h[?2026l[?2026h[?25l[A[1Gpulling manifest [K
pulling 2bada8a74506:  98% ▕█████████████████ ▏ 4.6 GB/4.7 GB  7.8 MB/s     11s[K[?25h[?2026l[?2026h[?25l[A[1Gpulling manifest [K
pulling 2bada8a74506:  98% ▕█████████████████ ▏ 4.6 GB/4.7 GB  7.8 MB/s     11s[K[?25h[?2026l[?2026h[?25l[A[1Gpulling manifest [K
pulling 2bada8a74506:  98% ▕█████████████████ ▏ 4.6 GB/4.7 GB  7.8 MB/s     11s[K[?25h[?2026l[?2026h[?25l[A[1Gpulling manifest [K
pulling 2bada8a74506:  98% ▕█████████████████ ▏ 4.6 GB/4.7 GB  7.7 MB/s     11s[K[?25h[?2026l[?2026h[?25l[A[1Gpulling manifest [K
pulling 2bada8a74506:  98% ▕█████████████████ ▏ 4.6 GB/4.7 GB  7.7 MB/s     11s[K[?25h[?2026l[?2026h[?25l[A[1Gpulling manifest [K
pulling 2bada8a74506:  98% ▕█████████████████ ▏ 4.6 GB/4.7 GB  7.7 MB/s     11s[K[?25h[?2026l[?2026h[?25l[A[1Gpulling manifest [K
pulling 2bada8a74506:  98% ▕█████████████████ ▏ 4.6 GB/4.7 GB  7.7 MB/s     11s[K[?25h[?2026l[?2026h[?25l[A[1Gpulling manifest [K
pulling 2bada8a74506:  98% ▕█████████████████ ▏ 4.6 GB/4.7 GB  7.7 MB/s     11s[K[?25h[?2026l[?2026h[?25l[A[1Gpulling manifest [K
pulling 2bada8a74506:  98% ▕█████████████████ ▏ 4.6 GB/4.7 GB  7.7 MB/s     10s[K[?25h[?2026l[?2026h[?25l[A[1Gpulling manifest [K
pulling 2bada8a74506:  98% ▕█████████████████ ▏ 4.6 GB/4.7 GB  7.7 MB/s     10s[K[?25h[?2026l[?2026h[?25l[A[1Gpulling manifest [K
pulling 2bada8a74506:  98% ▕█████████████████ ▏ 4.6 GB/4.7 GB  7.7 MB/s     10s[K[?25h[?2026l[?2026h[?25l[A[1Gpulling manifest [K
pulling 2bada8a74506:  98% ▕█████████████████ ▏ 4.6 GB/4.7 GB  7.7 MB/s     10s[K[?25h[?2026l[?2026h[?25l[A[1Gpulling manifest [K
pulling 2bada8a74506:  98% ▕█████████████████ ▏ 4.6 GB/4.7 GB  7.7 MB/s     10s[K[?25h[?2026l[?2026h[?25l[A[1Gpulling manifest [K
pulling 2bada8a74506:  98% ▕█████████████████ ▏ 4.6 GB/4.7 GB  7.7 MB/s     10s[K[?25h[?2026l[?2026h[?25l[A[1Gpulling manifest [K
pulling 2bada8a74506:  98% ▕█████████████████ ▏ 4.6 GB/4.7 GB  7.7 MB/s     10s[K[?25h[?2026l[?2026h[?25l[A[1Gpulling manifest [K
pulling 2bada8a74506:  98% ▕█████████████████ ▏ 4.6 GB/4.7 GB  7.7 MB/s     10s[K[?25h[?2026l[?2026h[?25l[A[1Gpulling manifest [K
pulling 2bada8a74506:  98% ▕█████████████████ ▏ 4.6 GB/4.7 GB  7.7 MB/s     10s[K[?25h[?2026l[?2026h[?25l[A[1Gpulling manifest [K
pulling 2bada8a74506:  98% ▕█████████████████ ▏ 4.6 GB/4.7 GB  7.7 MB/s     10s[K[?25h[?2026l[?2026h[?25l[A[1Gpulling manifest [K
pulling 2bada8a74506:  98% ▕█████████████████ ▏ 4.6 GB/4.7 GB  7.7 MB/s      9s[K[?25h[?2026l[?2026h[?25l[A[1Gpulling manifest [K
pulling 2bada8a74506:  98% ▕█████████████████ ▏ 4.6 GB/4.7 GB  7.7 MB/s      9s[K[?25h[?2026l[?2026h[?25l[A[1Gpulling manifest [K
pulling 2bada8a74506:  98% ▕█████████████████ ▏ 4.6 GB/4.7 GB  7.7 MB/s      9s[K[?25h[?2026l[?2026h[?25l[A[1Gpulling manifest [K
pulling 2bada8a74506:  98% ▕█████████████████ ▏ 4.6 GB/4.7 GB  7.7 MB/s      9s[K[?25h[?2026l[?2026h[?25l[A[1Gpulling manifest [K
pulling 2bada8a74506:  98% ▕█████████████████ ▏ 4.6 GB/4.7 GB  7.7 MB/s      9s[K[?25h[?2026l[?2026h[?25l[A[1Gpulling manifest [K
pulling 2bada8a74506:  98% ▕█████████████████ ▏ 4.6 GB/4.7 GB  7.7 MB/s      9s[K[?25h[?2026l[?2026h[?25l[A[1Gpulling manifest [K
pulling 2bada8a74506:  98% ▕█████████████████ ▏ 4.6 GB/4.7 GB  7.6 MB/s      9s[K[?25h[?2026l[?2026h[?25l[A[1Gpulling manifest [K
pulling 2bada8a74506:  98% ▕█████████████████ ▏ 4.6 GB/4.7 GB  7.6 MB/s      9s[K[?25h[?2026l[?2026h[?25l[A[1Gpulling manifest [K
pulling 2bada8a74506:  98% ▕█████████████████ ▏ 4.6 GB/4.7 GB  7.6 MB/s      9s[K[?25h[?2026l[?2026h[?25l[A[1Gpulling manifest [K
pulling 2bada8a74506:  99% ▕█████████████████ ▏ 4.6 GB/4.7 GB  7.6 MB/s      9s[K[?25h[?2026l[?2026h[?25l[A[1Gpulling manifest [K
pulling 2bada8a74506:  99% ▕█████████████████ ▏ 4.6 GB/4.7 GB  7.6 MB/s      9s[K[?25h[?2026l[?2026h[?25l[A[1Gpulling manifest [K
pulling 2bada8a74506:  99% ▕█████████████████ ▏ 4.6 GB/4.7 GB  7.6 MB/s      9s[K[?25h[?2026l[?2026h[?25l[A[1Gpulling manifest [K
pulling 2bada8a74506:  99% ▕█████████████████ ▏ 4.6 GB/4.7 GB  7.6 MB/s      8s[K[?25h[?2026l[?2026h[?25l[A[1Gpulling manifest [K
pulling 2bada8a74506:  99% ▕█████████████████ ▏ 4.6 GB/4.7 GB  7.6 MB/s      8s[K[?25h[?2026l[?2026h[?25l[A[1Gpulling manifest [K
pulling 2bada8a74506:  99% ▕█████████████████ ▏ 4.6 GB/4.7 GB  7.6 MB/s      8s[K[?25h[?2026l[?2026h[?25l[A[1Gpulling manifest [K
pulling 2bada8a74506:  99% ▕█████████████████ ▏ 4.6 GB/4.7 GB  7.6 MB/s      8s[K[?25h[?2026l[?2026h[?25l[A[1Gpulling manifest [K
pulling 2bada8a74506:  99% ▕█████████████████ ▏ 4.6 GB/4.7 GB  7.5 MB/s      8s[K[?25h[?2026l[?2026h[?25l[A[1Gpulling manifest [K
pulling 2bada8a74506:  99% ▕█████████████████ ▏ 4.6 GB/4.7 GB  7.5 MB/s      8s[K[?25h[?2026l[?2026h[?25l[A[1Gpulling manifest [K
pulling 2bada8a74506:  99% ▕█████████████████ ▏ 4.6 GB/4.7 GB  7.5 MB/s      8s[K[?25h[?2026l[?2026h[?25l[A[1Gpulling manifest [K
pulling 2bada8a74506:  99% ▕█████████████████ ▏ 4.6 GB/4.7 GB  7.5 MB/s      8s[K[?25h[?2026l[?2026h[?25l[A[1Gpulling manifest [K
pulling 2bada8a74506:  99% ▕█████████████████ ▏ 4.6 GB/4.7 GB  7.5 MB/s      8s[K[?25h[?2026l[?2026h[?25l[A[1Gpulling manifest [K
pulling 2bada8a74506:  99% ▕█████████████████ ▏ 4.6 GB/4.7 GB  7.5 MB/s      8s[K[?25h[?2026l[?2026h[?25l[A[1Gpulling manifest [K
pulling 2bada8a74506:  99% ▕█████████████████ ▏ 4.6 GB/4.7 GB  7.5 MB/s      7s[K[?25h[?2026l[?2026h[?25l[A[1Gpulling manifest [K
pulling 2bada8a74506:  99% ▕█████████████████ ▏ 4.6 GB/4.7 GB  7.5 MB/s      7s[K[?25h[?2026l[?2026h[?25l[A[1Gpulling manifest [K
pulling 2bada8a74506:  99% ▕█████████████████ ▏ 4.6 GB/4.7 GB  7.5 MB/s      7s[K[?25h[?2026l[?2026h[?25l[A[1Gpulling manifest [K
pulling 2bada8a74506:  99% ▕█████████████████ ▏ 4.6 GB/4.7 GB  7.5 MB/s      7s[K[?25h[?2026l[?2026h[?25l[A[1Gpulling manifest [K
pulling 2bada8a74506:  99% ▕█████████████████ ▏ 4.6 GB/4.7 GB  7.4 MB/s      7s[K[?25h[?2026l[?2026h[?25l[A[1Gpulling manifest [K
pulling 2bada8a74506:  99% ▕█████████████████ ▏ 4.6 GB/4.7 GB  7.4 MB/s      7s[K[?25h[?2026l[?2026h[?25l[A[1Gpulling manifest [K
pulling 2bada8a74506:  99% ▕█████████████████ ▏ 4.6 GB/4.7 GB  7.4 MB/s      7s[K[?25h[?2026l[?2026h[?25l[A[1Gpulling manifest [K
pulling 2bada8a74506:  99% ▕█████████████████ ▏ 4.6 GB/4.7 GB  7.4 MB/s      7s[K[?25h[?2026l[?2026h[?25l[A[1Gpulling manifest [K
pulling 2bada8a74506:  99% ▕█████████████████ ▏ 4.6 GB/4.7 GB  7.4 MB/s      7s[K[?25h[?2026l[?2026h[?25l[A[1Gpulling manifest [K
pulling 2bada8a74506:  99% ▕█████████████████ ▏ 4.6 GB/4.7 GB  7.4 MB/s      7s[K[?25h[?2026l[?2026h[?25l[A[1Gpulling manifest [K
pulling 2bada8a74506:  99% ▕█████████████████ ▏ 4.6 GB/4.7 GB  7.4 MB/s      7s[K[?25h[?2026l[?2026h[?25l[A[1Gpulling manifest [K
pulling 2bada8a74506:  99% ▕█████████████████ ▏ 4.6 GB/4.7 GB  7.4 MB/s      6s[K[?25h[?2026l[?2026h[?25l[A[1Gpulling manifest [K
pulling 2bada8a74506:  99% ▕█████████████████ ▏ 4.6 GB/4.7 GB  7.4 MB/s      6s[K[?25h[?2026l[?2026h[?25l[A[1Gpulling manifest [K
pulling 2bada8a74506:  99% ▕█████████████████ ▏ 4.6 GB/4.7 GB  7.4 MB/s      6s[K[?25h[?2026l[?2026h[?25l[A[1Gpulling manifest [K
pulling 2bada8a74506:  99% ▕█████████████████ ▏ 4.6 GB/4.7 GB  7.7 MB/s      6s[K[?25h[?2026l[?2026h[?25l[A[1Gpulling manifest [K
pulling 2bada8a74506:  99% ▕█████████████████ ▏ 4.6 GB/4.7 GB  7.7 MB/s      6s[K[?25h[?2026l[?2026h[?25l[A[1Gpulling manifest [K
pulling 2bada8a74506:  99% ▕█████████████████ ▏ 4.6 GB/4.7 GB  7.7 MB/s      6s[K[?25h[?2026l[?2026h[?25l[A[1Gpulling manifest [K
pulling 2bada8a74506:  99% ▕█████████████████ ▏ 4.6 GB/4.7 GB  7.7 MB/s      5s[K[?25h[?2026l[?2026h[?25l[A[1Gpulling manifest [K
pulling 2bada8a74506:  99% ▕█████████████████ ▏ 4.6 GB/4.7 GB  7.7 MB/s      5s[K[?25h[?2026l[?2026h[?25l[A[1Gpulling manifest [K
pulling 2bada8a74506:  99% ▕█████████████████ ▏ 4.6 GB/4.7 GB  7.7 MB/s      5s[K[?25h[?2026l[?2026h[?25l[A[1Gpulling manifest [K
pulling 2bada8a74506:  99% ▕█████████████████ ▏ 4.6 GB/4.7 GB  7.7 MB/s      5s[K[?25h[?2026l[?2026h[?25l[A[1Gpulling manifest [K
pulling 2bada8a74506:  99% ▕█████████████████ ▏ 4.6 GB/4.7 GB  7.7 MB/s      5s[K[?25h[?2026l[?2026h[?25l[A[1Gpulling manifest [K
pulling 2bada8a74506:  99% ▕█████████████████ ▏ 4.6 GB/4.7 GB  7.7 MB/s      5s[K[?25h[?2026l[?2026h[?25l[A[1Gpulling manifest [K
pulling 2bada8a74506:  99% ▕█████████████████ ▏ 4.6 GB/4.7 GB  7.7 MB/s      5s[K[?25h[?2026l[?2026h[?25l[A[1Gpulling manifest [K
pulling 2bada8a74506:  99% ▕█████████████████ ▏ 4.6 GB/4.7 GB  7.9 MB/s      5s[K[?25h[?2026l[?2026h[?25l[A[1Gpulling manifest [K
pulling 2bada8a74506:  99% ▕█████████████████ ▏ 4.6 GB/4.7 GB  7.9 MB/s      5s[K[?25h[?2026l[?2026h[?25l[A[1Gpulling manifest [K
pulling 2bada8a74506:  99% ▕█████████████████ ▏ 4.6 GB/4.7 GB  7.9 MB/s      4s[K[?25h[?2026l[?2026h[?25l[A[1Gpulling manifest [K
pulling 2bada8a74506:  99% ▕█████████████████ ▏ 4.6 GB/4.7 GB  7.9 MB/s      4s[K[?25h[?2026l[?2026h[?25l[A[1Gpulling manifest [K
pulling 2bada8a74506:  99% ▕█████████████████ ▏ 4.6 GB/4.7 GB  7.9 MB/s      4s[K[?25h[?2026l[?2026h[?25l[A[1Gpulling manifest [K
pulling 2bada8a74506:  99% ▕█████████████████ ▏ 4.6 GB/4.7 GB  7.9 MB/s      4s[K[?25h[?2026l[?2026h[?25l[A[1Gpulling manifest [K
pulling 2bada8a74506:  99% ▕█████████████████ ▏ 4.6 GB/4.7 GB  7.9 MB/s      4s[K[?25h[?2026l[?2026h[?25l[A[1Gpulling manifest [K
pulling 2bada8a74506:  99% ▕█████████████████ ▏ 4.6 GB/4.7 GB  7.9 MB/s      4s[K[?25h[?2026l[?2026h[?25l[A[1Gpulling manifest [K
pulling 2bada8a74506:  99% ▕█████████████████ ▏ 4.6 GB/4.7 GB  7.9 MB/s      4s[K[?25h[?2026l[?2026h[?25l[A[1Gpulling manifest [K
pulling 2bada8a74506:  99% ▕█████████████████ ▏ 4.7 GB/4.7 GB  7.9 MB/s      4s[K[?25h[?2026l[?2026h[?25l[A[1Gpulling manifest [K
pulling 2bada8a74506:  99% ▕█████████████████ ▏ 4.7 GB/4.7 GB  7.9 MB/s      4s[K[?25h[?2026l[?2026h[?25l[A[1Gpulling manifest [K
pulling 2bada8a74506:  99% ▕█████████████████ ▏ 4.7 GB/4.7 GB  8.0 MB/s      3s[K[?25h[?2026l[?2026h[?25l[A[1Gpulling manifest [K
pulling 2bada8a74506:  99% ▕█████████████████ ▏ 4.7 GB/4.7 GB  8.0 MB/s      3s[K[?25h[?2026l[?2026h[?25l[A[1Gpulling manifest [K
pulling 2bada8a74506:  99% ▕█████████████████ ▏ 4.7 GB/4.7 GB  8.0 MB/s      3s[K[?25h[?2026l[?2026h[?25l[A[1Gpulling manifest [K
pulling 2bada8a74506:  99% ▕█████████████████ ▏ 4.7 GB/4.7 GB  8.0 MB/s      3s[K[?25h[?2026l[?2026h[?25l[A[1Gpulling manifest [K
pulling 2bada8a74506:  99% ▕█████████████████ ▏ 4.7 GB/4.7 GB  8.0 MB/s      3s[K[?25h[?2026l[?2026h[?25l[A[1Gpulling manifest [K
pulling 2bada8a74506:  99% ▕█████████████████ ▏ 4.7 GB/4.7 GB  8.0 MB/s      3s[K[?25h[?2026l[?2026h[?25l[A[1Gpulling manifest [K
pulling 2bada8a74506:  99% ▕█████████████████ ▏ 4.7 GB/4.7 GB  8.0 MB/s      3s[K[?25h[?2026l[?2026h[?25l[A[1Gpulling manifest [K
pulling 2bada8a74506:  99% ▕█████████████████ ▏ 4.7 GB/4.7 GB  8.0 MB/s      3s[K[?25h[?2026l[?2026h[?25l[A[1Gpulling manifest [K
pulling 2bada8a74506:  99% ▕█████████████████ ▏ 4.7 GB/4.7 GB  8.0 MB/s      3s[K[?25h[?2026l[?2026h[?25l[A[1Gpulling manifest [K
pulling 2bada8a74506:  99% ▕█████████████████ ▏ 4.7 GB/4.7 GB  8.0 MB/s      3s[K[?25h[?2026l[?2026h[?25l[A[1Gpulling manifest [K
pulling 2bada8a74506:  99% ▕█████████████████ ▏ 4.7 GB/4.7 GB  8.0 MB/s      2s[K[?25h[?2026l[?2026h[?25l[A[1Gpulling manifest [K
pulling 2bada8a74506: 100% ▕█████████████████ ▏ 4.7 GB/4.7 GB  8.0 MB/s      2s[K[?25h[?2026l[?2026h[?25l[A[1Gpulling manifest [K
pulling 2bada8a74506: 100% ▕█████████████████ ▏ 4.7 GB/4.7 GB  8.0 MB/s      2s[K[?25h[?2026l[?2026h[?25l[A[1Gpulling manifest [K
pulling 2bada8a74506: 100% ▕█████████████████ ▏ 4.7 GB/4.7 GB  8.0 MB/s      2s[K[?25h[?2026l[?2026h[?25l[A[1Gpulling manifest [K
pulling 2bada8a74506: 100% ▕█████████████████ ▏ 4.7 GB/4.7 GB  8.0 MB/s      2s[K[?25h[?2026l[?2026h[?25l[A[1Gpulling manifest [K
pulling 2bada8a74506: 100% ▕█████████████████ ▏ 4.7 GB/4.7 GB  8.0 MB/s      2s[K[?25h[?2026l[?2026h[?25l[A[1Gpulling manifest [K
pulling 2bada8a74506: 100% ▕█████████████████ ▏ 4.7 GB/4.7 GB  8.0 MB/s      2s[K[?25h[?2026l[?2026h[?25l[A[1Gpulling manifest [K
pulling 2bada8a74506: 100% ▕█████████████████ ▏ 4.7 GB/4.7 GB  8.0 MB/s      2s[K[?25h[?2026l[?2026h[?25l[A[1Gpulling manifest [K
pulling 2bada8a74506: 100% ▕█████████████████ ▏ 4.7 GB/4.7 GB  8.0 MB/s      2s[K[?25h[?2026l[?2026h[?25l[A[1Gpulling manifest [K
pulling 2bada8a74506: 100% ▕█████████████████ ▏ 4.7 GB/4.7 GB  8.0 MB/s      2s[K[?25h[?2026l[?2026h[?25l[A[1Gpulling manifest [K
pulling 2bada8a74506: 100% ▕█████████████████ ▏ 4.7 GB/4.7 GB  8.0 MB/s      2s[K[?25h[?2026l[?2026h[?25l[A[1Gpulling manifest [K
pulling 2bada8a74506: 100% ▕█████████████████ ▏ 4.7 GB/4.7 GB  8.0 MB/s      1s[K[?25h[?2026l[?2026h[?25l[A[1Gpulling manifest [K
pulling 2bada8a74506: 100% ▕█████████████████ ▏ 4.7 GB/4.7 GB  8.0 MB/s      1s[K[?25h[?2026l[?2026h[?25l[A[1Gpulling manifest [K
pulling 2bada8a74506: 100% ▕█████████████████ ▏ 4.7 GB/4.7 GB  8.0 MB/s      1s[K[?25h[?2026l[?2026h[?25l[A[1Gpulling manifest [K
pulling 2bada8a74506: 100% ▕█████████████████ ▏ 4.7 GB/4.7 GB  8.0 MB/s      1s[K[?25h[?2026l[?2026h[?25l[A[1Gpulling manifest [K
pulling 2bada8a74506: 100% ▕█████████████████ ▏ 4.7 GB/4.7 GB  8.0 MB/s      1s[K[?25h[?2026l[?2026h[?25l[A[1Gpulling manifest [K
pulling 2bada8a74506: 100% ▕█████████████████ ▏ 4.7 GB/4.7 GB  8.0 MB/s      1s[K[?25h[?2026l[?2026h[?25l[A[1Gpulling manifest [K
pulling 2bada8a74506: 100% ▕█████████████████ ▏ 4.7 GB/4.7 GB  8.0 MB/s      1s[K[?25h[?2026l[?2026h[?25l[A[1Gpulling manifest [K
pulling 2bada8a74506: 100% ▕█████████████████ ▏ 4.7 GB/4.7 GB  8.0 MB/s      1s[K[?25h[?2026l[?2026h[?25l[A[1Gpulling manifest [K
pulling 2bada8a74506: 100% ▕█████████████████ ▏ 4.7 GB/4.7 GB  8.0 MB/s      1s[K[?25h[?2026l[?2026h[?25l[A[1Gpulling manifest [K
pulling 2bada8a74506: 100% ▕█████████████████ ▏ 4.7 GB/4.7 GB  7.9 MB/s      1s[K[?25h[?2026l[?2026h[?25l[A[1Gpulling manifest [K
pulling 2bada8a74506: 100% ▕█████████████████ ▏ 4.7 GB/4.7 GB  7.9 MB/s      1s[K[?25h[?2026l[?2026h[?25l[A[1Gpulling manifest [K
pulling 2bada8a74506: 100% ▕█████████████████ ▏ 4.7 GB/4.7 GB  7.9 MB/s      1s[K[?25h[?2026l[?2026h[?25l[A[1Gpulling manifest [K
pulling 2bada8a74506: 100% ▕█████████████████ ▏ 4.7 GB/4.7 GB  7.9 MB/s      0s[K[?25h[?2026l[?2026h[?25l[A[1Gpulling manifest [K
pulling 2bada8a74506: 100% ▕█████████████████ ▏ 4.7 GB/4.7 GB  7.9 MB/s      0s[K[?25h[?2026l[?2026h[?25l[A[1Gpulling manifest [K
pulling 2bada8a74506: 100% ▕█████████████████ ▏ 4.7 GB/4.7 GB  7.9 MB/s      0s[K[?25h[?2026l[?2026h[?25l[A[1Gpulling manifest [K
pulling 2bada8a74506: 100% ▕█████████████████ ▏ 4.7 GB/4.7 GB  7.9 MB/s      0s[K[?25h[?2026l[?2026h[?25l[A[1Gpulling manifest [K
pulling 2bada8a74506: 100% ▕█████████████████ ▏ 4.7 GB/4.7 GB  7.9 MB/s      0s[K[?25h[?2026l[?2026h[?25l[A[1Gpulling manifest [K
pulling 2bada8a74506: 100% ▕█████████████████ ▏ 4.7 GB/4.7 GB  7.9 MB/s      0s[K[?25h[?2026l[?2026h[?25l[A[1Gpulling manifest [K
pulling 2bada8a74506: 100% ▕█████████████████ ▏ 4.7 GB/4.7 GB  7.9 MB/s      0s[K[?25h[?2026l[?2026h[?25l[A[1Gpulling manifest [K
pulling 2bada8a74506: 100% ▕█████████████████ ▏ 4.7 GB/4.7 GB  7.4 MB/s      0s[K[?25h[?2026l[?2026h[?25l[A[1Gpulling manifest [K
pulling 2bada8a74506: 100% ▕█████████████████ ▏ 4.7 GB/4.7 GB  7.4 MB/s      0s[K[?25h[?2026l[?2026h[?25l[A[1Gpulling manifest [K
pulling 2bada8a74506: 100% ▕█████████████████ ▏ 4.7 GB/4.7 GB  7.4 MB/s      0s[K[?25h[?2026l[?2026h[?25l[A[1Gpulling manifest [K
pulling 2bada8a74506: 100% ▕█████████████████ ▏ 4.7 GB/4.7 GB  7.4 MB/s      0s[K[?25h[?2026l[?2026h[?25l[A[1Gpulling manifest [K
pulling 2bada8a74506: 100% ▕█████████████████ ▏ 4.7 GB/4.7 GB  7.4 MB/s      0s[K[?25h[?2026l[?2026h[?25l[A[1Gpulling manifest [K
pulling 2bada8a74506: 100% ▕█████████████████ ▏ 4.7 GB/4.7 GB  7.4 MB/s      0s[K[?25h[?2026l[?2026h[?25l[A[1Gpulling manifest [K
pulling 2bada8a74506: 100% ▕█████████████████ ▏ 4.7 GB/4.7 GB  7.4 MB/s      0s[K[?25h[?2026l[?2026h[?25l[A[1Gpulling manifest [K
pulling 2bada8a74506: 100% ▕█████████████████ ▏ 4.7 GB/4.7 GB  7.4 MB/s      0s[K[?25h[?2026l[?2026h[?25l[A[1Gpulling manifest [K
pulling 2bada8a74506: 100% ▕█████████████████ ▏ 4.7 GB/4.7 GB  7.4 MB/s      0s[K[?25h[?2026l[?2026h[?25l[A[1Gpulling manifest [K
pulling 2bada8a74506: 100% ▕█████████████████ ▏ 4.7 GB/4.7 GB  7.4 MB/s      0s[K[?25h[?2026l[?2026h[?25l[A[1Gpulling manifest [K
pulling 2bada8a74506: 100% ▕█████████████████ ▏ 4.7 GB/4.7 GB  7.4 MB/s      0s[K[?25h[?2026l[?2026h[?25l[A[1Gpulling manifest [K
pulling 2bada8a74506: 100% ▕█████████████████ ▏ 4.7 GB/4.7 GB  6.9 MB/s      0s[K[?25h[?2026l[?2026h[?25l[A[1Gpulling manifest [K
pulling 2bada8a74506: 100% ▕█████████████████ ▏ 4.7 GB/4.7 GB  6.9 MB/s      0s[K[?25h[?2026l[?2026h[?25l[A[1Gpulling manifest [K
pulling 2bada8a74506: 100% ▕█████████████████ ▏ 4.7 GB/4.7 GB  6.9 MB/s      0s[K[?25h[?2026l[?2026h[?25l[A[1Gpulling manifest [K
pulling 2bada8a74506: 100% ▕█████████████████ ▏ 4.7 GB/4.7 GB  6.9 MB/s      0s[K[?25h[?2026l[?2026h[?25l[A[1Gpulling manifest [K
pulling 2bada8a74506: 100% ▕█████████████████ ▏ 4.7 GB/4.7 GB  6.9 MB/s      0s[K[?25h[?2026l[?2026h[?25l[A[1Gpulling manifest [K
pulling 2bada8a74506: 100% ▕█████████████████ ▏ 4.7 GB/4.7 GB  6.9 MB/s      0s[K[?25h[?2026l[?2026h[?25l[A[1Gpulling manifest [K
pulling 2bada8a74506: 100% ▕█████████████████ ▏ 4.7 GB/4.7 GB  6.9 MB/s      0s[K[?25h[?2026l[?2026h[?25l[A[1Gpulling manifest [K
pulling 2bada8a74506: 100% ▕█████████████████ ▏ 4.7 GB/4.7 GB  6.9 MB/s      0s[K[?25h[?2026l[?2026h[?25l[A[1Gpulling manifest [K
pulling 2bada8a74506: 100% ▕█████████████████ ▏ 4.7 GB/4.7 GB  6.9 MB/s      0s[K[?25h[?2026l[?2026h[?25l[A[1Gpulling manifest [K
pulling 2bada8a74506: 100% ▕██████████████████▏ 4.7 GB                         [K[?25h[?2026l[?2026h[?25l[A[1Gpulling manifest [K
pulling 2bada8a74506: 100% ▕██████████████████▏ 4.7 GB                         [K[?25h[?2026l[?2026h[?25l[A[1Gpulling manifest [K
pulling 2bada8a74506: 100% ▕██████████████████▏ 4.7 GB                         [K[?25h[?2026l[?2026h[?25l[A[1Gpulling manifest [K
pulling 2bada8a74506: 100% ▕██████████████████▏ 4.7 GB                         [K[?25h[?2026l[?2026h[?25l[A[1Gpulling manifest [K
pulling 2bada8a74506: 100% ▕██████████████████▏ 4.7 GB                         [K[?25h[?2026l[?2026h[?25l[A[1Gpulling manifest [K
pulling 2bada8a74506: 100% ▕██████████████████▏ 4.7 GB                         [K[?25h[?2026l[?2026h[?25l[A[1Gpulling manifest [K
pulling 2bada8a74506: 100% ▕██████████████████▏ 4.7 GB                         [K[?25h[?2026l[?2026h[?25l[A[1Gpulling manifest [K
pulling 2bada8a74506: 100% ▕██████████████████▏ 4.7 GB                         [K[?25h[?2026l[?2026h[?25l[A[1Gpulling manifest [K
pulling 2bada8a74506: 100% ▕██████████████████▏ 4.7 GB                         [K[?25h[?2026l[?2026h[?25l[A[1Gpulling manifest [K
pulling 2bada8a74506: 100% ▕██████████████████▏ 4.7 GB                         [K
pulling 66b9ea09bd5b: 100% ▕██████████████████▏   68 B                         [K[?25h[?2026l[?2026h[?25l[A[A[1Gpulling manifest [K
pulling 2bada8a74506: 100% ▕██████████████████▏ 4.7 GB                         [K
pulling 66b9ea09bd5b: 100% ▕██████████████████▏   68 B                         [K[?25h[?2026l[?2026h[?25l[A[A[1Gpulling manifest [K
pulling 2bada8a74506: 100% ▕██████████████████▏ 4.7 GB                         [K
pulling 66b9ea09bd5b: 100% ▕██████████████████▏   68 B                         [K[?25h[?2026l[?2026h[?25l[A[A[1Gpulling manifest [K
pulling 2bada8a74506: 100% ▕██████████████████▏ 4.7 GB                         [K
pulling 66b9ea09bd5b: 100% ▕██████████████████▏   68 B                         [K[?25h[?2026l[?2026h[?25l[A[A[1Gpulling manifest [K
pulling 2bada8a74506: 100% ▕██████████████████▏ 4.7 GB                         [K
pulling 66b9ea09bd5b: 100% ▕██████████████████▏   68 B                         [K[?25h[?2026l[?2026h[?25l[A[A[1Gpulling manifest [K
pulling 2bada8a74506: 100% ▕██████████████████▏ 4.7 GB                         [K
pulling 66b9ea09bd5b: 100% ▕██████████████████▏   68 B                         [K[?25h[?2026l[?2026h[?25l[A[A[1Gpulling manifest [K
pulling 2bada8a74506: 100% ▕██████████████████▏ 4.7 GB                         [K
pulling 66b9ea09bd5b: 100% ▕██████████████████▏   68 B                         [K[?25h[?2026l[?2026h[?25l[A[A[1Gpulling manifest [K
pulling 2bada8a74506: 100% ▕██████████████████▏ 4.7 GB                         [K
pulling 66b9ea09bd5b: 100% ▕██████████████████▏   68 B                         [K[?25h[?2026l[?2026h[?25l[A[A[1Gpulling manifest [K
pulling 2bada8a74506: 100% ▕██████████████████▏ 4.7 GB                         [K
pulling 66b9ea09bd5b: 100% ▕██████████████████▏   68 B                         [K[?25h[?2026l[?2026h[?25l[A[A[1Gpulling manifest [K
pulling 2bada8a74506: 100% ▕██████████████████▏ 4.7 GB                         [K
pulling 66b9ea09bd5b: 100% ▕██████████████████▏   68 B                         [K[?25h[?2026l[?2026h[?25l[A[A[1Gpulling manifest [K
pulling 2bada8a74506: 100% ▕██████████████████▏ 4.7 GB                         [K
pulling 66b9ea09bd5b: 100% ▕██████████████████▏   68 B                         [K[?25h[?2026l[?2026h[?25l[A[A[1Gpulling manifest [K
pulling 2bada8a74506: 100% ▕██████████████████▏ 4.7 GB                         [K
pulling 66b9ea09bd5b: 100% ▕██████████████████▏   68 B                         [K[?25h[?2026l[?2026h[?25l[A[A[1Gpulling manifest [K
pulling 2bada8a74506: 100% ▕██████████████████▏ 4.7 GB                         [K
pulling 66b9ea09bd5b: 100% ▕██████████████████▏   68 B                         [K[?25h[?2026l[?2026h[?25l[A[A[1Gpulling manifest [K
pulling 2bada8a74506: 100% ▕██████████████████▏ 4.7 GB                         [K
pulling 66b9ea09bd5b: 100% ▕██████████████████▏   68 B                         [K
pulling eb4402837c78: 100% ▕██████████████████▏ 1.5 KB                         [K[?25h[?2026l[?2026h[?25l[A[A[A[1Gpulling manifest [K
pulling 2bada8a74506: 100% ▕██████████████████▏ 4.7 GB                         [K
pulling 66b9ea09bd5b: 100% ▕██████████████████▏   68 B                         [K
pulling eb4402837c78: 100% ▕██████████████████▏ 1.5 KB                         [K[?25h[?2026l[?2026h[?25l[A[A[A[1Gpulling manifest [K
pulling 2bada8a74506: 100% ▕██████████████████▏ 4.7 GB                         [K
pulling 66b9ea09bd5b: 100% ▕██████████████████▏   68 B                         [K
pulling eb4402837c78: 100% ▕██████████████████▏ 1.5 KB                         [K[?25h[?2026l[?2026h[?25l[A[A[A[1Gpulling manifest [K
pulling 2bada8a74506: 100% ▕██████████████████▏ 4.7 GB                         [K
pulling 66b9ea09bd5b: 100% ▕██████████████████▏   68 B                         [K
pulling eb4402837c78: 100% ▕██████████████████▏ 1.5 KB                         [K[?25h[?2026l[?2026h[?25l[A[A[A[1Gpulling manifest [K
pulling 2bada8a74506: 100% ▕██████████████████▏ 4.7 GB                         [K
pulling 66b9ea09bd5b: 100% ▕██████████████████▏   68 B                         [K
pulling eb4402837c78: 100% ▕██████████████████▏ 1.5 KB                         [K[?25h[?2026l[?2026h[?25l[A[A[A[1Gpulling manifest [K
pulling 2bada8a74506: 100% ▕██████████████████▏ 4.7 GB                         [K
pulling 66b9ea09bd5b: 100% ▕██████████████████▏   68 B                         [K
pulling eb4402837c78: 100% ▕██████████████████▏ 1.5 KB                         [K[?25h[?2026l[?2026h[?25l[A[A[A[1Gpulling manifest [K
pulling 2bada8a74506: 100% ▕██████████████████▏ 4.7 GB                         [K
pulling 66b9ea09bd5b: 100% ▕██████████████████▏   68 B                         [K
pulling eb4402837c78: 100% ▕██████████████████▏ 1.5 KB                         [K[?25h[?2026l[?2026h[?25l[A[A[A[1Gpulling manifest [K
pulling 2bada8a74506: 100% ▕██████████████████▏ 4.7 GB                         [K
pulling 66b9ea09bd5b: 100% ▕██████████████████▏   68 B                         [K
pulling eb4402837c78: 100% ▕██████████████████▏ 1.5 KB                         [K[?25h[?2026l[?2026h[?25l[A[A[A[1Gpulling manifest [K
pulling 2bada8a74506: 100% ▕██████████████████▏ 4.7 GB                         [K
pulling 66b9ea09bd5b: 100% ▕██████████████████▏   68 B                         [K
pulling eb4402837c78: 100% ▕██████████████████▏ 1.5 KB                         [K[?25h[?2026l[?2026h[?25l[A[A[A[1Gpulling manifest [K
pulling 2bada8a74506: 100% ▕██████████████████▏ 4.7 GB                         [K
pulling 66b9ea09bd5b: 100% ▕██████████████████▏   68 B                         [K
pulling eb4402837c78: 100% ▕██████████████████▏ 1.5 KB                         [K[?25h[?2026l[?2026h[?25l[A[A[A[1Gpulling manifest [K
pulling 2bada8a74506: 100% ▕██████████████████▏ 4.7 GB                         [K
pulling 66b9ea09bd5b: 100% ▕██████████████████▏   68 B                         [K
pulling eb4402837c78: 100% ▕██████████████████▏ 1.5 KB                         [K[?25h[?2026l[?2026h[?25l[A[A[A[1Gpulling manifest [K
pulling 2bada8a74506: 100% ▕██████████████████▏ 4.7 GB                         [K
pulling 66b9ea09bd5b: 100% ▕██████████████████▏   68 B                         [K
pulling eb4402837c78: 100% ▕██████████████████▏ 1.5 KB                         [K[?25h[?2026l[?2026h[?25l[A[A[A[1Gpulling manifest [K
pulling 2bada8a74506: 100% ▕██████████████████▏ 4.7 GB                         [K
pulling 66b9ea09bd5b: 100% ▕██████████████████▏   68 B                         [K
pulling eb4402837c78: 100% ▕██████████████████▏ 1.5 KB                         [K[?25h[?2026l[?2026h[?25l[A[A[A[1Gpulling manifest [K
pulling 2bada8a74506: 100% ▕██████████████████▏ 4.7 GB                         [K
pulling 66b9ea09bd5b: 100% ▕██████████████████▏   68 B                         [K
pulling eb4402837c78: 100% ▕██████████████████▏ 1.5 KB                         [K[?25h[?2026l[?2026h[?25l[A[A[A[1Gpulling manifest [K
pulling 2bada8a74506: 100% ▕██████████████████▏ 4.7 GB                         [K
pulling 66b9ea09bd5b: 100% ▕██████████████████▏   68 B                         [K
pulling eb4402837c78: 100% ▕██████████████████▏ 1.5 KB                         [K
pulling 832dd9e00a68: 100% ▕██████████████████▏  11 KB                         [K[?25h[?2026l[?2026h[?25l[A[A[A[A[1Gpulling manifest [K
pulling 2bada8a74506: 100% ▕██████████████████▏ 4.7 GB                         [K
pulling 66b9ea09bd5b: 100% ▕██████████████████▏   68 B                         [K
pulling eb4402837c78: 100% ▕██████████████████▏ 1.5 KB                         [K
pulling 832dd9e00a68: 100% ▕██████████████████▏  11 KB                         [K[?25h[?2026l[?2026h[?25l[A[A[A[A[1Gpulling manifest [K
pulling 2bada8a74506: 100% ▕██████████████████▏ 4.7 GB                         [K
pulling 66b9ea09bd5b: 100% ▕██████████████████▏   68 B                         [K
pulling eb4402837c78: 100% ▕██████████████████▏ 1.5 KB                         [K
pulling 832dd9e00a68: 100% ▕██████████████████▏  11 KB                         [K[?25h[?2026l[?2026h[?25l[A[A[A[A[1Gpulling manifest [K
pulling 2bada8a74506: 100% ▕██████████████████▏ 4.7 GB                         [K
pulling 66b9ea09bd5b: 100% ▕██████████████████▏   68 B                         [K
pulling eb4402837c78: 100% ▕██████████████████▏ 1.5 KB                         [K
pulling 832dd9e00a68: 100% ▕██████████████████▏  11 KB                         [K[?25h[?2026l[?2026h[?25l[A[A[A[A[1Gpulling manifest [K
pulling 2bada8a74506: 100% ▕██████████████████▏ 4.7 GB                         [K
pulling 66b9ea09bd5b: 100% ▕██████████████████▏   68 B                         [K
pulling eb4402837c78: 100% ▕██████████████████▏ 1.5 KB                         [K
pulling 832dd9e00a68: 100% ▕██████████████████▏  11 KB                         [K[?25h[?2026l[?2026h[?25l[A[A[A[A[1Gpulling manifest [K
pulling 2bada8a74506: 100% ▕██████████████████▏ 4.7 GB                         [K
pulling 66b9ea09bd5b: 100% ▕██████████████████▏   68 B                         [K
pulling eb4402837c78: 100% ▕██████████████████▏ 1.5 KB                         [K
pulling 832dd9e00a68: 100% ▕██████████████████▏  11 KB                         [K[?25h[?2026l[?2026h[?25l[A[A[A[A[1Gpulling manifest [K
pulling 2bada8a74506: 100% ▕██████████████████▏ 4.7 GB                         [K
pulling 66b9ea09bd5b: 100% ▕██████████████████▏   68 B                         [K
pulling eb4402837c78: 100% ▕██████████████████▏ 1.5 KB                         [K
pulling 832dd9e00a68: 100% ▕██████████████████▏  11 KB                         [K[?25h[?2026l[?2026h[?25l[A[A[A[A[1Gpulling manifest [K
pulling 2bada8a74506: 100% ▕██████████████████▏ 4.7 GB                         [K
pulling 66b9ea09bd5b: 100% ▕██████████████████▏   68 B                         [K
pulling eb4402837c78: 100% ▕██████████████████▏ 1.5 KB                         [K
pulling 832dd9e00a68: 100% ▕██████████████████▏  11 KB                         [K[?25h[?2026l[?2026h[?25l[A[A[A[A[1Gpulling manifest [K
pulling 2bada8a74506: 100% ▕██████████████████▏ 4.7 GB                         [K
pulling 66b9ea09bd5b: 100% ▕██████████████████▏   68 B                         [K
pulling eb4402837c78: 100% ▕██████████████████▏ 1.5 KB                         [K
pulling 832dd9e00a68: 100% ▕██████████████████▏  11 KB                         [K[?25h[?2026l[?2026h[?25l[A[A[A[A[1Gpulling manifest [K
pulling 2bada8a74506: 100% ▕██████████████████▏ 4.7 GB                         [K
pulling 66b9ea09bd5b: 100% ▕██████████████████▏   68 B                         [K
pulling eb4402837c78: 100% ▕██████████████████▏ 1.5 KB                         [K
pulling 832dd9e00a68: 100% ▕██████████████████▏  11 KB                         [K[?25h[?2026l[?2026h[?25l[A[A[A[A[1Gpulling manifest [K
pulling 2bada8a74506: 100% ▕██████████████████▏ 4.7 GB                         [K
pulling 66b9ea09bd5b: 100% ▕██████████████████▏   68 B                         [K
pulling eb4402837c78: 100% ▕██████████████████▏ 1.5 KB                         [K
pulling 832dd9e00a68: 100% ▕██████████████████▏  11 KB                         [K[?25h[?2026l[?2026h[?25l[A[A[A[A[1Gpulling manifest [K
pulling 2bada8a74506: 100% ▕██████████████████▏ 4.7 GB                         [K
pulling 66b9ea09bd5b: 100% ▕██████████████████▏   68 B                         [K
pulling eb4402837c78: 100% ▕██████████████████▏ 1.5 KB                         [K
pulling 832dd9e00a68: 100% ▕██████████████████▏  11 KB                         [K[?25h[?2026l[?2026h[?25l[A[A[A[A[1Gpulling manifest [K
pulling 2bada8a74506: 100% ▕██████████████████▏ 4.7 GB                         [K
pulling 66b9ea09bd5b: 100% ▕██████████████████▏   68 B                         [K
pulling eb4402837c78: 100% ▕██████████████████▏ 1.5 KB                         [K
pulling 832dd9e00a68: 100% ▕██████████████████▏  11 KB                         [K[?25h[?2026l[?2026h[?25l[A[A[A[A[1Gpulling manifest [K
pulling 2bada8a74506: 100% ▕██████████████████▏ 4.7 GB                         [K
pulling 66b9ea09bd5b: 100% ▕██████████████████▏   68 B                         [K
pulling eb4402837c78: 100% ▕██████████████████▏ 1.5 KB                         [K
pulling 832dd9e00a68: 100% ▕██████████████████▏  11 KB                         [K[?25h[?2026l[?2026h[?25l[A[A[A[A[1Gpulling manifest [K
pulling 2bada8a74506: 100% ▕██████████████████▏ 4.7 GB                         [K
pulling 66b9ea09bd5b: 100% ▕██████████████████▏   68 B                         [K
pulling eb4402837c78: 100% ▕██████████████████▏ 1.5 KB                         [K
pulling 832dd9e00a68: 100% ▕██████████████████▏  11 KB                         [K
pulling 2f15b3218f05: 100% ▕██████████████████▏  487 B                         [K[?25h[?2026l[?2026h[?25l[A[A[A[A[A[1Gpulling manifest [K
pulling 2bada8a74506: 100% ▕██████████████████▏ 4.7 GB                         [K
pulling 66b9ea09bd5b: 100% ▕██████████████████▏   68 B                         [K
pulling eb4402837c78: 100% ▕██████████████████▏ 1.5 KB                         [K
pulling 832dd9e00a68: 100% ▕██████████████████▏  11 KB                         [K
pulling 2f15b3218f05: 100% ▕██████████████████▏  487 B                         [K[?25h[?2026l[?2026h[?25l[A[A[A[A[A[1Gpulling manifest [K
pulling 2bada8a74506: 100% ▕██████████████████▏ 4.7 GB                         [K
pulling 66b9ea09bd5b: 100% ▕██████████████████▏   68 B                         [K
pulling eb4402837c78: 100% ▕██████████████████▏ 1.5 KB                         [K
pulling 832dd9e00a68: 100% ▕██████████████████▏  11 KB                         [K
pulling 2f15b3218f05: 100% ▕██████████████████▏  487 B                         [K[?25h[?2026l[?2026h[?25l[A[A[A[A[A[1Gpulling manifest [K
pulling 2bada8a74506: 100% ▕██████████████████▏ 4.7 GB                         [K
pulling 66b9ea09bd5b: 100% ▕██████████████████▏   68 B                         [K
pulling eb4402837c78: 100% ▕██████████████████▏ 1.5 KB                         [K
pulling 832dd9e00a68: 100% ▕██████████████████▏  11 KB                         [K
pulling 2f15b3218f05: 100% ▕██████████████████▏  487 B                         [K[?25h[?2026l[?2026h[?25l[A[A[A[A[A[1Gpulling manifest [K
pulling 2bada8a74506: 100% ▕██████████████████▏ 4.7 GB                         [K
pulling 66b9ea09bd5b: 100% ▕██████████████████▏   68 B                         [K
pulling eb4402837c78: 100% ▕██████████████████▏ 1.5 KB                         [K
pulling 832dd9e00a68: 100% ▕██████████████████▏  11 KB                         [K
pulling 2f15b3218f05: 100% ▕██████████████████▏  487 B                         [K[?25h[?2026l[?2026h[?25l[A[A[A[A[A[1Gpulling manifest [K
pulling 2bada8a74506: 100% ▕██████████████████▏ 4.7 GB                         [K
pulling 66b9ea09bd5b: 100% ▕██████████████████▏   68 B                         [K
pulling eb4402837c78: 100% ▕██████████████████▏ 1.5 KB                         [K
pulling 832dd9e00a68: 100% ▕██████████████████▏  11 KB                         [K
pulling 2f15b3218f05: 100% ▕██████████████████▏  487 B                         [K[?25h[?2026l[?2026h[?25l[A[A[A[A[A[1Gpulling manifest [K
pulling 2bada8a74506: 100% ▕██████████████████▏ 4.7 GB                         [K
pulling 66b9ea09bd5b: 100% ▕██████████████████▏   68 B                         [K
pulling eb4402837c78: 100% ▕██████████████████▏ 1.5 KB                         [K
pulling 832dd9e00a68: 100% ▕██████████████████▏  11 KB                         [K
pulling 2f15b3218f05: 100% ▕██████████████████▏  487 B                         [K[?25h[?2026l[?2026h[?25l[A[A[A[A[A[1Gpulling manifest [K
pulling 2bada8a74506: 100% ▕██████████████████▏ 4.7 GB                         [K
pulling 66b9ea09bd5b: 100% ▕██████████████████▏   68 B                         [K
pulling eb4402837c78: 100% ▕██████████████████▏ 1.5 KB                         [K
pulling 832dd9e00a68: 100% ▕██████████████████▏  11 KB                         [K
pulling 2f15b3218f05: 100% ▕██████████████████▏  487 B                         [K
verifying sha256 digest ⠋ [K[?25h[?2026l[?2026h[?25l[A[A[A[A[A[A[1Gpulling manifest [K
pulling 2bada8a74506: 100% ▕██████████████████▏ 4.7 GB                         [K
pulling 66b9ea09bd5b: 100% ▕██████████████████▏   68 B                         [K
pulling eb4402837c78: 100% ▕██████████████████▏ 1.5 KB                         [K
pulling 832dd9e00a68: 100% ▕██████████████████▏  11 KB                         [K
pulling 2f15b3218f05: 100% ▕██████████████████▏  487 B                         [K
verifying sha256 digest ⠙ [K[?25h[?2026l[?2026h[?25l[A[A[A[A[A[A[1Gpulling manifest [K
pulling 2bada8a74506: 100% ▕██████████████████▏ 4.7 GB                         [K
pulling 66b9ea09bd5b: 100% ▕██████████████████▏   68 B                         [K
pulling eb4402837c78: 100% ▕██████████████████▏ 1.5 KB                         [K
pulling 832dd9e00a68: 100% ▕██████████████████▏  11 KB                         [K
pulling 2f15b3218f05: 100% ▕██████████████████▏  487 B                         [K
verifying sha256 digest ⠹ [K[?25h[?2026l[?2026h[?25l[A[A[A[A[A[A[1Gpulling manifest [K
pulling 2bada8a74506: 100% ▕██████████████████▏ 4.7 GB                         [K
pulling 66b9ea09bd5b: 100% ▕██████████████████▏   68 B                         [K
pulling eb4402837c78: 100% ▕██████████████████▏ 1.5 KB                         [K
pulling 832dd9e00a68: 100% ▕██████████████████▏  11 KB                         [K
pulling 2f15b3218f05: 100% ▕██████████████████▏  487 B                         [K
verifying sha256 digest ⠸ [K[?25h[?2026l[?2026h[?25l[A[A[A[A[A[A[1Gpulling manifest [K
pulling 2bada8a74506: 100% ▕██████████████████▏ 4.7 GB                         [K
pulling 66b9ea09bd5b: 100% ▕██████████████████▏   68 B                         [K
pulling eb4402837c78: 100% ▕██████████████████▏ 1.5 KB                         [K
pulling 832dd9e00a68: 100% ▕██████████████████▏  11 KB                         [K
pulling 2f15b3218f05: 100% ▕██████████████████▏  487 B                         [K
verifying sha256 digest ⠼ [K[?25h[?2026l[?2026h[?25l[A[A[A[A[A[A[1Gpulling manifest [K
pulling 2bada8a74506: 100% ▕██████████████████▏ 4.7 GB                         [K
pulling 66b9ea09bd5b: 100% ▕██████████████████▏   68 B                         [K
pulling eb4402837c78: 100% ▕██████████████████▏ 1.5 KB                         [K
pulling 832dd9e00a68: 100% ▕██████████████████▏  11 KB                         [K
pulling 2f15b3218f05: 100% ▕██████████████████▏  487 B                         [K
verifying sha256 digest ⠴ [K[?25h[?2026l[?2026h[?25l[A[A[A[A[A[A[1Gpulling manifest [K
pulling 2bada8a74506: 100% ▕██████████████████▏ 4.7 GB                         [K
pulling 66b9ea09bd5b: 100% ▕██████████████████▏   68 B                         [K
pulling eb4402837c78: 100% ▕██████████████████▏ 1.5 KB                         [K
pulling 832dd9e00a68: 100% ▕██████████████████▏  11 KB                         [K
pulling 2f15b3218f05: 100% ▕██████████████████▏  487 B                         [K
verifying sha256 digest ⠦ [K[?25h[?2026l[?2026h[?25l[A[A[A[A[A[A[1Gpulling manifest [K
pulling 2bada8a74506: 100% ▕██████████████████▏ 4.7 GB                         [K
pulling 66b9ea09bd5b: 100% ▕██████████████████▏   68 B                         [K
pulling eb4402837c78: 100% ▕██████████████████▏ 1.5 KB                         [K
pulling 832dd9e00a68: 100% ▕██████████████████▏  11 KB                         [K
pulling 2f15b3218f05: 100% ▕██████████████████▏  487 B                         [K
verifying sha256 digest ⠧ [K[?25h[?2026l[?2026h[?25l[A[A[A[A[A[A[1Gpulling manifest [K
pulling 2bada8a74506: 100% ▕██████████████████▏ 4.7 GB                         [K
pulling 66b9ea09bd5b: 100% ▕██████████████████▏   68 B                         [K
pulling eb4402837c78: 100% ▕██████████████████▏ 1.5 KB                         [K
pulling 832dd9e00a68: 100% ▕██████████████████▏  11 KB                         [K
pulling 2f15b3218f05: 100% ▕██████████████████▏  487 B                         [K
verifying sha256 digest ⠇ [K[?25h[?2026l[?2026h[?25l[A[A[A[A[A[A[1Gpulling manifest [K
pulling 2bada8a74506: 100% ▕██████████████████▏ 4.7 GB                         [K
pulling 66b9ea09bd5b: 100% ▕██████████████████▏   68 B                         [K
pulling eb4402837c78: 100% ▕██████████████████▏ 1.5 KB                         [K
pulling 832dd9e00a68: 100% ▕██████████████████▏  11 KB                         [K
pulling 2f15b3218f05: 100% ▕██████████████████▏  487 B                         [K
verifying sha256 digest ⠏ [K[?25h[?2026l[?2026h[?25l[A[A[A[A[A[A[1Gpulling manifest [K
pulling 2bada8a74506: 100% ▕██████████████████▏ 4.7 GB                         [K
pulling 66b9ea09bd5b: 100% ▕██████████████████▏   68 B                         [K
pulling eb4402837c78: 100% ▕██████████████████▏ 1.5 KB                         [K
pulling 832dd9e00a68: 100% ▕██████████████████▏  11 KB                         [K
pulling 2f15b3218f05: 100% ▕██████████████████▏  487 B                         [K
verifying sha256 digest ⠋ [K[?25h[?2026l[?2026h[?25l[A[A[A[A[A[A[1Gpulling manifest [K
pulling 2bada8a74506: 100% ▕██████████████████▏ 4.7 GB                         [K
pulling 66b9ea09bd5b: 100% ▕██████████████████▏   68 B                         [K
pulling eb4402837c78: 100% ▕██████████████████▏ 1.5 KB                         [K
pulling 832dd9e00a68: 100% ▕██████████████████▏  11 KB                         [K
pulling 2f15b3218f05: 100% ▕██████████████████▏  487 B                         [K
verifying sha256 digest ⠋ [K[?25h[?2026l[?2026h[?25l[A[A[A[A[A[A[1Gpulling manifest [K
pulling 2bada8a74506: 100% ▕██████████████████▏ 4.7 GB                         [K
pulling 66b9ea09bd5b: 100% ▕██████████████████▏   68 B                         [K
pulling eb4402837c78: 100% ▕██████████████████▏ 1.5 KB                         [K
pulling 832dd9e00a68: 100% ▕██████████████████▏  11 KB                         [K
pulling 2f15b3218f05: 100% ▕██████████████████▏  487 B                         [K
verifying sha256 digest ⠹ [K[?25h[?2026l[?2026h[?25l[A[A[A[A[A[A[1Gpulling manifest [K
pulling 2bada8a74506: 100% ▕██████████████████▏ 4.7 GB                         [K
pulling 66b9ea09bd5b: 100% ▕██████████████████▏   68 B                         [K
pulling eb4402837c78: 100% ▕██████████████████▏ 1.5 KB                         [K
pulling 832dd9e00a68: 100% ▕██████████████████▏  11 KB                         [K
pulling 2f15b3218f05: 100% ▕██████████████████▏  487 B                         [K
verifying sha256 digest ⠸ [K[?25h[?2026l[?2026h[?25l[A[A[A[A[A[A[1Gpulling manifest [K
pulling 2bada8a74506: 100% ▕██████████████████▏ 4.7 GB                         [K
pulling 66b9ea09bd5b: 100% ▕██████████████████▏   68 B                         [K
pulling eb4402837c78: 100% ▕██████████████████▏ 1.5 KB                         [K
pulling 832dd9e00a68: 100% ▕██████████████████▏  11 KB                         [K
pulling 2f15b3218f05: 100% ▕██████████████████▏  487 B                         [K
verifying sha256 digest ⠼ [K[?25h[?2026l[?2026h[?25l[A[A[A[A[A[A[1Gpulling manifest [K
pulling 2bada8a74506: 100% ▕██████████████████▏ 4.7 GB                         [K
pulling 66b9ea09bd5b: 100% ▕██████████████████▏   68 B                         [K
pulling eb4402837c78: 100% ▕██████████████████▏ 1.5 KB                         [K
pulling 832dd9e00a68: 100% ▕██████████████████▏  11 KB                         [K
pulling 2f15b3218f05: 100% ▕██████████████████▏  487 B                         [K
verifying sha256 digest ⠴ [K[?25h[?2026l[?2026h[?25l[A[A[A[A[A[A[1Gpulling manifest [K
pulling 2bada8a74506: 100% ▕██████████████████▏ 4.7 GB                         [K
pulling 66b9ea09bd5b: 100% ▕██████████████████▏   68 B                         [K
pulling eb4402837c78: 100% ▕██████████████████▏ 1.5 KB                         [K
pulling 832dd9e00a68: 100% ▕██████████████████▏  11 KB                         [K
pulling 2f15b3218f05: 100% ▕██████████████████▏  487 B                         [K
verifying sha256 digest ⠦ [K[?25h[?2026l[?2026h[?25l[A[A[A[A[A[A[1Gpulling manifest [K
pulling 2bada8a74506: 100% ▕██████████████████▏ 4.7 GB                         [K
pulling 66b9ea09bd5b: 100% ▕██████████████████▏   68 B                         [K
pulling eb4402837c78: 100% ▕██████████████████▏ 1.5 KB                         [K
pulling 832dd9e00a68: 100% ▕██████████████████▏  11 KB                         [K
pulling 2f15b3218f05: 100% ▕██████████████████▏  487 B                         [K
verifying sha256 digest ⠧ [K[?25h[?2026l[?2026h[?25l[A[A[A[A[A[A[1Gpulling manifest [K
pulling 2bada8a74506: 100% ▕██████████████████▏ 4.7 GB                         [K
pulling 66b9ea09bd5b: 100% ▕██████████████████▏   68 B                         [K
pulling eb4402837c78: 100% ▕██████████████████▏ 1.5 KB                         [K
pulling 832dd9e00a68: 100% ▕██████████████████▏  11 KB                         [K
pulling 2f15b3218f05: 100% ▕██████████████████▏  487 B                         [K
verifying sha256 digest ⠇ [K[?25h[?2026l[?2026h[?25l[A[A[A[A[A[A[1Gpulling manifest [K
pulling 2bada8a74506: 100% ▕██████████████████▏ 4.7 GB                         [K
pulling 66b9ea09bd5b: 100% ▕██████████████████▏   68 B                         [K
pulling eb4402837c78: 100% ▕██████████████████▏ 1.5 KB                         [K
pulling 832dd9e00a68: 100% ▕██████████████████▏  11 KB                         [K
pulling 2f15b3218f05: 100% ▕██████████████████▏  487 B                         [K
verifying sha256 digest ⠏ [K[?25h[?2026l[?2026h[?25l[A[A[A[A[A[A[1Gpulling manifest [K
pulling 2bada8a74506: 100% ▕██████████████████▏ 4.7 GB                         [K
pulling 66b9ea09bd5b: 100% ▕██████████████████▏   68 B                         [K
pulling eb4402837c78: 100% ▕██████████████████▏ 1.5 KB                         [K
pulling 832dd9e00a68: 100% ▕██████████████████▏  11 KB                         [K
pulling 2f15b3218f05: 100% ▕██████████████████▏  487 B                         [K
verifying sha256 digest ⠋ [K[?25h[?2026l[?2026h[?25l[A[A[A[A[A[A[1Gpulling manifest [K
pulling 2bada8a74506: 100% ▕██████████████████▏ 4.7 GB                         [K
pulling 66b9ea09bd5b: 100% ▕██████████████████▏   68 B                         [K
pulling eb4402837c78: 100% ▕██████████████████▏ 1.5 KB                         [K
pulling 832dd9e00a68: 100% ▕██████████████████▏  11 KB                         [K
pulling 2f15b3218f05: 100% ▕██████████████████▏  487 B                         [K
verifying sha256 digest ⠙ [K[?25h[?2026l[?2026h[?25l[A[A[A[A[A[A[1Gpulling manifest [K
pulling 2bada8a74506: 100% ▕██████████████████▏ 4.7 GB                         [K
pulling 66b9ea09bd5b: 100% ▕██████████████████▏   68 B                         [K
pulling eb4402837c78: 100% ▕██████████████████▏ 1.5 KB                         [K
pulling 832dd9e00a68: 100% ▕██████████████████▏  11 KB                         [K
pulling 2f15b3218f05: 100% ▕██████████████████▏  487 B                         [K
verifying sha256 digest ⠹ [K[?25h[?2026l[?2026h[?25l[A[A[A[A[A[A[1Gpulling manifest [K
pulling 2bada8a74506: 100% ▕██████████████████▏ 4.7 GB                         [K
pulling 66b9ea09bd5b: 100% ▕██████████████████▏   68 B                         [K
pulling eb4402837c78: 100% ▕██████████████████▏ 1.5 KB                         [K
pulling 832dd9e00a68: 100% ▕██████████████████▏  11 KB                         [K
pulling 2f15b3218f05: 100% ▕██████████████████▏  487 B                         [K
verifying sha256 digest ⠸ [K[?25h[?2026l[?2026h[?25l[A[A[A[A[A[A[1Gpulling manifest [K
pulling 2bada8a74506: 100% ▕██████████████████▏ 4.7 GB                         [K
pulling 66b9ea09bd5b: 100% ▕██████████████████▏   68 B                         [K
pulling eb4402837c78: 100% ▕██████████████████▏ 1.5 KB                         [K
pulling 832dd9e00a68: 100% ▕██████████████████▏  11 KB                         [K
pulling 2f15b3218f05: 100% ▕██████████████████▏  487 B                         [K
verifying sha256 digest ⠼ [K[?25h[?2026l[?2026h[?25l[A[A[A[A[A[A[1Gpulling manifest [K
pulling 2bada8a74506: 100% ▕██████████████████▏ 4.7 GB                         [K
pulling 66b9ea09bd5b: 100% ▕██████████████████▏   68 B                         [K
pulling eb4402837c78: 100% ▕██████████████████▏ 1.5 KB                         [K
pulling 832dd9e00a68: 100% ▕██████████████████▏  11 KB                         [K
pulling 2f15b3218f05: 100% ▕██████████████████▏  487 B                         [K
verifying sha256 digest ⠴ [K[?25h[?2026l[?2026h[?25l[A[A[A[A[A[A[1Gpulling manifest [K
pulling 2bada8a74506: 100% ▕██████████████████▏ 4.7 GB                         [K
pulling 66b9ea09bd5b: 100% ▕██████████████████▏   68 B                         [K
pulling eb4402837c78: 100% ▕██████████████████▏ 1.5 KB                         [K
pulling 832dd9e00a68: 100% ▕██████████████████▏  11 KB                         [K
pulling 2f15b3218f05: 100% ▕██████████████████▏  487 B                         [K
verifying sha256 digest ⠦ [K[?25h[?2026l[?2026h[?25l[A[A[A[A[A[A[1Gpulling manifest [K
pulling 2bada8a74506: 100% ▕██████████████████▏ 4.7 GB                         [K
pulling 66b9ea09bd5b: 100% ▕██████████████████▏   68 B                         [K
pulling eb4402837c78: 100% ▕██████████████████▏ 1.5 KB                         [K
pulling 832dd9e00a68: 100% ▕██████████████████▏  11 KB                         [K
pulling 2f15b3218f05: 100% ▕██████████████████▏  487 B                         [K
verifying sha256 digest ⠧ [K[?25h[?2026l[?2026h[?25l[A[A[A[A[A[A[1Gpulling manifest [K
pulling 2bada8a74506: 100% ▕██████████████████▏ 4.7 GB                         [K
pulling 66b9ea09bd5b: 100% ▕██████████████████▏   68 B                         [K
pulling eb4402837c78: 100% ▕██████████████████▏ 1.5 KB                         [K
pulling 832dd9e00a68: 100% ▕██████████████████▏  11 KB                         [K
pulling 2f15b3218f05: 100% ▕██████████████████▏  487 B                         [K
verifying sha256 digest ⠇ [K[?25h[?2026l[?2026h[?25l[A[A[A[A[A[A[1Gpulling manifest [K
pulling 2bada8a74506: 100% ▕██████████████████▏ 4.7 GB                         [K
pulling 66b9ea09bd5b: 100% ▕██████████████████▏   68 B                         [K
pulling eb4402837c78: 100% ▕██████████████████▏ 1.5 KB                         [K
pulling 832dd9e00a68: 100% ▕██████████████████▏  11 KB                         [K
pulling 2f15b3218f05: 100% ▕██████████████████▏  487 B                         [K
verifying sha256 digest ⠏ [K[?25h[?2026l[?2026h[?25l[A[A[A[A[A[A[1Gpulling manifest [K
pulling 2bada8a74506: 100% ▕██████████████████▏ 4.7 GB                         [K
pulling 66b9ea09bd5b: 100% ▕██████████████████▏   68 B                         [K
pulling eb4402837c78: 100% ▕██████████████████▏ 1.5 KB                         [K
pulling 832dd9e00a68: 100% ▕██████████████████▏  11 KB                         [K
pulling 2f15b3218f05: 100% ▕██████████████████▏  487 B                         [K
verifying sha256 digest ⠋ [K[?25h[?2026l[?2026h[?25l[A[A[A[A[A[A[1Gpulling manifest [K
pulling 2bada8a74506: 100% ▕██████████████████▏ 4.7 GB                         [K
pulling 66b9ea09bd5b: 100% ▕██████████████████▏   68 B                         [K
pulling eb4402837c78: 100% ▕██████████████████▏ 1.5 KB                         [K
pulling 832dd9e00a68: 100% ▕██████████████████▏  11 KB                         [K
pulling 2f15b3218f05: 100% ▕██████████████████▏  487 B                         [K
verifying sha256 digest ⠙ [K[?25h[?2026l[?2026h[?25l[A[A[A[A[A[A[1Gpulling manifest [K
pulling 2bada8a74506: 100% ▕██████████████████▏ 4.7 GB                         [K
pulling 66b9ea09bd5b: 100% ▕██████████████████▏   68 B                         [K
pulling eb4402837c78: 100% ▕██████████████████▏ 1.5 KB                         [K
pulling 832dd9e00a68: 100% ▕██████████████████▏  11 KB                         [K
pulling 2f15b3218f05: 100% ▕██████████████████▏  487 B                         [K
verifying sha256 digest ⠹ [K[?25h[?2026l[?2026h[?25l[A[A[A[A[A[A[1Gpulling manifest [K
pulling 2bada8a74506: 100% ▕██████████████████▏ 4.7 GB                         [K
pulling 66b9ea09bd5b: 100% ▕██████████████████▏   68 B                         [K
pulling eb4402837c78: 100% ▕██████████████████▏ 1.5 KB                         [K
pulling 832dd9e00a68: 100% ▕██████████████████▏  11 KB                         [K
pulling 2f15b3218f05: 100% ▕██████████████████▏  487 B                         [K
verifying sha256 digest ⠸ [K[?25h[?2026l[?2026h[?25l[A[A[A[A[A[A[1Gpulling manifest [K
pulling 2bada8a74506: 100% ▕██████████████████▏ 4.7 GB                         [K
pulling 66b9ea09bd5b: 100% ▕██████████████████▏   68 B                         [K
pulling eb4402837c78: 100% ▕██████████████████▏ 1.5 KB                         [K
pulling 832dd9e00a68: 100% ▕██████████████████▏  11 KB                         [K
pulling 2f15b3218f05: 100% ▕██████████████████▏  487 B                         [K
verifying sha256 digest ⠼ [K[?25h[?2026l[?2026h[?25l[A[A[A[A[A[A[1Gpulling manifest [K
pulling 2bada8a74506: 100% ▕██████████████████▏ 4.7 GB                         [K
pulling 66b9ea09bd5b: 100% ▕██████████████████▏   68 B                         [K
pulling eb4402837c78: 100% ▕██████████████████▏ 1.5 KB                         [K
pulling 832dd9e00a68: 100% ▕██████████████████▏  11 KB                         [K
pulling 2f15b3218f05: 100% ▕██████████████████▏  487 B                         [K
verifying sha256 digest ⠴ [K[?25h[?2026l[?2026h[?25l[A[A[A[A[A[A[1Gpulling manifest [K
pulling 2bada8a74506: 100% ▕██████████████████▏ 4.7 GB                         [K
pulling 66b9ea09bd5b: 100% ▕██████████████████▏   68 B                         [K
pulling eb4402837c78: 100% ▕██████████████████▏ 1.5 KB                         [K
pulling 832dd9e00a68: 100% ▕██████████████████▏  11 KB                         [K
pulling 2f15b3218f05: 100% ▕██████████████████▏  487 B                         [K
verifying sha256 digest ⠦ [K[?25h[?2026l[?2026h[?25l[A[A[A[A[A[A[1Gpulling manifest [K
pulling 2bada8a74506: 100% ▕██████████████████▏ 4.7 GB                         [K
pulling 66b9ea09bd5b: 100% ▕██████████████████▏   68 B                         [K
pulling eb4402837c78: 100% ▕██████████████████▏ 1.5 KB                         [K
pulling 832dd9e00a68: 100% ▕██████████████████▏  11 KB                         [K
pulling 2f15b3218f05: 100% ▕██████████████████▏  487 B                         [K
verifying sha256 digest ⠧ [K[?25h[?2026l[?2026h[?25l[A[A[A[A[A[A[1Gpulling manifest [K
pulling 2bada8a74506: 100% ▕██████████████████▏ 4.7 GB                         [K
pulling 66b9ea09bd5b: 100% ▕██████████████████▏   68 B                         [K
pulling eb4402837c78: 100% ▕██████████████████▏ 1.5 KB                         [K
pulling 832dd9e00a68: 100% ▕██████████████████▏  11 KB                         [K
pulling 2f15b3218f05: 100% ▕██████████████████▏  487 B                         [K
verifying sha256 digest ⠇ [K[?25h[?2026l[?2026h[?25l[A[A[A[A[A[A[1Gpulling manifest [K
pulling 2bada8a74506: 100% ▕██████████████████▏ 4.7 GB                         [K
pulling 66b9ea09bd5b: 100% ▕██████████████████▏   68 B                         [K
pulling eb4402837c78: 100% ▕██████████████████▏ 1.5 KB                         [K
pulling 832dd9e00a68: 100% ▕██████████████████▏  11 KB                         [K
pulling 2f15b3218f05: 100% ▕██████████████████▏  487 B                         [K
verifying sha256 digest ⠏ [K[?25h[?2026l[?2026h[?25l[A[A[A[A[A[A[1Gpulling manifest [K
pulling 2bada8a74506: 100% ▕██████████████████▏ 4.7 GB                         [K
pulling 66b9ea09bd5b: 100% ▕██████████████████▏   68 B                         [K
pulling eb4402837c78: 100% ▕██████████████████▏ 1.5 KB                         [K
pulling 832dd9e00a68: 100% ▕██████████████████▏  11 KB                         [K
pulling 2f15b3218f05: 100% ▕██████████████████▏  487 B                         [K
verifying sha256 digest ⠋ [K[?25h[?2026l[?2026h[?25l[A[A[A[A[A[A[1Gpulling manifest [K
pulling 2bada8a74506: 100% ▕██████████████████▏ 4.7 GB                         [K
pulling 66b9ea09bd5b: 100% ▕██████████████████▏   68 B                         [K
pulling eb4402837c78: 100% ▕██████████████████▏ 1.5 KB                         [K
pulling 832dd9e00a68: 100% ▕██████████████████▏  11 KB                         [K
pulling 2f15b3218f05: 100% ▕██████████████████▏  487 B                         [K
verifying sha256 digest ⠙ [K[?25h[?2026l[?2026h[?25l[A[A[A[A[A[A[1Gpulling manifest [K
pulling 2bada8a74506: 100% ▕██████████████████▏ 4.7 GB                         [K
pulling 66b9ea09bd5b: 100% ▕██████████████████▏   68 B                         [K
pulling eb4402837c78: 100% ▕██████████████████▏ 1.5 KB                         [K
pulling 832dd9e00a68: 100% ▕██████████████████▏  11 KB                         [K
pulling 2f15b3218f05: 100% ▕██████████████████▏  487 B                         [K
verifying sha256 digest ⠹ [K[?25h[?2026l[?2026h[?25l[A[A[A[A[A[A[1Gpulling manifest [K
pulling 2bada8a74506: 100% ▕██████████████████▏ 4.7 GB                         [K
pulling 66b9ea09bd5b: 100% ▕██████████████████▏   68 B                         [K
pulling eb4402837c78: 100% ▕██████████████████▏ 1.5 KB                         [K
pulling 832dd9e00a68: 100% ▕██████████████████▏  11 KB                         [K
pulling 2f15b3218f05: 100% ▕██████████████████▏  487 B                         [K
verifying sha256 digest ⠸ [K[?25h[?2026l[?2026h[?25l[A[A[A[A[A[A[1Gpulling manifest [K
pulling 2bada8a74506: 100% ▕██████████████████▏ 4.7 GB                         [K
pulling 66b9ea09bd5b: 100% ▕██████████████████▏   68 B                         [K
pulling eb4402837c78: 100% ▕██████████████████▏ 1.5 KB                         [K
pulling 832dd9e00a68: 100% ▕██████████████████▏  11 KB                         [K
pulling 2f15b3218f05: 100% ▕██████████████████▏  487 B                         [K
verifying sha256 digest ⠼ [K[?25h[?2026l[?2026h[?25l[A[A[A[A[A[A[1Gpulling manifest [K
pulling 2bada8a74506: 100% ▕██████████████████▏ 4.7 GB                         [K
pulling 66b9ea09bd5b: 100% ▕██████████████████▏   68 B                         [K
pulling eb4402837c78: 100% ▕██████████████████▏ 1.5 KB                         [K
pulling 832dd9e00a68: 100% ▕██████████████████▏  11 KB                         [K
pulling 2f15b3218f05: 100% ▕██████████████████▏  487 B                         [K
verifying sha256 digest ⠴ [K[?25h[?2026l[?2026h[?25l[A[A[A[A[A[A[1Gpulling manifest [K
pulling 2bada8a74506: 100% ▕██████████████████▏ 4.7 GB                         [K
pulling 66b9ea09bd5b: 100% ▕██████████████████▏   68 B                         [K
pulling eb4402837c78: 100% ▕██████████████████▏ 1.5 KB                         [K
pulling 832dd9e00a68: 100% ▕██████████████████▏  11 KB                         [K
pulling 2f15b3218f05: 100% ▕██████████████████▏  487 B                         [K
verifying sha256 digest ⠦ [K[?25h[?2026l[?2026h[?25l[A[A[A[A[A[A[1Gpulling manifest [K
pulling 2bada8a74506: 100% ▕██████████████████▏ 4.7 GB                         [K
pulling 66b9ea09bd5b: 100% ▕██████████████████▏   68 B                         [K
pulling eb4402837c78: 100% ▕██████████████████▏ 1.5 KB                         [K
pulling 832dd9e00a68: 100% ▕██████████████████▏  11 KB                         [K
pulling 2f15b3218f05: 100% ▕██████████████████▏  487 B                         [K
verifying sha256 digest ⠧ [K[?25h[?2026l[?2026h[?25l[A[A[A[A[A[A[1Gpulling manifest [K
pulling 2bada8a74506: 100% ▕██████████████████▏ 4.7 GB                         [K
pulling 66b9ea09bd5b: 100% ▕██████████████████▏   68 B                         [K
pulling eb4402837c78: 100% ▕██████████████████▏ 1.5 KB                         [K
pulling 832dd9e00a68: 100% ▕██████████████████▏  11 KB                         [K
pulling 2f15b3218f05: 100% ▕██████████████████▏  487 B                         [K
verifying sha256 digest ⠇ [K[?25h[?2026l[?2026h[?25l[A[A[A[A[A[A[1Gpulling manifest [K
pulling 2bada8a74506: 100% ▕██████████████████▏ 4.7 GB                         [K
pulling 66b9ea09bd5b: 100% ▕██████████████████▏   68 B                         [K
pulling eb4402837c78: 100% ▕██████████████████▏ 1.5 KB                         [K
pulling 832dd9e00a68: 100% ▕██████████████████▏  11 KB                         [K
pulling 2f15b3218f05: 100% ▕██████████████████▏  487 B                         [K
verifying sha256 digest ⠏ [K[?25h[?2026l[?2026h[?25l[A[A[A[A[A[A[1Gpulling manifest [K
pulling 2bada8a74506: 100% ▕██████████████████▏ 4.7 GB                         [K
pulling 66b9ea09bd5b: 100% ▕██████████████████▏   68 B                         [K
pulling eb4402837c78: 100% ▕██████████████████▏ 1.5 KB                         [K
pulling 832dd9e00a68: 100% ▕██████████████████▏  11 KB                         [K
pulling 2f15b3218f05: 100% ▕██████████████████▏  487 B                         [K
verifying sha256 digest ⠋ [K[?25h[?2026l[?2026h[?25l[A[A[A[A[A[A[1Gpulling manifest [K
pulling 2bada8a74506: 100% ▕██████████████████▏ 4.7 GB                         [K
pulling 66b9ea09bd5b: 100% ▕██████████████████▏   68 B                         [K
pulling eb4402837c78: 100% ▕██████████████████▏ 1.5 KB                         [K
pulling 832dd9e00a68: 100% ▕██████████████████▏  11 KB                         [K
pulling 2f15b3218f05: 100% ▕██████████████████▏  487 B                         [K
verifying sha256 digest ⠙ [K[?25h[?2026l[?2026h[?25l[A[A[A[A[A[A[1Gpulling manifest [K
pulling 2bada8a74506: 100% ▕██████████████████▏ 4.7 GB                         [K
pulling 66b9ea09bd5b: 100% ▕██████████████████▏   68 B                         [K
pulling eb4402837c78: 100% ▕██████████████████▏ 1.5 KB                         [K
pulling 832dd9e00a68: 100% ▕██████████████████▏  11 KB                         [K
pulling 2f15b3218f05: 100% ▕██████████████████▏  487 B                         [K
verifying sha256 digest ⠹ [K[?25h[?2026l[?2026h[?25l[A[A[A[A[A[A[1Gpulling manifest [K
pulling 2bada8a74506: 100% ▕██████████████████▏ 4.7 GB                         [K
pulling 66b9ea09bd5b: 100% ▕██████████████████▏   68 B                         [K
pulling eb4402837c78: 100% ▕██████████████████▏ 1.5 KB                         [K
pulling 832dd9e00a68: 100% ▕██████████████████▏  11 KB                         [K
pulling 2f15b3218f05: 100% ▕██████████████████▏  487 B                         [K
verifying sha256 digest ⠸ [K[?25h[?2026l[?2026h[?25l[A[A[A[A[A[A[1Gpulling manifest [K
pulling 2bada8a74506: 100% ▕██████████████████▏ 4.7 GB                         [K
pulling 66b9ea09bd5b: 100% ▕██████████████████▏   68 B                         [K
pulling eb4402837c78: 100% ▕██████████████████▏ 1.5 KB                         [K
pulling 832dd9e00a68: 100% ▕██████████████████▏  11 KB                         [K
pulling 2f15b3218f05: 100% ▕██████████████████▏  487 B                         [K
verifying sha256 digest ⠼ [K[?25h[?2026l[?2026h[?25l[A[A[A[A[A[A[1Gpulling manifest [K
pulling 2bada8a74506: 100% ▕██████████████████▏ 4.7 GB                         [K
pulling 66b9ea09bd5b: 100% ▕██████████████████▏   68 B                         [K
pulling eb4402837c78: 100% ▕██████████████████▏ 1.5 KB                         [K
pulling 832dd9e00a68: 100% ▕██████████████████▏  11 KB                         [K
pulling 2f15b3218f05: 100% ▕██████████████████▏  487 B                         [K
verifying sha256 digest ⠴ [K[?25h[?2026l[?2026h[?25l[A[A[A[A[A[A[1Gpulling manifest [K
pulling 2bada8a74506: 100% ▕██████████████████▏ 4.7 GB                         [K
pulling 66b9ea09bd5b: 100% ▕██████████████████▏   68 B                         [K
pulling eb4402837c78: 100% ▕██████████████████▏ 1.5 KB                         [K
pulling 832dd9e00a68: 100% ▕██████████████████▏  11 KB                         [K
pulling 2f15b3218f05: 100% ▕██████████████████▏  487 B                         [K
verifying sha256 digest ⠦ [K[?25h[?2026l[?2026h[?25l[A[A[A[A[A[A[1Gpulling manifest [K
pulling 2bada8a74506: 100% ▕██████████████████▏ 4.7 GB                         [K
pulling 66b9ea09bd5b: 100% ▕██████████████████▏   68 B                         [K
pulling eb4402837c78: 100% ▕██████████████████▏ 1.5 KB                         [K
pulling 832dd9e00a68: 100% ▕██████████████████▏  11 KB                         [K
pulling 2f15b3218f05: 100% ▕██████████████████▏  487 B                         [K
verifying sha256 digest ⠧ [K[?25h[?2026l[?2026h[?25l[A[A[A[A[A[A[1Gpulling manifest [K
pulling 2bada8a74506: 100% ▕██████████████████▏ 4.7 GB                         [K
pulling 66b9ea09bd5b: 100% ▕██████████████████▏   68 B                         [K
pulling eb4402837c78: 100% ▕██████████████████▏ 1.5 KB                         [K
pulling 832dd9e00a68: 100% ▕██████████████████▏  11 KB                         [K
pulling 2f15b3218f05: 100% ▕██████████████████▏  487 B                         [K
verifying sha256 digest ⠇ [K[?25h[?2026l[?2026h[?25l[A[A[A[A[A[A[1Gpulling manifest [K
pulling 2bada8a74506: 100% ▕██████████████████▏ 4.7 GB                         [K
pulling 66b9ea09bd5b: 100% ▕██████████████████▏   68 B                         [K
pulling eb4402837c78: 100% ▕██████████████████▏ 1.5 KB                         [K
pulling 832dd9e00a68: 100% ▕██████████████████▏  11 KB                         [K
pulling 2f15b3218f05: 100% ▕██████████████████▏  487 B                         [K
verifying sha256 digest ⠏ [K[?25h[?2026l[?2026h[?25l[A[A[A[A[A[A[1Gpulling manifest [K
pulling 2bada8a74506: 100% ▕██████████████████▏ 4.7 GB                         [K
pulling 66b9ea09bd5b: 100% ▕██████████████████▏   68 B                         [K
pulling eb4402837c78: 100% ▕██████████████████▏ 1.5 KB                         [K
pulling 832dd9e00a68: 100% ▕██████████████████▏  11 KB                         [K
pulling 2f15b3218f05: 100% ▕██████████████████▏  487 B                         [K
verifying sha256 digest ⠋ [K[?25h[?2026l[?2026h[?25l[A[A[A[A[A[A[1Gpulling manifest [K
pulling 2bada8a74506: 100% ▕██████████████████▏ 4.7 GB                         [K
pulling 66b9ea09bd5b: 100% ▕██████████████████▏   68 B                         [K
pulling eb4402837c78: 100% ▕██████████████████▏ 1.5 KB                         [K
pulling 832dd9e00a68: 100% ▕██████████████████▏  11 KB                         [K
pulling 2f15b3218f05: 100% ▕██████████████████▏  487 B                         [K
verifying sha256 digest ⠙ [K[?25h[?2026l[?2026h[?25l[A[A[A[A[A[A[1Gpulling manifest [K
pulling 2bada8a74506: 100% ▕██████████████████▏ 4.7 GB                         [K
pulling 66b9ea09bd5b: 100% ▕██████████████████▏   68 B                         [K
pulling eb4402837c78: 100% ▕██████████████████▏ 1.5 KB                         [K
pulling 832dd9e00a68: 100% ▕██████████████████▏  11 KB                         [K
pulling 2f15b3218f05: 100% ▕██████████████████▏  487 B                         [K
verifying sha256 digest ⠹ [K[?25h[?2026l[?2026h[?25l[A[A[A[A[A[A[1Gpulling manifest [K
pulling 2bada8a74506: 100% ▕██████████████████▏ 4.7 GB                         [K
pulling 66b9ea09bd5b: 100% ▕██████████████████▏   68 B                         [K
pulling eb4402837c78: 100% ▕██████████████████▏ 1.5 KB                         [K
pulling 832dd9e00a68: 100% ▕██████████████████▏  11 KB                         [K
pulling 2f15b3218f05: 100% ▕██████████████████▏  487 B                         [K
verifying sha256 digest ⠸ [K[?25h[?2026l[?2026h[?25l[A[A[A[A[A[A[1Gpulling manifest [K
pulling 2bada8a74506: 100% ▕██████████████████▏ 4.7 GB                         [K
pulling 66b9ea09bd5b: 100% ▕██████████████████▏   68 B                         [K
pulling eb4402837c78: 100% ▕██████████████████▏ 1.5 KB                         [K
pulling 832dd9e00a68: 100% ▕██████████████████▏  11 KB                         [K
pulling 2f15b3218f05: 100% ▕██████████████████▏  487 B                         [K
verifying sha256 digest ⠼ [K[?25h[?2026l[?2026h[?25l[A[A[A[A[A[A[1Gpulling manifest [K
pulling 2bada8a74506: 100% ▕██████████████████▏ 4.7 GB                         [K
pulling 66b9ea09bd5b: 100% ▕██████████████████▏   68 B                         [K
pulling eb4402837c78: 100% ▕██████████████████▏ 1.5 KB                         [K
pulling 832dd9e00a68: 100% ▕██████████████████▏  11 KB                         [K
pulling 2f15b3218f05: 100% ▕██████████████████▏  487 B                         [K
verifying sha256 digest ⠴ [K[?25h[?2026l[?2026h[?25l[A[A[A[A[A[A[1Gpulling manifest [K
pulling 2bada8a74506: 100% ▕██████████████████▏ 4.7 GB                         [K
pulling 66b9ea09bd5b: 100% ▕██████████████████▏   68 B                         [K
pulling eb4402837c78: 100% ▕██████████████████▏ 1.5 KB                         [K
pulling 832dd9e00a68: 100% ▕██████████████████▏  11 KB                         [K
pulling 2f15b3218f05: 100% ▕██████████████████▏  487 B                         [K
verifying sha256 digest ⠦ [K[?25h[?2026l[?2026h[?25l[A[A[A[A[A[A[1Gpulling manifest [K
pulling 2bada8a74506: 100% ▕██████████████████▏ 4.7 GB                         [K
pulling 66b9ea09bd5b: 100% ▕██████████████████▏   68 B                         [K
pulling eb4402837c78: 100% ▕██████████████████▏ 1.5 KB                         [K
pulling 832dd9e00a68: 100% ▕██████████████████▏  11 KB                         [K
pulling 2f15b3218f05: 100% ▕██████████████████▏  487 B                         [K
verifying sha256 digest ⠧ [K[?25h[?2026l[?2026h[?25l[A[A[A[A[A[A[1Gpulling manifest [K
pulling 2bada8a74506: 100% ▕██████████████████▏ 4.7 GB                         [K
pulling 66b9ea09bd5b: 100% ▕██████████████████▏   68 B                         [K
pulling eb4402837c78: 100% ▕██████████████████▏ 1.5 KB                         [K
pulling 832dd9e00a68: 100% ▕██████████████████▏  11 KB                         [K
pulling 2f15b3218f05: 100% ▕██████████████████▏  487 B                         [K
verifying sha256 digest ⠇ [K[?25h[?2026l[?2026h[?25l[A[A[A[A[A[A[1Gpulling manifest [K
pulling 2bada8a74506: 100% ▕██████████████████▏ 4.7 GB                         [K
pulling 66b9ea09bd5b: 100% ▕██████████████████▏   68 B                         [K
pulling eb4402837c78: 100% ▕██████████████████▏ 1.5 KB                         [K
pulling 832dd9e00a68: 100% ▕██████████████████▏  11 KB                         [K
pulling 2f15b3218f05: 100% ▕██████████████████▏  487 B                         [K
verifying sha256 digest ⠏ [K[?25h[?2026l[?2026h[?25l[A[A[A[A[A[A[1Gpulling manifest [K
pulling 2bada8a74506: 100% ▕██████████████████▏ 4.7 GB                         [K
pulling 66b9ea09bd5b: 100% ▕██████████████████▏   68 B                         [K
pulling eb4402837c78: 100% ▕██████████████████▏ 1.5 KB                         [K
pulling 832dd9e00a68: 100% ▕██████████████████▏  11 KB                         [K
pulling 2f15b3218f05: 100% ▕██████████████████▏  487 B                         [K
verifying sha256 digest ⠋ [K[?25h[?2026l[?2026h[?25l[A[A[A[A[A[A[1Gpulling manifest [K
pulling 2bada8a74506: 100% ▕██████████████████▏ 4.7 GB                         [K
pulling 66b9ea09bd5b: 100% ▕██████████████████▏   68 B                         [K
pulling eb4402837c78: 100% ▕██████████████████▏ 1.5 KB                         [K
pulling 832dd9e00a68: 100% ▕██████████████████▏  11 KB                         [K
pulling 2f15b3218f05: 100% ▕██████████████████▏  487 B                         [K
verifying sha256 digest ⠙ [K[?25h[?2026l[?2026h[?25l[A[A[A[A[A[A[1Gpulling manifest [K
pulling 2bada8a74506: 100% ▕██████████████████▏ 4.7 GB                         [K
pulling 66b9ea09bd5b: 100% ▕██████████████████▏   68 B                         [K
pulling eb4402837c78: 100% ▕██████████████████▏ 1.5 KB                         [K
pulling 832dd9e00a68: 100% ▕██████████████████▏  11 KB                         [K
pulling 2f15b3218f05: 100% ▕██████████████████▏  487 B                         [K
verifying sha256 digest ⠹ [K[?25h[?2026l[?2026h[?25l[A[A[A[A[A[A[1Gpulling manifest [K
pulling 2bada8a74506: 100% ▕██████████████████▏ 4.7 GB                         [K
pulling 66b9ea09bd5b: 100% ▕██████████████████▏   68 B                         [K
pulling eb4402837c78: 100% ▕██████████████████▏ 1.5 KB                         [K
pulling 832dd9e00a68: 100% ▕██████████████████▏  11 KB                         [K
pulling 2f15b3218f05: 100% ▕██████████████████▏  487 B                         [K
verifying sha256 digest ⠸ [K[?25h[?2026l[?2026h[?25l[A[A[A[A[A[A[1Gpulling manifest [K
pulling 2bada8a74506: 100% ▕██████████████████▏ 4.7 GB                         [K
pulling 66b9ea09bd5b: 100% ▕██████████████████▏   68 B                         [K
pulling eb4402837c78: 100% ▕██████████████████▏ 1.5 KB                         [K
pulling 832dd9e00a68: 100% ▕██████████████████▏  11 KB                         [K
pulling 2f15b3218f05: 100% ▕██████████████████▏  487 B                         [K
verifying sha256 digest ⠼ [K[?25h[?2026l[?2026h[?25l[A[A[A[A[A[A[1Gpulling manifest [K
pulling 2bada8a74506: 100% ▕██████████████████▏ 4.7 GB                         [K
pulling 66b9ea09bd5b: 100% ▕██████████████████▏   68 B                         [K
pulling eb4402837c78: 100% ▕██████████████████▏ 1.5 KB                         [K
pulling 832dd9e00a68: 100% ▕██████████████████▏  11 KB                         [K
pulling 2f15b3218f05: 100% ▕██████████████████▏  487 B                         [K
verifying sha256 digest ⠴ [K[?25h[?2026l[?2026h[?25l[A[A[A[A[A[A[1Gpulling manifest [K
pulling 2bada8a74506: 100% ▕██████████████████▏ 4.7 GB                         [K
pulling 66b9ea09bd5b: 100% ▕██████████████████▏   68 B                         [K
pulling eb4402837c78: 100% ▕██████████████████▏ 1.5 KB                         [K
pulling 832dd9e00a68: 100% ▕██████████████████▏  11 KB                         [K
pulling 2f15b3218f05: 100% ▕██████████████████▏  487 B                         [K
verifying sha256 digest ⠦ [K[?25h[?2026l[?2026h[?25l[A[A[A[A[A[A[1Gpulling manifest [K
pulling 2bada8a74506: 100% ▕██████████████████▏ 4.7 GB                         [K
pulling 66b9ea09bd5b: 100% ▕██████████████████▏   68 B                         [K
pulling eb4402837c78: 100% ▕██████████████████▏ 1.5 KB                         [K
pulling 832dd9e00a68: 100% ▕██████████████████▏  11 KB                         [K
pulling 2f15b3218f05: 100% ▕██████████████████▏  487 B                         [K
verifying sha256 digest ⠧ [K[?25h[?2026l[?2026h[?25l[A[A[A[A[A[A[1Gpulling manifest [K
pulling 2bada8a74506: 100% ▕██████████████████▏ 4.7 GB                         [K
pulling 66b9ea09bd5b: 100% ▕██████████████████▏   68 B                         [K
pulling eb4402837c78: 100% ▕██████████████████▏ 1.5 KB                         [K
pulling 832dd9e00a68: 100% ▕██████████████████▏  11 KB                         [K
pulling 2f15b3218f05: 100% ▕██████████████████▏  487 B                         [K
verifying sha256 digest ⠇ [K[?25h[?2026l[?2026h[?25l[A[A[A[A[A[A[1Gpulling manifest [K
pulling 2bada8a74506: 100% ▕██████████████████▏ 4.7 GB                         [K
pulling 66b9ea09bd5b: 100% ▕██████████████████▏   68 B                         [K
pulling eb4402837c78: 100% ▕██████████████████▏ 1.5 KB                         [K
pulling 832dd9e00a68: 100% ▕██████████████████▏  11 KB                         [K
pulling 2f15b3218f05: 100% ▕██████████████████▏  487 B                         [K
verifying sha256 digest ⠏ [K[?25h[?2026l[?2026h[?25l[A[A[A[A[A[A[1Gpulling manifest [K
pulling 2bada8a74506: 100% ▕██████████████████▏ 4.7 GB                         [K
pulling 66b9ea09bd5b: 100% ▕██████████████████▏   68 B                         [K
pulling eb4402837c78: 100% ▕██████████████████▏ 1.5 KB                         [K
pulling 832dd9e00a68: 100% ▕██████████████████▏  11 KB                         [K
pulling 2f15b3218f05: 100% ▕██████████████████▏  487 B                         [K
verifying sha256 digest ⠋ [K[?25h[?2026l[?2026h[?25l[A[A[A[A[A[A[1Gpulling manifest [K
pulling 2bada8a74506: 100% ▕██████████████████▏ 4.7 GB                         [K
pulling 66b9ea09bd5b: 100% ▕██████████████████▏   68 B                         [K
pulling eb4402837c78: 100% ▕██████████████████▏ 1.5 KB                         [K
pulling 832dd9e00a68: 100% ▕██████████████████▏  11 KB                         [K
pulling 2f15b3218f05: 100% ▕██████████████████▏  487 B                         [K
verifying sha256 digest ⠙ [K[?25h[?2026l[?2026h[?25l[A[A[A[A[A[A[1Gpulling manifest [K
pulling 2bada8a74506: 100% ▕██████████████████▏ 4.7 GB                         [K
pulling 66b9ea09bd5b: 100% ▕██████████████████▏   68 B                         [K
pulling eb4402837c78: 100% ▕██████████████████▏ 1.5 KB                         [K
pulling 832dd9e00a68: 100% ▕██████████████████▏  11 KB                         [K
pulling 2f15b3218f05: 100% ▕██████████████████▏  487 B                         [K
verifying sha256 digest ⠹ [K[?25h[?2026l[?2026h[?25l[A[A[A[A[A[A[1Gpulling manifest [K
pulling 2bada8a74506: 100% ▕██████████████████▏ 4.7 GB                         [K
pulling 66b9ea09bd5b: 100% ▕██████████████████▏   68 B                         [K
pulling eb4402837c78: 100% ▕██████████████████▏ 1.5 KB                         [K
pulling 832dd9e00a68: 100% ▕██████████████████▏  11 KB                         [K
pulling 2f15b3218f05: 100% ▕██████████████████▏  487 B                         [K
verifying sha256 digest ⠸ [K[?25h[?2026l[?2026h[?25l[A[A[A[A[A[A[1Gpulling manifest [K
pulling 2bada8a74506: 100% ▕██████████████████▏ 4.7 GB                         [K
pulling 66b9ea09bd5b: 100% ▕██████████████████▏   68 B                         [K
pulling eb4402837c78: 100% ▕██████████████████▏ 1.5 KB                         [K
pulling 832dd9e00a68: 100% ▕██████████████████▏  11 KB                         [K
pulling 2f15b3218f05: 100% ▕██████████████████▏  487 B                         [K
verifying sha256 digest ⠼ [K[?25h[?2026l[?2026h[?25l[A[A[A[A[A[A[1Gpulling manifest [K
pulling 2bada8a74506: 100% ▕██████████████████▏ 4.7 GB                         [K
pulling 66b9ea09bd5b: 100% ▕██████████████████▏   68 B                         [K
pulling eb4402837c78: 100% ▕██████████████████▏ 1.5 KB                         [K
pulling 832dd9e00a68: 100% ▕██████████████████▏  11 KB                         [K
pulling 2f15b3218f05: 100% ▕██████████████████▏  487 B                         [K
verifying sha256 digest ⠼ [K[?25h[?2026l[?2026h[?25l[A[A[A[A[A[A[1Gpulling manifest [K
pulling 2bada8a74506: 100% ▕██████████████████▏ 4.7 GB                         [K
pulling 66b9ea09bd5b: 100% ▕██████████████████▏   68 B                         [K
pulling eb4402837c78: 100% ▕██████████████████▏ 1.5 KB                         [K
pulling 832dd9e00a68: 100% ▕██████████████████▏  11 KB                         [K
pulling 2f15b3218f05: 100% ▕██████████████████▏  487 B                         [K
verifying sha256 digest ⠦ [K[?25h[?2026l[?2026h[?25l[A[A[A[A[A[A[1Gpulling manifest [K
pulling 2bada8a74506: 100% ▕██████████████████▏ 4.7 GB                         [K
pulling 66b9ea09bd5b: 100% ▕██████████████████▏   68 B                         [K
pulling eb4402837c78: 100% ▕██████████████████▏ 1.5 KB                         [K
pulling 832dd9e00a68: 100% ▕██████████████████▏  11 KB                         [K
pulling 2f15b3218f05: 100% ▕██████████████████▏  487 B                         [K
verifying sha256 digest ⠦ [K[?25h[?2026l[?2026h[?25l[A[A[A[A[A[A[1Gpulling manifest [K
pulling 2bada8a74506: 100% ▕██████████████████▏ 4.7 GB                         [K
pulling 66b9ea09bd5b: 100% ▕██████████████████▏   68 B                         [K
pulling eb4402837c78: 100% ▕██████████████████▏ 1.5 KB                         [K
pulling 832dd9e00a68: 100% ▕██████████████████▏  11 KB                         [K
pulling 2f15b3218f05: 100% ▕██████████████████▏  487 B                         [K
verifying sha256 digest ⠇ [K[?25h[?2026l[?2026h[?25l[A[A[A[A[A[A[1Gpulling manifest [K
pulling 2bada8a74506: 100% ▕██████████████████▏ 4.7 GB                         [K
pulling 66b9ea09bd5b: 100% ▕██████████████████▏   68 B                         [K
pulling eb4402837c78: 100% ▕██████████████████▏ 1.5 KB                         [K
pulling 832dd9e00a68: 100% ▕██████████████████▏  11 KB                         [K
pulling 2f15b3218f05: 100% ▕██████████████████▏  487 B                         [K
verifying sha256 digest ⠇ [K[?25h[?2026l[?2026h[?25l[A[A[A[A[A[A[1Gpulling manifest [K
pulling 2bada8a74506: 100% ▕██████████████████▏ 4.7 GB                         [K
pulling 66b9ea09bd5b: 100% ▕██████████████████▏   68 B                         [K
pulling eb4402837c78: 100% ▕██████████████████▏ 1.5 KB                         [K
pulling 832dd9e00a68: 100% ▕██████████████████▏  11 KB                         [K
pulling 2f15b3218f05: 100% ▕██████████████████▏  487 B                         [K
verifying sha256 digest ⠋ [K[?25h[?2026l[?2026h[?25l[A[A[A[A[A[A[1Gpulling manifest [K
pulling 2bada8a74506: 100% ▕██████████████████▏ 4.7 GB                         [K
pulling 66b9ea09bd5b: 100% ▕██████████████████▏   68 B                         [K
pulling eb4402837c78: 100% ▕██████████████████▏ 1.5 KB                         [K
pulling 832dd9e00a68: 100% ▕██████████████████▏  11 KB                         [K
pulling 2f15b3218f05: 100% ▕██████████████████▏  487 B                         [K
verifying sha256 digest ⠙ [K[?25h[?2026l[?2026h[?25l[A[A[A[A[A[A[1Gpulling manifest [K
pulling 2bada8a74506: 100% ▕██████████████████▏ 4.7 GB                         [K
pulling 66b9ea09bd5b: 100% ▕██████████████████▏   68 B                         [K
pulling eb4402837c78: 100% ▕██████████████████▏ 1.5 KB                         [K
pulling 832dd9e00a68: 100% ▕██████████████████▏  11 KB                         [K
pulling 2f15b3218f05: 100% ▕██████████████████▏  487 B                         [K
verifying sha256 digest ⠹ [K[?25h[?2026l[?2026h[?25l[A[A[A[A[A[A[1Gpulling manifest [K
pulling 2bada8a74506: 100% ▕██████████████████▏ 4.7 GB                         [K
pulling 66b9ea09bd5b: 100% ▕██████████████████▏   68 B                         [K
pulling eb4402837c78: 100% ▕██████████████████▏ 1.5 KB                         [K
pulling 832dd9e00a68: 100% ▕██████████████████▏  11 KB                         [K
pulling 2f15b3218f05: 100% ▕██████████████████▏  487 B                         [K
verifying sha256 digest ⠸ [K[?25h[?2026l[?2026h[?25l[A[A[A[A[A[A[1Gpulling manifest [K
pulling 2bada8a74506: 100% ▕██████████████████▏ 4.7 GB                         [K
pulling 66b9ea09bd5b: 100% ▕██████████████████▏   68 B                         [K
pulling eb4402837c78: 100% ▕██████████████████▏ 1.5 KB                         [K
pulling 832dd9e00a68: 100% ▕██████████████████▏  11 KB                         [K
pulling 2f15b3218f05: 100% ▕██████████████████▏  487 B                         [K
verifying sha256 digest ⠼ [K[?25h[?2026l[?2026h[?25l[A[A[A[A[A[A[1Gpulling manifest [K
pulling 2bada8a74506: 100% ▕██████████████████▏ 4.7 GB                         [K
pulling 66b9ea09bd5b: 100% ▕██████████████████▏   68 B                         [K
pulling eb4402837c78: 100% ▕██████████████████▏ 1.5 KB                         [K
pulling 832dd9e00a68: 100% ▕██████████████████▏  11 KB                         [K
pulling 2f15b3218f05: 100% ▕██████████████████▏  487 B                         [K
verifying sha256 digest ⠴ [K[?25h[?2026l[?2026h[?25l[A[A[A[A[A[A[1Gpulling manifest [K
pulling 2bada8a74506: 100% ▕██████████████████▏ 4.7 GB                         [K
pulling 66b9ea09bd5b: 100% ▕██████████████████▏   68 B                         [K
pulling eb4402837c78: 100% ▕██████████████████▏ 1.5 KB                         [K
pulling 832dd9e00a68: 100% ▕██████████████████▏  11 KB                         [K
pulling 2f15b3218f05: 100% ▕██████████████████▏  487 B                         [K
verifying sha256 digest ⠦ [K[?25h[?2026l[?2026h[?25l[A[A[A[A[A[A[1Gpulling manifest [K
pulling 2bada8a74506: 100% ▕██████████████████▏ 4.7 GB                         [K
pulling 66b9ea09bd5b: 100% ▕██████████████████▏   68 B                         [K
pulling eb4402837c78: 100% ▕██████████████████▏ 1.5 KB                         [K
pulling 832dd9e00a68: 100% ▕██████████████████▏  11 KB                         [K
pulling 2f15b3218f05: 100% ▕██████████████████▏  487 B                         [K
verifying sha256 digest ⠧ [K[?25h[?2026l[?2026h[?25l[A[A[A[A[A[A[1Gpulling manifest [K
pulling 2bada8a74506: 100% ▕██████████████████▏ 4.7 GB                         [K
pulling 66b9ea09bd5b: 100% ▕██████████████████▏   68 B                         [K
pulling eb4402837c78: 100% ▕██████████████████▏ 1.5 KB                         [K
pulling 832dd9e00a68: 100% ▕██████████████████▏  11 KB                         [K
pulling 2f15b3218f05: 100% ▕██████████████████▏  487 B                         [K
verifying sha256 digest ⠇ [K[?25h[?2026l[?2026h[?25l[A[A[A[A[A[A[1Gpulling manifest [K
pulling 2bada8a74506: 100% ▕██████████████████▏ 4.7 GB                         [K
pulling 66b9ea09bd5b: 100% ▕██████████████████▏   68 B                         [K
pulling eb4402837c78: 100% ▕██████████████████▏ 1.5 KB                         [K
pulling 832dd9e00a68: 100% ▕██████████████████▏  11 KB                         [K
pulling 2f15b3218f05: 100% ▕██████████████████▏  487 B                         [K
verifying sha256 digest ⠏ [K[?25h[?2026l[?2026h[?25l[A[A[A[A[A[A[1Gpulling manifest [K
pulling 2bada8a74506: 100% ▕██████████████████▏ 4.7 GB                         [K
pulling 66b9ea09bd5b: 100% ▕██████████████████▏   68 B                         [K
pulling eb4402837c78: 100% ▕██████████████████▏ 1.5 KB                         [K
pulling 832dd9e00a68: 100% ▕██████████████████▏  11 KB                         [K
pulling 2f15b3218f05: 100% ▕██████████████████▏  487 B                         [K
verifying sha256 digest ⠋ [K[?25h[?2026l[?2026h[?25l[A[A[A[A[A[A[1Gpulling manifest [K
pulling 2bada8a74506: 100% ▕██████████████████▏ 4.7 GB                         [K
pulling 66b9ea09bd5b: 100% ▕██████████████████▏   68 B                         [K
pulling eb4402837c78: 100% ▕██████████████████▏ 1.5 KB                         [K
pulling 832dd9e00a68: 100% ▕██████████████████▏  11 KB                         [K
pulling 2f15b3218f05: 100% ▕██████████████████▏  487 B                         [K
verifying sha256 digest ⠙ [K[?25h[?2026l[?2026h[?25l[A[A[A[A[A[A[1Gpulling manifest [K
pulling 2bada8a74506: 100% ▕██████████████████▏ 4.7 GB                         [K
pulling 66b9ea09bd5b: 100% ▕██████████████████▏   68 B                         [K
pulling eb4402837c78: 100% ▕██████████████████▏ 1.5 KB                         [K
pulling 832dd9e00a68: 100% ▕██████████████████▏  11 KB                         [K
pulling 2f15b3218f05: 100% ▕██████████████████▏  487 B                         [K
verifying sha256 digest ⠹ [K[?25h[?2026l[?2026h[?25l[A[A[A[A[A[A[1Gpulling manifest [K
pulling 2bada8a74506: 100% ▕██████████████████▏ 4.7 GB                         [K
pulling 66b9ea09bd5b: 100% ▕██████████████████▏   68 B                         [K
pulling eb4402837c78: 100% ▕██████████████████▏ 1.5 KB                         [K
pulling 832dd9e00a68: 100% ▕██████████████████▏  11 KB                         [K
pulling 2f15b3218f05: 100% ▕██████████████████▏  487 B                         [K
verifying sha256 digest ⠸ [K[?25h[?2026l[?2026h[?25l[A[A[A[A[A[A[1Gpulling manifest [K
pulling 2bada8a74506: 100% ▕██████████████████▏ 4.7 GB                         [K
pulling 66b9ea09bd5b: 100% ▕██████████████████▏   68 B                         [K
pulling eb4402837c78: 100% ▕██████████████████▏ 1.5 KB                         [K
pulling 832dd9e00a68: 100% ▕██████████████████▏  11 KB                         [K
pulling 2f15b3218f05: 100% ▕██████████████████▏  487 B                         [K
verifying sha256 digest ⠼ [K[?25h[?2026l[?2026h[?25l[A[A[A[A[A[A[1Gpulling manifest [K
pulling 2bada8a74506: 100% ▕██████████████████▏ 4.7 GB                         [K
pulling 66b9ea09bd5b: 100% ▕██████████████████▏   68 B                         [K
pulling eb4402837c78: 100% ▕██████████████████▏ 1.5 KB                         [K
pulling 832dd9e00a68: 100% ▕██████████████████▏  11 KB                         [K
pulling 2f15b3218f05: 100% ▕██████████████████▏  487 B                         [K
verifying sha256 digest ⠴ [K[?25h[?2026l[?2026h[?25l[A[A[A[A[A[A[1Gpulling manifest [K
pulling 2bada8a74506: 100% ▕██████████████████▏ 4.7 GB                         [K
pulling 66b9ea09bd5b: 100% ▕██████████████████▏   68 B                         [K
pulling eb4402837c78: 100% ▕██████████████████▏ 1.5 KB                         [K
pulling 832dd9e00a68: 100% ▕██████████████████▏  11 KB                         [K
pulling 2f15b3218f05: 100% ▕██████████████████▏  487 B                         [K
verifying sha256 digest ⠦ [K[?25h[?2026l[?2026h[?25l[A[A[A[A[A[A[1Gpulling manifest [K
pulling 2bada8a74506: 100% ▕██████████████████▏ 4.7 GB                         [K
pulling 66b9ea09bd5b: 100% ▕██████████████████▏   68 B                         [K
pulling eb4402837c78: 100% ▕██████████████████▏ 1.5 KB                         [K
pulling 832dd9e00a68: 100% ▕██████████████████▏  11 KB                         [K
pulling 2f15b3218f05: 100% ▕██████████████████▏  487 B                         [K
verifying sha256 digest ⠧ [K[?25h[?2026l[?2026h[?25l[A[A[A[A[A[A[1Gpulling manifest [K
pulling 2bada8a74506: 100% ▕██████████████████▏ 4.7 GB                         [K
pulling 66b9ea09bd5b: 100% ▕██████████████████▏   68 B                         [K
pulling eb4402837c78: 100% ▕██████████████████▏ 1.5 KB                         [K
pulling 832dd9e00a68: 100% ▕██████████████████▏  11 KB                         [K
pulling 2f15b3218f05: 100% ▕██████████████████▏  487 B                         [K
verifying sha256 digest ⠇ [K[?25h[?2026l[?2026h[?25l[A[A[A[A[A[A[1Gpulling manifest [K
pulling 2bada8a74506: 100% ▕██████████████████▏ 4.7 GB                         [K
pulling 66b9ea09bd5b: 100% ▕██████████████████▏   68 B                         [K
pulling eb4402837c78: 100% ▕██████████████████▏ 1.5 KB                         [K
pulling 832dd9e00a68: 100% ▕██████████████████▏  11 KB                         [K
pulling 2f15b3218f05: 100% ▕██████████████████▏  487 B                         [K
verifying sha256 digest ⠏ [K[?25h[?2026l[?2026h[?25l[A[A[A[A[A[A[1Gpulling manifest [K
pulling 2bada8a74506: 100% ▕██████████████████▏ 4.7 GB                         [K
pulling 66b9ea09bd5b: 100% ▕██████████████████▏   68 B                         [K
pulling eb4402837c78: 100% ▕██████████████████▏ 1.5 KB                         [K
pulling 832dd9e00a68: 100% ▕██████████████████▏  11 KB                         [K
pulling 2f15b3218f05: 100% ▕██████████████████▏  487 B                         [K
verifying sha256 digest ⠋ [K[?25h[?2026l[?2026h[?25l[A[A[A[A[A[A[1Gpulling manifest [K
pulling 2bada8a74506: 100% ▕██████████████████▏ 4.7 GB                         [K
pulling 66b9ea09bd5b: 100% ▕██████████████████▏   68 B                         [K
pulling eb4402837c78: 100% ▕██████████████████▏ 1.5 KB                         [K
pulling 832dd9e00a68: 100% ▕██████████████████▏  11 KB                         [K
pulling 2f15b3218f05: 100% ▕██████████████████▏  487 B                         [K
verifying sha256 digest ⠙ [K[?25h[?2026l[?2026h[?25l[A[A[A[A[A[A[1Gpulling manifest [K
pulling 2bada8a74506: 100% ▕██████████████████▏ 4.7 GB                         [K
pulling 66b9ea09bd5b: 100% ▕██████████████████▏   68 B                         [K
pulling eb4402837c78: 100% ▕██████████████████▏ 1.5 KB                         [K
pulling 832dd9e00a68: 100% ▕██████████████████▏  11 KB                         [K
pulling 2f15b3218f05: 100% ▕██████████████████▏  487 B                         [K
verifying sha256 digest ⠹ [K[?25h[?2026l[?2026h[?25l[A[A[A[A[A[A[1Gpulling manifest [K
pulling 2bada8a74506: 100% ▕██████████████████▏ 4.7 GB                         [K
pulling 66b9ea09bd5b: 100% ▕██████████████████▏   68 B                         [K
pulling eb4402837c78: 100% ▕██████████████████▏ 1.5 KB                         [K
pulling 832dd9e00a68: 100% ▕██████████████████▏  11 KB                         [K
pulling 2f15b3218f05: 100% ▕██████████████████▏  487 B                         [K
verifying sha256 digest ⠸ [K[?25h[?2026l[?2026h[?25l[A[A[A[A[A[A[1Gpulling manifest [K
pulling 2bada8a74506: 100% ▕██████████████████▏ 4.7 GB                         [K
pulling 66b9ea09bd5b: 100% ▕██████████████████▏   68 B                         [K
pulling eb4402837c78: 100% ▕██████████████████▏ 1.5 KB                         [K
pulling 832dd9e00a68: 100% ▕██████████████████▏  11 KB                         [K
pulling 2f15b3218f05: 100% ▕██████████████████▏  487 B                         [K
verifying sha256 digest ⠼ [K[?25h[?2026l[?2026h[?25l[A[A[A[A[A[A[1Gpulling manifest [K
pulling 2bada8a74506: 100% ▕██████████████████▏ 4.7 GB                         [K
pulling 66b9ea09bd5b: 100% ▕██████████████████▏   68 B                         [K
pulling eb4402837c78: 100% ▕██████████████████▏ 1.5 KB                         [K
pulling 832dd9e00a68: 100% ▕██████████████████▏  11 KB                         [K
pulling 2f15b3218f05: 100% ▕██████████████████▏  487 B                         [K
verifying sha256 digest ⠴ [K[?25h[?2026l[?2026h[?25l[A[A[A[A[A[A[1Gpulling manifest [K
pulling 2bada8a74506: 100% ▕██████████████████▏ 4.7 GB                         [K
pulling 66b9ea09bd5b: 100% ▕██████████████████▏   68 B                         [K
pulling eb4402837c78: 100% ▕██████████████████▏ 1.5 KB                         [K
pulling 832dd9e00a68: 100% ▕██████████████████▏  11 KB                         [K
pulling 2f15b3218f05: 100% ▕██████████████████▏  487 B                         [K
verifying sha256 digest ⠦ [K[?25h[?2026l[?2026h[?25l[A[A[A[A[A[A[1Gpulling manifest [K
pulling 2bada8a74506: 100% ▕██████████████████▏ 4.7 GB                         [K
pulling 66b9ea09bd5b: 100% ▕██████████████████▏   68 B                         [K
pulling eb4402837c78: 100% ▕██████████████████▏ 1.5 KB                         [K
pulling 832dd9e00a68: 100% ▕██████████████████▏  11 KB                         [K
pulling 2f15b3218f05: 100% ▕██████████████████▏  487 B                         [K
verifying sha256 digest ⠧ [K[?25h[?2026l[?2026h[?25l[A[A[A[A[A[A[1Gpulling manifest [K
pulling 2bada8a74506: 100% ▕██████████████████▏ 4.7 GB                         [K
pulling 66b9ea09bd5b: 100% ▕██████████████████▏   68 B                         [K
pulling eb4402837c78: 100% ▕██████████████████▏ 1.5 KB                         [K
pulling 832dd9e00a68: 100% ▕██████████████████▏  11 KB                         [K
pulling 2f15b3218f05: 100% ▕██████████████████▏  487 B                         [K
verifying sha256 digest ⠇ [K[?25h[?2026l[?2026h[?25l[A[A[A[A[A[A[1Gpulling manifest [K
pulling 2bada8a74506: 100% ▕██████████████████▏ 4.7 GB                         [K
pulling 66b9ea09bd5b: 100% ▕██████████████████▏   68 B                         [K
pulling eb4402837c78: 100% ▕██████████████████▏ 1.5 KB                         [K
pulling 832dd9e00a68: 100% ▕██████████████████▏  11 KB                         [K
pulling 2f15b3218f05: 100% ▕██████████████████▏  487 B                         [K
verifying sha256 digest ⠏ [K[?25h[?2026l[?2026h[?25l[A[A[A[A[A[A[1Gpulling manifest [K
pulling 2bada8a74506: 100% ▕██████████████████▏ 4.7 GB                         [K
pulling 66b9ea09bd5b: 100% ▕██████████████████▏   68 B                         [K
pulling eb4402837c78: 100% ▕██████████████████▏ 1.5 KB                         [K
pulling 832dd9e00a68: 100% ▕██████████████████▏  11 KB                         [K
pulling 2f15b3218f05: 100% ▕██████████████████▏  487 B                         [K
verifying sha256 digest ⠋ [K[?25h[?2026l[?2026h[?25l[A[A[A[A[A[A[1Gpulling manifest [K
pulling 2bada8a74506: 100% ▕██████████████████▏ 4.7 GB                         [K
pulling 66b9ea09bd5b: 100% ▕██████████████████▏   68 B                         [K
pulling eb4402837c78: 100% ▕██████████████████▏ 1.5 KB                         [K
pulling 832dd9e00a68: 100% ▕██████████████████▏  11 KB                         [K
pulling 2f15b3218f05: 100% ▕██████████████████▏  487 B                         [K
verifying sha256 digest ⠙ [K[?25h[?2026l[?2026h[?25l[A[A[A[A[A[A[1Gpulling manifest [K
pulling 2bada8a74506: 100% ▕██████████████████▏ 4.7 GB                         [K
pulling 66b9ea09bd5b: 100% ▕██████████████████▏   68 B                         [K
pulling eb4402837c78: 100% ▕██████████████████▏ 1.5 KB                         [K
pulling 832dd9e00a68: 100% ▕██████████████████▏  11 KB                         [K
pulling 2f15b3218f05: 100% ▕██████████████████▏  487 B                         [K
verifying sha256 digest ⠹ [K[?25h[?2026l[?2026h[?25l[A[A[A[A[A[A[1Gpulling manifest [K
pulling 2bada8a74506: 100% ▕██████████████████▏ 4.7 GB                         [K
pulling 66b9ea09bd5b: 100% ▕██████████████████▏   68 B                         [K
pulling eb4402837c78: 100% ▕██████████████████▏ 1.5 KB                         [K
pulling 832dd9e00a68: 100% ▕██████████████████▏  11 KB                         [K
pulling 2f15b3218f05: 100% ▕██████████████████▏  487 B                         [K
verifying sha256 digest ⠸ [K[?25h[?2026l[?2026h[?25l[A[A[A[A[A[A[1Gpulling manifest [K
pulling 2bada8a74506: 100% ▕██████████████████▏ 4.7 GB                         [K
pulling 66b9ea09bd5b: 100% ▕██████████████████▏   68 B                         [K
pulling eb4402837c78: 100% ▕██████████████████▏ 1.5 KB                         [K
pulling 832dd9e00a68: 100% ▕██████████████████▏  11 KB                         [K
pulling 2f15b3218f05: 100% ▕██████████████████▏  487 B                         [K
verifying sha256 digest ⠼ [K[?25h[?2026l[?2026h[?25l[A[A[A[A[A[A[1Gpulling manifest [K
pulling 2bada8a74506: 100% ▕██████████████████▏ 4.7 GB                         [K
pulling 66b9ea09bd5b: 100% ▕██████████████████▏   68 B                         [K
pulling eb4402837c78: 100% ▕██████████████████▏ 1.5 KB                         [K
pulling 832dd9e00a68: 100% ▕██████████████████▏  11 KB                         [K
pulling 2f15b3218f05: 100% ▕██████████████████▏  487 B                         [K
verifying sha256 digest ⠴ [K[?25h[?2026l[?2026h[?25l[A[A[A[A[A[A[1Gpulling manifest [K
pulling 2bada8a74506: 100% ▕██████████████████▏ 4.7 GB                         [K
pulling 66b9ea09bd5b: 100% ▕██████████████████▏   68 B                         [K
pulling eb4402837c78: 100% ▕██████████████████▏ 1.5 KB                         [K
pulling 832dd9e00a68: 100% ▕██████████████████▏  11 KB                         [K
pulling 2f15b3218f05: 100% ▕██████████████████▏  487 B                         [K
verifying sha256 digest ⠦ [K[?25h[?2026l[?2026h[?25l[A[A[A[A[A[A[1Gpulling manifest [K
pulling 2bada8a74506: 100% ▕██████████████████▏ 4.7 GB                         [K
pulling 66b9ea09bd5b: 100% ▕██████████████████▏   68 B                         [K
pulling eb4402837c78: 100% ▕██████████████████▏ 1.5 KB                         [K
pulling 832dd9e00a68: 100% ▕██████████████████▏  11 KB                         [K
pulling 2f15b3218f05: 100% ▕██████████████████▏  487 B                         [K
verifying sha256 digest ⠧ [K[?25h[?2026l[?2026h[?25l[A[A[A[A[A[A[1Gpulling manifest [K
pulling 2bada8a74506: 100% ▕██████████████████▏ 4.7 GB                         [K
pulling 66b9ea09bd5b: 100% ▕██████████████████▏   68 B                         [K
pulling eb4402837c78: 100% ▕██████████████████▏ 1.5 KB                         [K
pulling 832dd9e00a68: 100% ▕██████████████████▏  11 KB                         [K
pulling 2f15b3218f05: 100% ▕██████████████████▏  487 B                         [K
verifying sha256 digest ⠇ [K[?25h[?2026l[?2026h[?25l[A[A[A[A[A[A[1Gpulling manifest [K
pulling 2bada8a74506: 100% ▕██████████████████▏ 4.7 GB                         [K
pulling 66b9ea09bd5b: 100% ▕██████████████████▏   68 B                         [K
pulling eb4402837c78: 100% ▕██████████████████▏ 1.5 KB                         [K
pulling 832dd9e00a68: 100% ▕██████████████████▏  11 KB                         [K
pulling 2f15b3218f05: 100% ▕██████████████████▏  487 B                         [K
verifying sha256 digest ⠏ [K[?25h[?2026l[?2026h[?25l[A[A[A[A[A[A[1Gpulling manifest [K
pulling 2bada8a74506: 100% ▕██████████████████▏ 4.7 GB                         [K
pulling 66b9ea09bd5b: 100% ▕██████████████████▏   68 B                         [K
pulling eb4402837c78: 100% ▕██████████████████▏ 1.5 KB                         [K
pulling 832dd9e00a68: 100% ▕██████████████████▏  11 KB                         [K
pulling 2f15b3218f05: 100% ▕██████████████████▏  487 B                         [K
verifying sha256 digest ⠋ [K[?25h[?2026l[?2026h[?25l[A[A[A[A[A[A[1Gpulling manifest [K
pulling 2bada8a74506: 100% ▕██████████████████▏ 4.7 GB                         [K
pulling 66b9ea09bd5b: 100% ▕██████████████████▏   68 B                         [K
pulling eb4402837c78: 100% ▕██████████████████▏ 1.5 KB                         [K
pulling 832dd9e00a68: 100% ▕██████████████████▏  11 KB                         [K
pulling 2f15b3218f05: 100% ▕██████████████████▏  487 B                         [K
verifying sha256 digest ⠙ [K[?25h[?2026l[?2026h[?25l[A[A[A[A[A[A[1Gpulling manifest [K
pulling 2bada8a74506: 100% ▕██████████████████▏ 4.7 GB                         [K
pulling 66b9ea09bd5b: 100% ▕██████████████████▏   68 B                         [K
pulling eb4402837c78: 100% ▕██████████████████▏ 1.5 KB                         [K
pulling 832dd9e00a68: 100% ▕██████████████████▏  11 KB                         [K
pulling 2f15b3218f05: 100% ▕██████████████████▏  487 B                         [K
verifying sha256 digest ⠹ [K[?25h[?2026l[?2026h[?25l[A[A[A[A[A[A[1Gpulling manifest [K
pulling 2bada8a74506: 100% ▕██████████████████▏ 4.7 GB                         [K
pulling 66b9ea09bd5b: 100% ▕██████████████████▏   68 B                         [K
pulling eb4402837c78: 100% ▕██████████████████▏ 1.5 KB                         [K
pulling 832dd9e00a68: 100% ▕██████████████████▏  11 KB                         [K
pulling 2f15b3218f05: 100% ▕██████████████████▏  487 B                         [K
verifying sha256 digest ⠸ [K[?25h[?2026l[?2026h[?25l[A[A[A[A[A[A[1Gpulling manifest [K
pulling 2bada8a74506: 100% ▕██████████████████▏ 4.7 GB                         [K
pulling 66b9ea09bd5b: 100% ▕██████████████████▏   68 B                         [K
pulling eb4402837c78: 100% ▕██████████████████▏ 1.5 KB                         [K
pulling 832dd9e00a68: 100% ▕██████████████████▏  11 KB                         [K
pulling 2f15b3218f05: 100% ▕██████████████████▏  487 B                         [K
verifying sha256 digest ⠼ [K[?25h[?2026l[?2026h[?25l[A[A[A[A[A[A[1Gpulling manifest [K
pulling 2bada8a74506: 100% ▕██████████████████▏ 4.7 GB                         [K
pulling 66b9ea09bd5b: 100% ▕██████████████████▏   68 B                         [K
pulling eb4402837c78: 100% ▕██████████████████▏ 1.5 KB                         [K
pulling 832dd9e00a68: 100% ▕██████████████████▏  11 KB                         [K
pulling 2f15b3218f05: 100% ▕██████████████████▏  487 B                         [K
verifying sha256 digest ⠴ [K[?25h[?2026l[?2026h[?25l[A[A[A[A[A[A[1Gpulling manifest [K
pulling 2bada8a74506: 100% ▕██████████████████▏ 4.7 GB                         [K
pulling 66b9ea09bd5b: 100% ▕██████████████████▏   68 B                         [K
pulling eb4402837c78: 100% ▕██████████████████▏ 1.5 KB                         [K
pulling 832dd9e00a68: 100% ▕██████████████████▏  11 KB                         [K
pulling 2f15b3218f05: 100% ▕██████████████████▏  487 B                         [K
verifying sha256 digest ⠦ [K[?25h[?2026l[?2026h[?25l[A[A[A[A[A[A[1Gpulling manifest [K
pulling 2bada8a74506: 100% ▕██████████████████▏ 4.7 GB                         [K
pulling 66b9ea09bd5b: 100% ▕██████████████████▏   68 B                         [K
pulling eb4402837c78: 100% ▕██████████████████▏ 1.5 KB                         [K
pulling 832dd9e00a68: 100% ▕██████████████████▏  11 KB                         [K
pulling 2f15b3218f05: 100% ▕██████████████████▏  487 B                         [K
verifying sha256 digest ⠧ [K[?25h[?2026l[?2026h[?25l[A[A[A[A[A[A[1Gpulling manifest [K
pulling 2bada8a74506: 100% ▕██████████████████▏ 4.7 GB                         [K
pulling 66b9ea09bd5b: 100% ▕██████████████████▏   68 B                         [K
pulling eb4402837c78: 100% ▕██████████████████▏ 1.5 KB                         [K
pulling 832dd9e00a68: 100% ▕██████████████████▏  11 KB                         [K
pulling 2f15b3218f05: 100% ▕██████████████████▏  487 B                         [K
verifying sha256 digest ⠇ [K[?25h[?2026l[?2026h[?25l[A[A[A[A[A[A[1Gpulling manifest [K
pulling 2bada8a74506: 100% ▕██████████████████▏ 4.7 GB                         [K
pulling 66b9ea09bd5b: 100% ▕██████████████████▏   68 B                         [K
pulling eb4402837c78: 100% ▕██████████████████▏ 1.5 KB                         [K
pulling 832dd9e00a68: 100% ▕██████████████████▏  11 KB                         [K
pulling 2f15b3218f05: 100% ▕██████████████████▏  487 B                         [K
verifying sha256 digest ⠏ [K[?25h[?2026l[?2026h[?25l[A[A[A[A[A[A[1Gpulling manifest [K
pulling 2bada8a74506: 100% ▕██████████████████▏ 4.7 GB                         [K
pulling 66b9ea09bd5b: 100% ▕██████████████████▏   68 B                         [K
pulling eb4402837c78: 100% ▕██████████████████▏ 1.5 KB                         [K
pulling 832dd9e00a68: 100% ▕██████████████████▏  11 KB                         [K
pulling 2f15b3218f05: 100% ▕██████████████████▏  487 B                         [K
verifying sha256 digest ⠋ [K[?25h[?2026l[?2026h[?25l[A[A[A[A[A[A[1Gpulling manifest [K
pulling 2bada8a74506: 100% ▕██████████████████▏ 4.7 GB                         [K
pulling 66b9ea09bd5b: 100% ▕██████████████████▏   68 B                         [K
pulling eb4402837c78: 100% ▕██████████████████▏ 1.5 KB                         [K
pulling 832dd9e00a68: 100% ▕██████████████████▏  11 KB                         [K
pulling 2f15b3218f05: 100% ▕██████████████████▏  487 B                         [K
verifying sha256 digest ⠙ [K[?25h[?2026l[?2026h[?25l[A[A[A[A[A[A[1Gpulling manifest [K
pulling 2bada8a74506: 100% ▕██████████████████▏ 4.7 GB                         [K
pulling 66b9ea09bd5b: 100% ▕██████████████████▏   68 B                         [K
pulling eb4402837c78: 100% ▕██████████████████▏ 1.5 KB                         [K
pulling 832dd9e00a68: 100% ▕██████████████████▏  11 KB                         [K
pulling 2f15b3218f05: 100% ▕██████████████████▏  487 B                         [K
verifying sha256 digest ⠹ [K[?25h[?2026l[?2026h[?25l[A[A[A[A[A[A[1Gpulling manifest [K
pulling 2bada8a74506: 100% ▕██████████████████▏ 4.7 GB                         [K
pulling 66b9ea09bd5b: 100% ▕██████████████████▏   68 B                         [K
pulling eb4402837c78: 100% ▕██████████████████▏ 1.5 KB                         [K
pulling 832dd9e00a68: 100% ▕██████████████████▏  11 KB                         [K
pulling 2f15b3218f05: 100% ▕██████████████████▏  487 B                         [K
verifying sha256 digest ⠸ [K[?25h[?2026l[?2026h[?25l[A[A[A[A[A[A[1Gpulling manifest [K
pulling 2bada8a74506: 100% ▕██████████████████▏ 4.7 GB                         [K
pulling 66b9ea09bd5b: 100% ▕██████████████████▏   68 B                         [K
pulling eb4402837c78: 100% ▕██████████████████▏ 1.5 KB                         [K
pulling 832dd9e00a68: 100% ▕██████████████████▏  11 KB                         [K
pulling 2f15b3218f05: 100% ▕██████████████████▏  487 B                         [K
verifying sha256 digest ⠼ [K[?25h[?2026l[?2026h[?25l[A[A[A[A[A[A[1Gpulling manifest [K
pulling 2bada8a74506: 100% ▕██████████████████▏ 4.7 GB                         [K
pulling 66b9ea09bd5b: 100% ▕██████████████████▏   68 B                         [K
pulling eb4402837c78: 100% ▕██████████████████▏ 1.5 KB                         [K
pulling 832dd9e00a68: 100% ▕██████████████████▏  11 KB                         [K
pulling 2f15b3218f05: 100% ▕██████████████████▏  487 B                         [K
verifying sha256 digest ⠴ [K[?25h[?2026l[?2026h[?25l[A[A[A[A[A[A[1Gpulling manifest [K
pulling 2bada8a74506: 100% ▕██████████████████▏ 4.7 GB                         [K
pulling 66b9ea09bd5b: 100% ▕██████████████████▏   68 B                         [K
pulling eb4402837c78: 100% ▕██████████████████▏ 1.5 KB                         [K
pulling 832dd9e00a68: 100% ▕██████████████████▏  11 KB                         [K
pulling 2f15b3218f05: 100% ▕██████████████████▏  487 B                         [K
verifying sha256 digest ⠦ [K[?25h[?2026l[?2026h[?25l[A[A[A[A[A[A[1Gpulling manifest [K
pulling 2bada8a74506: 100% ▕██████████████████▏ 4.7 GB                         [K
pulling 66b9ea09bd5b: 100% ▕██████████████████▏   68 B                         [K
pulling eb4402837c78: 100% ▕██████████████████▏ 1.5 KB                         [K
pulling 832dd9e00a68: 100% ▕██████████████████▏  11 KB                         [K
pulling 2f15b3218f05: 100% ▕██████████████████▏  487 B                         [K
verifying sha256 digest ⠦ [K[?25h[?2026l[?2026h[?25l[A[A[A[A[A[A[1Gpulling manifest [K
pulling 2bada8a74506: 100% ▕██████████████████▏ 4.7 GB                         [K
pulling 66b9ea09bd5b: 100% ▕██████████████████▏   68 B                         [K
pulling eb4402837c78: 100% ▕██████████████████▏ 1.5 KB                         [K
pulling 832dd9e00a68: 100% ▕██████████████████▏  11 KB                         [K
pulling 2f15b3218f05: 100% ▕██████████████████▏  487 B                         [K
verifying sha256 digest ⠇ [K[?25h[?2026l[?2026h[?25l[A[A[A[A[A[A[1Gpulling manifest [K
pulling 2bada8a74506: 100% ▕██████████████████▏ 4.7 GB                         [K
pulling 66b9ea09bd5b: 100% ▕██████████████████▏   68 B                         [K
pulling eb4402837c78: 100% ▕██████████████████▏ 1.5 KB                         [K
pulling 832dd9e00a68: 100% ▕██████████████████▏  11 KB                         [K
pulling 2f15b3218f05: 100% ▕██████████████████▏  487 B                         [K
verifying sha256 digest ⠏ [K[?25h[?2026l[?2026h[?25l[A[A[A[A[A[A[1Gpulling manifest [K
pulling 2bada8a74506: 100% ▕██████████████████▏ 4.7 GB                         [K
pulling 66b9ea09bd5b: 100% ▕██████████████████▏   68 B                         [K
pulling eb4402837c78: 100% ▕██████████████████▏ 1.5 KB                         [K
pulling 832dd9e00a68: 100% ▕██████████████████▏  11 KB                         [K
pulling 2f15b3218f05: 100% ▕██████████████████▏  487 B                         [K
verifying sha256 digest ⠋ [K[?25h[?2026l[?2026h[?25l[A[A[A[A[A[A[1Gpulling manifest [K
pulling 2bada8a74506: 100% ▕██████████████████▏ 4.7 GB                         [K
pulling 66b9ea09bd5b: 100% ▕██████████████████▏   68 B                         [K
pulling eb4402837c78: 100% ▕██████████████████▏ 1.5 KB                         [K
pulling 832dd9e00a68: 100% ▕██████████████████▏  11 KB                         [K
pulling 2f15b3218f05: 100% ▕██████████████████▏  487 B                         [K
verifying sha256 digest ⠙ [K[?25h[?2026l[?2026h[?25l[A[A[A[A[A[A[1Gpulling manifest [K
pulling 2bada8a74506: 100% ▕██████████████████▏ 4.7 GB                         [K
pulling 66b9ea09bd5b: 100% ▕██████████████████▏   68 B                         [K
pulling eb4402837c78: 100% ▕██████████████████▏ 1.5 KB                         [K
pulling 832dd9e00a68: 100% ▕██████████████████▏  11 KB                         [K
pulling 2f15b3218f05: 100% ▕██████████████████▏  487 B                         [K
verifying sha256 digest ⠹ [K[?25h[?2026l[?2026h[?25l[A[A[A[A[A[A[1Gpulling manifest [K
pulling 2bada8a74506: 100% ▕██████████████████▏ 4.7 GB                         [K
pulling 66b9ea09bd5b: 100% ▕██████████████████▏   68 B                         [K
pulling eb4402837c78: 100% ▕██████████████████▏ 1.5 KB                         [K
pulling 832dd9e00a68: 100% ▕██████████████████▏  11 KB                         [K
pulling 2f15b3218f05: 100% ▕██████████████████▏  487 B                         [K
verifying sha256 digest ⠸ [K[?25h[?2026l[?2026h[?25l[A[A[A[A[A[A[1Gpulling manifest [K
pulling 2bada8a74506: 100% ▕██████████████████▏ 4.7 GB                         [K
pulling 66b9ea09bd5b: 100% ▕██████████████████▏   68 B                         [K
pulling eb4402837c78: 100% ▕██████████████████▏ 1.5 KB                         [K
pulling 832dd9e00a68: 100% ▕██████████████████▏  11 KB                         [K
pulling 2f15b3218f05: 100% ▕██████████████████▏  487 B                         [K
verifying sha256 digest ⠼ [K[?25h[?2026l[?2026h[?25l[A[A[A[A[A[A[1Gpulling manifest [K
pulling 2bada8a74506: 100% ▕██████████████████▏ 4.7 GB                         [K
pulling 66b9ea09bd5b: 100% ▕██████████████████▏   68 B                         [K
pulling eb4402837c78: 100% ▕██████████████████▏ 1.5 KB                         [K
pulling 832dd9e00a68: 100% ▕██████████████████▏  11 KB                         [K
pulling 2f15b3218f05: 100% ▕██████████████████▏  487 B                         [K
verifying sha256 digest ⠴ [K[?25h[?2026l[?2026h[?25l[A[A[A[A[A[A[1Gpulling manifest [K
pulling 2bada8a74506: 100% ▕██████████████████▏ 4.7 GB                         [K
pulling 66b9ea09bd5b: 100% ▕██████████████████▏   68 B                         [K
pulling eb4402837c78: 100% ▕██████████████████▏ 1.5 KB                         [K
pulling 832dd9e00a68: 100% ▕██████████████████▏  11 KB                         [K
pulling 2f15b3218f05: 100% ▕██████████████████▏  487 B                         [K
verifying sha256 digest ⠦ [K[?25h[?2026l[?2026h[?25l[A[A[A[A[A[A[1Gpulling manifest [K
pulling 2bada8a74506: 100% ▕██████████████████▏ 4.7 GB                         [K
pulling 66b9ea09bd5b: 100% ▕██████████████████▏   68 B                         [K
pulling eb4402837c78: 100% ▕██████████████████▏ 1.5 KB                         [K
pulling 832dd9e00a68: 100% ▕██████████████████▏  11 KB                         [K
pulling 2f15b3218f05: 100% ▕██████████████████▏  487 B                         [K
verifying sha256 digest ⠧ [K[?25h[?2026l[?2026h[?25l[A[A[A[A[A[A[1Gpulling manifest [K
pulling 2bada8a74506: 100% ▕██████████████████▏ 4.7 GB                         [K
pulling 66b9ea09bd5b: 100% ▕██████████████████▏   68 B                         [K
pulling eb4402837c78: 100% ▕██████████████████▏ 1.5 KB                         [K
pulling 832dd9e00a68: 100% ▕██████████████████▏  11 KB                         [K
pulling 2f15b3218f05: 100% ▕██████████████████▏  487 B                         [K
verifying sha256 digest ⠇ [K[?25h[?2026l[?2026h[?25l[A[A[A[A[A[A[1Gpulling manifest [K
pulling 2bada8a74506: 100% ▕██████████████████▏ 4.7 GB                         [K
pulling 66b9ea09bd5b: 100% ▕██████████████████▏   68 B                         [K
pulling eb4402837c78: 100% ▕██████████████████▏ 1.5 KB                         [K
pulling 832dd9e00a68: 100% ▕██████████████████▏  11 KB                         [K
pulling 2f15b3218f05: 100% ▕██████████████████▏  487 B                         [K
verifying sha256 digest ⠏ [K[?25h[?2026l[?2026h[?25l[A[A[A[A[A[A[1Gpulling manifest [K
pulling 2bada8a74506: 100% ▕██████████████████▏ 4.7 GB                         [K
pulling 66b9ea09bd5b: 100% ▕██████████████████▏   68 B                         [K
pulling eb4402837c78: 100% ▕██████████████████▏ 1.5 KB                         [K
pulling 832dd9e00a68: 100% ▕██████████████████▏  11 KB                         [K
pulling 2f15b3218f05: 100% ▕██████████████████▏  487 B                         [K
verifying sha256 digest ⠋ [K[?25h[?2026l[?2026h[?25l[A[A[A[A[A[A[1Gpulling manifest [K
pulling 2bada8a74506: 100% ▕██████████████████▏ 4.7 GB                         [K
pulling 66b9ea09bd5b: 100% ▕██████████████████▏   68 B                         [K
pulling eb4402837c78: 100% ▕██████████████████▏ 1.5 KB                         [K
pulling 832dd9e00a68: 100% ▕██████████████████▏  11 KB                         [K
pulling 2f15b3218f05: 100% ▕██████████████████▏  487 B                         [K
verifying sha256 digest ⠙ [K[?25h[?2026l[?2026h[?25l[A[A[A[A[A[A[1Gpulling manifest [K
pulling 2bada8a74506: 100% ▕██████████████████▏ 4.7 GB                         [K
pulling 66b9ea09bd5b: 100% ▕██████████████████▏   68 B                         [K
pulling eb4402837c78: 100% ▕██████████████████▏ 1.5 KB                         [K
pulling 832dd9e00a68: 100% ▕██████████████████▏  11 KB                         [K
pulling 2f15b3218f05: 100% ▕██████████████████▏  487 B                         [K
verifying sha256 digest ⠹ [K[?25h[?2026l[?2026h[?25l[A[A[A[A[A[A[1Gpulling manifest [K
pulling 2bada8a74506: 100% ▕██████████████████▏ 4.7 GB                         [K
pulling 66b9ea09bd5b: 100% ▕██████████████████▏   68 B                         [K
pulling eb4402837c78: 100% ▕██████████████████▏ 1.5 KB                         [K
pulling 832dd9e00a68: 100% ▕██████████████████▏  11 KB                         [K
pulling 2f15b3218f05: 100% ▕██████████████████▏  487 B                         [K
verifying sha256 digest ⠸ [K[?25h[?2026l[?2026h[?25l[A[A[A[A[A[A[1Gpulling manifest [K
pulling 2bada8a74506: 100% ▕██████████████████▏ 4.7 GB                         [K
pulling 66b9ea09bd5b: 100% ▕██████████████████▏   68 B                         [K
pulling eb4402837c78: 100% ▕██████████████████▏ 1.5 KB                         [K
pulling 832dd9e00a68: 100% ▕██████████████████▏  11 KB                         [K
pulling 2f15b3218f05: 100% ▕██████████████████▏  487 B                         [K
verifying sha256 digest ⠼ [K[?25h[?2026l[?2026h[?25l[A[A[A[A[A[A[1Gpulling manifest [K
pulling 2bada8a74506: 100% ▕██████████████████▏ 4.7 GB                         [K
pulling 66b9ea09bd5b: 100% ▕██████████████████▏   68 B                         [K
pulling eb4402837c78: 100% ▕██████████████████▏ 1.5 KB                         [K
pulling 832dd9e00a68: 100% ▕██████████████████▏  11 KB                         [K
pulling 2f15b3218f05: 100% ▕██████████████████▏  487 B                         [K
verifying sha256 digest ⠴ [K[?25h[?2026l[?2026h[?25l[A[A[A[A[A[A[1Gpulling manifest [K
pulling 2bada8a74506: 100% ▕██████████████████▏ 4.7 GB                         [K
pulling 66b9ea09bd5b: 100% ▕██████████████████▏   68 B                         [K
pulling eb4402837c78: 100% ▕██████████████████▏ 1.5 KB                         [K
pulling 832dd9e00a68: 100% ▕██████████████████▏  11 KB                         [K
pulling 2f15b3218f05: 100% ▕██████████████████▏  487 B                         [K
verifying sha256 digest ⠦ [K[?25h[?2026l[?2026h[?25l[A[A[A[A[A[A[1Gpulling manifest [K
pulling 2bada8a74506: 100% ▕██████████████████▏ 4.7 GB                         [K
pulling 66b9ea09bd5b: 100% ▕██████████████████▏   68 B                         [K
pulling eb4402837c78: 100% ▕██████████████████▏ 1.5 KB                         [K
pulling 832dd9e00a68: 100% ▕██████████████████▏  11 KB                         [K
pulling 2f15b3218f05: 100% ▕██████████████████▏  487 B                         [K
verifying sha256 digest ⠧ [K[?25h[?2026l[?2026h[?25l[A[A[A[A[A[A[1Gpulling manifest [K
pulling 2bada8a74506: 100% ▕██████████████████▏ 4.7 GB                         [K
pulling 66b9ea09bd5b: 100% ▕██████████████████▏   68 B                         [K
pulling eb4402837c78: 100% ▕██████████████████▏ 1.5 KB                         [K
pulling 832dd9e00a68: 100% ▕██████████████████▏  11 KB                         [K
pulling 2f15b3218f05: 100% ▕██████████████████▏  487 B                         [K
verifying sha256 digest ⠇ [K[?25h[?2026l[?2026h[?25l[A[A[A[A[A[A[1Gpulling manifest [K
pulling 2bada8a74506: 100% ▕██████████████████▏ 4.7 GB                         [K
pulling 66b9ea09bd5b: 100% ▕██████████████████▏   68 B                         [K
pulling eb4402837c78: 100% ▕██████████████████▏ 1.5 KB                         [K
pulling 832dd9e00a68: 100% ▕██████████████████▏  11 KB                         [K
pulling 2f15b3218f05: 100% ▕██████████████████▏  487 B                         [K
verifying sha256 digest ⠏ [K[?25h[?2026l[?2026h[?25l[A[A[A[A[A[A[1Gpulling manifest [K
pulling 2bada8a74506: 100% ▕██████████████████▏ 4.7 GB                         [K
pulling 66b9ea09bd5b: 100% ▕██████████████████▏   68 B                         [K
pulling eb4402837c78: 100% ▕██████████████████▏ 1.5 KB                         [K
pulling 832dd9e00a68: 100% ▕██████████████████▏  11 KB                         [K
pulling 2f15b3218f05: 100% ▕██████████████████▏  487 B                         [K
verifying sha256 digest ⠋ [K[?25h[?2026l[?2026h[?25l[A[A[A[A[A[A[1Gpulling manifest [K
pulling 2bada8a74506: 100% ▕██████████████████▏ 4.7 GB                         [K
pulling 66b9ea09bd5b: 100% ▕██████████████████▏   68 B                         [K
pulling eb4402837c78: 100% ▕██████████████████▏ 1.5 KB                         [K
pulling 832dd9e00a68: 100% ▕██████████████████▏  11 KB                         [K
pulling 2f15b3218f05: 100% ▕██████████████████▏  487 B                         [K
verifying sha256 digest ⠙ [K[?25h[?2026l[?2026h[?25l[A[A[A[A[A[A[1Gpulling manifest [K
pulling 2bada8a74506: 100% ▕██████████████████▏ 4.7 GB                         [K
pulling 66b9ea09bd5b: 100% ▕██████████████████▏   68 B                         [K
pulling eb4402837c78: 100% ▕██████████████████▏ 1.5 KB                         [K
pulling 832dd9e00a68: 100% ▕██████████████████▏  11 KB                         [K
pulling 2f15b3218f05: 100% ▕██████████████████▏  487 B                         [K
verifying sha256 digest ⠹ [K[?25h[?2026l[?2026h[?25l[A[A[A[A[A[A[1Gpulling manifest [K
pulling 2bada8a74506: 100% ▕██████████████████▏ 4.7 GB                         [K
pulling 66b9ea09bd5b: 100% ▕██████████████████▏   68 B                         [K
pulling eb4402837c78: 100% ▕██████████████████▏ 1.5 KB                         [K
pulling 832dd9e00a68: 100% ▕██████████████████▏  11 KB                         [K
pulling 2f15b3218f05: 100% ▕██████████████████▏  487 B                         [K
verifying sha256 digest ⠸ [K[?25h[?2026l[?2026h[?25l[A[A[A[A[A[A[1Gpulling manifest [K
pulling 2bada8a74506: 100% ▕██████████████████▏ 4.7 GB                         [K
pulling 66b9ea09bd5b: 100% ▕██████████████████▏   68 B                         [K
pulling eb4402837c78: 100% ▕██████████████████▏ 1.5 KB                         [K
pulling 832dd9e00a68: 100% ▕██████████████████▏  11 KB                         [K
pulling 2f15b3218f05: 100% ▕██████████████████▏  487 B                         [K
verifying sha256 digest ⠼ [K[?25h[?2026l[?2026h[?25l[A[A[A[A[A[A[1Gpulling manifest [K
pulling 2bada8a74506: 100% ▕██████████████████▏ 4.7 GB                         [K
pulling 66b9ea09bd5b: 100% ▕██████████████████▏   68 B                         [K
pulling eb4402837c78: 100% ▕██████████████████▏ 1.5 KB                         [K
pulling 832dd9e00a68: 100% ▕██████████████████▏  11 KB                         [K
pulling 2f15b3218f05: 100% ▕██████████████████▏  487 B                         [K
verifying sha256 digest [K
writing manifest [K
success [K[?25h[?2026l
