[?2026h[?25l[1Gpulling manifest ⠋ [K[?25h[?2026l[?2026h[?25l[1Gpulling manifest ⠙ [K[?25h[?2026l[?2026h[?25l[1Gpulling manifest ⠹ [K[?25h[?2026l[?2026h[?25l[1Gpulling manifest ⠸ [K[?25h[?2026l[?2026h[?25l[1Gpulling manifest ⠼ [K[?25h[?2026l[?2026h[?25l[1Gpulling manifest ⠴ [K[?25h[?2026l[?2026h[?25l[1Gpulling manifest ⠧ [K[?25h[?2026l[?2026h[?25l[1Gpulling manifest ⠧ [K[?25h[?2026l[?2026h[?25l[1Gpulling manifest ⠏ [K[?25h[?2026l[?2026h[?25l[1Gpulling manifest ⠏ [K[?25h[?2026l[?2026h[?25l[1Gpulling manifest ⠋ [K[?25h[?2026l[?2026h[?25l[1Gpulling manifest ⠙ [K[?25h[?2026l[?2026h[?25l[1Gpulling manifest [K
pulling 667b0c1932bc:   0% ▕                  ▏ 605 KB/4.9 GB                  [K[?25h[?2026l[?2026h[?25l[A[1Gpulling manifest [K
pulling 667b0c1932bc:   0% ▕                  ▏ 4.0 MB/4.9 GB                  [K[?25h[?2026l[?2026h[?25l[A[1Gpulling manifest [K
pulling 667b0c1932bc:   0% ▕                  ▏ 5.6 MB/4.9 GB                  [K[?25h[?2026l[?2026h[?25l[A[1Gpulling manifest [K
pulling 667b0c1932bc:   0% ▕                  ▏ 9.6 MB/4.9 GB                  [K[?25h[?2026l[?2026h[?25l[A[1Gpulling manifest [K
pulling 667b0c1932bc:   0% ▕                  ▏  13 MB/4.9 GB                  [K[?25h[?2026l[?2026h[?25l[A[1Gpulling manifest [K
pulling 667b0c1932bc:   0% ▕                  ▏  17 MB/4.9 GB                  [K[?25h[?2026l[?2026h[?25l[A[1Gpulling manifest [K
pulling 667b0c1932bc:   0% ▕                  ▏  19 MB/4.9 GB                  [K[?25h[?2026l[?2026h[?25l[A[1Gpulling manifest [K
pulling 667b0c1932bc:   0% ▕                  ▏  22 MB/4.9 GB                  [K[?25h[?2026l[?2026h[?25l[A[1Gpulling manifest [K
pulling 667b0c1932bc:   1% ▕                  ▏  24 MB/4.9 GB                  [K[?25h[?2026l[?2026h[?25l[A[1Gpulling manifest [K
pulling 667b0c1932bc:   1% ▕                  ▏  28 MB/4.9 GB                  [K[?25h[?2026l[?2026h[?25l[A[1Gpulling manifest [K
pulling 667b0c1932bc:   1% ▕                  ▏  31 MB/4.9 GB   31 MB/s   2m36s[K[?25h[?2026l[?2026h[?25l[A[1Gpulling manifest [K
pulling 667b0c1932bc:   1% ▕                  ▏  33 MB/4.9 GB   31 MB/s   2m35s[K[?25h[?2026l[?2026h[?25l[A[1Gpulling manifest [K
pulling 667b0c1932bc:   1% ▕                  ▏  37 MB/4.9 GB   31 MB/s   2m35s[K[?25h[?2026l[?2026h[?25l[A[1Gpulling manifest [K
pulling 667b0c1932bc:   1% ▕                  ▏  40 MB/4.9 GB   31 MB/s   2m35s[K[?25h[?2026l[?2026h[?25l[A[1Gpulling manifest [K
pulling 667b0c1932bc:   1% ▕                  ▏  42 MB/4.9 GB   31 MB/s   2m35s[K[?25h[?2026l[?2026h[?25l[A[1Gpulling manifest [K
pulling 667b0c1932bc:   1% ▕                  ▏  46 MB/4.9 GB   31 MB/s   2m35s[K[?25h[?2026l[?2026h[?25l[A[1Gpulling manifest [K
pulling 667b0c1932bc:   1% ▕                  ▏  49 MB/4.9 GB   31 MB/s   2m35s[K[?25h[?2026l[?2026h[?25l[A[1Gpulling manifest [K
pulling 667b0c1932bc:   1% ▕                  ▏  52 MB/4.9 GB   31 MB/s   2m35s[K[?25h[?2026l[?2026h[?25l[A[1Gpulling manifest [K
pulling 667b0c1932bc:   1% ▕                  ▏  54 MB/4.9 GB   31 MB/s   2m35s[K[?25h[?2026l[?2026h[?25l[A[1Gpulling manifest [K
pulling 667b0c1932bc:   1% ▕                  ▏  58 MB/4.9 GB   31 MB/s   2m35s[K[?25h[?2026l[?2026h[?25l[A[1Gpulling manifest [K
pulling 667b0c1932bc:   1% ▕                  ▏  59 MB/4.9 GB   31 MB/s   2m35s[K[?25h[?2026l[?2026h[?25l[A[1Gpulling manifest [K
pulling 667b0c1932bc:   1% ▕                  ▏  63 MB/4.9 GB   30 MB/s   2m39s[K[?25h[?2026l[?2026h[?25l[A[1Gpulling manifest [K
pulling 667b0c1932bc:   1% ▕                  ▏  66 MB/4.9 GB   30 MB/s   2m39s[K[?25h[?2026l[?2026h[?25l[A[1Gpulling manifest [K
pulling 667b0c1932bc:   1% ▕                  ▏  67 MB/4.9 GB   30 MB/s   2m39s[K[?25h[?2026l[?2026h[?25l[A[1Gpulling manifest [K
pulling 667b0c1932bc:   1% ▕                  ▏  69 MB/4.9 GB   30 MB/s   2m39s[K[?25h[?2026l[?2026h[?25l[A[1Gpulling manifest [K
pulling 667b0c1932bc:   1% ▕                  ▏  72 MB/4.9 GB   30 MB/s   2m38s[K[?25h[?2026l[?2026h[?25l[A[1Gpulling manifest [K
pulling 667b0c1932bc:   1% ▕                  ▏  73 MB/4.9 GB   30 MB/s   2m38s[K[?25h[?2026l[?2026h[?25l[A[1Gpulling manifest [K
pulling 667b0c1932bc:   2% ▕                  ▏  75 MB/4.9 GB   30 MB/s   2m38s[K[?25h[?2026l[?2026h[?25l[A[1Gpulling manifest [K
pulling 667b0c1932bc:   2% ▕                  ▏  77 MB/4.9 GB   30 MB/s   2m38s[K[?25h[?2026l[?2026h[?25l[A[1Gpulling manifest [K
pulling 667b0c1932bc:   2% ▕                  ▏  78 MB/4.9 GB   30 MB/s   2m38s[K[?25h[?2026l[?2026h[?25l[A[1Gpulling manifest [K
pulling 667b0c1932bc:   2% ▕                  ▏  81 MB/4.9 GB   30 MB/s   2m38s[K[?25h[?2026l[?2026h[?25l[A[1Gpulling manifest [K
pulling 667b0c1932bc:   2% ▕                  ▏  83 MB/4.9 GB   27 MB/s   2m57s[K[?25h[?2026l[?2026h[?25l[A[1Gpulling manifest [K
pulling 667b0c1932bc:   2% ▕                  ▏  84 MB/4.9 GB   27 MB/s   2m57s[K[?25h[?2026l[?2026h[?25l[A[1Gpulling manifest [K
pulling 667b0c1932bc:   2% ▕                  ▏  87 MB/4.9 GB   27 MB/s   2m57s[K[?25h[?2026l[?2026h[?25l[A[1Gpulling manifest [K
pulling 667b0c1932bc:   2% ▕                  ▏  89 MB/4.9 GB   27 MB/s   2m57s[K[?25h[?2026l[?2026h[?25l[A[1Gpulling manifest [K
pulling 667b0c1932bc:   2% ▕                  ▏  92 MB/4.9 GB   27 MB/s   2m56s[K[?25h[?2026l[?2026h[?25l[A[1Gpulling manifest [K
pulling 667b0c1932bc:   2% ▕                  ▏  93 MB/4.9 GB   27 MB/s   2m56s[K[?25h[?2026l[?2026h[?25l[A[1Gpulling manifest [K
pulling 667b0c1932bc:   2% ▕                  ▏  96 MB/4.9 GB   27 MB/s   2m56s[K[?25h[?2026l[?2026h[?25l[A[1Gpulling manifest [K
pulling 667b0c1932bc:   2% ▕                  ▏  97 MB/4.9 GB   27 MB/s   2m56s[K[?25h[?2026l[?2026h[?25l[A[1Gpulling manifest [K
pulling 667b0c1932bc:   2% ▕                  ▏  99 MB/4.9 GB   27 MB/s   2m56s[K[?25h[?2026l[?2026h[?25l[A[1Gpulling manifest [K
pulling 667b0c1932bc:   2% ▕                  ▏ 102 MB/4.9 GB   27 MB/s   2m56s[K[?25h[?2026l[?2026h[?25l[A[1Gpulling manifest [K
pulling 667b0c1932bc:   2% ▕                  ▏ 103 MB/4.9 GB   25 MB/s    3m7s[K[?25h[?2026l[?2026h[?25l[A[1Gpulling manifest [K
pulling 667b0c1932bc:   2% ▕                  ▏ 105 MB/4.9 GB   25 MB/s    3m7s[K[?25h[?2026l[?2026h[?25l[A[1Gpulling manifest [K
pulling 667b0c1932bc:   2% ▕                  ▏ 107 MB/4.9 GB   25 MB/s    3m7s[K[?25h[?2026l[?2026h[?25l[A[1Gpulling manifest [K
pulling 667b0c1932bc:   2% ▕                  ▏ 108 MB/4.9 GB   25 MB/s    3m7s[K[?25h[?2026l[?2026h[?25l[A[1Gpulling manifest [K
pulling 667b0c1932bc:   2% ▕                  ▏ 110 MB/4.9 GB   25 MB/s    3m7s[K[?25h[?2026l[?2026h[?25l[A[1Gpulling manifest [K
pulling 667b0c1932bc:   2% ▕                  ▏ 112 MB/4.9 GB   25 MB/s    3m6s[K[?25h[?2026l[?2026h[?25l[A[1Gpulling manifest [K
pulling 667b0c1932bc:   2% ▕                  ▏ 114 MB/4.9 GB   25 MB/s    3m6s[K[?25h[?2026l[?2026h[?25l[A[1Gpulling manifest [K
pulling 667b0c1932bc:   2% ▕                  ▏ 116 MB/4.9 GB   25 MB/s    3m6s[K[?25h[?2026l[?2026h[?25l[A[1Gpulling manifest [K
pulling 667b0c1932bc:   2% ▕                  ▏ 119 MB/4.9 GB   25 MB/s    3m6s[K[?25h[?2026l[?2026h[?25l[A[1Gpulling manifest [K
pulling 667b0c1932bc:   2% ▕                  ▏ 120 MB/4.9 GB   25 MB/s    3m6s[K[?25h[?2026l[?2026h[?25l[A[1Gpulling manifest [K
pulling 667b0c1932bc:   2% ▕                  ▏ 122 MB/4.9 GB   24 MB/s   3m17s[K[?25h[?2026l[?2026h[?25l[A[1Gpulling manifest [K
pulling 667b0c1932bc:   3% ▕                  ▏ 124 MB/4.9 GB   24 MB/s   3m17s[K[?25h[?2026l[?2026h[?25l[A[1Gpulling manifest [K
pulling 667b0c1932bc:   3% ▕                  ▏ 125 MB/4.9 GB   24 MB/s   3m17s[K[?25h[?2026l[?2026h[?25l[A[1Gpulling manifest [K
pulling 667b0c1932bc:   3% ▕                  ▏ 127 MB/4.9 GB   24 MB/s   3m17s[K[?25h[?2026l[?2026h[?25l[A[1Gpulling manifest [K
pulling 667b0c1932bc:   3% ▕                  ▏ 129 MB/4.9 GB   24 MB/s   3m17s[K[?25h[?2026l[?2026h[?25l[A[1Gpulling manifest [K
pulling 667b0c1932bc:   3% ▕                  ▏ 130 MB/4.9 GB   24 MB/s   3m17s[K[?25h[?2026l[?2026h[?25l[A[1Gpulling manifest [K
pulling 667b0c1932bc:   3% ▕                  ▏ 132 MB/4.9 GB   24 MB/s   3m17s[K[?25h[?2026l[?2026h[?25l[A[1Gpulling manifest [K
pulling 667b0c1932bc:   3% ▕                  ▏ 135 MB/4.9 GB   24 MB/s   3m16s[K[?25h[?2026l[?2026h[?25l[A[1Gpulling manifest [K
pulling 667b0c1932bc:   3% ▕                  ▏ 136 MB/4.9 GB   24 MB/s   3m16s[K[?25h[?2026l[?2026h[?25l[A[1Gpulling manifest [K
pulling 667b0c1932bc:   3% ▕                  ▏ 138 MB/4.9 GB   24 MB/s   3m16s[K[?25h[?2026l[?2026h[?25l[A[1Gpulling manifest [K
pulling 667b0c1932bc:   3% ▕                  ▏ 141 MB/4.9 GB   23 MB/s   3m24s[K[?25h[?2026l[?2026h[?25l[A[1Gpulling manifest [K
pulling 667b0c1932bc:   3% ▕                  ▏ 142 MB/4.9 GB   23 MB/s   3m24s[K[?25h[?2026l[?2026h[?25l[A[1Gpulling manifest [K
pulling 667b0c1932bc:   3% ▕                  ▏ 144 MB/4.9 GB   23 MB/s   3m23s[K[?25h[?2026l[?2026h[?25l[A[1Gpulling manifest [K
pulling 667b0c1932bc:   3% ▕                  ▏ 146 MB/4.9 GB   23 MB/s   3m23s[K[?25h[?2026l[?2026h[?25l[A[1Gpulling manifest [K
pulling 667b0c1932bc:   3% ▕                  ▏ 148 MB/4.9 GB   23 MB/s   3m23s[K[?25h[?2026l[?2026h[?25l[A[1Gpulling manifest [K
pulling 667b0c1932bc:   3% ▕                  ▏ 150 MB/4.9 GB   23 MB/s   3m23s[K[?25h[?2026l[?2026h[?25l[A[1Gpulling manifest [K
pulling 667b0c1932bc:   3% ▕                  ▏ 152 MB/4.9 GB   23 MB/s   3m23s[K[?25h[?2026l[?2026h[?25l[A[1Gpulling manifest [K
pulling 667b0c1932bc:   3% ▕                  ▏ 153 MB/4.9 GB   23 MB/s   3m23s[K[?25h[?2026l[?2026h[?25l[A[1Gpulling manifest [K
pulling 667b0c1932bc:   3% ▕                  ▏ 155 MB/4.9 GB   23 MB/s   3m23s[K[?25h[?2026l[?2026h[?25l[A[1Gpulling manifest [K
pulling 667b0c1932bc:   3% ▕                  ▏ 158 MB/4.9 GB   23 MB/s   3m23s[K[?25h[?2026l[?2026h[?25l[A[1Gpulling manifest [K
pulling 667b0c1932bc:   3% ▕                  ▏ 159 MB/4.9 GB   23 MB/s   3m23s[K[?25h[?2026l[?2026h[?25l[A[1Gpulling manifest [K
pulling 667b0c1932bc:   3% ▕                  ▏ 161 MB/4.9 GB   22 MB/s   3m27s[K[?25h[?2026l[?2026h[?25l[A[1Gpulling manifest [K
pulling 667b0c1932bc:   3% ▕                  ▏ 164 MB/4.9 GB   22 MB/s   3m27s[K[?25h[?2026l[?2026h[?25l[A[1Gpulling manifest [K
pulling 667b0c1932bc:   3% ▕                  ▏ 165 MB/4.9 GB   22 MB/s   3m27s[K[?25h[?2026l[?2026h[?25l[A[1Gpulling manifest [K
pulling 667b0c1932bc:   3% ▕                  ▏ 167 MB/4.9 GB   22 MB/s   3m27s[K[?25h[?2026l[?2026h[?25l[A[1Gpulling manifest [K
pulling 667b0c1932bc:   3% ▕                  ▏ 170 MB/4.9 GB   22 MB/s   3m27s[K[?25h[?2026l[?2026h[?25l[A[1Gpulling manifest [K
pulling 667b0c1932bc:   3% ▕                  ▏ 171 MB/4.9 GB   22 MB/s   3m27s[K[?25h[?2026l[?2026h[?25l[A[1Gpulling manifest [K
pulling 667b0c1932bc:   4% ▕                  ▏ 173 MB/4.9 GB   22 MB/s   3m27s[K[?25h[?2026l[?2026h[?25l[A[1Gpulling manifest [K
pulling 667b0c1932bc:   4% ▕                  ▏ 175 MB/4.9 GB   22 MB/s   3m27s[K[?25h[?2026l[?2026h[?25l[A[1Gpulling manifest [K
pulling 667b0c1932bc:   4% ▕                  ▏ 176 MB/4.9 GB   22 MB/s   3m27s[K[?25h[?2026l[?2026h[?25l[A[1Gpulling manifest [K
pulling 667b0c1932bc:   4% ▕                  ▏ 178 MB/4.9 GB   22 MB/s   3m27s[K[?25h[?2026l[?2026h[?25l[A[1Gpulling manifest [K
pulling 667b0c1932bc:   4% ▕                  ▏ 180 MB/4.9 GB   22 MB/s   3m31s[K[?25h[?2026l[?2026h[?25l[A[1Gpulling manifest [K
pulling 667b0c1932bc:   4% ▕                  ▏ 181 MB/4.9 GB   22 MB/s   3m31s[K[?25h[?2026l[?2026h[?25l[A[1Gpulling manifest [K
pulling 667b0c1932bc:   4% ▕                  ▏ 184 MB/4.9 GB   22 MB/s   3m31s[K[?25h[?2026l[?2026h[?25l[A[1Gpulling manifest [K
pulling 667b0c1932bc:   4% ▕                  ▏ 186 MB/4.9 GB   22 MB/s   3m31s[K[?25h[?2026l[?2026h[?25l[A[1Gpulling manifest [K
pulling 667b0c1932bc:   4% ▕                  ▏ 187 MB/4.9 GB   22 MB/s   3m31s[K[?25h[?2026l[?2026h[?25l[A[1Gpulling manifest [K
pulling 667b0c1932bc:   4% ▕                  ▏ 190 MB/4.9 GB   22 MB/s   3m31s[K[?25h[?2026l[?2026h[?25l[A[1Gpulling manifest [K
pulling 667b0c1932bc:   4% ▕                  ▏ 192 MB/4.9 GB   22 MB/s   3m31s[K[?25h[?2026l[?2026h[?25l[A[1Gpulling manifest [K
pulling 667b0c1932bc:   4% ▕                  ▏ 193 MB/4.9 GB   22 MB/s   3m31s[K[?25h[?2026l[?2026h[?25l[A[1Gpulling manifest [K
pulling 667b0c1932bc:   4% ▕                  ▏ 195 MB/4.9 GB   22 MB/s   3m31s[K[?25h[?2026l[?2026h[?25l[A[1Gpulling manifest [K
pulling 667b0c1932bc:   4% ▕                  ▏ 198 MB/4.9 GB   22 MB/s   3m31s[K[?25h[?2026l[?2026h[?25l[A[1Gpulling manifest [K
pulling 667b0c1932bc:   4% ▕                  ▏ 199 MB/4.9 GB   22 MB/s   3m33s[K[?25h[?2026l[?2026h[?25l[A[1Gpulling manifest [K
pulling 667b0c1932bc:   4% ▕                  ▏ 201 MB/4.9 GB   22 MB/s   3m33s[K[?25h[?2026l[?2026h[?25l[A[1Gpulling manifest [K
pulling 667b0c1932bc:   4% ▕                  ▏ 204 MB/4.9 GB   22 MB/s   3m33s[K[?25h[?2026l[?2026h[?25l[A[1Gpulling manifest [K
pulling 667b0c1932bc:   4% ▕                  ▏ 205 MB/4.9 GB   22 MB/s   3m33s[K[?25h[?2026l[?2026h[?25l[A[1Gpulling manifest [K
pulling 667b0c1932bc:   4% ▕                  ▏ 208 MB/4.9 GB   22 MB/s   3m33s[K[?25h[?2026l[?2026h[?25l[A[1Gpulling manifest [K
pulling 667b0c1932bc:   4% ▕                  ▏ 210 MB/4.9 GB   22 MB/s   3m33s[K[?25h[?2026l[?2026h[?25l[A[1Gpulling manifest [K
pulling 667b0c1932bc:   4% ▕                  ▏ 211 MB/4.9 GB   22 MB/s   3m33s[K[?25h[?2026l[?2026h[?25l[A[1Gpulling manifest [K
pulling 667b0c1932bc:   4% ▕                  ▏ 214 MB/4.9 GB   22 MB/s   3m32s[K[?25h[?2026l[?2026h[?25l[A[1Gpulling manifest [K
pulling 667b0c1932bc:   4% ▕                  ▏ 216 MB/4.9 GB   22 MB/s   3m32s[K[?25h[?2026l[?2026h[?25l[A[1Gpulling manifest [K
pulling 667b0c1932bc:   4% ▕                  ▏ 218 MB/4.9 GB   22 MB/s   3m32s[K[?25h[?2026l[?2026h[?25l[A[1Gpulling manifest [K
pulling 667b0c1932bc:   4% ▕                  ▏ 220 MB/4.9 GB   20 MB/s   3m43s[K[?25h[?2026l[?2026h[?25l[A[1Gpulling manifest [K
pulling 667b0c1932bc:   5% ▕                  ▏ 223 MB/4.9 GB   20 MB/s   3m43s[K[?25h[?2026l[?2026h[?25l[A[1Gpulling manifest [K
pulling 667b0c1932bc:   5% ▕                  ▏ 224 MB/4.9 GB   20 MB/s   3m43s[K[?25h[?2026l[?2026h[?25l[A[1Gpulling manifest [K
pulling 667b0c1932bc:   5% ▕                  ▏ 226 MB/4.9 GB   20 MB/s   3m43s[K[?25h[?2026l[?2026h[?25l[A[1Gpulling manifest [K
pulling 667b0c1932bc:   5% ▕                  ▏ 229 MB/4.9 GB   20 MB/s   3m43s[K[?25h[?2026l[?2026h[?25l[A[1Gpulling manifest [K
pulling 667b0c1932bc:   5% ▕                  ▏ 230 MB/4.9 GB   20 MB/s   3m43s[K[?25h[?2026l[?2026h[?25l[A[1Gpulling manifest [K
pulling 667b0c1932bc:   5% ▕                  ▏ 233 MB/4.9 GB   20 MB/s   3m43s[K[?25h[?2026l[?2026h[?25l[A[1Gpulling manifest [K
pulling 667b0c1932bc:   5% ▕                  ▏ 235 MB/4.9 GB   20 MB/s   3m43s[K[?25h[?2026l[?2026h[?25l[A[1Gpulling manifest [K
pulling 667b0c1932bc:   5% ▕                  ▏ 236 MB/4.9 GB   20 MB/s   3m43s[K[?25h[?2026l[?2026h[?25l[A[1Gpulling manifest [K
pulling 667b0c1932bc:   5% ▕                  ▏ 239 MB/4.9 GB   20 MB/s   3m42s[K[?25h[?2026l[?2026h[?25l[A[1Gpulling manifest [K
pulling 667b0c1932bc:   5% ▕                  ▏ 241 MB/4.9 GB   19 MB/s   3m54s[K[?25h[?2026l[?2026h[?25l[A[1Gpulling manifest [K
pulling 667b0c1932bc:   5% ▕                  ▏ 242 MB/4.9 GB   19 MB/s   3m54s[K[?25h[?2026l[?2026h[?25l[A[1Gpulling manifest [K
pulling 667b0c1932bc:   5% ▕                  ▏ 245 MB/4.9 GB   19 MB/s   3m54s[K[?25h[?2026l[?2026h[?25l[A[1Gpulling manifest [K
pulling 667b0c1932bc:   5% ▕                  ▏ 247 MB/4.9 GB   19 MB/s   3m53s[K[?25h[?2026l[?2026h[?25l[A[1Gpulling manifest [K
pulling 667b0c1932bc:   5% ▕                  ▏ 248 MB/4.9 GB   19 MB/s   3m53s[K[?25h[?2026l[?2026h[?25l[A[1Gpulling manifest [K
pulling 667b0c1932bc:   5% ▕                  ▏ 250 MB/4.9 GB   19 MB/s   3m53s[K[?25h[?2026l[?2026h[?25l[A[1Gpulling manifest [K
pulling 667b0c1932bc:   5% ▕                  ▏ 253 MB/4.9 GB   19 MB/s   3m53s[K[?25h[?2026l[?2026h[?25l[A[1Gpulling manifest [K
pulling 667b0c1932bc:   5% ▕                  ▏ 254 MB/4.9 GB   19 MB/s   3m53s[K[?25h[?2026l[?2026h[?25l[A[1Gpulling manifest [K
pulling 667b0c1932bc:   5% ▕                  ▏ 257 MB/4.9 GB   19 MB/s   3m53s[K[?25h[?2026l[?2026h[?25l[A[1Gpulling manifest [K
pulling 667b0c1932bc:   5% ▕                  ▏ 259 MB/4.9 GB   19 MB/s   3m53s[K[?25h[?2026l[?2026h[?25l[A[1Gpulling manifest [K
pulling 667b0c1932bc:   5% ▕                  ▏ 261 MB/4.9 GB   19 MB/s   3m53s[K[?25h[?2026l[?2026h[?25l[A[1Gpulling manifest [K
pulling 667b0c1932bc:   5% ▕                  ▏ 263 MB/4.9 GB   19 MB/s   3m52s[K[?25h[?2026l[?2026h[?25l[A[1Gpulling manifest [K
pulling 667b0c1932bc:   5% ▕                  ▏ 266 MB/4.9 GB   19 MB/s   3m52s[K[?25h[?2026l[?2026h[?25l[A[1Gpulling manifest [K
pulling 667b0c1932bc:   5% ▕                  ▏ 267 MB/4.9 GB   19 MB/s   3m52s[K[?25h[?2026l[?2026h[?25l[A[1Gpulling manifest [K
pulling 667b0c1932bc:   5% ▕                  ▏ 269 MB/4.9 GB   19 MB/s   3m52s[K[?25h[?2026l[?2026h[?25l[A[1Gpulling manifest [K
pulling 667b0c1932bc:   6% ▕                  ▏ 272 MB/4.9 GB   19 MB/s   3m52s[K[?25h[?2026l[?2026h[?25l[A[1Gpulling manifest [K
pulling 667b0c1932bc:   6% ▕                  ▏ 273 MB/4.9 GB   19 MB/s   3m52s[K[?25h[?2026l[?2026h[?25l[A[1Gpulling manifest [K
pulling 667b0c1932bc:   6% ▕█                 ▏ 275 MB/4.9 GB   19 MB/s   3m52s[K[?25h[?2026l[?2026h[?25l[A[1Gpulling manifest [K
pulling 667b0c1932bc:   6% ▕█                 ▏ 278 MB/4.9 GB   19 MB/s   3m52s[K[?25h[?2026l[?2026h[?25l[A[1Gpulling manifest [K
pulling 667b0c1932bc:   6% ▕█                 ▏ 279 MB/4.9 GB   19 MB/s   3m52s[K[?25h[?2026l[?2026h[?25l[A[1Gpulling manifest [K
pulling 667b0c1932bc:   6% ▕█                 ▏ 281 MB/4.9 GB   19 MB/s   3m52s[K[?25h[?2026l[?2026h[?25l[A[1Gpulling manifest [K
pulling 667b0c1932bc:   6% ▕█                 ▏ 283 MB/4.9 GB   19 MB/s   3m52s[K[?25h[?2026l[?2026h[?25l[A[1Gpulling manifest [K
pulling 667b0c1932bc:   6% ▕█                 ▏ 284 MB/4.9 GB   19 MB/s   3m52s[K[?25h[?2026l[?2026h[?25l[A[1Gpulling manifest [K
pulling 667b0c1932bc:   6% ▕█                 ▏ 286 MB/4.9 GB   19 MB/s   3m52s[K[?25h[?2026l[?2026h[?25l[A[1Gpulling manifest [K
pulling 667b0c1932bc:   6% ▕█                 ▏ 289 MB/4.9 GB   19 MB/s   3m52s[K[?25h[?2026l[?2026h[?25l[A[1Gpulling manifest [K
pulling 667b0c1932bc:   6% ▕█                 ▏ 290 MB/4.9 GB   19 MB/s   3m52s[K[?25h[?2026l[?2026h[?25l[A[1Gpulling manifest [K
pulling 667b0c1932bc:   6% ▕█                 ▏ 292 MB/4.9 GB   19 MB/s   3m52s[K[?25h[?2026l[?2026h[?25l[A[1Gpulling manifest [K
pulling 667b0c1932bc:   6% ▕█                 ▏ 294 MB/4.9 GB   19 MB/s   3m52s[K[?25h[?2026l[?2026h[?25l[A[1Gpulling manifest [K
pulling 667b0c1932bc:   6% ▕█                 ▏ 295 MB/4.9 GB   19 MB/s   3m52s[K[?25h[?2026l[?2026h[?25l[A[1Gpulling manifest [K
pulling 667b0c1932bc:   6% ▕█                 ▏ 297 MB/4.9 GB   19 MB/s   3m51s[K[?25h[?2026l[?2026h[?25l[A[1Gpulling manifest [K
pulling 667b0c1932bc:   6% ▕█                 ▏ 299 MB/4.9 GB   19 MB/s   3m51s[K[?25h[?2026l[?2026h[?25l[A[1Gpulling manifest [K
pulling 667b0c1932bc:   6% ▕█                 ▏ 300 MB/4.9 GB   19 MB/s   3m53s[K[?25h[?2026l[?2026h[?25l[A[1Gpulling manifest [K
pulling 667b0c1932bc:   6% ▕█                 ▏ 302 MB/4.9 GB   19 MB/s   3m52s[K[?25h[?2026l[?2026h[?25l[A[1Gpulling manifest [K
pulling 667b0c1932bc:   6% ▕█                 ▏ 304 MB/4.9 GB   19 MB/s   3m52s[K[?25h[?2026l[?2026h[?25l[A[1Gpulling manifest [K
pulling 667b0c1932bc:   6% ▕█                 ▏ 305 MB/4.9 GB   19 MB/s   3m52s[K[?25h[?2026l[?2026h[?25l[A[1Gpulling manifest [K
pulling 667b0c1932bc:   6% ▕█                 ▏ 307 MB/4.9 GB   19 MB/s   3m52s[K[?25h[?2026l[?2026h[?25l[A[1Gpulling manifest [K
pulling 667b0c1932bc:   6% ▕█                 ▏ 309 MB/4.9 GB   19 MB/s   3m52s[K[?25h[?2026l[?2026h[?25l[A[1Gpulling manifest [K
pulling 667b0c1932bc:   6% ▕█                 ▏ 310 MB/4.9 GB   19 MB/s   3m52s[K[?25h[?2026l[?2026h[?25l[A[1Gpulling manifest [K
pulling 667b0c1932bc:   6% ▕█                 ▏ 313 MB/4.9 GB   19 MB/s   3m52s[K[?25h[?2026l[?2026h[?25l[A[1Gpulling manifest [K
pulling 667b0c1932bc:   6% ▕█                 ▏ 315 MB/4.9 GB   19 MB/s   3m52s[K[?25h[?2026l[?2026h[?25l[A[1Gpulling manifest [K
pulling 667b0c1932bc:   6% ▕█                 ▏ 316 MB/4.9 GB   19 MB/s   3m52s[K[?25h[?2026l[?2026h[?25l[A[1Gpulling manifest [K
pulling 667b0c1932bc:   6% ▕█                 ▏ 318 MB/4.9 GB   19 MB/s   3m54s[K[?25h[?2026l[?2026h[?25l[A[1Gpulling manifest [K
pulling 667b0c1932bc:   7% ▕█                 ▏ 320 MB/4.9 GB   19 MB/s   3m53s[K[?25h[?2026l[?2026h[?25l[A[1Gpulling manifest [K
pulling 667b0c1932bc:   7% ▕█                 ▏ 321 MB/4.9 GB   19 MB/s   3m53s[K[?25h[?2026l[?2026h[?25l[A[1Gpulling manifest [K
pulling 667b0c1932bc:   7% ▕█                 ▏ 322 MB/4.9 GB   19 MB/s   3m53s[K[?25h[?2026l[?2026h[?25l[A[1Gpulling manifest [K
pulling 667b0c1932bc:   7% ▕█                 ▏ 324 MB/4.9 GB   19 MB/s   3m53s[K[?25h[?2026l[?2026h[?25l[A[1Gpulling manifest [K
pulling 667b0c1932bc:   7% ▕█                 ▏ 325 MB/4.9 GB   19 MB/s   3m53s[K[?25h[?2026l[?2026h[?25l[A[1Gpulling manifest [K
pulling 667b0c1932bc:   7% ▕█                 ▏ 327 MB/4.9 GB   19 MB/s   3m53s[K[?25h[?2026l[?2026h[?25l[A[1Gpulling manifest [K
pulling 667b0c1932bc:   7% ▕█                 ▏ 329 MB/4.9 GB   19 MB/s   3m53s[K[?25h[?2026l[?2026h[?25l[A[1Gpulling manifest [K
pulling 667b0c1932bc:   7% ▕█                 ▏ 330 MB/4.9 GB   19 MB/s   3m53s[K[?25h[?2026l[?2026h[?25l[A[1Gpulling manifest [K
pulling 667b0c1932bc:   7% ▕█                 ▏ 332 MB/4.9 GB   19 MB/s   3m53s[K[?25h[?2026l[?2026h[?25l[A[1Gpulling manifest [K
pulling 667b0c1932bc:   7% ▕█                 ▏ 334 MB/4.9 GB   19 MB/s   3m58s[K[?25h[?2026l[?2026h[?25l[A[1Gpulling manifest [K
pulling 667b0c1932bc:   7% ▕█                 ▏ 334 MB/4.9 GB   19 MB/s   3m58s[K[?25h[?2026l[?2026h[?25l[A[1Gpulling manifest [K
pulling 667b0c1932bc:   7% ▕█                 ▏ 335 MB/4.9 GB   19 MB/s   3m58s[K[?25h[?2026l[?2026h[?25l[A[1Gpulling manifest [K
pulling 667b0c1932bc:   7% ▕█                 ▏ 337 MB/4.9 GB   19 MB/s   3m58s[K[?25h[?2026l[?2026h[?25l[A[1Gpulling manifest [K
pulling 667b0c1932bc:   7% ▕█                 ▏ 338 MB/4.9 GB   19 MB/s   3m57s[K[?25h[?2026l[?2026h[?25l[A[1Gpulling manifest [K
pulling 667b0c1932bc:   7% ▕█                 ▏ 340 MB/4.9 GB   19 MB/s   3m57s[K[?25h[?2026l[?2026h[?25l[A[1Gpulling manifest [K
pulling 667b0c1932bc:   7% ▕█                 ▏ 342 MB/4.9 GB   19 MB/s   3m57s[K[?25h[?2026l[?2026h[?25l[A[1Gpulling manifest [K
pulling 667b0c1932bc:   7% ▕█                 ▏ 343 MB/4.9 GB   19 MB/s   3m57s[K[?25h[?2026l[?2026h[?25l[A[1Gpulling manifest [K
pulling 667b0c1932bc:   7% ▕█                 ▏ 346 MB/4.9 GB   19 MB/s   3m57s[K[?25h[?2026l[?2026h[?25l[A[1Gpulling manifest [K
pulling 667b0c1932bc:   7% ▕█                 ▏ 348 MB/4.9 GB   19 MB/s   3m57s[K[?25h[?2026l[?2026h[?25l[A[1Gpulling manifest [K
pulling 667b0c1932bc:   7% ▕█                 ▏ 349 MB/4.9 GB   19 MB/s   3m57s[K[?25h[?2026l[?2026h[?25l[A[1Gpulling manifest [K
pulling 667b0c1932bc:   7% ▕█                 ▏ 351 MB/4.9 GB   18 MB/s    4m0s[K[?25h[?2026l[?2026h[?25l[A[1Gpulling manifest [K
pulling 667b0c1932bc:   7% ▕█                 ▏ 353 MB/4.9 GB   18 MB/s    4m0s[K[?25h[?2026l[?2026h[?25l[A[1Gpulling manifest [K
pulling 667b0c1932bc:   7% ▕█                 ▏ 355 MB/4.9 GB   18 MB/s    4m0s[K[?25h[?2026l[?2026h[?25l[A[1Gpulling manifest [K
pulling 667b0c1932bc:   7% ▕█                 ▏ 357 MB/4.9 GB   18 MB/s    4m0s[K[?25h[?2026l[?2026h[?25l[A[1Gpulling manifest [K
pulling 667b0c1932bc:   7% ▕█                 ▏ 359 MB/4.9 GB   18 MB/s    4m0s[K[?25h[?2026l[?2026h[?25l[A[1Gpulling manifest [K
pulling 667b0c1932bc:   7% ▕█                 ▏ 360 MB/4.9 GB   18 MB/s    4m0s[K[?25h[?2026l[?2026h[?25l[A[1Gpulling manifest [K
pulling 667b0c1932bc:   7% ▕█                 ▏ 362 MB/4.9 GB   18 MB/s    4m0s[K[?25h[?2026l[?2026h[?25l[A[1Gpulling manifest [K
pulling 667b0c1932bc:   7% ▕█                 ▏ 365 MB/4.9 GB   18 MB/s    4m0s[K[?25h[?2026l[?2026h[?25l[A[1Gpulling manifest [K
pulling 667b0c1932bc:   7% ▕█                 ▏ 366 MB/4.9 GB   18 MB/s   3m59s[K[?25h[?2026l[?2026h[?25l[A[1Gpulling manifest [K
pulling 667b0c1932bc:   7% ▕█                 ▏ 368 MB/4.9 GB   18 MB/s   3m59s[K[?25h[?2026l[?2026h[?25l[A[1Gpulling manifest [K
pulling 667b0c1932bc:   8% ▕█                 ▏ 370 MB/4.9 GB   18 MB/s    4m1s[K[?25h[?2026l[?2026h[?25l[A[1Gpulling manifest [K
pulling 667b0c1932bc:   8% ▕█                 ▏ 371 MB/4.9 GB   18 MB/s    4m1s[K[?25h[?2026l[?2026h[?25l[A[1Gpulling manifest [K
pulling 667b0c1932bc:   8% ▕█                 ▏ 373 MB/4.9 GB   18 MB/s    4m1s[K[?25h[?2026l[?2026h[?25l[A[1Gpulling manifest [K
pulling 667b0c1932bc:   8% ▕█                 ▏ 375 MB/4.9 GB   18 MB/s    4m0s[K[?25h[?2026l[?2026h[?25l[A[1Gpulling manifest [K
pulling 667b0c1932bc:   8% ▕█                 ▏ 377 MB/4.9 GB   18 MB/s    4m0s[K[?25h[?2026l[?2026h[?25l[A[1Gpulling manifest [K
pulling 667b0c1932bc:   8% ▕█                 ▏ 379 MB/4.9 GB   18 MB/s    4m0s[K[?25h[?2026l[?2026h[?25l[A[1Gpulling manifest [K
pulling 667b0c1932bc:   8% ▕█                 ▏ 381 MB/4.9 GB   18 MB/s    4m0s[K[?25h[?2026l[?2026h[?25l[A[1Gpulling manifest [K
pulling 667b0c1932bc:   8% ▕█                 ▏ 382 MB/4.9 GB   18 MB/s    4m0s[K[?25h[?2026l[?2026h[?25l[A[1Gpulling manifest [K
pulling 667b0c1932bc:   8% ▕█                 ▏ 384 MB/4.9 GB   18 MB/s    4m0s[K[?25h[?2026l[?2026h[?25l[A[1Gpulling manifest [K
pulling 667b0c1932bc:   8% ▕█                 ▏ 386 MB/4.9 GB   18 MB/s    4m0s[K[?25h[?2026l[?2026h[?25l[A[1Gpulling manifest [K
pulling 667b0c1932bc:   8% ▕█                 ▏ 387 MB/4.9 GB   18 MB/s    4m4s[K[?25h[?2026l[?2026h[?25l[A[1Gpulling manifest [K
pulling 667b0c1932bc:   8% ▕█                 ▏ 389 MB/4.9 GB   18 MB/s    4m4s[K[?25h[?2026l[?2026h[?25l[A[1Gpulling manifest [K
pulling 667b0c1932bc:   8% ▕█                 ▏ 391 MB/4.9 GB   18 MB/s    4m4s[K[?25h[?2026l[?2026h[?25l[A[1Gpulling manifest [K
pulling 667b0c1932bc:   8% ▕█                 ▏ 392 MB/4.9 GB   18 MB/s    4m4s[K[?25h[?2026l[?2026h[?25l[A[1Gpulling manifest [K
pulling 667b0c1932bc:   8% ▕█                 ▏ 395 MB/4.9 GB   18 MB/s    4m4s[K[?25h[?2026l[?2026h[?25l[A[1Gpulling manifest [K
pulling 667b0c1932bc:   8% ▕█                 ▏ 397 MB/4.9 GB   18 MB/s    4m3s[K[?25h[?2026l[?2026h[?25l[A[1Gpulling manifest [K
pulling 667b0c1932bc:   8% ▕█                 ▏ 398 MB/4.9 GB   18 MB/s    4m3s[K[?25h[?2026l[?2026h[?25l[A[1Gpulling manifest [K
pulling 667b0c1932bc:   8% ▕█                 ▏ 400 MB/4.9 GB   18 MB/s    4m3s[K[?25h[?2026l[?2026h[?25l[A[1Gpulling manifest [K
pulling 667b0c1932bc:   8% ▕█                 ▏ 402 MB/4.9 GB   18 MB/s    4m3s[K[?25h[?2026l[?2026h[?25l[A[1Gpulling manifest [K
pulling 667b0c1932bc:   8% ▕█                 ▏ 403 MB/4.9 GB   18 MB/s    4m3s[K[?25h[?2026l[?2026h[?25l[A[1Gpulling manifest [K
pulling 667b0c1932bc:   8% ▕█                 ▏ 405 MB/4.9 GB   18 MB/s    4m7s[K[?25h[?2026l[?2026h[?25l[A[1Gpulling manifest [K
pulling 667b0c1932bc:   8% ▕█                 ▏ 407 MB/4.9 GB   18 MB/s    4m7s[K[?25h[?2026l[?2026h[?25l[A[1Gpulling manifest [K
pulling 667b0c1932bc:   8% ▕█                 ▏ 408 MB/4.9 GB   18 MB/s    4m7s[K[?25h[?2026l[?2026h[?25l[A[1Gpulling manifest [K
pulling 667b0c1932bc:   8% ▕█                 ▏ 410 MB/4.9 GB   18 MB/s    4m7s[K[?25h[?2026l[?2026h[?25l[A[1Gpulling manifest [K
pulling 667b0c1932bc:   8% ▕█                 ▏ 412 MB/4.9 GB   18 MB/s    4m7s[K[?25h[?2026l[?2026h[?25l[A[1Gpulling manifest [K
pulling 667b0c1932bc:   8% ▕█                 ▏ 413 MB/4.9 GB   18 MB/s    4m7s[K[?25h[?2026l[?2026h[?25l[A[1Gpulling manifest [K
pulling 667b0c1932bc:   8% ▕█                 ▏ 415 MB/4.9 GB   18 MB/s    4m6s[K[?25h[?2026l[?2026h[?25l[A[1Gpulling manifest [K
pulling 667b0c1932bc:   8% ▕█                 ▏ 417 MB/4.9 GB   18 MB/s    4m6s[K[?25h[?2026l[?2026h[?25l[A[1Gpulling manifest [K
pulling 667b0c1932bc:   9% ▕█                 ▏ 418 MB/4.9 GB   18 MB/s    4m6s[K[?25h[?2026l[?2026h[?25l[A[1Gpulling manifest [K
pulling 667b0c1932bc:   9% ▕█                 ▏ 421 MB/4.9 GB   18 MB/s    4m6s[K[?25h[?2026l[?2026h[?25l[A[1Gpulling manifest [K
pulling 667b0c1932bc:   9% ▕█                 ▏ 423 MB/4.9 GB   17 MB/s   4m11s[K[?25h[?2026l[?2026h[?25l[A[1Gpulling manifest [K
pulling 667b0c1932bc:   9% ▕█                 ▏ 423 MB/4.9 GB   17 MB/s   4m11s[K[?25h[?2026l[?2026h[?25l[A[1Gpulling manifest [K
pulling 667b0c1932bc:   9% ▕█                 ▏ 425 MB/4.9 GB   17 MB/s   4m11s[K[?25h[?2026l[?2026h[?25l[A[1Gpulling manifest [K
pulling 667b0c1932bc:   9% ▕█                 ▏ 426 MB/4.9 GB   17 MB/s   4m11s[K[?25h[?2026l[?2026h[?25l[A[1Gpulling manifest [K
pulling 667b0c1932bc:   9% ▕█                 ▏ 427 MB/4.9 GB   17 MB/s   4m11s[K[?25h[?2026l[?2026h[?25l[A[1Gpulling manifest [K
pulling 667b0c1932bc:   9% ▕█                 ▏ 429 MB/4.9 GB   17 MB/s   4m11s[K[?25h[?2026l[?2026h[?25l[A[1Gpulling manifest [K
pulling 667b0c1932bc:   9% ▕█                 ▏ 431 MB/4.9 GB   17 MB/s   4m10s[K[?25h[?2026l[?2026h[?25l[A[1Gpulling manifest [K
pulling 667b0c1932bc:   9% ▕█                 ▏ 432 MB/4.9 GB   17 MB/s   4m10s[K[?25h[?2026l[?2026h[?25l[A[1Gpulling manifest [K
pulling 667b0c1932bc:   9% ▕█                 ▏ 435 MB/4.9 GB   17 MB/s   4m10s[K[?25h[?2026l[?2026h[?25l[A[1Gpulling manifest [K
pulling 667b0c1932bc:   9% ▕█                 ▏ 437 MB/4.9 GB   17 MB/s   4m10s[K[?25h[?2026l[?2026h[?25l[A[1Gpulling manifest [K
pulling 667b0c1932bc:   9% ▕█                 ▏ 438 MB/4.9 GB   17 MB/s   4m10s[K[?25h[?2026l[?2026h[?25l[A[1Gpulling manifest [K
pulling 667b0c1932bc:   9% ▕█                 ▏ 440 MB/4.9 GB   17 MB/s   4m17s[K[?25h[?2026l[?2026h[?25l[A[1Gpulling manifest [K
pulling 667b0c1932bc:   9% ▕█                 ▏ 442 MB/4.9 GB   17 MB/s   4m17s[K[?25h[?2026l[?2026h[?25l[A[1Gpulling manifest [K
pulling 667b0c1932bc:   9% ▕█                 ▏ 443 MB/4.9 GB   17 MB/s   4m17s[K[?25h[?2026l[?2026h[?25l[A[1Gpulling manifest [K
pulling 667b0c1932bc:   9% ▕█                 ▏ 446 MB/4.9 GB   17 MB/s   4m17s[K[?25h[?2026l[?2026h[?25l[A[1Gpulling manifest [K
pulling 667b0c1932bc:   9% ▕█                 ▏ 448 MB/4.9 GB   17 MB/s   4m16s[K[?25h[?2026l[?2026h[?25l[A[1Gpulling manifest [K
pulling 667b0c1932bc:   9% ▕█                 ▏ 449 MB/4.9 GB   17 MB/s   4m16s[K[?25h[?2026l[?2026h[?25l[A[1Gpulling manifest [K
pulling 667b0c1932bc:   9% ▕█                 ▏ 451 MB/4.9 GB   17 MB/s   4m16s[K[?25h[?2026l[?2026h[?25l[A[1Gpulling manifest [K
pulling 667b0c1932bc:   9% ▕█                 ▏ 453 MB/4.9 GB   17 MB/s   4m16s[K[?25h[?2026l[?2026h[?25l[A[1Gpulling manifest [K
pulling 667b0c1932bc:   9% ▕█                 ▏ 454 MB/4.9 GB   17 MB/s   4m16s[K[?25h[?2026l[?2026h[?25l[A[1Gpulling manifest [K
pulling 667b0c1932bc:   9% ▕█                 ▏ 456 MB/4.9 GB   17 MB/s   4m16s[K[?25h[?2026l[?2026h[?25l[A[1Gpulling manifest [K
pulling 667b0c1932bc:   9% ▕█                 ▏ 458 MB/4.9 GB   17 MB/s   4m15s[K[?25h[?2026l[?2026h[?25l[A[1Gpulling manifest [K
pulling 667b0c1932bc:   9% ▕█                 ▏ 460 MB/4.9 GB   17 MB/s   4m15s[K[?25h[?2026l[?2026h[?25l[A[1Gpulling manifest [K
pulling 667b0c1932bc:   9% ▕█                 ▏ 462 MB/4.9 GB   17 MB/s   4m15s[K[?25h[?2026l[?2026h[?25l[A[1Gpulling manifest [K
pulling 667b0c1932bc:   9% ▕█                 ▏ 464 MB/4.9 GB   17 MB/s   4m14s[K[?25h[?2026l[?2026h[?25l[A[1Gpulling manifest [K
pulling 667b0c1932bc:   9% ▕█                 ▏ 465 MB/4.9 GB   17 MB/s   4m14s[K[?25h[?2026l[?2026h[?25l[A[1Gpulling manifest [K
pulling 667b0c1932bc:  10% ▕█                 ▏ 468 MB/4.9 GB   17 MB/s   4m14s[K[?25h[?2026l[?2026h[?25l[A[1Gpulling manifest [K
pulling 667b0c1932bc:  10% ▕█                 ▏ 470 MB/4.9 GB   17 MB/s   4m14s[K[?25h[?2026l[?2026h[?25l[A[1Gpulling manifest [K
pulling 667b0c1932bc:  10% ▕█                 ▏ 471 MB/4.9 GB   17 MB/s   4m14s[K[?25h[?2026l[?2026h[?25l[A[1Gpulling manifest [K
pulling 667b0c1932bc:  10% ▕█                 ▏ 474 MB/4.9 GB   17 MB/s   4m14s[K[?25h[?2026l[?2026h[?25l[A[1Gpulling manifest [K
pulling 667b0c1932bc:  10% ▕█                 ▏ 476 MB/4.9 GB   17 MB/s   4m14s[K[?25h[?2026l[?2026h[?25l[A[1Gpulling manifest [K
pulling 667b0c1932bc:  10% ▕█                 ▏ 477 MB/4.9 GB   17 MB/s   4m10s[K[?25h[?2026l[?2026h[?25l[A[1Gpulling manifest [K
pulling 667b0c1932bc:  10% ▕█                 ▏ 480 MB/4.9 GB   17 MB/s   4m10s[K[?25h[?2026l[?2026h[?25l[A[1Gpulling manifest [K
pulling 667b0c1932bc:  10% ▕█                 ▏ 482 MB/4.9 GB   17 MB/s   4m10s[K[?25h[?2026l[?2026h[?25l[A[1Gpulling manifest [K
pulling 667b0c1932bc:  10% ▕█                 ▏ 483 MB/4.9 GB   17 MB/s   4m10s[K[?25h[?2026l[?2026h[?25l[A[1Gpulling manifest [K
pulling 667b0c1932bc:  10% ▕█                 ▏ 486 MB/4.9 GB   17 MB/s   4m10s[K[?25h[?2026l[?2026h[?25l[A[1Gpulling manifest [K
pulling 667b0c1932bc:  10% ▕█                 ▏ 488 MB/4.9 GB   17 MB/s    4m9s[K[?25h[?2026l[?2026h[?25l[A[1Gpulling manifest [K
pulling 667b0c1932bc:  10% ▕█                 ▏ 489 MB/4.9 GB   17 MB/s    4m9s[K[?25h[?2026l[?2026h[?25l[A[1Gpulling manifest [K
pulling 667b0c1932bc:  10% ▕█                 ▏ 492 MB/4.9 GB   17 MB/s    4m9s[K[?25h[?2026l[?2026h[?25l[A[1Gpulling manifest [K
pulling 667b0c1932bc:  10% ▕█                 ▏ 494 MB/4.9 GB   17 MB/s    4m9s[K[?25h[?2026l[?2026h[?25l[A[1Gpulling manifest [K
pulling 667b0c1932bc:  10% ▕█                 ▏ 495 MB/4.9 GB   17 MB/s    4m9s[K[?25h[?2026l[?2026h[?25l[A[1Gpulling manifest [K
pulling 667b0c1932bc:  10% ▕█                 ▏ 498 MB/4.9 GB   18 MB/s    4m2s[K[?25h[?2026l[?2026h[?25l[A[1Gpulling manifest [K
pulling 667b0c1932bc:  10% ▕█                 ▏ 500 MB/4.9 GB   18 MB/s    4m2s[K[?25h[?2026l[?2026h[?25l[A[1Gpulling manifest [K
pulling 667b0c1932bc:  10% ▕█                 ▏ 502 MB/4.9 GB   18 MB/s    4m2s[K[?25h[?2026l[?2026h[?25l[A[1Gpulling manifest [K
pulling 667b0c1932bc:  10% ▕█                 ▏ 504 MB/4.9 GB   18 MB/s    4m2s[K[?25h[?2026l[?2026h[?25l[A[1Gpulling manifest [K
pulling 667b0c1932bc:  10% ▕█                 ▏ 506 MB/4.9 GB   18 MB/s    4m1s[K[?25h[?2026l[?2026h[?25l[A[1Gpulling manifest [K
pulling 667b0c1932bc:  10% ▕█                 ▏ 507 MB/4.9 GB   18 MB/s    4m1s[K[?25h[?2026l[?2026h[?25l[A[1Gpulling manifest [K
pulling 667b0c1932bc:  10% ▕█                 ▏ 510 MB/4.9 GB   18 MB/s    4m1s[K[?25h[?2026l[?2026h[?25l[A[1Gpulling manifest [K
pulling 667b0c1932bc:  10% ▕█                 ▏ 512 MB/4.9 GB   18 MB/s    4m1s[K[?25h[?2026l[?2026h[?25l[A[1Gpulling manifest [K
pulling 667b0c1932bc:  10% ▕█                 ▏ 513 MB/4.9 GB   18 MB/s    4m1s[K[?25h[?2026l[?2026h[?25l[A[1Gpulling manifest [K
pulling 667b0c1932bc:  10% ▕█                 ▏ 516 MB/4.9 GB   18 MB/s    4m1s[K[?25h[?2026l[?2026h[?25l[A[1Gpulling manifest [K
pulling 667b0c1932bc:  11% ▕█                 ▏ 518 MB/4.9 GB   18 MB/s   3m55s[K[?25h[?2026l[?2026h[?25l[A[1Gpulling manifest [K
pulling 667b0c1932bc:  11% ▕█                 ▏ 519 MB/4.9 GB   18 MB/s   3m55s[K[?25h[?2026l[?2026h[?25l[A[1Gpulling manifest [K
pulling 667b0c1932bc:  11% ▕█                 ▏ 522 MB/4.9 GB   18 MB/s   3m55s[K[?25h[?2026l[?2026h[?25l[A[1Gpulling manifest [K
pulling 667b0c1932bc:  11% ▕█                 ▏ 524 MB/4.9 GB   18 MB/s   3m55s[K[?25h[?2026l[?2026h[?25l[A[1Gpulling manifest [K
pulling 667b0c1932bc:  11% ▕█                 ▏ 525 MB/4.9 GB   18 MB/s   3m54s[K[?25h[?2026l[?2026h[?25l[A[1Gpulling manifest [K
pulling 667b0c1932bc:  11% ▕█                 ▏ 528 MB/4.9 GB   18 MB/s   3m54s[K[?25h[?2026l[?2026h[?25l[A[1Gpulling manifest [K
pulling 667b0c1932bc:  11% ▕█                 ▏ 530 MB/4.9 GB   18 MB/s   3m54s[K[?25h[?2026l[?2026h[?25l[A[1Gpulling manifest [K
pulling 667b0c1932bc:  11% ▕█                 ▏ 530 MB/4.9 GB   18 MB/s   3m54s[K[?25h[?2026l[?2026h[?25l[A[1Gpulling manifest [K
pulling 667b0c1932bc:  11% ▕█                 ▏ 532 MB/4.9 GB   18 MB/s   3m54s[K[?25h[?2026l[?2026h[?25l[A[1Gpulling manifest [K
pulling 667b0c1932bc:  11% ▕█                 ▏ 534 MB/4.9 GB   18 MB/s   3m54s[K[?25h[?2026l[?2026h[?25l[A[1Gpulling manifest [K
pulling 667b0c1932bc:  11% ▕█                 ▏ 535 MB/4.9 GB   18 MB/s   3m54s[K[?25h[?2026l[?2026h[?25l[A[1Gpulling manifest [K
pulling 667b0c1932bc:  11% ▕█                 ▏ 537 MB/4.9 GB   18 MB/s   3m55s[K[?25h[?2026l[?2026h[?25l[A[1Gpulling manifest [K
pulling 667b0c1932bc:  11% ▕█                 ▏ 539 MB/4.9 GB   18 MB/s   3m55s[K[?25h[?2026l[?2026h[?25l[A[1Gpulling manifest [K
pulling 667b0c1932bc:  11% ▕█                 ▏ 540 MB/4.9 GB   18 MB/s   3m55s[K[?25h[?2026l[?2026h[?25l[A[1Gpulling manifest [K
pulling 667b0c1932bc:  11% ▕█                 ▏ 543 MB/4.9 GB   18 MB/s   3m55s[K[?25h[?2026l[?2026h[?25l[A[1Gpulling manifest [K
pulling 667b0c1932bc:  11% ▕█                 ▏ 545 MB/4.9 GB   18 MB/s   3m55s[K[?25h[?2026l[?2026h[?25l[A[1Gpulling manifest [K
pulling 667b0c1932bc:  11% ▕██                ▏ 546 MB/4.9 GB   18 MB/s   3m55s[K[?25h[?2026l[?2026h[?25l[A[1Gpulling manifest [K
pulling 667b0c1932bc:  11% ▕██                ▏ 549 MB/4.9 GB   18 MB/s   3m55s[K[?25h[?2026l[?2026h[?25l[A[1Gpulling manifest [K
pulling 667b0c1932bc:  11% ▕██                ▏ 551 MB/4.9 GB   18 MB/s   3m55s[K[?25h[?2026l[?2026h[?25l[A[1Gpulling manifest [K
pulling 667b0c1932bc:  11% ▕██                ▏ 553 MB/4.9 GB   18 MB/s   3m54s[K[?25h[?2026l[?2026h[?25l[A[1Gpulling manifest [K
pulling 667b0c1932bc:  11% ▕██                ▏ 555 MB/4.9 GB   18 MB/s   3m54s[K[?25h[?2026l[?2026h[?25l[A[1Gpulling manifest [K
pulling 667b0c1932bc:  11% ▕██                ▏ 557 MB/4.9 GB   18 MB/s   3m52s[K[?25h[?2026l[?2026h[?25l[A[1Gpulling manifest [K
pulling 667b0c1932bc:  11% ▕██                ▏ 558 MB/4.9 GB   18 MB/s   3m52s[K[?25h[?2026l[?2026h[?25l[A[1Gpulling manifest [K
pulling 667b0c1932bc:  11% ▕██                ▏ 561 MB/4.9 GB   18 MB/s   3m52s[K[?25h[?2026l[?2026h[?25l[A[1Gpulling manifest [K
pulling 667b0c1932bc:  11% ▕██                ▏ 563 MB/4.9 GB   18 MB/s   3m52s[K[?25h[?2026l[?2026h[?25l[A[1Gpulling manifest [K
pulling 667b0c1932bc:  11% ▕██                ▏ 564 MB/4.9 GB   18 MB/s   3m52s[K[?25h[?2026l[?2026h[?25l[A[1Gpulling manifest [K
pulling 667b0c1932bc:  12% ▕██                ▏ 566 MB/4.9 GB   18 MB/s   3m52s[K[?25h[?2026l[?2026h[?25l[A[1Gpulling manifest [K
pulling 667b0c1932bc:  12% ▕██                ▏ 568 MB/4.9 GB   18 MB/s   3m52s[K[?25h[?2026l[?2026h[?25l[A[1Gpulling manifest [K
pulling 667b0c1932bc:  12% ▕██                ▏ 569 MB/4.9 GB   18 MB/s   3m51s[K[?25h[?2026l[?2026h[?25l[A[1Gpulling manifest [K
pulling 667b0c1932bc:  12% ▕██                ▏ 571 MB/4.9 GB   18 MB/s   3m51s[K[?25h[?2026l[?2026h[?25l[A[1Gpulling manifest [K
pulling 667b0c1932bc:  12% ▕██                ▏ 574 MB/4.9 GB   18 MB/s   3m51s[K[?25h[?2026l[?2026h[?25l[A[1Gpulling manifest [K
pulling 667b0c1932bc:  12% ▕██                ▏ 575 MB/4.9 GB   18 MB/s   3m50s[K[?25h[?2026l[?2026h[?25l[A[1Gpulling manifest [K
pulling 667b0c1932bc:  12% ▕██                ▏ 577 MB/4.9 GB   18 MB/s   3m50s[K[?25h[?2026l[?2026h[?25l[A[1Gpulling manifest [K
pulling 667b0c1932bc:  12% ▕██                ▏ 579 MB/4.9 GB   18 MB/s   3m50s[K[?25h[?2026l[?2026h[?25l[A[1Gpulling manifest [K
pulling 667b0c1932bc:  12% ▕██                ▏ 580 MB/4.9 GB   18 MB/s   3m50s[K[?25h[?2026l[?2026h[?25l[A[1Gpulling manifest [K
pulling 667b0c1932bc:  12% ▕██                ▏ 582 MB/4.9 GB   18 MB/s   3m50s[K[?25h[?2026l[?2026h[?25l[A[1Gpulling manifest [K
pulling 667b0c1932bc:  12% ▕██                ▏ 584 MB/4.9 GB   18 MB/s   3m50s[K[?25h[?2026l[?2026h[?25l[A[1Gpulling manifest [K
pulling 667b0c1932bc:  12% ▕██                ▏ 585 MB/4.9 GB   18 MB/s   3m50s[K[?25h[?2026l[?2026h[?25l[A[1Gpulling manifest [K
pulling 667b0c1932bc:  12% ▕██                ▏ 587 MB/4.9 GB   18 MB/s   3m50s[K[?25h[?2026l[?2026h[?25l[A[1Gpulling manifest [K
pulling 667b0c1932bc:  12% ▕██                ▏ 589 MB/4.9 GB   18 MB/s   3m49s[K[?25h[?2026l[?2026h[?25l[A[1Gpulling manifest [K
pulling 667b0c1932bc:  12% ▕██                ▏ 590 MB/4.9 GB   18 MB/s   3m49s[K[?25h[?2026l[?2026h[?25l[A[1Gpulling manifest [K
pulling 667b0c1932bc:  12% ▕██                ▏ 592 MB/4.9 GB   18 MB/s   3m50s[K[?25h[?2026l[?2026h[?25l[A[1Gpulling manifest [K
pulling 667b0c1932bc:  12% ▕██                ▏ 594 MB/4.9 GB   18 MB/s   3m50s[K[?25h[?2026l[?2026h[?25l[A[1Gpulling manifest [K
pulling 667b0c1932bc:  12% ▕██                ▏ 595 MB/4.9 GB   18 MB/s   3m50s[K[?25h[?2026l[?2026h[?25l[A[1Gpulling manifest [K
pulling 667b0c1932bc:  12% ▕██                ▏ 597 MB/4.9 GB   18 MB/s   3m50s[K[?25h[?2026l[?2026h[?25l[A[1Gpulling manifest [K
pulling 667b0c1932bc:  12% ▕██                ▏ 599 MB/4.9 GB   18 MB/s   3m50s[K[?25h[?2026l[?2026h[?25l[A[1Gpulling manifest [K
pulling 667b0c1932bc:  12% ▕██                ▏ 600 MB/4.9 GB   18 MB/s   3m50s[K[?25h[?2026l[?2026h[?25l[A[1Gpulling manifest [K
pulling 667b0c1932bc:  12% ▕██                ▏ 602 MB/4.9 GB   18 MB/s   3m50s[K[?25h[?2026l[?2026h[?25l[A[1Gpulling manifest [K
pulling 667b0c1932bc:  12% ▕██                ▏ 603 MB/4.9 GB   18 MB/s   3m50s[K[?25h[?2026l[?2026h[?25l[A[1Gpulling manifest [K
pulling 667b0c1932bc:  12% ▕██                ▏ 604 MB/4.9 GB   18 MB/s   3m50s[K[?25h[?2026l[?2026h[?25l[A[1Gpulling manifest [K
pulling 667b0c1932bc:  12% ▕██                ▏ 606 MB/4.9 GB   18 MB/s   3m49s[K[?25h[?2026l[?2026h[?25l[A[1Gpulling manifest [K
pulling 667b0c1932bc:  12% ▕██                ▏ 608 MB/4.9 GB   18 MB/s   3m49s[K[?25h[?2026l[?2026h[?25l[A[1Gpulling manifest [K
pulling 667b0c1932bc:  12% ▕██                ▏ 609 MB/4.9 GB   18 MB/s   3m49s[K[?25h[?2026l[?2026h[?25l[A[1Gpulling manifest [K
pulling 667b0c1932bc:  12% ▕██                ▏ 612 MB/4.9 GB   18 MB/s   3m49s[K[?25h[?2026l[?2026h[?25l[A[1Gpulling manifest [K
pulling 667b0c1932bc:  12% ▕██                ▏ 614 MB/4.9 GB   18 MB/s   3m49s[K[?25h[?2026l[?2026h[?25l[A[1Gpulling manifest [K
pulling 667b0c1932bc:  13% ▕██                ▏ 615 MB/4.9 GB   18 MB/s   3m49s[K[?25h[?2026l[?2026h[?25l[A[1Gpulling manifest [K
pulling 667b0c1932bc:  13% ▕██                ▏ 617 MB/4.9 GB   18 MB/s   3m49s[K[?25h[?2026l[?2026h[?25l[A[1Gpulling manifest [K
pulling 667b0c1932bc:  13% ▕██                ▏ 619 MB/4.9 GB   18 MB/s   3m48s[K[?25h[?2026l[?2026h[?25l[A[1Gpulling manifest [K
pulling 667b0c1932bc:  13% ▕██                ▏ 620 MB/4.9 GB   18 MB/s   3m48s[K[?25h[?2026l[?2026h[?25l[A[1Gpulling manifest [K
pulling 667b0c1932bc:  13% ▕██                ▏ 622 MB/4.9 GB   18 MB/s   3m48s[K[?25h[?2026l[?2026h[?25l[A[1Gpulling manifest [K
pulling 667b0c1932bc:  13% ▕██                ▏ 625 MB/4.9 GB   18 MB/s   3m48s[K[?25h[?2026l[?2026h[?25l[A[1Gpulling manifest [K
pulling 667b0c1932bc:  13% ▕██                ▏ 626 MB/4.9 GB   18 MB/s   3m48s[K[?25h[?2026l[?2026h[?25l[A[1Gpulling manifest [K
pulling 667b0c1932bc:  13% ▕██                ▏ 628 MB/4.9 GB   18 MB/s   3m47s[K[?25h[?2026l[?2026h[?25l[A[1Gpulling manifest [K
pulling 667b0c1932bc:  13% ▕██                ▏ 630 MB/4.9 GB   18 MB/s   3m47s[K[?25h[?2026l[?2026h[?25l[A[1Gpulling manifest [K
pulling 667b0c1932bc:  13% ▕██                ▏ 631 MB/4.9 GB   18 MB/s   3m47s[K[?25h[?2026l[?2026h[?25l[A[1Gpulling manifest [K
pulling 667b0c1932bc:  13% ▕██                ▏ 633 MB/4.9 GB   18 MB/s   3m47s[K[?25h[?2026l[?2026h[?25l[A[1Gpulling manifest [K
pulling 667b0c1932bc:  13% ▕██                ▏ 636 MB/4.9 GB   18 MB/s   3m47s[K[?25h[?2026l[?2026h[?25l[A[1Gpulling manifest [K
pulling 667b0c1932bc:  13% ▕██                ▏ 637 MB/4.9 GB   18 MB/s   3m47s[K[?25h[?2026l[?2026h[?25l[A[1Gpulling manifest [K
pulling 667b0c1932bc:  13% ▕██                ▏ 639 MB/4.9 GB   18 MB/s   3m47s[K[?25h[?2026l[?2026h[?25l[A[1Gpulling manifest [K
pulling 667b0c1932bc:  13% ▕██                ▏ 641 MB/4.9 GB   18 MB/s   3m47s[K[?25h[?2026l[?2026h[?25l[A[1Gpulling manifest [K
pulling 667b0c1932bc:  13% ▕██                ▏ 642 MB/4.9 GB   18 MB/s   3m47s[K[?25h[?2026l[?2026h[?25l[A[1Gpulling manifest [K
pulling 667b0c1932bc:  13% ▕██                ▏ 644 MB/4.9 GB   18 MB/s   3m47s[K[?25h[?2026l[?2026h[?25l[A[1Gpulling manifest [K
pulling 667b0c1932bc:  13% ▕██                ▏ 646 MB/4.9 GB   18 MB/s   3m48s[K[?25h[?2026l[?2026h[?25l[A[1Gpulling manifest [K
pulling 667b0c1932bc:  13% ▕██                ▏ 649 MB/4.9 GB   18 MB/s   3m48s[K[?25h[?2026l[?2026h[?25l[A[1Gpulling manifest [K
pulling 667b0c1932bc:  13% ▕██                ▏ 650 MB/4.9 GB   18 MB/s   3m48s[K[?25h[?2026l[?2026h[?25l[A[1Gpulling manifest [K
pulling 667b0c1932bc:  13% ▕██                ▏ 652 MB/4.9 GB   18 MB/s   3m48s[K[?25h[?2026l[?2026h[?25l[A[1Gpulling manifest [K
pulling 667b0c1932bc:  13% ▕██                ▏ 653 MB/4.9 GB   18 MB/s   3m48s[K[?25h[?2026l[?2026h[?25l[A[1Gpulling manifest [K
pulling 667b0c1932bc:  13% ▕██                ▏ 656 MB/4.9 GB   18 MB/s   3m48s[K[?25h[?2026l[?2026h[?25l[A[1Gpulling manifest [K
pulling 667b0c1932bc:  13% ▕██                ▏ 658 MB/4.9 GB   18 MB/s   3m48s[K[?25h[?2026l[?2026h[?25l[A[1Gpulling manifest [K
pulling 667b0c1932bc:  13% ▕██                ▏ 659 MB/4.9 GB   18 MB/s   3m48s[K[?25h[?2026l[?2026h[?25l[A[1Gpulling manifest [K
pulling 667b0c1932bc:  13% ▕██                ▏ 660 MB/4.9 GB   18 MB/s   3m48s[K[?25h[?2026l[?2026h[?25l[A[1Gpulling manifest [K
pulling 667b0c1932bc:  13% ▕██                ▏ 662 MB/4.9 GB   18 MB/s   3m48s[K[?25h[?2026l[?2026h[?25l[A[1Gpulling manifest [K
pulling 667b0c1932bc:  13% ▕██                ▏ 663 MB/4.9 GB   18 MB/s   3m51s[K[?25h[?2026l[?2026h[?25l[A[1Gpulling manifest [K
pulling 667b0c1932bc:  14% ▕██                ▏ 666 MB/4.9 GB   18 MB/s   3m51s[K[?25h[?2026l[?2026h[?25l[A[1Gpulling manifest [K
pulling 667b0c1932bc:  14% ▕██                ▏ 668 MB/4.9 GB   18 MB/s   3m50s[K[?25h[?2026l[?2026h[?25l[A[1Gpulling manifest [K
pulling 667b0c1932bc:  14% ▕██                ▏ 669 MB/4.9 GB   18 MB/s   3m50s[K[?25h[?2026l[?2026h[?25l[A[1Gpulling manifest [K
pulling 667b0c1932bc:  14% ▕██                ▏ 671 MB/4.9 GB   18 MB/s   3m50s[K[?25h[?2026l[?2026h[?25l[A[1Gpulling manifest [K
pulling 667b0c1932bc:  14% ▕██                ▏ 673 MB/4.9 GB   18 MB/s   3m50s[K[?25h[?2026l[?2026h[?25l[A[1Gpulling manifest [K
pulling 667b0c1932bc:  14% ▕██                ▏ 674 MB/4.9 GB   18 MB/s   3m50s[K[?25h[?2026l[?2026h[?25l[A[1Gpulling manifest [K
pulling 667b0c1932bc:  14% ▕██                ▏ 676 MB/4.9 GB   18 MB/s   3m50s[K[?25h[?2026l[?2026h[?25l[A[1Gpulling manifest [K
pulling 667b0c1932bc:  14% ▕██                ▏ 678 MB/4.9 GB   18 MB/s   3m50s[K[?25h[?2026l[?2026h[?25l[A[1Gpulling manifest [K
pulling 667b0c1932bc:  14% ▕██                ▏ 680 MB/4.9 GB   18 MB/s   3m50s[K[?25h[?2026l[?2026h[?25l[A[1Gpulling manifest [K
pulling 667b0c1932bc:  14% ▕██                ▏ 682 MB/4.9 GB   18 MB/s   3m53s[K[?25h[?2026l[?2026h[?25l[A[1Gpulling manifest [K
pulling 667b0c1932bc:  14% ▕██                ▏ 684 MB/4.9 GB   18 MB/s   3m53s[K[?25h[?2026l[?2026h[?25l[A[1Gpulling manifest [K
pulling 667b0c1932bc:  14% ▕██                ▏ 685 MB/4.9 GB   18 MB/s   3m53s[K[?25h[?2026l[?2026h[?25l[A[1Gpulling manifest [K
pulling 667b0c1932bc:  14% ▕██                ▏ 687 MB/4.9 GB   18 MB/s   3m53s[K[?25h[?2026l[?2026h[?25l[A[1Gpulling manifest [K
pulling 667b0c1932bc:  14% ▕██                ▏ 689 MB/4.9 GB   18 MB/s   3m53s[K[?25h[?2026l[?2026h[?25l[A[1Gpulling manifest [K
pulling 667b0c1932bc:  14% ▕██                ▏ 690 MB/4.9 GB   18 MB/s   3m53s[K[?25h[?2026l[?2026h[?25l[A[1Gpulling manifest [K
pulling 667b0c1932bc:  14% ▕██                ▏ 693 MB/4.9 GB   18 MB/s   3m53s[K[?25h[?2026l[?2026h[?25l[A[1Gpulling manifest [K
pulling 667b0c1932bc:  14% ▕██                ▏ 695 MB/4.9 GB   18 MB/s   3m52s[K[?25h[?2026l[?2026h[?25l[A[1Gpulling manifest [K
pulling 667b0c1932bc:  14% ▕██                ▏ 696 MB/4.9 GB   18 MB/s   3m52s[K[?25h[?2026l[?2026h[?25l[A[1Gpulling manifest [K
pulling 667b0c1932bc:  14% ▕██                ▏ 698 MB/4.9 GB   18 MB/s   3m52s[K[?25h[?2026l[?2026h[?25l[A[1Gpulling manifest [K
pulling 667b0c1932bc:  14% ▕██                ▏ 701 MB/4.9 GB   18 MB/s   3m50s[K[?25h[?2026l[?2026h[?25l[A[1Gpulling manifest [K
pulling 667b0c1932bc:  14% ▕██                ▏ 702 MB/4.9 GB   18 MB/s   3m50s[K[?25h[?2026l[?2026h[?25l[A[1Gpulling manifest [K
pulling 667b0c1932bc:  14% ▕██                ▏ 705 MB/4.9 GB   18 MB/s   3m50s[K[?25h[?2026l[?2026h[?25l[A[1Gpulling manifest [K
pulling 667b0c1932bc:  14% ▕██                ▏ 707 MB/4.9 GB   18 MB/s   3m50s[K[?25h[?2026l[?2026h[?25l[A[1Gpulling manifest [K
pulling 667b0c1932bc:  14% ▕██                ▏ 709 MB/4.9 GB   18 MB/s   3m50s[K[?25h[?2026l[?2026h[?25l[A[1Gpulling manifest [K
pulling 667b0c1932bc:  14% ▕██                ▏ 711 MB/4.9 GB   18 MB/s   3m50s[K[?25h[?2026l[?2026h[?25l[A[1Gpulling manifest [K
pulling 667b0c1932bc:  15% ▕██                ▏ 713 MB/4.9 GB   18 MB/s   3m49s[K[?25h[?2026l[?2026h[?25l[A[1Gpulling manifest [K
pulling 667b0c1932bc:  15% ▕██                ▏ 715 MB/4.9 GB   18 MB/s   3m49s[K[?25h[?2026l[?2026h[?25l[A[1Gpulling manifest [K
pulling 667b0c1932bc:  15% ▕██                ▏ 717 MB/4.9 GB   18 MB/s   3m49s[K[?25h[?2026l[?2026h[?25l[A[1Gpulling manifest [K
pulling 667b0c1932bc:  15% ▕██                ▏ 719 MB/4.9 GB   18 MB/s   3m49s[K[?25h[?2026l[?2026h[?25l[A[1Gpulling manifest [K
pulling 667b0c1932bc:  15% ▕██                ▏ 721 MB/4.9 GB   18 MB/s   3m49s[K[?25h[?2026l[?2026h[?25l[A[1Gpulling manifest [K
pulling 667b0c1932bc:  15% ▕██                ▏ 723 MB/4.9 GB   18 MB/s   3m48s[K[?25h[?2026l[?2026h[?25l[A[1Gpulling manifest [K
pulling 667b0c1932bc:  15% ▕██                ▏ 725 MB/4.9 GB   18 MB/s   3m48s[K[?25h[?2026l[?2026h[?25l[A[1Gpulling manifest [K
pulling 667b0c1932bc:  15% ▕██                ▏ 726 MB/4.9 GB   18 MB/s   3m47s[K[?25h[?2026l[?2026h[?25l[A[1Gpulling manifest [K
pulling 667b0c1932bc:  15% ▕██                ▏ 728 MB/4.9 GB   18 MB/s   3m47s[K[?25h[?2026l[?2026h[?25l[A[1Gpulling manifest [K
pulling 667b0c1932bc:  15% ▕██                ▏ 730 MB/4.9 GB   18 MB/s   3m47s[K[?25h[?2026l[?2026h[?25l[A[1Gpulling manifest [K
pulling 667b0c1932bc:  15% ▕██                ▏ 731 MB/4.9 GB   18 MB/s   3m47s[K[?25h[?2026l[?2026h[?25l[A[1Gpulling manifest [K
pulling 667b0c1932bc:  15% ▕██                ▏ 733 MB/4.9 GB   18 MB/s   3m47s[K[?25h[?2026l[?2026h[?25l[A[1Gpulling manifest [K
pulling 667b0c1932bc:  15% ▕██                ▏ 736 MB/4.9 GB   18 MB/s   3m47s[K[?25h[?2026l[?2026h[?25l[A[1Gpulling manifest [K
pulling 667b0c1932bc:  15% ▕██                ▏ 737 MB/4.9 GB   18 MB/s   3m47s[K[?25h[?2026l[?2026h[?25l[A[1Gpulling manifest [K
pulling 667b0c1932bc:  15% ▕██                ▏ 739 MB/4.9 GB   18 MB/s   3m47s[K[?25h[?2026l[?2026h[?25l[A[1Gpulling manifest [K
pulling 667b0c1932bc:  15% ▕██                ▏ 742 MB/4.9 GB   18 MB/s   3m46s[K[?25h[?2026l[?2026h[?25l[A[1Gpulling manifest [K
pulling 667b0c1932bc:  15% ▕██                ▏ 743 MB/4.9 GB   18 MB/s   3m46s[K[?25h[?2026l[?2026h[?25l[A[1Gpulling manifest [K
pulling 667b0c1932bc:  15% ▕██                ▏ 745 MB/4.9 GB   18 MB/s   3m46s[K[?25h[?2026l[?2026h[?25l[A[1Gpulling manifest [K
pulling 667b0c1932bc:  15% ▕██                ▏ 747 MB/4.9 GB   18 MB/s   3m46s[K[?25h[?2026l[?2026h[?25l[A[1Gpulling manifest [K
pulling 667b0c1932bc:  15% ▕██                ▏ 748 MB/4.9 GB   18 MB/s   3m46s[K[?25h[?2026l[?2026h[?25l[A[1Gpulling manifest [K
pulling 667b0c1932bc:  15% ▕██                ▏ 751 MB/4.9 GB   18 MB/s   3m46s[K[?25h[?2026l[?2026h[?25l[A[1Gpulling manifest [K
pulling 667b0c1932bc:  15% ▕██                ▏ 753 MB/4.9 GB   18 MB/s   3m46s[K[?25h[?2026l[?2026h[?25l[A[1Gpulling manifest [K
pulling 667b0c1932bc:  15% ▕██                ▏ 754 MB/4.9 GB   18 MB/s   3m46s[K[?25h[?2026l[?2026h[?25l[A[1Gpulling manifest [K
pulling 667b0c1932bc:  15% ▕██                ▏ 757 MB/4.9 GB   18 MB/s   3m46s[K[?25h[?2026l[?2026h[?25l[A[1Gpulling manifest [K
pulling 667b0c1932bc:  15% ▕██                ▏ 759 MB/4.9 GB   18 MB/s   3m45s[K[?25h[?2026l[?2026h[?25l[A[1Gpulling manifest [K
pulling 667b0c1932bc:  15% ▕██                ▏ 760 MB/4.9 GB   18 MB/s   3m42s[K[?25h[?2026l[?2026h[?25l[A[1Gpulling manifest [K
pulling 667b0c1932bc:  16% ▕██                ▏ 762 MB/4.9 GB   18 MB/s   3m42s[K[?25h[?2026l[?2026h[?25l[A[1Gpulling manifest [K
pulling 667b0c1932bc:  16% ▕██                ▏ 764 MB/4.9 GB   18 MB/s   3m42s[K[?25h[?2026l[?2026h[?25l[A[1Gpulling manifest [K
pulling 667b0c1932bc:  16% ▕██                ▏ 766 MB/4.9 GB   18 MB/s   3m42s[K[?25h[?2026l[?2026h[?25l[A[1Gpulling manifest [K
pulling 667b0c1932bc:  16% ▕██                ▏ 768 MB/4.9 GB   18 MB/s   3m41s[K[?25h[?2026l[?2026h[?25l[A[1Gpulling manifest [K
pulling 667b0c1932bc:  16% ▕██                ▏ 770 MB/4.9 GB   18 MB/s   3m41s[K[?25h[?2026l[?2026h[?25l[A[1Gpulling manifest [K
pulling 667b0c1932bc:  16% ▕██                ▏ 771 MB/4.9 GB   18 MB/s   3m41s[K[?25h[?2026l[?2026h[?25l[A[1Gpulling manifest [K
pulling 667b0c1932bc:  16% ▕██                ▏ 774 MB/4.9 GB   18 MB/s   3m41s[K[?25h[?2026l[?2026h[?25l[A[1Gpulling manifest [K
pulling 667b0c1932bc:  16% ▕██                ▏ 776 MB/4.9 GB   18 MB/s   3m41s[K[?25h[?2026l[?2026h[?25l[A[1Gpulling manifest [K
pulling 667b0c1932bc:  16% ▕██                ▏ 777 MB/4.9 GB   18 MB/s   3m41s[K[?25h[?2026l[?2026h[?25l[A[1Gpulling manifest [K
pulling 667b0c1932bc:  16% ▕██                ▏ 779 MB/4.9 GB   19 MB/s   3m37s[K[?25h[?2026l[?2026h[?25l[A[1Gpulling manifest [K
pulling 667b0c1932bc:  16% ▕██                ▏ 780 MB/4.9 GB   19 MB/s   3m37s[K[?25h[?2026l[?2026h[?25l[A[1Gpulling manifest [K
pulling 667b0c1932bc:  16% ▕██                ▏ 781 MB/4.9 GB   19 MB/s   3m37s[K[?25h[?2026l[?2026h[?25l[A[1Gpulling manifest [K
pulling 667b0c1932bc:  16% ▕██                ▏ 782 MB/4.9 GB   19 MB/s   3m37s[K[?25h[?2026l[?2026h[?25l[A[1Gpulling manifest [K
pulling 667b0c1932bc:  16% ▕██                ▏ 783 MB/4.9 GB   19 MB/s   3m37s[K[?25h[?2026l[?2026h[?25l[A[1Gpulling manifest [K
pulling 667b0c1932bc:  16% ▕██                ▏ 784 MB/4.9 GB   19 MB/s   3m37s[K[?25h[?2026l[?2026h[?25l[A[1Gpulling manifest [K
pulling 667b0c1932bc:  16% ▕██                ▏ 785 MB/4.9 GB   19 MB/s   3m37s[K[?25h[?2026l[?2026h[?25l[A[1Gpulling manifest [K
pulling 667b0c1932bc:  16% ▕██                ▏ 786 MB/4.9 GB   19 MB/s   3m37s[K[?25h[?2026l[?2026h[?25l[A[1Gpulling manifest [K
pulling 667b0c1932bc:  16% ▕██                ▏ 787 MB/4.9 GB   19 MB/s   3m37s[K[?25h[?2026l[?2026h[?25l[A[1Gpulling manifest [K
pulling 667b0c1932bc:  16% ▕██                ▏ 788 MB/4.9 GB   19 MB/s   3m37s[K[?25h[?2026l[?2026h[?25l[A[1Gpulling manifest [K
pulling 667b0c1932bc:  16% ▕██                ▏ 789 MB/4.9 GB   18 MB/s   3m49s[K[?25h[?2026l[?2026h[?25l[A[1Gpulling manifest [K
pulling 667b0c1932bc:  16% ▕██                ▏ 790 MB/4.9 GB   18 MB/s   3m49s[K[?25h[?2026l[?2026h[?25l[A[1Gpulling manifest [K
pulling 667b0c1932bc:  16% ▕██                ▏ 791 MB/4.9 GB   18 MB/s   3m49s[K[?25h[?2026l[?2026h[?25l[A[1Gpulling manifest [K
pulling 667b0c1932bc:  16% ▕██                ▏ 792 MB/4.9 GB   18 MB/s   3m48s[K[?25h[?2026l[?2026h[?25l[A[1Gpulling manifest [K
pulling 667b0c1932bc:  16% ▕██                ▏ 793 MB/4.9 GB   18 MB/s   3m48s[K[?25h[?2026l[?2026h[?25l[A[1Gpulling manifest [K
pulling 667b0c1932bc:  16% ▕██                ▏ 794 MB/4.9 GB   18 MB/s   3m48s[K[?25h[?2026l[?2026h[?25l[A[1Gpulling manifest [K
pulling 667b0c1932bc:  16% ▕██                ▏ 795 MB/4.9 GB   18 MB/s   3m48s[K[?25h[?2026l[?2026h[?25l[A[1Gpulling manifest [K
pulling 667b0c1932bc:  16% ▕██                ▏ 796 MB/4.9 GB   18 MB/s   3m48s[K[?25h[?2026l[?2026h[?25l[A[1Gpulling manifest [K
pulling 667b0c1932bc:  16% ▕██                ▏ 797 MB/4.9 GB   18 MB/s   3m48s[K[?25h[?2026l[?2026h[?25l[A[1Gpulling manifest [K
pulling 667b0c1932bc:  16% ▕██                ▏ 798 MB/4.9 GB   18 MB/s   3m48s[K[?25h[?2026l[?2026h[?25l[A[1Gpulling manifest [K
pulling 667b0c1932bc:  16% ▕██                ▏ 799 MB/4.9 GB   18 MB/s   3m48s[K[?25h[?2026l[?2026h[?25l[A[1Gpulling manifest [K
pulling 667b0c1932bc:  16% ▕██                ▏ 800 MB/4.9 GB   17 MB/s    4m0s[K[?25h[?2026l[?2026h[?25l[A[1Gpulling manifest [K
pulling 667b0c1932bc:  16% ▕██                ▏ 801 MB/4.9 GB   17 MB/s    4m0s[K[?25h[?2026l[?2026h[?25l[A[1Gpulling manifest [K
pulling 667b0c1932bc:  16% ▕██                ▏ 802 MB/4.9 GB   17 MB/s    4m0s[K[?25h[?2026l[?2026h[?25l[A[1Gpulling manifest [K
pulling 667b0c1932bc:  16% ▕██                ▏ 803 MB/4.9 GB   17 MB/s    4m0s[K[?25h[?2026l[?2026h[?25l[A[1Gpulling manifest [K
pulling 667b0c1932bc:  16% ▕██                ▏ 804 MB/4.9 GB   17 MB/s    4m0s[K[?25h[?2026l[?2026h[?25l[A[1Gpulling manifest [K
pulling 667b0c1932bc:  16% ▕██                ▏ 805 MB/4.9 GB   17 MB/s    4m0s[K[?25h[?2026l[?2026h[?25l[A[1Gpulling manifest [K
pulling 667b0c1932bc:  16% ▕██                ▏ 807 MB/4.9 GB   17 MB/s    4m0s[K[?25h[?2026l[?2026h[?25l[A[1Gpulling manifest [K
pulling 667b0c1932bc:  16% ▕██                ▏ 808 MB/4.9 GB   17 MB/s    4m0s[K[?25h[?2026l[?2026h[?25l[A[1Gpulling manifest [K
pulling 667b0c1932bc:  16% ▕██                ▏ 808 MB/4.9 GB   17 MB/s    4m0s[K[?25h[?2026l[?2026h[?25l[A[1Gpulling manifest [K
pulling 667b0c1932bc:  16% ▕██                ▏ 809 MB/4.9 GB   17 MB/s   3m59s[K[?25h[?2026l[?2026h[?25l[A[1Gpulling manifest [K
pulling 667b0c1932bc:  16% ▕██                ▏ 811 MB/4.9 GB   16 MB/s   4m12s[K[?25h[?2026l[?2026h[?25l[A[1Gpulling manifest [K
pulling 667b0c1932bc:  17% ▕██                ▏ 812 MB/4.9 GB   16 MB/s   4m12s[K[?25h[?2026l[?2026h[?25l[A[1Gpulling manifest [K
pulling 667b0c1932bc:  17% ▕██                ▏ 812 MB/4.9 GB   16 MB/s   4m12s[K[?25h[?2026l[?2026h[?25l[A[1Gpulling manifest [K
pulling 667b0c1932bc:  17% ▕██                ▏ 814 MB/4.9 GB   16 MB/s   4m11s[K[?25h[?2026l[?2026h[?25l[A[1Gpulling manifest [K
pulling 667b0c1932bc:  17% ▕██                ▏ 814 MB/4.9 GB   16 MB/s   4m11s[K[?25h[?2026l[?2026h[?25l[A[1Gpulling manifest [K
pulling 667b0c1932bc:  17% ▕██                ▏ 816 MB/4.9 GB   16 MB/s   4m11s[K[?25h[?2026l[?2026h[?25l[A[1Gpulling manifest [K
pulling 667b0c1932bc:  17% ▕██                ▏ 817 MB/4.9 GB   16 MB/s   4m11s[K[?25h[?2026l[?2026h[?25l[A[1Gpulling manifest [K
pulling 667b0c1932bc:  17% ▕██                ▏ 818 MB/4.9 GB   16 MB/s   4m11s[K[?25h[?2026l[?2026h[?25l[A[1Gpulling manifest [K
pulling 667b0c1932bc:  17% ▕██                ▏ 819 MB/4.9 GB   16 MB/s   4m11s[K[?25h[?2026l[?2026h[?25l[A[1Gpulling manifest [K
pulling 667b0c1932bc:  17% ▕███               ▏ 820 MB/4.9 GB   16 MB/s   4m11s[K[?25h[?2026l[?2026h[?25l[A[1Gpulling manifest [K
pulling 667b0c1932bc:  17% ▕███               ▏ 821 MB/4.9 GB   15 MB/s   4m24s[K[?25h[?2026l[?2026h[?25l[A[1Gpulling manifest [K
pulling 667b0c1932bc:  17% ▕███               ▏ 822 MB/4.9 GB   15 MB/s   4m24s[K[?25h[?2026l[?2026h[?25l[A[1Gpulling manifest [K
pulling 667b0c1932bc:  17% ▕███               ▏ 823 MB/4.9 GB   15 MB/s   4m24s[K[?25h[?2026l[?2026h[?25l[A[1Gpulling manifest [K
pulling 667b0c1932bc:  17% ▕███               ▏ 824 MB/4.9 GB   15 MB/s   4m24s[K[?25h[?2026l[?2026h[?25l[A[1Gpulling manifest [K
pulling 667b0c1932bc:  17% ▕███               ▏ 825 MB/4.9 GB   15 MB/s   4m24s[K[?25h[?2026l[?2026h[?25l[A[1Gpulling manifest [K
pulling 667b0c1932bc:  17% ▕███               ▏ 827 MB/4.9 GB   15 MB/s   4m24s[K[?25h[?2026l[?2026h[?25l[A[1Gpulling manifest [K
pulling 667b0c1932bc:  17% ▕███               ▏ 827 MB/4.9 GB   15 MB/s   4m24s[K[?25h[?2026l[?2026h[?25l[A[1Gpulling manifest [K
pulling 667b0c1932bc:  17% ▕███               ▏ 829 MB/4.9 GB   15 MB/s   4m24s[K[?25h[?2026l[?2026h[?25l[A[1Gpulling manifest [K
pulling 667b0c1932bc:  17% ▕███               ▏ 830 MB/4.9 GB   15 MB/s   4m24s[K[?25h[?2026l[?2026h[?25l[A[1Gpulling manifest [K
pulling 667b0c1932bc:  17% ▕███               ▏ 830 MB/4.9 GB   15 MB/s   4m24s[K[?25h[?2026l[?2026h[?25l[A[1Gpulling manifest [K
pulling 667b0c1932bc:  17% ▕███               ▏ 832 MB/4.9 GB   14 MB/s   4m41s[K[?25h[?2026l[?2026h[?25l[A[1Gpulling manifest [K
pulling 667b0c1932bc:  17% ▕███               ▏ 833 MB/4.9 GB   14 MB/s   4m41s[K[?25h[?2026l[?2026h[?25l[A[1Gpulling manifest [K
pulling 667b0c1932bc:  17% ▕███               ▏ 833 MB/4.9 GB   14 MB/s   4m41s[K[?25h[?2026l[?2026h[?25l[A[1Gpulling manifest [K
pulling 667b0c1932bc:  17% ▕███               ▏ 835 MB/4.9 GB   14 MB/s   4m41s[K[?25h[?2026l[?2026h[?25l[A[1Gpulling manifest [K
pulling 667b0c1932bc:  17% ▕███               ▏ 836 MB/4.9 GB   14 MB/s   4m41s[K[?25h[?2026l[?2026h[?25l[A[1Gpulling manifest [K
pulling 667b0c1932bc:  17% ▕███               ▏ 836 MB/4.9 GB   14 MB/s   4m41s[K[?25h[?2026l[?2026h[?25l[A[1Gpulling manifest [K
pulling 667b0c1932bc:  17% ▕███               ▏ 838 MB/4.9 GB   14 MB/s   4m41s[K[?25h[?2026l[?2026h[?25l[A[1Gpulling manifest [K
pulling 667b0c1932bc:  17% ▕███               ▏ 839 MB/4.9 GB   14 MB/s   4m41s[K[?25h[?2026l[?2026h[?25l[A[1Gpulling manifest [K
pulling 667b0c1932bc:  17% ▕███               ▏ 839 MB/4.9 GB   14 MB/s   4m41s[K[?25h[?2026l[?2026h[?25l[A[1Gpulling manifest [K
pulling 667b0c1932bc:  17% ▕███               ▏ 840 MB/4.9 GB   14 MB/s   4m40s[K[?25h[?2026l[?2026h[?25l[A[1Gpulling manifest [K
pulling 667b0c1932bc:  17% ▕███               ▏ 842 MB/4.9 GB   13 MB/s    5m5s[K[?25h[?2026l[?2026h[?25l[A[1Gpulling manifest [K
pulling 667b0c1932bc:  17% ▕███               ▏ 842 MB/4.9 GB   13 MB/s    5m5s[K[?25h[?2026l[?2026h[?25l[A[1Gpulling manifest [K
pulling 667b0c1932bc:  17% ▕███               ▏ 844 MB/4.9 GB   13 MB/s    5m5s[K[?25h[?2026l[?2026h[?25l[A[1Gpulling manifest [K
pulling 667b0c1932bc:  17% ▕███               ▏ 845 MB/4.9 GB   13 MB/s    5m5s[K[?25h[?2026l[?2026h[?25l[A[1Gpulling manifest [K
pulling 667b0c1932bc:  17% ▕███               ▏ 845 MB/4.9 GB   13 MB/s    5m5s[K[?25h[?2026l[?2026h[?25l[A[1Gpulling manifest [K
pulling 667b0c1932bc:  17% ▕███               ▏ 847 MB/4.9 GB   13 MB/s    5m5s[K[?25h[?2026l[?2026h[?25l[A[1Gpulling manifest [K
pulling 667b0c1932bc:  17% ▕███               ▏ 848 MB/4.9 GB   13 MB/s    5m5s[K[?25h[?2026l[?2026h[?25l[A[1Gpulling manifest [K
pulling 667b0c1932bc:  17% ▕███               ▏ 848 MB/4.9 GB   13 MB/s    5m5s[K[?25h[?2026l[?2026h[?25l[A[1Gpulling manifest [K
pulling 667b0c1932bc:  17% ▕███               ▏ 849 MB/4.9 GB   13 MB/s    5m5s[K[?25h[?2026l[?2026h[?25l[A[1Gpulling manifest [K
pulling 667b0c1932bc:  17% ▕███               ▏ 851 MB/4.9 GB   13 MB/s    5m5s[K[?25h[?2026l[?2026h[?25l[A[1Gpulling manifest [K
pulling 667b0c1932bc:  17% ▕███               ▏ 851 MB/4.9 GB   13 MB/s    5m5s[K[?25h[?2026l[?2026h[?25l[A[1Gpulling manifest [K
pulling 667b0c1932bc:  17% ▕███               ▏ 853 MB/4.9 GB   12 MB/s   5m27s[K[?25h[?2026l[?2026h[?25l[A[1Gpulling manifest [K
pulling 667b0c1932bc:  17% ▕███               ▏ 854 MB/4.9 GB   12 MB/s   5m27s[K[?25h[?2026l[?2026h[?25l[A[1Gpulling manifest [K
pulling 667b0c1932bc:  17% ▕███               ▏ 854 MB/4.9 GB   12 MB/s   5m27s[K[?25h[?2026l[?2026h[?25l[A[1Gpulling manifest [K
pulling 667b0c1932bc:  17% ▕███               ▏ 856 MB/4.9 GB   12 MB/s   5m27s[K[?25h[?2026l[?2026h[?25l[A[1Gpulling manifest [K
pulling 667b0c1932bc:  17% ▕███               ▏ 857 MB/4.9 GB   12 MB/s   5m27s[K[?25h[?2026l[?2026h[?25l[A[1Gpulling manifest [K
pulling 667b0c1932bc:  17% ▕███               ▏ 857 MB/4.9 GB   12 MB/s   5m27s[K[?25h[?2026l[?2026h[?25l[A[1Gpulling manifest [K
pulling 667b0c1932bc:  17% ▕███               ▏ 858 MB/4.9 GB   12 MB/s   5m26s[K[?25h[?2026l[?2026h[?25l[A[1Gpulling manifest [K
pulling 667b0c1932bc:  17% ▕███               ▏ 859 MB/4.9 GB   12 MB/s   5m26s[K[?25h[?2026l[?2026h[?25l[A[1Gpulling manifest [K
pulling 667b0c1932bc:  17% ▕███               ▏ 860 MB/4.9 GB   12 MB/s   5m26s[K[?25h[?2026l[?2026h[?25l[A[1Gpulling manifest [K
pulling 667b0c1932bc:  18% ▕███               ▏ 861 MB/4.9 GB   12 MB/s   5m26s[K[?25h[?2026l[?2026h[?25l[A[1Gpulling manifest [K
pulling 667b0c1932bc:  18% ▕███               ▏ 862 MB/4.9 GB   11 MB/s   5m58s[K[?25h[?2026l[?2026h[?25l[A[1Gpulling manifest [K
pulling 667b0c1932bc:  18% ▕███               ▏ 863 MB/4.9 GB   11 MB/s   5m58s[K[?25h[?2026l[?2026h[?25l[A[1Gpulling manifest [K
pulling 667b0c1932bc:  18% ▕███               ▏ 864 MB/4.9 GB   11 MB/s   5m58s[K[?25h[?2026l[?2026h[?25l[A[1Gpulling manifest [K
pulling 667b0c1932bc:  18% ▕███               ▏ 865 MB/4.9 GB   11 MB/s   5m58s[K[?25h[?2026l[?2026h[?25l[A[1Gpulling manifest [K
pulling 667b0c1932bc:  18% ▕███               ▏ 865 MB/4.9 GB   11 MB/s   5m58s[K[?25h[?2026l[?2026h[?25l[A[1Gpulling manifest [K
pulling 667b0c1932bc:  18% ▕███               ▏ 867 MB/4.9 GB   11 MB/s   5m58s[K[?25h[?2026l[?2026h[?25l[A[1Gpulling manifest [K
pulling 667b0c1932bc:  18% ▕███               ▏ 868 MB/4.9 GB   11 MB/s   5m58s[K[?25h[?2026l[?2026h[?25l[A[1Gpulling manifest [K
pulling 667b0c1932bc:  18% ▕███               ▏ 868 MB/4.9 GB   11 MB/s   5m58s[K[?25h[?2026l[?2026h[?25l[A[1Gpulling manifest [K
pulling 667b0c1932bc:  18% ▕███               ▏ 869 MB/4.9 GB   11 MB/s   5m58s[K[?25h[?2026l[?2026h[?25l[A[1Gpulling manifest [K
pulling 667b0c1932bc:  18% ▕███               ▏ 871 MB/4.9 GB   11 MB/s   5m57s[K[?25h[?2026l[?2026h[?25l[A[1Gpulling manifest [K
pulling 667b0c1932bc:  18% ▕███               ▏ 871 MB/4.9 GB   10 MB/s   6m35s[K[?25h[?2026l[?2026h[?25l[A[1Gpulling manifest [K
pulling 667b0c1932bc:  18% ▕███               ▏ 872 MB/4.9 GB   10 MB/s   6m35s[K[?25h[?2026l[?2026h[?25l[A[1Gpulling manifest [K
pulling 667b0c1932bc:  18% ▕███               ▏ 874 MB/4.9 GB   10 MB/s   6m35s[K[?25h[?2026l[?2026h[?25l[A[1Gpulling manifest [K
pulling 667b0c1932bc:  18% ▕███               ▏ 874 MB/4.9 GB   10 MB/s   6m35s[K[?25h[?2026l[?2026h[?25l[A[1Gpulling manifest [K
pulling 667b0c1932bc:  18% ▕███               ▏ 875 MB/4.9 GB   10 MB/s   6m35s[K[?25h[?2026l[?2026h[?25l[A[1Gpulling manifest [K
pulling 667b0c1932bc:  18% ▕███               ▏ 876 MB/4.9 GB   10 MB/s   6m35s[K[?25h[?2026l[?2026h[?25l[A[1Gpulling manifest [K
pulling 667b0c1932bc:  18% ▕███               ▏ 876 MB/4.9 GB   10 MB/s   6m35s[K[?25h[?2026l[?2026h[?25l[A[1Gpulling manifest [K
pulling 667b0c1932bc:  18% ▕███               ▏ 877 MB/4.9 GB   10 MB/s   6m35s[K[?25h[?2026l[?2026h[?25l[A[1Gpulling manifest [K
pulling 667b0c1932bc:  18% ▕███               ▏ 879 MB/4.9 GB   10 MB/s   6m34s[K[?25h[?2026l[?2026h[?25l[A[1Gpulling manifest [K
pulling 667b0c1932bc:  18% ▕███               ▏ 879 MB/4.9 GB   10 MB/s   6m34s[K[?25h[?2026l[?2026h[?25l[A[1Gpulling manifest [K
pulling 667b0c1932bc:  18% ▕███               ▏ 880 MB/4.9 GB   10 MB/s   6m39s[K[?25h[?2026l[?2026h[?25l[A[1Gpulling manifest [K
pulling 667b0c1932bc:  18% ▕███               ▏ 881 MB/4.9 GB   10 MB/s   6m38s[K[?25h[?2026l[?2026h[?25l[A[1Gpulling manifest [K
pulling 667b0c1932bc:  18% ▕███               ▏ 882 MB/4.9 GB   10 MB/s   6m38s[K[?25h[?2026l[?2026h[?25l[A[1Gpulling manifest [K
pulling 667b0c1932bc:  18% ▕███               ▏ 884 MB/4.9 GB   10 MB/s   6m38s[K[?25h[?2026l[?2026h[?25l[A[1Gpulling manifest [K
pulling 667b0c1932bc:  18% ▕███               ▏ 885 MB/4.9 GB   10 MB/s   6m38s[K[?25h[?2026l[?2026h[?25l[A[1Gpulling manifest [K
pulling 667b0c1932bc:  18% ▕███               ▏ 885 MB/4.9 GB   10 MB/s   6m38s[K[?25h[?2026l[?2026h[?25l[A[1Gpulling manifest [K
pulling 667b0c1932bc:  18% ▕███               ▏ 887 MB/4.9 GB   10 MB/s   6m38s[K[?25h[?2026l[?2026h[?25l[A[1Gpulling manifest [K
pulling 667b0c1932bc:  18% ▕███               ▏ 888 MB/4.9 GB   10 MB/s   6m38s[K[?25h[?2026l[?2026h[?25l[A[1Gpulling manifest [K
pulling 667b0c1932bc:  18% ▕███               ▏ 888 MB/4.9 GB   10 MB/s   6m38s[K[?25h[?2026l[?2026h[?25l[A[1Gpulling manifest [K
pulling 667b0c1932bc:  18% ▕███               ▏ 889 MB/4.9 GB   10 MB/s   6m38s[K[?25h[?2026l[?2026h[?25l[A[1Gpulling manifest [K
pulling 667b0c1932bc:  18% ▕███               ▏ 891 MB/4.9 GB   10 MB/s   6m37s[K[?25h[?2026l[?2026h[?25l[A[1Gpulling manifest [K
pulling 667b0c1932bc:  18% ▕███               ▏ 891 MB/4.9 GB   10 MB/s   6m37s[K[?25h[?2026l[?2026h[?25l[A[1Gpulling manifest [K
pulling 667b0c1932bc:  18% ▕███               ▏ 893 MB/4.9 GB   10 MB/s   6m37s[K[?25h[?2026l[?2026h[?25l[A[1Gpulling manifest [K
pulling 667b0c1932bc:  18% ▕███               ▏ 894 MB/4.9 GB   10 MB/s   6m37s[K[?25h[?2026l[?2026h[?25l[A[1Gpulling manifest [K
pulling 667b0c1932bc:  18% ▕███               ▏ 895 MB/4.9 GB   10 MB/s   6m36s[K[?25h[?2026l[?2026h[?25l[A[1Gpulling manifest [K
pulling 667b0c1932bc:  18% ▕███               ▏ 896 MB/4.9 GB   10 MB/s   6m36s[K[?25h[?2026l[?2026h[?25l[A[1Gpulling manifest [K
pulling 667b0c1932bc:  18% ▕███               ▏ 897 MB/4.9 GB   10 MB/s   6m36s[K[?25h[?2026l[?2026h[?25l[A[1Gpulling manifest [K
pulling 667b0c1932bc:  18% ▕███               ▏ 898 MB/4.9 GB   10 MB/s   6m36s[K[?25h[?2026l[?2026h[?25l[A[1Gpulling manifest [K
pulling 667b0c1932bc:  18% ▕███               ▏ 899 MB/4.9 GB   10 MB/s   6m36s[K[?25h[?2026l[?2026h[?25l[A[1Gpulling manifest [K
pulling 667b0c1932bc:  18% ▕███               ▏ 900 MB/4.9 GB   10 MB/s   6m36s[K[?25h[?2026l[?2026h[?25l[A[1Gpulling manifest [K
pulling 667b0c1932bc:  18% ▕███               ▏ 901 MB/4.9 GB   10 MB/s   6m36s[K[?25h[?2026l[?2026h[?25l[A[1Gpulling manifest [K
pulling 667b0c1932bc:  18% ▕███               ▏ 902 MB/4.9 GB   10 MB/s   6m36s[K[?25h[?2026l[?2026h[?25l[A[1Gpulling manifest [K
pulling 667b0c1932bc:  18% ▕███               ▏ 903 MB/4.9 GB   10 MB/s   6m36s[K[?25h[?2026l[?2026h[?25l[A[1Gpulling manifest [K
pulling 667b0c1932bc:  18% ▕███               ▏ 904 MB/4.9 GB   10 MB/s   6m36s[K[?25h[?2026l[?2026h[?25l[A[1Gpulling manifest [K
pulling 667b0c1932bc:  18% ▕███               ▏ 905 MB/4.9 GB   10 MB/s   6m36s[K[?25h[?2026l[?2026h[?25l[A[1Gpulling manifest [K
pulling 667b0c1932bc:  18% ▕███               ▏ 906 MB/4.9 GB   10 MB/s   6m36s[K[?25h[?2026l[?2026h[?25l[A[1Gpulling manifest [K
pulling 667b0c1932bc:  18% ▕███               ▏ 907 MB/4.9 GB   10 MB/s   6m36s[K[?25h[?2026l[?2026h[?25l[A[1Gpulling manifest [K
pulling 667b0c1932bc:  18% ▕███               ▏ 908 MB/4.9 GB   10 MB/s   6m36s[K[?25h[?2026l[?2026h[?25l[A[1Gpulling manifest [K
pulling 667b0c1932bc:  18% ▕███               ▏ 909 MB/4.9 GB   10 MB/s   6m36s[K[?25h[?2026l[?2026h[?25l[A[1Gpulling manifest [K
pulling 667b0c1932bc:  18% ▕███               ▏ 910 MB/4.9 GB   10 MB/s   6m35s[K[?25h[?2026l[?2026h[?25l[A[1Gpulling manifest [K
pulling 667b0c1932bc:  19% ▕███               ▏ 911 MB/4.9 GB   10 MB/s   6m35s[K[?25h[?2026l[?2026h[?25l[A[1Gpulling manifest [K
pulling 667b0c1932bc:  19% ▕███               ▏ 912 MB/4.9 GB   10 MB/s   6m38s[K[?25h[?2026l[?2026h[?25l[A[1Gpulling manifest [K
pulling 667b0c1932bc:  19% ▕███               ▏ 912 MB/4.9 GB   10 MB/s   6m38s[K[?25h[?2026l[?2026h[?25l[A[1Gpulling manifest [K
pulling 667b0c1932bc:  19% ▕███               ▏ 913 MB/4.9 GB   10 MB/s   6m38s[K[?25h[?2026l[?2026h[?25l[A[1Gpulling manifest [K
pulling 667b0c1932bc:  19% ▕███               ▏ 914 MB/4.9 GB   10 MB/s   6m38s[K[?25h[?2026l[?2026h[?25l[A[1Gpulling manifest [K
pulling 667b0c1932bc:  19% ▕███               ▏ 915 MB/4.9 GB   10 MB/s   6m38s[K[?25h[?2026l[?2026h[?25l[A[1Gpulling manifest [K
pulling 667b0c1932bc:  19% ▕███               ▏ 916 MB/4.9 GB   10 MB/s   6m38s[K[?25h[?2026l[?2026h[?25l[A[1Gpulling manifest [K
pulling 667b0c1932bc:  19% ▕███               ▏ 917 MB/4.9 GB   10 MB/s   6m38s[K[?25h[?2026l[?2026h[?25l[A[1Gpulling manifest [K
pulling 667b0c1932bc:  19% ▕███               ▏ 917 MB/4.9 GB   10 MB/s   6m38s[K[?25h[?2026l[?2026h[?25l[A[1Gpulling manifest [K
pulling 667b0c1932bc:  19% ▕███               ▏ 918 MB/4.9 GB   10 MB/s   6m37s[K[?25h[?2026l[?2026h[?25l[A[1Gpulling manifest [K
pulling 667b0c1932bc:  19% ▕███               ▏ 919 MB/4.9 GB   10 MB/s   6m37s[K[?25h[?2026l[?2026h[?25l[A[1Gpulling manifest [K
pulling 667b0c1932bc:  19% ▕███               ▏ 920 MB/4.9 GB  9.8 MB/s   6m46s[K[?25h[?2026l[?2026h[?25l[A[1Gpulling manifest [K
pulling 667b0c1932bc:  19% ▕███               ▏ 921 MB/4.9 GB  9.8 MB/s   6m46s[K[?25h[?2026l[?2026h[?25l[A[1Gpulling manifest [K
pulling 667b0c1932bc:  19% ▕███               ▏ 922 MB/4.9 GB  9.8 MB/s   6m46s[K[?25h[?2026l[?2026h[?25l[A[1Gpulling manifest [K
pulling 667b0c1932bc:  19% ▕███               ▏ 923 MB/4.9 GB  9.8 MB/s   6m46s[K[?25h[?2026l[?2026h[?25l[A[1Gpulling manifest [K
pulling 667b0c1932bc:  19% ▕███               ▏ 924 MB/4.9 GB  9.8 MB/s   6m46s[K[?25h[?2026l[?2026h[?25l[A[1Gpulling manifest [K
pulling 667b0c1932bc:  19% ▕███               ▏ 925 MB/4.9 GB  9.8 MB/s   6m46s[K[?25h[?2026l[?2026h[?25l[A[1Gpulling manifest [K
pulling 667b0c1932bc:  19% ▕███               ▏ 926 MB/4.9 GB  9.8 MB/s   6m45s[K[?25h[?2026l[?2026h[?25l[A[1Gpulling manifest [K
pulling 667b0c1932bc:  19% ▕███               ▏ 927 MB/4.9 GB  9.8 MB/s   6m45s[K[?25h[?2026l[?2026h[?25l[A[1Gpulling manifest [K
pulling 667b0c1932bc:  19% ▕███               ▏ 928 MB/4.9 GB  9.8 MB/s   6m45s[K[?25h[?2026l[?2026h[?25l[A[1Gpulling manifest [K
pulling 667b0c1932bc:  19% ▕███               ▏ 929 MB/4.9 GB  9.8 MB/s   6m45s[K[?25h[?2026l[?2026h[?25l[A[1Gpulling manifest [K
pulling 667b0c1932bc:  19% ▕███               ▏ 930 MB/4.9 GB  9.8 MB/s   6m47s[K[?25h[?2026l[?2026h[?25l[A[1Gpulling manifest [K
pulling 667b0c1932bc:  19% ▕███               ▏ 931 MB/4.9 GB  9.8 MB/s   6m47s[K[?25h[?2026l[?2026h[?25l[A[1Gpulling manifest [K
pulling 667b0c1932bc:  19% ▕███               ▏ 931 MB/4.9 GB  9.8 MB/s   6m47s[K[?25h[?2026l[?2026h[?25l[A[1Gpulling manifest [K
pulling 667b0c1932bc:  19% ▕███               ▏ 932 MB/4.9 GB  9.8 MB/s   6m47s[K[?25h[?2026l[?2026h[?25l[A[1Gpulling manifest [K
pulling 667b0c1932bc:  19% ▕███               ▏ 934 MB/4.9 GB  9.8 MB/s   6m47s[K[?25h[?2026l[?2026h[?25l[A[1Gpulling manifest [K
pulling 667b0c1932bc:  19% ▕███               ▏ 934 MB/4.9 GB  9.8 MB/s   6m47s[K[?25h[?2026l[?2026h[?25l[A[1Gpulling manifest [K
pulling 667b0c1932bc:  19% ▕███               ▏ 935 MB/4.9 GB  9.8 MB/s   6m47s[K[?25h[?2026l[?2026h[?25l[A[1Gpulling manifest [K
pulling 667b0c1932bc:  19% ▕███               ▏ 936 MB/4.9 GB  9.8 MB/s   6m47s[K[?25h[?2026l[?2026h[?25l[A[1Gpulling manifest [K
pulling 667b0c1932bc:  19% ▕███               ▏ 937 MB/4.9 GB  9.8 MB/s   6m47s[K[?25h[?2026l[?2026h[?25l[A[1Gpulling manifest [K
pulling 667b0c1932bc:  19% ▕███               ▏ 938 MB/4.9 GB  9.8 MB/s   6m46s[K[?25h[?2026l[?2026h[?25l[A[1Gpulling manifest [K
pulling 667b0c1932bc:  19% ▕███               ▏ 939 MB/4.9 GB  9.6 MB/s   6m52s[K[?25h[?2026l[?2026h[?25l[A[1Gpulling manifest [K
pulling 667b0c1932bc:  19% ▕███               ▏ 940 MB/4.9 GB  9.6 MB/s   6m52s[K[?25h[?2026l[?2026h[?25l[A[1Gpulling manifest [K
pulling 667b0c1932bc:  19% ▕███               ▏ 941 MB/4.9 GB  9.6 MB/s   6m52s[K[?25h[?2026l[?2026h[?25l[A[1Gpulling manifest [K
pulling 667b0c1932bc:  19% ▕███               ▏ 942 MB/4.9 GB  9.6 MB/s   6m52s[K[?25h[?2026l[?2026h[?25l[A[1Gpulling manifest [K
pulling 667b0c1932bc:  19% ▕███               ▏ 942 MB/4.9 GB  9.6 MB/s   6m52s[K[?25h[?2026l[?2026h[?25l[A[1Gpulling manifest [K
pulling 667b0c1932bc:  19% ▕███               ▏ 943 MB/4.9 GB  9.6 MB/s   6m52s[K[?25h[?2026l[?2026h[?25l[A[1Gpulling manifest [K
pulling 667b0c1932bc:  19% ▕███               ▏ 945 MB/4.9 GB  9.6 MB/s   6m52s[K[?25h[?2026l[?2026h[?25l[A[1Gpulling manifest [K
pulling 667b0c1932bc:  19% ▕███               ▏ 945 MB/4.9 GB  9.6 MB/s   6m52s[K[?25h[?2026l[?2026h[?25l[A[1Gpulling manifest [K
pulling 667b0c1932bc:  19% ▕███               ▏ 946 MB/4.9 GB  9.6 MB/s   6m51s[K[?25h[?2026l[?2026h[?25l[A[1Gpulling manifest [K
pulling 667b0c1932bc:  19% ▕███               ▏ 948 MB/4.9 GB  9.6 MB/s   6m51s[K[?25h[?2026l[?2026h[?25l[A[1Gpulling manifest [K
pulling 667b0c1932bc:  19% ▕███               ▏ 948 MB/4.9 GB  9.6 MB/s   6m51s[K[?25h[?2026l[?2026h[?25l[A[1Gpulling manifest [K
pulling 667b0c1932bc:  19% ▕███               ▏ 949 MB/4.9 GB  9.6 MB/s   6m52s[K[?25h[?2026l[?2026h[?25l[A[1Gpulling manifest [K
pulling 667b0c1932bc:  19% ▕███               ▏ 950 MB/4.9 GB  9.6 MB/s   6m52s[K[?25h[?2026l[?2026h[?25l[A[1Gpulling manifest [K
pulling 667b0c1932bc:  19% ▕███               ▏ 951 MB/4.9 GB  9.6 MB/s   6m52s[K[?25h[?2026l[?2026h[?25l[A[1Gpulling manifest [K
pulling 667b0c1932bc:  19% ▕███               ▏ 952 MB/4.9 GB  9.6 MB/s   6m52s[K[?25h[?2026l[?2026h[?25l[A[1Gpulling manifest [K
pulling 667b0c1932bc:  19% ▕███               ▏ 953 MB/4.9 GB  9.6 MB/s   6m52s[K[?25h[?2026l[?2026h[?25l[A[1Gpulling manifest [K
pulling 667b0c1932bc:  19% ▕███               ▏ 953 MB/4.9 GB  9.6 MB/s   6m52s[K[?25h[?2026l[?2026h[?25l[A[1Gpulling manifest [K
pulling 667b0c1932bc:  19% ▕███               ▏ 955 MB/4.9 GB  9.6 MB/s   6m52s[K[?25h[?2026l[?2026h[?25l[A[1Gpulling manifest [K
pulling 667b0c1932bc:  19% ▕███               ▏ 956 MB/4.9 GB  9.6 MB/s   6m52s[K[?25h[?2026l[?2026h[?25l[A[1Gpulling manifest [K
pulling 667b0c1932bc:  19% ▕███               ▏ 956 MB/4.9 GB  9.6 MB/s   6m52s[K[?25h[?2026l[?2026h[?25l[A[1Gpulling manifest [K
pulling 667b0c1932bc:  19% ▕███               ▏ 957 MB/4.9 GB  9.6 MB/s   6m51s[K[?25h[?2026l[?2026h[?25l[A[1Gpulling manifest [K
pulling 667b0c1932bc:  19% ▕███               ▏ 959 MB/4.9 GB  9.6 MB/s   6m51s[K[?25h[?2026l[?2026h[?25l[A[1Gpulling manifest [K
pulling 667b0c1932bc:  20% ▕███               ▏ 959 MB/4.9 GB  9.6 MB/s   6m50s[K[?25h[?2026l[?2026h[?25l[A[1Gpulling manifest [K
pulling 667b0c1932bc:  20% ▕███               ▏ 960 MB/4.9 GB  9.6 MB/s   6m50s[K[?25h[?2026l[?2026h[?25l[A[1Gpulling manifest [K
pulling 667b0c1932bc:  20% ▕███               ▏ 961 MB/4.9 GB  9.6 MB/s   6m50s[K[?25h[?2026l[?2026h[?25l[A[1Gpulling manifest [K
pulling 667b0c1932bc:  20% ▕███               ▏ 962 MB/4.9 GB  9.6 MB/s   6m50s[K[?25h[?2026l[?2026h[?25l[A[1Gpulling manifest [K
pulling 667b0c1932bc:  20% ▕███               ▏ 963 MB/4.9 GB  9.6 MB/s   6m50s[K[?25h[?2026l[?2026h[?25l[A[1Gpulling manifest [K
pulling 667b0c1932bc:  20% ▕███               ▏ 964 MB/4.9 GB  9.6 MB/s   6m50s[K[?25h[?2026l[?2026h[?25l[A[1Gpulling manifest [K
pulling 667b0c1932bc:  20% ▕███               ▏ 965 MB/4.9 GB  9.6 MB/s   6m50s[K[?25h[?2026l[?2026h[?25l[A[1Gpulling manifest [K
pulling 667b0c1932bc:  20% ▕███               ▏ 966 MB/4.9 GB  9.6 MB/s   6m50s[K[?25h[?2026l[?2026h[?25l[A[1Gpulling manifest [K
pulling 667b0c1932bc:  20% ▕███               ▏ 967 MB/4.9 GB  9.6 MB/s   6m50s[K[?25h[?2026l[?2026h[?25l[A[1Gpulling manifest [K
pulling 667b0c1932bc:  20% ▕███               ▏ 967 MB/4.9 GB  9.7 MB/s   6m48s[K[?25h[?2026l[?2026h[?25l[A[1Gpulling manifest [K
pulling 667b0c1932bc:  20% ▕███               ▏ 968 MB/4.9 GB  9.7 MB/s   6m48s[K[?25h[?2026l[?2026h[?25l[A[1Gpulling manifest [K
pulling 667b0c1932bc:  20% ▕███               ▏ 970 MB/4.9 GB  9.7 MB/s   6m47s[K[?25h[?2026l[?2026h[?25l[A[1Gpulling manifest [K
pulling 667b0c1932bc:  20% ▕███               ▏ 970 MB/4.9 GB  9.7 MB/s   6m47s[K[?25h[?2026l[?2026h[?25l[A[1Gpulling manifest [K
pulling 667b0c1932bc:  20% ▕███               ▏ 971 MB/4.9 GB  9.7 MB/s   6m47s[K[?25h[?2026l[?2026h[?25l[A[1Gpulling manifest [K
pulling 667b0c1932bc:  20% ▕███               ▏ 972 MB/4.9 GB  9.7 MB/s   6m47s[K[?25h[?2026l[?2026h[?25l[A[1Gpulling manifest [K
pulling 667b0c1932bc:  20% ▕███               ▏ 973 MB/4.9 GB  9.7 MB/s   6m47s[K[?25h[?2026l[?2026h[?25l[A[1Gpulling manifest [K
pulling 667b0c1932bc:  20% ▕███               ▏ 974 MB/4.9 GB  9.7 MB/s   6m47s[K[?25h[?2026l[?2026h[?25l[A[1Gpulling manifest [K
pulling 667b0c1932bc:  20% ▕███               ▏ 975 MB/4.9 GB  9.7 MB/s   6m47s[K[?25h[?2026l[?2026h[?25l[A[1Gpulling manifest [K
pulling 667b0c1932bc:  20% ▕███               ▏ 975 MB/4.9 GB  9.7 MB/s   6m47s[K[?25h[?2026l[?2026h[?25l[A[1Gpulling manifest [K
pulling 667b0c1932bc:  20% ▕███               ▏ 977 MB/4.9 GB  9.5 MB/s   6m53s[K[?25h[?2026l[?2026h[?25l[A[1Gpulling manifest [K
pulling 667b0c1932bc:  20% ▕███               ▏ 978 MB/4.9 GB  9.5 MB/s   6m53s[K[?25h[?2026l[?2026h[?25l[A[1Gpulling manifest [K
pulling 667b0c1932bc:  20% ▕███               ▏ 978 MB/4.9 GB  9.5 MB/s   6m53s[K[?25h[?2026l[?2026h[?25l[A[1Gpulling manifest [K
pulling 667b0c1932bc:  20% ▕███               ▏ 979 MB/4.9 GB  9.5 MB/s   6m53s[K[?25h[?2026l[?2026h[?25l[A[1Gpulling manifest [K
pulling 667b0c1932bc:  20% ▕███               ▏ 981 MB/4.9 GB  9.5 MB/s   6m52s[K[?25h[?2026l[?2026h[?25l[A[1Gpulling manifest [K
pulling 667b0c1932bc:  20% ▕███               ▏ 981 MB/4.9 GB  9.5 MB/s   6m52s[K[?25h[?2026l[?2026h[?25l[A[1Gpulling manifest [K
pulling 667b0c1932bc:  20% ▕███               ▏ 983 MB/4.9 GB  9.5 MB/s   6m52s[K[?25h[?2026l[?2026h[?25l[A[1Gpulling manifest [K
pulling 667b0c1932bc:  20% ▕███               ▏ 984 MB/4.9 GB  9.5 MB/s   6m52s[K[?25h[?2026l[?2026h[?25l[A[1Gpulling manifest [K
pulling 667b0c1932bc:  20% ▕███               ▏ 984 MB/4.9 GB  9.5 MB/s   6m52s[K[?25h[?2026l[?2026h[?25l[A[1Gpulling manifest [K
pulling 667b0c1932bc:  20% ▕███               ▏ 985 MB/4.9 GB  9.5 MB/s   6m52s[K[?25h[?2026l[?2026h[?25l[A[1Gpulling manifest [K
pulling 667b0c1932bc:  20% ▕███               ▏ 986 MB/4.9 GB  9.4 MB/s   6m57s[K[?25h[?2026l[?2026h[?25l[A[1Gpulling manifest [K
pulling 667b0c1932bc:  20% ▕███               ▏ 987 MB/4.9 GB  9.4 MB/s   6m57s[K[?25h[?2026l[?2026h[?25l[A[1Gpulling manifest [K
pulling 667b0c1932bc:  20% ▕███               ▏ 988 MB/4.9 GB  9.4 MB/s   6m57s[K[?25h[?2026l[?2026h[?25l[A[1Gpulling manifest [K
pulling 667b0c1932bc:  20% ▕███               ▏ 989 MB/4.9 GB  9.4 MB/s   6m57s[K[?25h[?2026l[?2026h[?25l[A[1Gpulling manifest [K
pulling 667b0c1932bc:  20% ▕███               ▏ 989 MB/4.9 GB  9.4 MB/s   6m57s[K[?25h[?2026l[?2026h[?25l[A[1Gpulling manifest [K
pulling 667b0c1932bc:  20% ▕███               ▏ 990 MB/4.9 GB  9.4 MB/s   6m57s[K[?25h[?2026l[?2026h[?25l[A[1Gpulling manifest [K
pulling 667b0c1932bc:  20% ▕███               ▏ 992 MB/4.9 GB  9.4 MB/s   6m56s[K[?25h[?2026l[?2026h[?25l[A[1Gpulling manifest [K
pulling 667b0c1932bc:  20% ▕███               ▏ 992 MB/4.9 GB  9.4 MB/s   6m56s[K[?25h[?2026l[?2026h[?25l[A[1Gpulling manifest [K
pulling 667b0c1932bc:  20% ▕███               ▏ 993 MB/4.9 GB  9.4 MB/s   6m56s[K[?25h[?2026l[?2026h[?25l[A[1Gpulling manifest [K
pulling 667b0c1932bc:  20% ▕███               ▏ 994 MB/4.9 GB  9.4 MB/s   6m56s[K[?25h[?2026l[?2026h[?25l[A[1Gpulling manifest [K
pulling 667b0c1932bc:  20% ▕███               ▏ 995 MB/4.9 GB  9.4 MB/s   6m56s[K[?25h[?2026l[?2026h[?25l[A[1Gpulling manifest [K
pulling 667b0c1932bc:  20% ▕███               ▏ 996 MB/4.9 GB  9.3 MB/s    7m0s[K[?25h[?2026l[?2026h[?25l[A[1Gpulling manifest [K
pulling 667b0c1932bc:  20% ▕███               ▏ 997 MB/4.9 GB  9.3 MB/s    7m0s[K[?25h[?2026l[?2026h[?25l[A[1Gpulling manifest [K
pulling 667b0c1932bc:  20% ▕███               ▏ 997 MB/4.9 GB  9.3 MB/s    7m0s[K[?25h[?2026l[?2026h[?25l[A[1Gpulling manifest [K
pulling 667b0c1932bc:  20% ▕███               ▏ 998 MB/4.9 GB  9.3 MB/s    7m0s[K[?25h[?2026l[?2026h[?25l[A[1Gpulling manifest [K
pulling 667b0c1932bc:  20% ▕███               ▏ 1.0 GB/4.9 GB  9.3 MB/s    7m0s[K[?25h[?2026l[?2026h[?25l[A[1Gpulling manifest [K
pulling 667b0c1932bc:  20% ▕███               ▏ 1.0 GB/4.9 GB  9.3 MB/s    7m0s[K[?25h[?2026l[?2026h[?25l[A[1Gpulling manifest [K
pulling 667b0c1932bc:  20% ▕███               ▏ 1.0 GB/4.9 GB  9.3 MB/s    7m0s[K[?25h[?2026l[?2026h[?25l[A[1Gpulling manifest [K
pulling 667b0c1932bc:  20% ▕███               ▏ 1.0 GB/4.9 GB  9.3 MB/s   6m59s[K[?25h[?2026l[?2026h[?25l[A[1Gpulling manifest [K
pulling 667b0c1932bc:  20% ▕███               ▏ 1.0 GB/4.9 GB  9.3 MB/s   6m59s[K[?25h[?2026l[?2026h[?25l[A[1Gpulling manifest [K
pulling 667b0c1932bc:  20% ▕███               ▏ 1.0 GB/4.9 GB  9.3 MB/s   6m59s[K[?25h[?2026l[?2026h[?25l[A[1Gpulling manifest [K
pulling 667b0c1932bc:  20% ▕███               ▏ 1.0 GB/4.9 GB  9.4 MB/s   6m56s[K[?25h[?2026l[?2026h[?25l[A[1Gpulling manifest [K
pulling 667b0c1932bc:  20% ▕███               ▏ 1.0 GB/4.9 GB  9.4 MB/s   6m56s[K[?25h[?2026l[?2026h[?25l[A[1Gpulling manifest [K
pulling 667b0c1932bc:  20% ▕███               ▏ 1.0 GB/4.9 GB  9.4 MB/s   6m56s[K[?25h[?2026l[?2026h[?25l[A[1Gpulling manifest [K
pulling 667b0c1932bc:  20% ▕███               ▏ 1.0 GB/4.9 GB  9.4 MB/s   6m56s[K[?25h[?2026l[?2026h[?25l[A[1Gpulling manifest [K
pulling 667b0c1932bc:  21% ▕███               ▏ 1.0 GB/4.9 GB  9.4 MB/s   6m56s[K[?25h[?2026l[?2026h[?25l[A[1Gpulling manifest [K
pulling 667b0c1932bc:  21% ▕███               ▏ 1.0 GB/4.9 GB  9.4 MB/s   6m56s[K[?25h[?2026l[?2026h[?25l[A[1Gpulling manifest [K
pulling 667b0c1932bc:  21% ▕███               ▏ 1.0 GB/4.9 GB  9.4 MB/s   6m56s[K[?25h[?2026l[?2026h[?25l[A[1Gpulling manifest [K
pulling 667b0c1932bc:  21% ▕███               ▏ 1.0 GB/4.9 GB  9.4 MB/s   6m56s[K[?25h[?2026l[?2026h[?25l[A[1Gpulling manifest [K
pulling 667b0c1932bc:  21% ▕███               ▏ 1.0 GB/4.9 GB  9.4 MB/s   6m55s[K[?25h[?2026l[?2026h[?25l[A[1Gpulling manifest [K
pulling 667b0c1932bc:  21% ▕███               ▏ 1.0 GB/4.9 GB  9.4 MB/s   6m55s[K[?25h[?2026l[?2026h[?25l[A[1Gpulling manifest [K
pulling 667b0c1932bc:  21% ▕███               ▏ 1.0 GB/4.9 GB  9.3 MB/s   6m58s[K[?25h[?2026l[?2026h[?25l[A[1Gpulling manifest [K
pulling 667b0c1932bc:  21% ▕███               ▏ 1.0 GB/4.9 GB  9.3 MB/s   6m58s[K[?25h[?2026l[?2026h[?25l[A[1Gpulling manifest [K
pulling 667b0c1932bc:  21% ▕███               ▏ 1.0 GB/4.9 GB  9.3 MB/s   6m58s[K[?25h[?2026l[?2026h[?25l[A[1Gpulling manifest [K
pulling 667b0c1932bc:  21% ▕███               ▏ 1.0 GB/4.9 GB  9.3 MB/s   6m58s[K[?25h[?2026l[?2026h[?25l[A[1Gpulling manifest [K
pulling 667b0c1932bc:  21% ▕███               ▏ 1.0 GB/4.9 GB  9.3 MB/s   6m58s[K[?25h[?2026l[?2026h[?25l[A[1Gpulling manifest [K
pulling 667b0c1932bc:  21% ▕███               ▏ 1.0 GB/4.9 GB  9.3 MB/s   6m58s[K[?25h[?2026l[?2026h[?25l[A[1Gpulling manifest [K
pulling 667b0c1932bc:  21% ▕███               ▏ 1.0 GB/4.9 GB  9.3 MB/s   6m58s[K[?25h[?2026l[?2026h[?25l[A[1Gpulling manifest [K
pulling 667b0c1932bc:  21% ▕███               ▏ 1.0 GB/4.9 GB  9.3 MB/s   6m58s[K[?25h[?2026l[?2026h[?25l[A[1Gpulling manifest [K
pulling 667b0c1932bc:  21% ▕███               ▏ 1.0 GB/4.9 GB  9.3 MB/s   6m57s[K[?25h[?2026l[?2026h[?25l[A[1Gpulling manifest [K
pulling 667b0c1932bc:  21% ▕███               ▏ 1.0 GB/4.9 GB  9.3 MB/s   6m57s[K[?25h[?2026l[?2026h[?25l[A[1Gpulling manifest [K
pulling 667b0c1932bc:  21% ▕███               ▏ 1.0 GB/4.9 GB  9.4 MB/s   6m53s[K[?25h[?2026l[?2026h[?25l[A[1Gpulling manifest [K
pulling 667b0c1932bc:  21% ▕███               ▏ 1.0 GB/4.9 GB  9.4 MB/s   6m53s[K[?25h[?2026l[?2026h[?25l[A[1Gpulling manifest [K
pulling 667b0c1932bc:  21% ▕███               ▏ 1.0 GB/4.9 GB  9.4 MB/s   6m53s[K[?25h[?2026l[?2026h[?25l[A[1Gpulling manifest [K
pulling 667b0c1932bc:  21% ▕███               ▏ 1.0 GB/4.9 GB  9.4 MB/s   6m52s[K[?25h[?2026l[?2026h[?25l[A[1Gpulling manifest [K
pulling 667b0c1932bc:  21% ▕███               ▏ 1.0 GB/4.9 GB  9.4 MB/s   6m52s[K[?25h[?2026l[?2026h[?25l[A[1Gpulling manifest [K
pulling 667b0c1932bc:  21% ▕███               ▏ 1.0 GB/4.9 GB  9.4 MB/s   6m52s[K[?25h[?2026l[?2026h[?25l[A[1Gpulling manifest [K
pulling 667b0c1932bc:  21% ▕███               ▏ 1.0 GB/4.9 GB  9.4 MB/s   6m52s[K[?25h[?2026l[?2026h[?25l[A[1Gpulling manifest [K
pulling 667b0c1932bc:  21% ▕███               ▏ 1.0 GB/4.9 GB  9.4 MB/s   6m52s[K[?25h[?2026l[?2026h[?25l[A[1Gpulling manifest [K
pulling 667b0c1932bc:  21% ▕███               ▏ 1.0 GB/4.9 GB  9.4 MB/s   6m52s[K[?25h[?2026l[?2026h[?25l[A[1Gpulling manifest [K
pulling 667b0c1932bc:  21% ▕███               ▏ 1.0 GB/4.9 GB  9.4 MB/s   6m52s[K[?25h[?2026l[?2026h[?25l[A[1Gpulling manifest [K
pulling 667b0c1932bc:  21% ▕███               ▏ 1.0 GB/4.9 GB  9.5 MB/s   6m49s[K[?25h[?2026l[?2026h[?25l[A[1Gpulling manifest [K
pulling 667b0c1932bc:  21% ▕███               ▏ 1.0 GB/4.9 GB  9.5 MB/s   6m48s[K[?25h[?2026l[?2026h[?25l[A[1Gpulling manifest [K
pulling 667b0c1932bc:  21% ▕███               ▏ 1.0 GB/4.9 GB  9.5 MB/s   6m48s[K[?25h[?2026l[?2026h[?25l[A[1Gpulling manifest [K
pulling 667b0c1932bc:  21% ▕███               ▏ 1.0 GB/4.9 GB  9.5 MB/s   6m48s[K[?25h[?2026l[?2026h[?25l[A[1Gpulling manifest [K
pulling 667b0c1932bc:  21% ▕███               ▏ 1.0 GB/4.9 GB  9.5 MB/s   6m48s[K[?25h[?2026l[?2026h[?25l[A[1Gpulling manifest [K
pulling 667b0c1932bc:  21% ▕███               ▏ 1.0 GB/4.9 GB  9.5 MB/s   6m48s[K[?25h[?2026l[?2026h[?25l[A[1Gpulling manifest [K
pulling 667b0c1932bc:  21% ▕███               ▏ 1.0 GB/4.9 GB  9.5 MB/s   6m48s[K[?25h[?2026l[?2026h[?25l[A[1Gpulling manifest [K
pulling 667b0c1932bc:  21% ▕███               ▏ 1.0 GB/4.9 GB  9.5 MB/s   6m48s[K[?25h[?2026l[?2026h[?25l[A[1Gpulling manifest [K
pulling 667b0c1932bc:  21% ▕███               ▏ 1.0 GB/4.9 GB  9.5 MB/s   6m48s[K[?25h[?2026l[?2026h[?25l[A[1Gpulling manifest [K
pulling 667b0c1932bc:  21% ▕███               ▏ 1.0 GB/4.9 GB  9.5 MB/s   6m48s[K[?25h[?2026l[?2026h[?25l[A[1Gpulling manifest [K
pulling 667b0c1932bc:  21% ▕███               ▏ 1.0 GB/4.9 GB  9.5 MB/s   6m48s[K[?25h[?2026l[?2026h[?25l[A[1Gpulling manifest [K
pulling 667b0c1932bc:  21% ▕███               ▏ 1.0 GB/4.9 GB  9.6 MB/s   6m44s[K[?25h[?2026l[?2026h[?25l[A[1Gpulling manifest [K
pulling 667b0c1932bc:  21% ▕███               ▏ 1.0 GB/4.9 GB  9.6 MB/s   6m44s[K[?25h[?2026l[?2026h[?25l[A[1Gpulling manifest [K
pulling 667b0c1932bc:  21% ▕███               ▏ 1.0 GB/4.9 GB  9.6 MB/s   6m44s[K[?25h[?2026l[?2026h[?25l[A[1Gpulling manifest [K
pulling 667b0c1932bc:  21% ▕███               ▏ 1.0 GB/4.9 GB  9.6 MB/s   6m44s[K[?25h[?2026l[?2026h[?25l[A[1Gpulling manifest [K
pulling 667b0c1932bc:  21% ▕███               ▏ 1.0 GB/4.9 GB  9.6 MB/s   6m44s[K[?25h[?2026l[?2026h[?25l[A[1Gpulling manifest [K
pulling 667b0c1932bc:  21% ▕███               ▏ 1.0 GB/4.9 GB  9.6 MB/s   6m44s[K[?25h[?2026l[?2026h[?25l[A[1Gpulling manifest [K
pulling 667b0c1932bc:  21% ▕███               ▏ 1.1 GB/4.9 GB  9.6 MB/s   6m44s[K[?25h[?2026l[?2026h[?25l[A[1Gpulling manifest [K
pulling 667b0c1932bc:  21% ▕███               ▏ 1.1 GB/4.9 GB  9.6 MB/s   6m44s[K[?25h[?2026l[?2026h[?25l[A[1Gpulling manifest [K
pulling 667b0c1932bc:  21% ▕███               ▏ 1.1 GB/4.9 GB  9.6 MB/s   6m44s[K[?25h[?2026l[?2026h[?25l[A[1Gpulling manifest [K
pulling 667b0c1932bc:  21% ▕███               ▏ 1.1 GB/4.9 GB  9.6 MB/s   6m44s[K[?25h[?2026l[?2026h[?25l[A[1Gpulling manifest [K
pulling 667b0c1932bc:  21% ▕███               ▏ 1.1 GB/4.9 GB  9.6 MB/s   6m44s[K[?25h[?2026l[?2026h[?25l[A[1Gpulling manifest [K
pulling 667b0c1932bc:  21% ▕███               ▏ 1.1 GB/4.9 GB  9.6 MB/s   6m44s[K[?25h[?2026l[?2026h[?25l[A[1Gpulling manifest [K
pulling 667b0c1932bc:  21% ▕███               ▏ 1.1 GB/4.9 GB  9.6 MB/s   6m44s[K[?25h[?2026l[?2026h[?25l[A[1Gpulling manifest [K
pulling 667b0c1932bc:  21% ▕███               ▏ 1.1 GB/4.9 GB  9.6 MB/s   6m44s[K[?25h[?2026l[?2026h[?25l[A[1Gpulling manifest [K
pulling 667b0c1932bc:  21% ▕███               ▏ 1.1 GB/4.9 GB  9.6 MB/s   6m43s[K[?25h[?2026l[?2026h[?25l[A[1Gpulling manifest [K
pulling 667b0c1932bc:  22% ▕███               ▏ 1.1 GB/4.9 GB  9.6 MB/s   6m43s[K[?25h[?2026l[?2026h[?25l[A[1Gpulling manifest [K
pulling 667b0c1932bc:  22% ▕███               ▏ 1.1 GB/4.9 GB  9.6 MB/s   6m43s[K[?25h[?2026l[?2026h[?25l[A[1Gpulling manifest [K
pulling 667b0c1932bc:  22% ▕███               ▏ 1.1 GB/4.9 GB  9.6 MB/s   6m43s[K[?25h[?2026l[?2026h[?25l[A[1Gpulling manifest [K
pulling 667b0c1932bc:  22% ▕███               ▏ 1.1 GB/4.9 GB  9.6 MB/s   6m43s[K[?25h[?2026l[?2026h[?25l[A[1Gpulling manifest [K
pulling 667b0c1932bc:  22% ▕███               ▏ 1.1 GB/4.9 GB  9.6 MB/s   6m43s[K[?25h[?2026l[?2026h[?25l[A[1Gpulling manifest [K
pulling 667b0c1932bc:  22% ▕███               ▏ 1.1 GB/4.9 GB  9.5 MB/s   6m45s[K[?25h[?2026l[?2026h[?25l[A[1Gpulling manifest [K
pulling 667b0c1932bc:  22% ▕███               ▏ 1.1 GB/4.9 GB  9.5 MB/s   6m45s[K[?25h[?2026l[?2026h[?25l[A[1Gpulling manifest [K
pulling 667b0c1932bc:  22% ▕███               ▏ 1.1 GB/4.9 GB  9.5 MB/s   6m45s[K[?25h[?2026l[?2026h[?25l[A[1Gpulling manifest [K
pulling 667b0c1932bc:  22% ▕███               ▏ 1.1 GB/4.9 GB  9.5 MB/s   6m45s[K[?25h[?2026l[?2026h[?25l[A[1Gpulling manifest [K
pulling 667b0c1932bc:  22% ▕███               ▏ 1.1 GB/4.9 GB  9.5 MB/s   6m45s[K[?25h[?2026l[?2026h[?25l[A[1Gpulling manifest [K
pulling 667b0c1932bc:  22% ▕███               ▏ 1.1 GB/4.9 GB  9.5 MB/s   6m44s[K[?25h[?2026l[?2026h[?25l[A[1Gpulling manifest [K
pulling 667b0c1932bc:  22% ▕███               ▏ 1.1 GB/4.9 GB  9.5 MB/s   6m44s[K[?25h[?2026l[?2026h[?25l[A[1Gpulling manifest [K
pulling 667b0c1932bc:  22% ▕███               ▏ 1.1 GB/4.9 GB  9.5 MB/s   6m44s[K[?25h[?2026l[?2026h[?25l[A[1Gpulling manifest [K
pulling 667b0c1932bc:  22% ▕███               ▏ 1.1 GB/4.9 GB  9.5 MB/s   6m44s[K[?25h[?2026l[?2026h[?25l[A[1Gpulling manifest [K
pulling 667b0c1932bc:  22% ▕███               ▏ 1.1 GB/4.9 GB  9.5 MB/s   6m44s[K[?25h[?2026l[?2026h[?25l[A[1Gpulling manifest [K
pulling 667b0c1932bc:  22% ▕███               ▏ 1.1 GB/4.9 GB  9.5 MB/s   6m45s[K[?25h[?2026l[?2026h[?25l[A[1Gpulling manifest [K
pulling 667b0c1932bc:  22% ▕███               ▏ 1.1 GB/4.9 GB  9.5 MB/s   6m45s[K[?25h[?2026l[?2026h[?25l[A[1Gpulling manifest [K
pulling 667b0c1932bc:  22% ▕███               ▏ 1.1 GB/4.9 GB  9.5 MB/s   6m45s[K[?25h[?2026l[?2026h[?25l[A[1Gpulling manifest [K
pulling 667b0c1932bc:  22% ▕███               ▏ 1.1 GB/4.9 GB  9.5 MB/s   6m45s[K[?25h[?2026l[?2026h[?25l[A[1Gpulling manifest [K
pulling 667b0c1932bc:  22% ▕███               ▏ 1.1 GB/4.9 GB  9.5 MB/s   6m45s[K[?25h[?2026l[?2026h[?25l[A[1Gpulling manifest [K
pulling 667b0c1932bc:  22% ▕███               ▏ 1.1 GB/4.9 GB  9.5 MB/s   6m45s[K[?25h[?2026l[?2026h[?25l[A[1Gpulling manifest [K
pulling 667b0c1932bc:  22% ▕███               ▏ 1.1 GB/4.9 GB  9.5 MB/s   6m45s[K[?25h[?2026l[?2026h[?25l[A[1Gpulling manifest [K
pulling 667b0c1932bc:  22% ▕███               ▏ 1.1 GB/4.9 GB  9.5 MB/s   6m45s[K[?25h[?2026l[?2026h[?25l[A[1Gpulling manifest [K
pulling 667b0c1932bc:  22% ▕███               ▏ 1.1 GB/4.9 GB  9.5 MB/s   6m45s[K[?25h[?2026l[?2026h[?25l[A[1Gpulling manifest [K
pulling 667b0c1932bc:  22% ▕███               ▏ 1.1 GB/4.9 GB  9.5 MB/s   6m44s[K[?25h[?2026l[?2026h[?25l[A[1Gpulling manifest [K
pulling 667b0c1932bc:  22% ▕███               ▏ 1.1 GB/4.9 GB  9.6 MB/s   6m39s[K[?25h[?2026l[?2026h[?25l[A[1Gpulling manifest [K
pulling 667b0c1932bc:  22% ▕███               ▏ 1.1 GB/4.9 GB  9.6 MB/s   6m39s[K[?25h[?2026l[?2026h[?25l[A[1Gpulling manifest [K
pulling 667b0c1932bc:  22% ▕███               ▏ 1.1 GB/4.9 GB  9.6 MB/s   6m38s[K[?25h[?2026l[?2026h[?25l[A[1Gpulling manifest [K
pulling 667b0c1932bc:  22% ▕███               ▏ 1.1 GB/4.9 GB  9.6 MB/s   6m38s[K[?25h[?2026l[?2026h[?25l[A[1Gpulling manifest [K
pulling 667b0c1932bc:  22% ▕███               ▏ 1.1 GB/4.9 GB  9.6 MB/s   6m38s[K[?25h[?2026l[?2026h[?25l[A[1Gpulling manifest [K
pulling 667b0c1932bc:  22% ▕███               ▏ 1.1 GB/4.9 GB  9.6 MB/s   6m38s[K[?25h[?2026l[?2026h[?25l[A[1Gpulling manifest [K
pulling 667b0c1932bc:  22% ▕███               ▏ 1.1 GB/4.9 GB  9.6 MB/s   6m38s[K[?25h[?2026l[?2026h[?25l[A[1Gpulling manifest [K
pulling 667b0c1932bc:  22% ▕███               ▏ 1.1 GB/4.9 GB  9.6 MB/s   6m38s[K[?25h[?2026l[?2026h[?25l[A[1Gpulling manifest [K
pulling 667b0c1932bc:  22% ▕███               ▏ 1.1 GB/4.9 GB  9.6 MB/s   6m38s[K[?25h[?2026l[?2026h[?25l[A[1Gpulling manifest [K
pulling 667b0c1932bc:  22% ▕███               ▏ 1.1 GB/4.9 GB  9.6 MB/s   6m38s[K[?25h[?2026l[?2026h[?25l[A[1Gpulling manifest [K
pulling 667b0c1932bc:  22% ▕███               ▏ 1.1 GB/4.9 GB  9.6 MB/s   6m38s[K[?25h[?2026l[?2026h[?25l[A[1Gpulling manifest [K
pulling 667b0c1932bc:  22% ▕████              ▏ 1.1 GB/4.9 GB  9.7 MB/s   6m32s[K[?25h[?2026l[?2026h[?25l[A[1Gpulling manifest [K
pulling 667b0c1932bc:  22% ▕████              ▏ 1.1 GB/4.9 GB  9.7 MB/s   6m32s[K[?25h[?2026l[?2026h[?25l[A[1Gpulling manifest [K
pulling 667b0c1932bc:  22% ▕████              ▏ 1.1 GB/4.9 GB  9.7 MB/s   6m32s[K[?25h[?2026l[?2026h[?25l[A[1Gpulling manifest [K
pulling 667b0c1932bc:  22% ▕████              ▏ 1.1 GB/4.9 GB  9.7 MB/s   6m32s[K[?25h[?2026l[?2026h[?25l[A[1Gpulling manifest [K
pulling 667b0c1932bc:  22% ▕████              ▏ 1.1 GB/4.9 GB  9.7 MB/s   6m32s[K[?25h[?2026l[?2026h[?25l[A[1Gpulling manifest [K
pulling 667b0c1932bc:  22% ▕████              ▏ 1.1 GB/4.9 GB  9.7 MB/s   6m32s[K[?25h[?2026l[?2026h[?25l[A[1Gpulling manifest [K
pulling 667b0c1932bc:  22% ▕████              ▏ 1.1 GB/4.9 GB  9.7 MB/s   6m32s[K[?25h[?2026l[?2026h[?25l[A[1Gpulling manifest [K
pulling 667b0c1932bc:  22% ▕████              ▏ 1.1 GB/4.9 GB  9.7 MB/s   6m31s[K[?25h[?2026l[?2026h[?25l[A[1Gpulling manifest [K
pulling 667b0c1932bc:  22% ▕████              ▏ 1.1 GB/4.9 GB  9.7 MB/s   6m31s[K[?25h[?2026l[?2026h[?25l[A[1Gpulling manifest [K
pulling 667b0c1932bc:  22% ▕████              ▏ 1.1 GB/4.9 GB  9.7 MB/s   6m31s[K[?25h[?2026l[?2026h[?25l[A[1Gpulling manifest [K
pulling 667b0c1932bc:  22% ▕████              ▏ 1.1 GB/4.9 GB  9.9 MB/s   6m26s[K[?25h[?2026l[?2026h[?25l[A[1Gpulling manifest [K
pulling 667b0c1932bc:  22% ▕████              ▏ 1.1 GB/4.9 GB  9.9 MB/s   6m26s[K[?25h[?2026l[?2026h[?25l[A[1Gpulling manifest [K
pulling 667b0c1932bc:  22% ▕████              ▏ 1.1 GB/4.9 GB  9.9 MB/s   6m26s[K[?25h[?2026l[?2026h[?25l[A[1Gpulling manifest [K
pulling 667b0c1932bc:  22% ▕████              ▏ 1.1 GB/4.9 GB  9.9 MB/s   6m26s[K[?25h[?2026l[?2026h[?25l[A[1Gpulling manifest [K
pulling 667b0c1932bc:  22% ▕████              ▏ 1.1 GB/4.9 GB  9.9 MB/s   6m26s[K[?25h[?2026l[?2026h[?25l[A[1Gpulling manifest [K
pulling 667b0c1932bc:  23% ▕████              ▏ 1.1 GB/4.9 GB  9.9 MB/s   6m25s[K[?25h[?2026l[?2026h[?25l[A[1Gpulling manifest [K
pulling 667b0c1932bc:  23% ▕████              ▏ 1.1 GB/4.9 GB  9.9 MB/s   6m25s[K[?25h[?2026l[?2026h[?25l[A[1Gpulling manifest [K
pulling 667b0c1932bc:  23% ▕████              ▏ 1.1 GB/4.9 GB  9.9 MB/s   6m25s[K[?25h[?2026l[?2026h[?25l[A[1Gpulling manifest [K
pulling 667b0c1932bc:  23% ▕████              ▏ 1.1 GB/4.9 GB  9.9 MB/s   6m25s[K[?25h[?2026l[?2026h[?25l[A[1Gpulling manifest [K
pulling 667b0c1932bc:  23% ▕████              ▏ 1.1 GB/4.9 GB  9.9 MB/s   6m25s[K[?25h[?2026l[?2026h[?25l[A[1Gpulling manifest [K
pulling 667b0c1932bc:  23% ▕████              ▏ 1.1 GB/4.9 GB  9.9 MB/s   6m25s[K[?25h[?2026l[?2026h[?25l[A[1Gpulling manifest [K
pulling 667b0c1932bc:  23% ▕████              ▏ 1.1 GB/4.9 GB  9.9 MB/s   6m25s[K[?25h[?2026l[?2026h[?25l[A[1Gpulling manifest [K
pulling 667b0c1932bc:  23% ▕████              ▏ 1.1 GB/4.9 GB  9.9 MB/s   6m25s[K[?25h[?2026l[?2026h[?25l[A[1Gpulling manifest [K
pulling 667b0c1932bc:  23% ▕████              ▏ 1.1 GB/4.9 GB  9.9 MB/s   6m25s[K[?25h[?2026l[?2026h[?25l[A[1Gpulling manifest [K
pulling 667b0c1932bc:  23% ▕████              ▏ 1.1 GB/4.9 GB  9.9 MB/s   6m25s[K[?25h[?2026l[?2026h[?25l[A[1Gpulling manifest [K
pulling 667b0c1932bc:  23% ▕████              ▏ 1.1 GB/4.9 GB  9.9 MB/s   6m25s[K[?25h[?2026l[?2026h[?25l[A[1Gpulling manifest [K
pulling 667b0c1932bc:  23% ▕████              ▏ 1.1 GB/4.9 GB  9.9 MB/s   6m25s[K[?25h[?2026l[?2026h[?25l[A[1Gpulling manifest [K
pulling 667b0c1932bc:  23% ▕████              ▏ 1.1 GB/4.9 GB  9.9 MB/s   6m25s[K[?25h[?2026l[?2026h[?25l[A[1Gpulling manifest [K
pulling 667b0c1932bc:  23% ▕████              ▏ 1.1 GB/4.9 GB  9.9 MB/s   6m25s[K[?25h[?2026l[?2026h[?25l[A[1Gpulling manifest [K
pulling 667b0c1932bc:  23% ▕████              ▏ 1.1 GB/4.9 GB  9.9 MB/s   6m25s[K[?25h[?2026l[?2026h[?25l[A[1Gpulling manifest [K
pulling 667b0c1932bc:  23% ▕████              ▏ 1.1 GB/4.9 GB  9.8 MB/s   6m26s[K[?25h[?2026l[?2026h[?25l[A[1Gpulling manifest [K
pulling 667b0c1932bc:  23% ▕████              ▏ 1.1 GB/4.9 GB  9.8 MB/s   6m26s[K[?25h[?2026l[?2026h[?25l[A[1Gpulling manifest [K
pulling 667b0c1932bc:  23% ▕████              ▏ 1.1 GB/4.9 GB  9.8 MB/s   6m26s[K[?25h[?2026l[?2026h[?25l[A[1Gpulling manifest [K
pulling 667b0c1932bc:  23% ▕████              ▏ 1.1 GB/4.9 GB  9.8 MB/s   6m26s[K[?25h[?2026l[?2026h[?25l[A[1Gpulling manifest [K
pulling 667b0c1932bc:  23% ▕████              ▏ 1.1 GB/4.9 GB  9.8 MB/s   6m26s[K[?25h[?2026l[?2026h[?25l[A[1Gpulling manifest [K
pulling 667b0c1932bc:  23% ▕████              ▏ 1.1 GB/4.9 GB  9.8 MB/s   6m26s[K[?25h[?2026l[?2026h[?25l[A[1Gpulling manifest [K
pulling 667b0c1932bc:  23% ▕████              ▏ 1.1 GB/4.9 GB  9.8 MB/s   6m26s[K[?25h[?2026l[?2026h[?25l[A[1Gpulling manifest [K
pulling 667b0c1932bc:  23% ▕████              ▏ 1.1 GB/4.9 GB  9.8 MB/s   6m26s[K[?25h[?2026l[?2026h[?25l[A[1Gpulling manifest [K
pulling 667b0c1932bc:  23% ▕████              ▏ 1.1 GB/4.9 GB  9.8 MB/s   6m26s[K[?25h[?2026l[?2026h[?25l[A[1Gpulling manifest [K
pulling 667b0c1932bc:  23% ▕████              ▏ 1.1 GB/4.9 GB  9.8 MB/s   6m25s[K[?25h[?2026l[?2026h[?25l[A[1Gpulling manifest [K
pulling 667b0c1932bc:  23% ▕████              ▏ 1.1 GB/4.9 GB  9.8 MB/s   6m25s[K[?25h[?2026l[?2026h[?25l[A[1Gpulling manifest [K
pulling 667b0c1932bc:  23% ▕████              ▏ 1.1 GB/4.9 GB  9.8 MB/s   6m25s[K[?25h[?2026l[?2026h[?25l[A[1Gpulling manifest [K
pulling 667b0c1932bc:  23% ▕████              ▏ 1.1 GB/4.9 GB  9.8 MB/s   6m25s[K[?25h[?2026l[?2026h[?25l[A[1Gpulling manifest [K
pulling 667b0c1932bc:  23% ▕████              ▏ 1.1 GB/4.9 GB  9.8 MB/s   6m24s[K[?25h[?2026l[?2026h[?25l[A[1Gpulling manifest [K
pulling 667b0c1932bc:  23% ▕████              ▏ 1.1 GB/4.9 GB  9.8 MB/s   6m24s[K[?25h[?2026l[?2026h[?25l[A[1Gpulling manifest [K
pulling 667b0c1932bc:  23% ▕████              ▏ 1.1 GB/4.9 GB  9.8 MB/s   6m24s[K[?25h[?2026l[?2026h[?25l[A[1Gpulling manifest [K
pulling 667b0c1932bc:  23% ▕████              ▏ 1.1 GB/4.9 GB  9.8 MB/s   6m24s[K[?25h[?2026l[?2026h[?25l[A[1Gpulling manifest [K
pulling 667b0c1932bc:  23% ▕████              ▏ 1.1 GB/4.9 GB  9.8 MB/s   6m24s[K[?25h[?2026l[?2026h[?25l[A[1Gpulling manifest [K
pulling 667b0c1932bc:  23% ▕████              ▏ 1.1 GB/4.9 GB  9.8 MB/s   6m24s[K[?25h[?2026l[?2026h[?25l[A[1Gpulling manifest [K
pulling 667b0c1932bc:  23% ▕████              ▏ 1.1 GB/4.9 GB  9.8 MB/s   6m24s[K[?25h[?2026l[?2026h[?25l[A[1Gpulling manifest [K
pulling 667b0c1932bc:  23% ▕████              ▏ 1.1 GB/4.9 GB  9.8 MB/s   6m24s[K[?25h[?2026l[?2026h[?25l[A[1Gpulling manifest [K
pulling 667b0c1932bc:  23% ▕████              ▏ 1.1 GB/4.9 GB  9.9 MB/s   6m22s[K[?25h[?2026l[?2026h[?25l[A[1Gpulling manifest [K
pulling 667b0c1932bc:  23% ▕████              ▏ 1.1 GB/4.9 GB  9.9 MB/s   6m22s[K[?25h[?2026l[?2026h[?25l[A[1Gpulling manifest [K
pulling 667b0c1932bc:  23% ▕████              ▏ 1.1 GB/4.9 GB  9.9 MB/s   6m22s[K[?25h[?2026l[?2026h[?25l[A[1Gpulling manifest [K
pulling 667b0c1932bc:  23% ▕████              ▏ 1.1 GB/4.9 GB  9.9 MB/s   6m21s[K[?25h[?2026l[?2026h[?25l[A[1Gpulling manifest [K
pulling 667b0c1932bc:  23% ▕████              ▏ 1.1 GB/4.9 GB  9.9 MB/s   6m21s[K[?25h[?2026l[?2026h[?25l[A[1Gpulling manifest [K
pulling 667b0c1932bc:  23% ▕████              ▏ 1.1 GB/4.9 GB  9.9 MB/s   6m21s[K[?25h[?2026l[?2026h[?25l[A[1Gpulling manifest [K
pulling 667b0c1932bc:  23% ▕████              ▏ 1.1 GB/4.9 GB  9.9 MB/s   6m21s[K[?25h[?2026l[?2026h[?25l[A[1Gpulling manifest [K
pulling 667b0c1932bc:  23% ▕████              ▏ 1.1 GB/4.9 GB  9.9 MB/s   6m21s[K[?25h[?2026l[?2026h[?25l[A[1Gpulling manifest [K
pulling 667b0c1932bc:  23% ▕████              ▏ 1.2 GB/4.9 GB  9.9 MB/s   6m21s[K[?25h[?2026l[?2026h[?25l[A[1Gpulling manifest [K
pulling 667b0c1932bc:  23% ▕████              ▏ 1.2 GB/4.9 GB  9.9 MB/s   6m21s[K[?25h[?2026l[?2026h[?25l[A[1Gpulling manifest [K
pulling 667b0c1932bc:  23% ▕████              ▏ 1.2 GB/4.9 GB  9.9 MB/s   6m19s[K[?25h[?2026l[?2026h[?25l[A[1Gpulling manifest [K
pulling 667b0c1932bc:  23% ▕████              ▏ 1.2 GB/4.9 GB  9.9 MB/s   6m19s[K[?25h[?2026l[?2026h[?25l[A[1Gpulling manifest [K
pulling 667b0c1932bc:  23% ▕████              ▏ 1.2 GB/4.9 GB  9.9 MB/s   6m19s[K[?25h[?2026l[?2026h[?25l[A[1Gpulling manifest [K
pulling 667b0c1932bc:  23% ▕████              ▏ 1.2 GB/4.9 GB  9.9 MB/s   6m19s[K[?25h[?2026l[?2026h[?25l[A[1Gpulling manifest [K
pulling 667b0c1932bc:  23% ▕████              ▏ 1.2 GB/4.9 GB  9.9 MB/s   6m19s[K[?25h[?2026l[?2026h[?25l[A[1Gpulling manifest [K
pulling 667b0c1932bc:  24% ▕████              ▏ 1.2 GB/4.9 GB  9.9 MB/s   6m18s[K[?25h[?2026l[?2026h[?25l[A[1Gpulling manifest [K
pulling 667b0c1932bc:  24% ▕████              ▏ 1.2 GB/4.9 GB  9.9 MB/s   6m18s[K[?25h[?2026l[?2026h[?25l[A[1Gpulling manifest [K
pulling 667b0c1932bc:  24% ▕████              ▏ 1.2 GB/4.9 GB  9.9 MB/s   6m18s[K[?25h[?2026l[?2026h[?25l[A[1Gpulling manifest [K
pulling 667b0c1932bc:  24% ▕████              ▏ 1.2 GB/4.9 GB  9.9 MB/s   6m18s[K[?25h[?2026l[?2026h[?25l[A[1Gpulling manifest [K
pulling 667b0c1932bc:  24% ▕████              ▏ 1.2 GB/4.9 GB  9.9 MB/s   6m18s[K[?25h[?2026l[?2026h[?25l[A[1Gpulling manifest [K
pulling 667b0c1932bc:  24% ▕████              ▏ 1.2 GB/4.9 GB   10 MB/s   6m15s[K[?25h[?2026l[?2026h[?25l[A[1Gpulling manifest [K
pulling 667b0c1932bc:  24% ▕████              ▏ 1.2 GB/4.9 GB   10 MB/s   6m15s[K[?25h[?2026l[?2026h[?25l[A[1Gpulling manifest [K
pulling 667b0c1932bc:  24% ▕████              ▏ 1.2 GB/4.9 GB   10 MB/s   6m15s[K[?25h[?2026l[?2026h[?25l[A[1Gpulling manifest [K
pulling 667b0c1932bc:  24% ▕████              ▏ 1.2 GB/4.9 GB   10 MB/s   6m15s[K[?25h[?2026l[?2026h[?25l[A[1Gpulling manifest [K
pulling 667b0c1932bc:  24% ▕████              ▏ 1.2 GB/4.9 GB   10 MB/s   6m15s[K[?25h[?2026l[?2026h[?25l[A[1Gpulling manifest [K
pulling 667b0c1932bc:  24% ▕████              ▏ 1.2 GB/4.9 GB   10 MB/s   6m15s[K[?25h[?2026l[?2026h[?25l[A[1Gpulling manifest [K
pulling 667b0c1932bc:  24% ▕████              ▏ 1.2 GB/4.9 GB   10 MB/s   6m15s[K[?25h[?2026l[?2026h[?25l[A[1Gpulling manifest [K
pulling 667b0c1932bc:  24% ▕████              ▏ 1.2 GB/4.9 GB   10 MB/s   6m14s[K[?25h[?2026l[?2026h[?25l[A[1Gpulling manifest [K
pulling 667b0c1932bc:  24% ▕████              ▏ 1.2 GB/4.9 GB   10 MB/s   6m14s[K[?25h[?2026l[?2026h[?25l[A[1Gpulling manifest [K
pulling 667b0c1932bc:  24% ▕████              ▏ 1.2 GB/4.9 GB   10 MB/s   6m14s[K[?25h[?2026l[?2026h[?25l[A[1Gpulling manifest [K
pulling 667b0c1932bc:  24% ▕████             ▏ 1.2 GB/4.9 GB  10.0 MB/s   6m15s[K[?25h[?2026l[?2026h[?25l[A[1Gpulling manifest [K
pulling 667b0c1932bc:  24% ▕████             ▏ 1.2 GB/4.9 GB  10.0 MB/s   6m15s[K[?25h[?2026l[?2026h[?25l[A[1Gpulling manifest [K
pulling 667b0c1932bc:  24% ▕████             ▏ 1.2 GB/4.9 GB  10.0 MB/s   6m15s[K[?25h[?2026l[?2026h[?25l[A[1Gpulling manifest [K
pulling 667b0c1932bc:  24% ▕████             ▏ 1.2 GB/4.9 GB  10.0 MB/s   6m15s[K[?25h[?2026l[?2026h[?25l[A[1Gpulling manifest [K
pulling 667b0c1932bc:  24% ▕████             ▏ 1.2 GB/4.9 GB  10.0 MB/s   6m15s[K[?25h[?2026l[?2026h[?25l[A[1Gpulling manifest [K
pulling 667b0c1932bc:  24% ▕████             ▏ 1.2 GB/4.9 GB  10.0 MB/s   6m15s[K[?25h[?2026l[?2026h[?25l[A[1Gpulling manifest [K
pulling 667b0c1932bc:  24% ▕████             ▏ 1.2 GB/4.9 GB  10.0 MB/s   6m15s[K[?25h[?2026l[?2026h[?25l[A[1Gpulling manifest [K
pulling 667b0c1932bc:  24% ▕████             ▏ 1.2 GB/4.9 GB  10.0 MB/s   6m15s[K[?25h[?2026l[?2026h[?25l[A[1Gpulling manifest [K
pulling 667b0c1932bc:  24% ▕████             ▏ 1.2 GB/4.9 GB  10.0 MB/s   6m15s[K[?25h[?2026l[?2026h[?25l[A[1Gpulling manifest [K
pulling 667b0c1932bc:  24% ▕████             ▏ 1.2 GB/4.9 GB  10.0 MB/s   6m15s[K[?25h[?2026l[?2026h[?25l[A[1Gpulling manifest [K
pulling 667b0c1932bc:  24% ▕████              ▏ 1.2 GB/4.9 GB  9.8 MB/s   6m21s[K[?25h[?2026l[?2026h[?25l[A[1Gpulling manifest [K
pulling 667b0c1932bc:  24% ▕████              ▏ 1.2 GB/4.9 GB  9.8 MB/s   6m21s[K[?25h[?2026l[?2026h[?25l[A[1Gpulling manifest [K
pulling 667b0c1932bc:  24% ▕████              ▏ 1.2 GB/4.9 GB  9.8 MB/s   6m21s[K[?25h[?2026l[?2026h[?25l[A[1Gpulling manifest [K
pulling 667b0c1932bc:  24% ▕████              ▏ 1.2 GB/4.9 GB  9.8 MB/s   6m20s[K[?25h[?2026l[?2026h[?25l[A[1Gpulling manifest [K
pulling 667b0c1932bc:  24% ▕████              ▏ 1.2 GB/4.9 GB  9.8 MB/s   6m20s[K[?25h[?2026l[?2026h[?25l[A[1Gpulling manifest [K
pulling 667b0c1932bc:  24% ▕████              ▏ 1.2 GB/4.9 GB  9.8 MB/s   6m20s[K[?25h[?2026l[?2026h[?25l[A[1Gpulling manifest [K
pulling 667b0c1932bc:  24% ▕████              ▏ 1.2 GB/4.9 GB  9.8 MB/s   6m20s[K[?25h[?2026l[?2026h[?25l[A[1Gpulling manifest [K
pulling 667b0c1932bc:  24% ▕████              ▏ 1.2 GB/4.9 GB  9.8 MB/s   6m20s[K[?25h[?2026l[?2026h[?25l[A[1Gpulling manifest [K
pulling 667b0c1932bc:  24% ▕████              ▏ 1.2 GB/4.9 GB  9.8 MB/s   6m20s[K[?25h[?2026l[?2026h[?25l[A[1Gpulling manifest [K
pulling 667b0c1932bc:  24% ▕████              ▏ 1.2 GB/4.9 GB  9.8 MB/s   6m20s[K[?25h[?2026l[?2026h[?25l[A[1Gpulling manifest [K
pulling 667b0c1932bc:  24% ▕████              ▏ 1.2 GB/4.9 GB  9.8 MB/s   6m20s[K[?25h[?2026l[?2026h[?25l[A[1Gpulling manifest [K
pulling 667b0c1932bc:  24% ▕████              ▏ 1.2 GB/4.9 GB  9.7 MB/s   6m24s[K[?25h[?2026l[?2026h[?25l[A[1Gpulling manifest [K
pulling 667b0c1932bc:  24% ▕████              ▏ 1.2 GB/4.9 GB  9.7 MB/s   6m24s[K[?25h[?2026l[?2026h[?25l[A[1Gpulling manifest [K
pulling 667b0c1932bc:  24% ▕████              ▏ 1.2 GB/4.9 GB  9.7 MB/s   6m24s[K[?25h[?2026l[?2026h[?25l[A[1Gpulling manifest [K
pulling 667b0c1932bc:  24% ▕████              ▏ 1.2 GB/4.9 GB  9.7 MB/s   6m24s[K[?25h[?2026l[?2026h[?25l[A[1Gpulling manifest [K
pulling 667b0c1932bc:  24% ▕████              ▏ 1.2 GB/4.9 GB  9.7 MB/s   6m24s[K[?25h[?2026l[?2026h[?25l[A[1Gpulling manifest [K
pulling 667b0c1932bc:  24% ▕████              ▏ 1.2 GB/4.9 GB  9.7 MB/s   6m24s[K[?25h[?2026l[?2026h[?25l[A[1Gpulling manifest [K
pulling 667b0c1932bc:  24% ▕████              ▏ 1.2 GB/4.9 GB  9.7 MB/s   6m24s[K[?25h[?2026l[?2026h[?25l[A[1Gpulling manifest [K
pulling 667b0c1932bc:  24% ▕████              ▏ 1.2 GB/4.9 GB  9.7 MB/s   6m23s[K[?25h[?2026l[?2026h[?25l[A[1Gpulling manifest [K
pulling 667b0c1932bc:  24% ▕████              ▏ 1.2 GB/4.9 GB  9.7 MB/s   6m23s[K[?25h[?2026l[?2026h[?25l[A[1Gpulling manifest [K
pulling 667b0c1932bc:  24% ▕████              ▏ 1.2 GB/4.9 GB  9.7 MB/s   6m23s[K[?25h[?2026l[?2026h[?25l[A[1Gpulling manifest [K
pulling 667b0c1932bc:  24% ▕████              ▏ 1.2 GB/4.9 GB  9.6 MB/s   6m25s[K[?25h[?2026l[?2026h[?25l[A[1Gpulling manifest [K
pulling 667b0c1932bc:  24% ▕████              ▏ 1.2 GB/4.9 GB  9.6 MB/s   6m25s[K[?25h[?2026l[?2026h[?25l[A[1Gpulling manifest [K
pulling 667b0c1932bc:  24% ▕████              ▏ 1.2 GB/4.9 GB  9.6 MB/s   6m25s[K[?25h[?2026l[?2026h[?25l[A[1Gpulling manifest [K
pulling 667b0c1932bc:  24% ▕████              ▏ 1.2 GB/4.9 GB  9.6 MB/s   6m25s[K[?25h[?2026l[?2026h[?25l[A[1Gpulling manifest [K
pulling 667b0c1932bc:  24% ▕████              ▏ 1.2 GB/4.9 GB  9.6 MB/s   6m25s[K[?25h[?2026l[?2026h[?25l[A[1Gpulling manifest [K
pulling 667b0c1932bc:  24% ▕████              ▏ 1.2 GB/4.9 GB  9.6 MB/s   6m25s[K[?25h[?2026l[?2026h[?25l[A[1Gpulling manifest [K
pulling 667b0c1932bc:  25% ▕████              ▏ 1.2 GB/4.9 GB  9.6 MB/s   6m25s[K[?25h[?2026l[?2026h[?25l[A[1Gpulling manifest [K
pulling 667b0c1932bc:  25% ▕████              ▏ 1.2 GB/4.9 GB  9.6 MB/s   6m25s[K[?25h[?2026l[?2026h[?25l[A[1Gpulling manifest [K
pulling 667b0c1932bc:  25% ▕████              ▏ 1.2 GB/4.9 GB  9.6 MB/s   6m25s[K[?25h[?2026l[?2026h[?25l[A[1Gpulling manifest [K
pulling 667b0c1932bc:  25% ▕████              ▏ 1.2 GB/4.9 GB  9.6 MB/s   6m25s[K[?25h[?2026l[?2026h[?25l[A[1Gpulling manifest [K
pulling 667b0c1932bc:  25% ▕████              ▏ 1.2 GB/4.9 GB  9.6 MB/s   6m27s[K[?25h[?2026l[?2026h[?25l[A[1Gpulling manifest [K
pulling 667b0c1932bc:  25% ▕████              ▏ 1.2 GB/4.9 GB  9.6 MB/s   6m27s[K[?25h[?2026l[?2026h[?25l[A[1Gpulling manifest [K
pulling 667b0c1932bc:  25% ▕████              ▏ 1.2 GB/4.9 GB  9.6 MB/s   6m26s[K[?25h[?2026l[?2026h[?25l[A[1Gpulling manifest [K
pulling 667b0c1932bc:  25% ▕████              ▏ 1.2 GB/4.9 GB  9.6 MB/s   6m26s[K[?25h[?2026l[?2026h[?25l[A[1Gpulling manifest [K
pulling 667b0c1932bc:  25% ▕████              ▏ 1.2 GB/4.9 GB  9.6 MB/s   6m26s[K[?25h[?2026l[?2026h[?25l[A[1Gpulling manifest [K
pulling 667b0c1932bc:  25% ▕████              ▏ 1.2 GB/4.9 GB  9.6 MB/s   6m26s[K[?25h[?2026l[?2026h[?25l[A[1Gpulling manifest [K
pulling 667b0c1932bc:  25% ▕████              ▏ 1.2 GB/4.9 GB  9.6 MB/s   6m26s[K[?25h[?2026l[?2026h[?25l[A[1Gpulling manifest [K
pulling 667b0c1932bc:  25% ▕████              ▏ 1.2 GB/4.9 GB  9.6 MB/s   6m26s[K[?25h[?2026l[?2026h[?25l[A[1Gpulling manifest [K
pulling 667b0c1932bc:  25% ▕████              ▏ 1.2 GB/4.9 GB  9.6 MB/s   6m26s[K[?25h[?2026l[?2026h[?25l[A[1Gpulling manifest [K
pulling 667b0c1932bc:  25% ▕████              ▏ 1.2 GB/4.9 GB  9.6 MB/s   6m26s[K[?25h[?2026l[?2026h[?25l[A[1Gpulling manifest [K
pulling 667b0c1932bc:  25% ▕████              ▏ 1.2 GB/4.9 GB  9.5 MB/s   6m28s[K[?25h[?2026l[?2026h[?25l[A[1Gpulling manifest [K
pulling 667b0c1932bc:  25% ▕████              ▏ 1.2 GB/4.9 GB  9.5 MB/s   6m28s[K[?25h[?2026l[?2026h[?25l[A[1Gpulling manifest [K
pulling 667b0c1932bc:  25% ▕████              ▏ 1.2 GB/4.9 GB  9.5 MB/s   6m28s[K[?25h[?2026l[?2026h[?25l[A[1Gpulling manifest [K
pulling 667b0c1932bc:  25% ▕████              ▏ 1.2 GB/4.9 GB  9.5 MB/s   6m28s[K[?25h[?2026l[?2026h[?25l[A[1Gpulling manifest [K
pulling 667b0c1932bc:  25% ▕████              ▏ 1.2 GB/4.9 GB  9.5 MB/s   6m27s[K[?25h[?2026l[?2026h[?25l[A[1Gpulling manifest [K
pulling 667b0c1932bc:  25% ▕████              ▏ 1.2 GB/4.9 GB  9.5 MB/s   6m27s[K[?25h[?2026l[?2026h[?25l[A[1Gpulling manifest [K
pulling 667b0c1932bc:  25% ▕████              ▏ 1.2 GB/4.9 GB  9.5 MB/s   6m27s[K[?25h[?2026l[?2026h[?25l[A[1Gpulling manifest [K
pulling 667b0c1932bc:  25% ▕████              ▏ 1.2 GB/4.9 GB  9.5 MB/s   6m27s[K[?25h[?2026l[?2026h[?25l[A[1Gpulling manifest [K
pulling 667b0c1932bc:  25% ▕████              ▏ 1.2 GB/4.9 GB  9.5 MB/s   6m27s[K[?25h[?2026l[?2026h[?25l[A[1Gpulling manifest [K
pulling 667b0c1932bc:  25% ▕████              ▏ 1.2 GB/4.9 GB  9.5 MB/s   6m27s[K[?25h[?2026l[?2026h[?25l[A[1Gpulling manifest [K
pulling 667b0c1932bc:  25% ▕████              ▏ 1.2 GB/4.9 GB  9.6 MB/s   6m25s[K[?25h[?2026l[?2026h[?25l[A[1Gpulling manifest [K
pulling 667b0c1932bc:  25% ▕████              ▏ 1.2 GB/4.9 GB  9.6 MB/s   6m25s[K[?25h[?2026l[?2026h[?25l[A[1Gpulling manifest [K
pulling 667b0c1932bc:  25% ▕████              ▏ 1.2 GB/4.9 GB  9.6 MB/s   6m25s[K[?25h[?2026l[?2026h[?25l[A[1Gpulling manifest [K
pulling 667b0c1932bc:  25% ▕████              ▏ 1.2 GB/4.9 GB  9.6 MB/s   6m25s[K[?25h[?2026l[?2026h[?25l[A[1Gpulling manifest [K
pulling 667b0c1932bc:  25% ▕████              ▏ 1.2 GB/4.9 GB  9.6 MB/s   6m25s[K[?25h[?2026l[?2026h[?25l[A[1Gpulling manifest [K
pulling 667b0c1932bc:  25% ▕████              ▏ 1.2 GB/4.9 GB  9.6 MB/s   6m25s[K[?25h[?2026l[?2026h[?25l[A[1Gpulling manifest [K
pulling 667b0c1932bc:  25% ▕████              ▏ 1.2 GB/4.9 GB  9.6 MB/s   6m24s[K[?25h[?2026l[?2026h[?25l[A[1Gpulling manifest [K
pulling 667b0c1932bc:  25% ▕████              ▏ 1.2 GB/4.9 GB  9.6 MB/s   6m24s[K[?25h[?2026l[?2026h[?25l[A[1Gpulling manifest [K
pulling 667b0c1932bc:  25% ▕████              ▏ 1.2 GB/4.9 GB  9.6 MB/s   6m24s[K[?25h[?2026l[?2026h[?25l[A[1Gpulling manifest [K
pulling 667b0c1932bc:  25% ▕████              ▏ 1.2 GB/4.9 GB  9.6 MB/s   6m24s[K[?25h[?2026l[?2026h[?25l[A[1Gpulling manifest [K
pulling 667b0c1932bc:  25% ▕████              ▏ 1.2 GB/4.9 GB  9.6 MB/s   6m24s[K[?25h[?2026l[?2026h[?25l[A[1Gpulling manifest [K
pulling 667b0c1932bc:  25% ▕████              ▏ 1.2 GB/4.9 GB  9.7 MB/s   6m20s[K[?25h[?2026l[?2026h[?25l[A[1Gpulling manifest [K
pulling 667b0c1932bc:  25% ▕████              ▏ 1.2 GB/4.9 GB  9.7 MB/s   6m20s[K[?25h[?2026l[?2026h[?25l[A[1Gpulling manifest [K
pulling 667b0c1932bc:  25% ▕████              ▏ 1.2 GB/4.9 GB  9.7 MB/s   6m20s[K[?25h[?2026l[?2026h[?25l[A[1Gpulling manifest [K
pulling 667b0c1932bc:  25% ▕████              ▏ 1.2 GB/4.9 GB  9.7 MB/s   6m20s[K[?25h[?2026l[?2026h[?25l[A[1Gpulling manifest [K
pulling 667b0c1932bc:  25% ▕████              ▏ 1.2 GB/4.9 GB  9.7 MB/s   6m20s[K[?25h[?2026l[?2026h[?25l[A[1Gpulling manifest [K
pulling 667b0c1932bc:  25% ▕████              ▏ 1.2 GB/4.9 GB  9.7 MB/s   6m20s[K[?25h[?2026l[?2026h[?25l[A[1Gpulling manifest [K
pulling 667b0c1932bc:  25% ▕████              ▏ 1.2 GB/4.9 GB  9.7 MB/s   6m20s[K[?25h[?2026l[?2026h[?25l[A[1Gpulling manifest [K
pulling 667b0c1932bc:  25% ▕████              ▏ 1.2 GB/4.9 GB  9.7 MB/s   6m20s[K[?25h[?2026l[?2026h[?25l[A[1Gpulling manifest [K
pulling 667b0c1932bc:  25% ▕████              ▏ 1.2 GB/4.9 GB  9.7 MB/s   6m19s[K[?25h[?2026l[?2026h[?25l[A[1Gpulling manifest [K
pulling 667b0c1932bc:  25% ▕████              ▏ 1.2 GB/4.9 GB  9.7 MB/s   6m19s[K[?25h[?2026l[?2026h[?25l[A[1Gpulling manifest [K
pulling 667b0c1932bc:  25% ▕████              ▏ 1.3 GB/4.9 GB  9.7 MB/s   6m18s[K[?25h[?2026l[?2026h[?25l[A[1Gpulling manifest [K
pulling 667b0c1932bc:  25% ▕████              ▏ 1.3 GB/4.9 GB  9.7 MB/s   6m18s[K[?25h[?2026l[?2026h[?25l[A[1Gpulling manifest [K
pulling 667b0c1932bc:  25% ▕████              ▏ 1.3 GB/4.9 GB  9.7 MB/s   6m18s[K[?25h[?2026l[?2026h[?25l[A[1Gpulling manifest [K
pulling 667b0c1932bc:  25% ▕████              ▏ 1.3 GB/4.9 GB  9.7 MB/s   6m18s[K[?25h[?2026l[?2026h[?25l[A[1Gpulling manifest [K
pulling 667b0c1932bc:  25% ▕████              ▏ 1.3 GB/4.9 GB  9.7 MB/s   6m18s[K[?25h[?2026l[?2026h[?25l[A[1Gpulling manifest [K
pulling 667b0c1932bc:  26% ▕████              ▏ 1.3 GB/4.9 GB  9.7 MB/s   6m18s[K[?25h[?2026l[?2026h[?25l[A[1Gpulling manifest [K
pulling 667b0c1932bc:  26% ▕████              ▏ 1.3 GB/4.9 GB  9.7 MB/s   6m17s[K[?25h[?2026l[?2026h[?25l[A[1Gpulling manifest [K
pulling 667b0c1932bc:  26% ▕████              ▏ 1.3 GB/4.9 GB  9.7 MB/s   6m17s[K[?25h[?2026l[?2026h[?25l[A[1Gpulling manifest [K
pulling 667b0c1932bc:  26% ▕████              ▏ 1.3 GB/4.9 GB  9.7 MB/s   6m17s[K[?25h[?2026l[?2026h[?25l[A[1Gpulling manifest [K
pulling 667b0c1932bc:  26% ▕████              ▏ 1.3 GB/4.9 GB  9.7 MB/s   6m17s[K[?25h[?2026l[?2026h[?25l[A[1Gpulling manifest [K
pulling 667b0c1932bc:  26% ▕████              ▏ 1.3 GB/4.9 GB  9.7 MB/s   6m17s[K[?25h[?2026l[?2026h[?25l[A[1Gpulling manifest [K
pulling 667b0c1932bc:  26% ▕████              ▏ 1.3 GB/4.9 GB  9.7 MB/s   6m17s[K[?25h[?2026l[?2026h[?25l[A[1Gpulling manifest [K
pulling 667b0c1932bc:  26% ▕████              ▏ 1.3 GB/4.9 GB  9.7 MB/s   6m17s[K[?25h[?2026l[?2026h[?25l[A[1Gpulling manifest [K
pulling 667b0c1932bc:  26% ▕████              ▏ 1.3 GB/4.9 GB  9.7 MB/s   6m17s[K[?25h[?2026l[?2026h[?25l[A[1Gpulling manifest [K
pulling 667b0c1932bc:  26% ▕████              ▏ 1.3 GB/4.9 GB  9.7 MB/s   6m17s[K[?25h[?2026l[?2026h[?25l[A[1Gpulling manifest [K
pulling 667b0c1932bc:  26% ▕████              ▏ 1.3 GB/4.9 GB  9.7 MB/s   6m17s[K[?25h[?2026l[?2026h[?25l[A[1Gpulling manifest [K
pulling 667b0c1932bc:  26% ▕████              ▏ 1.3 GB/4.9 GB  9.7 MB/s   6m16s[K[?25h[?2026l[?2026h[?25l[A[1Gpulling manifest [K
pulling 667b0c1932bc:  26% ▕████              ▏ 1.3 GB/4.9 GB  9.7 MB/s   6m16s[K[?25h[?2026l[?2026h[?25l[A[1Gpulling manifest [K
pulling 667b0c1932bc:  26% ▕████              ▏ 1.3 GB/4.9 GB  9.7 MB/s   6m16s[K[?25h[?2026l[?2026h[?25l[A[1Gpulling manifest [K
pulling 667b0c1932bc:  26% ▕████              ▏ 1.3 GB/4.9 GB  9.7 MB/s   6m16s[K[?25h[?2026l[?2026h[?25l[A[1Gpulling manifest [K
pulling 667b0c1932bc:  26% ▕████              ▏ 1.3 GB/4.9 GB  9.7 MB/s   6m17s[K[?25h[?2026l[?2026h[?25l[A[1Gpulling manifest [K
pulling 667b0c1932bc:  26% ▕████              ▏ 1.3 GB/4.9 GB  9.7 MB/s   6m17s[K[?25h[?2026l[?2026h[?25l[A[1Gpulling manifest [K
pulling 667b0c1932bc:  26% ▕████              ▏ 1.3 GB/4.9 GB  9.7 MB/s   6m17s[K[?25h[?2026l[?2026h[?25l[A[1Gpulling manifest [K
pulling 667b0c1932bc:  26% ▕████              ▏ 1.3 GB/4.9 GB  9.7 MB/s   6m17s[K[?25h[?2026l[?2026h[?25l[A[1Gpulling manifest [K
pulling 667b0c1932bc:  26% ▕████              ▏ 1.3 GB/4.9 GB  9.7 MB/s   6m17s[K[?25h[?2026l[?2026h[?25l[A[1Gpulling manifest [K
pulling 667b0c1932bc:  26% ▕████              ▏ 1.3 GB/4.9 GB  9.7 MB/s   6m17s[K[?25h[?2026l[?2026h[?25l[A[1Gpulling manifest [K
pulling 667b0c1932bc:  26% ▕████              ▏ 1.3 GB/4.9 GB  9.7 MB/s   6m17s[K[?25h[?2026l[?2026h[?25l[A[1Gpulling manifest [K
pulling 667b0c1932bc:  26% ▕████              ▏ 1.3 GB/4.9 GB  9.7 MB/s   6m17s[K[?25h[?2026l[?2026h[?25l[A[1Gpulling manifest [K
pulling 667b0c1932bc:  26% ▕████              ▏ 1.3 GB/4.9 GB  9.7 MB/s   6m17s[K[?25h[?2026l[?2026h[?25l[A[1Gpulling manifest [K
pulling 667b0c1932bc:  26% ▕████              ▏ 1.3 GB/4.9 GB  9.7 MB/s   6m16s[K[?25h[?2026l[?2026h[?25l[A[1Gpulling manifest [K
pulling 667b0c1932bc:  26% ▕████              ▏ 1.3 GB/4.9 GB  9.6 MB/s   6m21s[K[?25h[?2026l[?2026h[?25l[A[1Gpulling manifest [K
pulling 667b0c1932bc:  26% ▕████              ▏ 1.3 GB/4.9 GB  9.6 MB/s   6m21s[K[?25h[?2026l[?2026h[?25l[A[1Gpulling manifest [K
pulling 667b0c1932bc:  26% ▕████              ▏ 1.3 GB/4.9 GB  9.6 MB/s   6m21s[K[?25h[?2026l[?2026h[?25l[A[1Gpulling manifest [K
pulling 667b0c1932bc:  26% ▕████              ▏ 1.3 GB/4.9 GB  9.6 MB/s   6m21s[K[?25h[?2026l[?2026h[?25l[A[1Gpulling manifest [K
pulling 667b0c1932bc:  26% ▕████              ▏ 1.3 GB/4.9 GB  9.6 MB/s   6m21s[K[?25h[?2026l[?2026h[?25l[A[1Gpulling manifest [K
pulling 667b0c1932bc:  26% ▕████              ▏ 1.3 GB/4.9 GB  9.6 MB/s   6m21s[K[?25h[?2026l[?2026h[?25l[A[1Gpulling manifest [K
pulling 667b0c1932bc:  26% ▕████              ▏ 1.3 GB/4.9 GB  9.6 MB/s   6m21s[K[?25h[?2026l[?2026h[?25l[A[1Gpulling manifest [K
pulling 667b0c1932bc:  26% ▕████              ▏ 1.3 GB/4.9 GB  9.6 MB/s   6m20s[K[?25h[?2026l[?2026h[?25l[A[1Gpulling manifest [K
pulling 667b0c1932bc:  26% ▕████              ▏ 1.3 GB/4.9 GB  9.6 MB/s   6m20s[K[?25h[?2026l[?2026h[?25l[A[1Gpulling manifest [K
pulling 667b0c1932bc:  26% ▕████              ▏ 1.3 GB/4.9 GB  9.6 MB/s   6m20s[K[?25h[?2026l[?2026h[?25l[A[1Gpulling manifest [K
pulling 667b0c1932bc:  26% ▕████              ▏ 1.3 GB/4.9 GB  9.6 MB/s   6m20s[K[?25h[?2026l[?2026h[?25l[A[1Gpulling manifest [K
pulling 667b0c1932bc:  26% ▕████              ▏ 1.3 GB/4.9 GB  9.4 MB/s   6m27s[K[?25h[?2026l[?2026h[?25l[A[1Gpulling manifest [K
pulling 667b0c1932bc:  26% ▕████              ▏ 1.3 GB/4.9 GB  9.4 MB/s   6m27s[K[?25h[?2026l[?2026h[?25l[A[1Gpulling manifest [K
pulling 667b0c1932bc:  26% ▕████              ▏ 1.3 GB/4.9 GB  9.4 MB/s   6m27s[K[?25h[?2026l[?2026h[?25l[A[1Gpulling manifest [K
pulling 667b0c1932bc:  26% ▕████              ▏ 1.3 GB/4.9 GB  9.4 MB/s   6m27s[K[?25h[?2026l[?2026h[?25l[A[1Gpulling manifest [K
pulling 667b0c1932bc:  26% ▕████              ▏ 1.3 GB/4.9 GB  9.4 MB/s   6m27s[K[?25h[?2026l[?2026h[?25l[A[1Gpulling manifest [K
pulling 667b0c1932bc:  26% ▕████              ▏ 1.3 GB/4.9 GB  9.4 MB/s   6m27s[K[?25h[?2026l[?2026h[?25l[A[1Gpulling manifest [K
pulling 667b0c1932bc:  26% ▕████              ▏ 1.3 GB/4.9 GB  9.4 MB/s   6m27s[K[?25h[?2026l[?2026h[?25l[A[1Gpulling manifest [K
pulling 667b0c1932bc:  26% ▕████              ▏ 1.3 GB/4.9 GB  9.4 MB/s   6m26s[K[?25h[?2026l[?2026h[?25l[A[1Gpulling manifest [K
pulling 667b0c1932bc:  26% ▕████              ▏ 1.3 GB/4.9 GB  9.4 MB/s   6m26s[K[?25h[?2026l[?2026h[?25l[A[1Gpulling manifest [K
pulling 667b0c1932bc:  26% ▕████              ▏ 1.3 GB/4.9 GB  9.4 MB/s   6m26s[K[?25h[?2026l[?2026h[?25l[A[1Gpulling manifest [K
pulling 667b0c1932bc:  26% ▕████              ▏ 1.3 GB/4.9 GB  9.4 MB/s   6m26s[K[?25h[?2026l[?2026h[?25l[A[1Gpulling manifest [K
pulling 667b0c1932bc:  26% ▕████              ▏ 1.3 GB/4.9 GB  9.4 MB/s   6m26s[K[?25h[?2026l[?2026h[?25l[A[1Gpulling manifest [K
pulling 667b0c1932bc:  26% ▕████              ▏ 1.3 GB/4.9 GB  9.4 MB/s   6m26s[K[?25h[?2026l[?2026h[?25l[A[1Gpulling manifest [K
pulling 667b0c1932bc:  26% ▕████              ▏ 1.3 GB/4.9 GB  9.4 MB/s   6m26s[K[?25h[?2026l[?2026h[?25l[A[1Gpulling manifest [K
pulling 667b0c1932bc:  26% ▕████              ▏ 1.3 GB/4.9 GB  9.4 MB/s   6m26s[K[?25h[?2026l[?2026h[?25l[A[1Gpulling manifest [K
pulling 667b0c1932bc:  26% ▕████              ▏ 1.3 GB/4.9 GB  9.4 MB/s   6m26s[K[?25h[?2026l[?2026h[?25l[A[1Gpulling manifest [K
pulling 667b0c1932bc:  26% ▕████              ▏ 1.3 GB/4.9 GB  9.4 MB/s   6m26s[K[?25h[?2026l[?2026h[?25l[A[1Gpulling manifest [K
pulling 667b0c1932bc:  26% ▕████              ▏ 1.3 GB/4.9 GB  9.4 MB/s   6m26s[K[?25h[?2026l[?2026h[?25l[A[1Gpulling manifest [K
pulling 667b0c1932bc:  26% ▕████              ▏ 1.3 GB/4.9 GB  9.4 MB/s   6m26s[K[?25h[?2026l[?2026h[?25l[A[1Gpulling manifest [K
pulling 667b0c1932bc:  26% ▕████              ▏ 1.3 GB/4.9 GB  9.4 MB/s   6m26s[K[?25h[?2026l[?2026h[?25l[A[1Gpulling manifest [K
pulling 667b0c1932bc:  26% ▕████              ▏ 1.3 GB/4.9 GB  9.3 MB/s   6m30s[K[?25h[?2026l[?2026h[?25l[A[1Gpulling manifest [K
pulling 667b0c1932bc:  26% ▕████              ▏ 1.3 GB/4.9 GB  9.3 MB/s   6m30s[K[?25h[?2026l[?2026h[?25l[A[1Gpulling manifest [K
pulling 667b0c1932bc:  27% ▕████              ▏ 1.3 GB/4.9 GB  9.3 MB/s   6m30s[K[?25h[?2026l[?2026h[?25l[A[1Gpulling manifest [K
pulling 667b0c1932bc:  27% ▕████              ▏ 1.3 GB/4.9 GB  9.3 MB/s   6m30s[K[?25h[?2026l[?2026h[?25l[A[1Gpulling manifest [K
pulling 667b0c1932bc:  27% ▕████              ▏ 1.3 GB/4.9 GB  9.3 MB/s   6m29s[K[?25h[?2026l[?2026h[?25l[A[1Gpulling manifest [K
pulling 667b0c1932bc:  27% ▕████              ▏ 1.3 GB/4.9 GB  9.3 MB/s   6m29s[K[?25h[?2026l[?2026h[?25l[A[1Gpulling manifest [K
pulling 667b0c1932bc:  27% ▕████              ▏ 1.3 GB/4.9 GB  9.3 MB/s   6m29s[K[?25h[?2026l[?2026h[?25l[A[1Gpulling manifest [K
pulling 667b0c1932bc:  27% ▕████              ▏ 1.3 GB/4.9 GB  9.3 MB/s   6m29s[K[?25h[?2026l[?2026h[?25l[A[1Gpulling manifest [K
pulling 667b0c1932bc:  27% ▕████              ▏ 1.3 GB/4.9 GB  9.3 MB/s   6m29s[K[?25h[?2026l[?2026h[?25l[A[1Gpulling manifest [K
pulling 667b0c1932bc:  27% ▕████              ▏ 1.3 GB/4.9 GB  9.3 MB/s   6m29s[K[?25h[?2026l[?2026h[?25l[A[1Gpulling manifest [K
pulling 667b0c1932bc:  27% ▕████              ▏ 1.3 GB/4.9 GB  9.1 MB/s   6m35s[K[?25h[?2026l[?2026h[?25l[A[1Gpulling manifest [K
pulling 667b0c1932bc:  27% ▕████              ▏ 1.3 GB/4.9 GB  9.1 MB/s   6m34s[K[?25h[?2026l[?2026h[?25l[A[1Gpulling manifest [K
pulling 667b0c1932bc:  27% ▕████              ▏ 1.3 GB/4.9 GB  9.1 MB/s   6m34s[K[?25h[?2026l[?2026h[?25l[A[1Gpulling manifest [K
pulling 667b0c1932bc:  27% ▕████              ▏ 1.3 GB/4.9 GB  9.1 MB/s   6m34s[K[?25h[?2026l[?2026h[?25l[A[1Gpulling manifest [K
pulling 667b0c1932bc:  27% ▕████              ▏ 1.3 GB/4.9 GB  9.1 MB/s   6m34s[K[?25h[?2026l[?2026h[?25l[A[1Gpulling manifest [K
pulling 667b0c1932bc:  27% ▕████              ▏ 1.3 GB/4.9 GB  9.1 MB/s   6m34s[K[?25h[?2026l[?2026h[?25l[A[1Gpulling manifest [K
pulling 667b0c1932bc:  27% ▕████              ▏ 1.3 GB/4.9 GB  9.1 MB/s   6m34s[K[?25h[?2026l[?2026h[?25l[A[1Gpulling manifest [K
pulling 667b0c1932bc:  27% ▕████              ▏ 1.3 GB/4.9 GB  9.1 MB/s   6m34s[K[?25h[?2026l[?2026h[?25l[A[1Gpulling manifest [K
pulling 667b0c1932bc:  27% ▕████              ▏ 1.3 GB/4.9 GB  9.1 MB/s   6m34s[K[?25h[?2026l[?2026h[?25l[A[1Gpulling manifest [K
pulling 667b0c1932bc:  27% ▕████              ▏ 1.3 GB/4.9 GB  9.1 MB/s   6m34s[K[?25h[?2026l[?2026h[?25l[A[1Gpulling manifest [K
pulling 667b0c1932bc:  27% ▕████              ▏ 1.3 GB/4.9 GB  9.0 MB/s   6m40s[K[?25h[?2026l[?2026h[?25l[A[1Gpulling manifest [K
pulling 667b0c1932bc:  27% ▕████              ▏ 1.3 GB/4.9 GB  9.0 MB/s   6m40s[K[?25h[?2026l[?2026h[?25l[A[1Gpulling manifest [K
pulling 667b0c1932bc:  27% ▕████              ▏ 1.3 GB/4.9 GB  9.0 MB/s   6m40s[K[?25h[?2026l[?2026h[?25l[A[1Gpulling manifest [K
pulling 667b0c1932bc:  27% ▕████              ▏ 1.3 GB/4.9 GB  9.0 MB/s   6m40s[K[?25h[?2026l[?2026h[?25l[A[1Gpulling manifest [K
pulling 667b0c1932bc:  27% ▕████              ▏ 1.3 GB/4.9 GB  9.0 MB/s   6m40s[K[?25h[?2026l[?2026h[?25l[A[1Gpulling manifest [K
pulling 667b0c1932bc:  27% ▕████              ▏ 1.3 GB/4.9 GB  9.0 MB/s   6m40s[K[?25h[?2026l[?2026h[?25l[A[1Gpulling manifest [K
pulling 667b0c1932bc:  27% ▕████              ▏ 1.3 GB/4.9 GB  9.0 MB/s   6m40s[K[?25h[?2026l[?2026h[?25l[A[1Gpulling manifest [K
pulling 667b0c1932bc:  27% ▕████              ▏ 1.3 GB/4.9 GB  9.0 MB/s   6m40s[K[?25h[?2026l[?2026h[?25l[A[1Gpulling manifest [K
pulling 667b0c1932bc:  27% ▕████              ▏ 1.3 GB/4.9 GB  9.0 MB/s   6m40s[K[?25h[?2026l[?2026h[?25l[A[1Gpulling manifest [K
pulling 667b0c1932bc:  27% ▕████              ▏ 1.3 GB/4.9 GB  9.0 MB/s   6m39s[K[?25h[?2026l[?2026h[?25l[A[1Gpulling manifest [K
pulling 667b0c1932bc:  27% ▕████              ▏ 1.3 GB/4.9 GB  9.0 MB/s   6m39s[K[?25h[?2026l[?2026h[?25l[A[1Gpulling manifest [K
pulling 667b0c1932bc:  27% ▕████              ▏ 1.3 GB/4.9 GB  8.8 MB/s   6m50s[K[?25h[?2026l[?2026h[?25l[A[1Gpulling manifest [K
pulling 667b0c1932bc:  27% ▕████              ▏ 1.3 GB/4.9 GB  8.8 MB/s   6m50s[K[?25h[?2026l[?2026h[?25l[A[1Gpulling manifest [K
pulling 667b0c1932bc:  27% ▕████              ▏ 1.3 GB/4.9 GB  8.8 MB/s   6m50s[K[?25h[?2026l[?2026h[?25l[A[1Gpulling manifest [K
pulling 667b0c1932bc:  27% ▕████              ▏ 1.3 GB/4.9 GB  8.8 MB/s   6m50s[K[?25h[?2026l[?2026h[?25l[A[1Gpulling manifest [K
pulling 667b0c1932bc:  27% ▕████              ▏ 1.3 GB/4.9 GB  8.8 MB/s   6m50s[K[?25h[?2026l[?2026h[?25l[A[1Gpulling manifest [K
pulling 667b0c1932bc:  27% ▕████              ▏ 1.3 GB/4.9 GB  8.8 MB/s   6m50s[K[?25h[?2026l[?2026h[?25l[A[1Gpulling manifest [K
pulling 667b0c1932bc:  27% ▕████              ▏ 1.3 GB/4.9 GB  8.8 MB/s   6m49s[K[?25h[?2026l[?2026h[?25l[A[1Gpulling manifest [K
pulling 667b0c1932bc:  27% ▕████              ▏ 1.3 GB/4.9 GB  8.8 MB/s   6m49s[K[?25h[?2026l[?2026h[?25l[A[1Gpulling manifest [K
pulling 667b0c1932bc:  27% ▕████              ▏ 1.3 GB/4.9 GB  8.8 MB/s   6m49s[K[?25h[?2026l[?2026h[?25l[A[1Gpulling manifest [K
pulling 667b0c1932bc:  27% ▕████              ▏ 1.3 GB/4.9 GB  8.8 MB/s   6m49s[K[?25h[?2026l[?2026h[?25l[A[1Gpulling manifest [K
pulling 667b0c1932bc:  27% ▕████              ▏ 1.3 GB/4.9 GB  8.6 MB/s   6m55s[K[?25h[?2026l[?2026h[?25l[A[1Gpulling manifest [K
pulling 667b0c1932bc:  27% ▕████              ▏ 1.3 GB/4.9 GB  8.6 MB/s   6m55s[K[?25h[?2026l[?2026h[?25l[A[1Gpulling manifest [K
pulling 667b0c1932bc:  27% ▕████              ▏ 1.3 GB/4.9 GB  8.6 MB/s   6m55s[K[?25h[?2026l[?2026h[?25l[A[1Gpulling manifest [K
pulling 667b0c1932bc:  27% ▕████              ▏ 1.3 GB/4.9 GB  8.6 MB/s   6m55s[K[?25h[?2026l[?2026h[?25l[A[1Gpulling manifest [K
pulling 667b0c1932bc:  27% ▕████              ▏ 1.3 GB/4.9 GB  8.6 MB/s   6m55s[K[?25h[?2026l[?2026h[?25l[A[1Gpulling manifest [K
pulling 667b0c1932bc:  27% ▕████              ▏ 1.3 GB/4.9 GB  8.6 MB/s   6m55s[K[?25h[?2026l[?2026h[?25l[A[1Gpulling manifest [K
pulling 667b0c1932bc:  27% ▕████              ▏ 1.3 GB/4.9 GB  8.6 MB/s   6m55s[K[?25h[?2026l[?2026h[?25l[A[1Gpulling manifest [K
pulling 667b0c1932bc:  27% ▕████              ▏ 1.3 GB/4.9 GB  8.6 MB/s   6m55s[K[?25h[?2026l[?2026h[?25l[A[1Gpulling manifest [K
pulling 667b0c1932bc:  27% ▕████              ▏ 1.3 GB/4.9 GB  8.6 MB/s   6m55s[K[?25h[?2026l[?2026h[?25l[A[1Gpulling manifest [K
pulling 667b0c1932bc:  27% ▕████              ▏ 1.3 GB/4.9 GB  8.6 MB/s   6m54s[K[?25h[?2026l[?2026h[?25l[A[1Gpulling manifest [K
pulling 667b0c1932bc:  27% ▕████              ▏ 1.3 GB/4.9 GB  8.7 MB/s   6m48s[K[?25h[?2026l[?2026h[?25l[A[1Gpulling manifest [K
pulling 667b0c1932bc:  27% ▕████              ▏ 1.3 GB/4.9 GB  8.7 MB/s   6m48s[K[?25h[?2026l[?2026h[?25l[A[1Gpulling manifest [K
pulling 667b0c1932bc:  27% ▕████              ▏ 1.3 GB/4.9 GB  8.7 MB/s   6m48s[K[?25h[?2026l[?2026h[?25l[A[1Gpulling manifest [K
pulling 667b0c1932bc:  27% ▕████              ▏ 1.3 GB/4.9 GB  8.7 MB/s   6m48s[K[?25h[?2026l[?2026h[?25l[A[1Gpulling manifest [K
pulling 667b0c1932bc:  27% ▕████              ▏ 1.4 GB/4.9 GB  8.7 MB/s   6m48s[K[?25h[?2026l[?2026h[?25l[A[1Gpulling manifest [K
pulling 667b0c1932bc:  27% ▕████              ▏ 1.4 GB/4.9 GB  8.7 MB/s   6m48s[K[?25h[?2026l[?2026h[?25l[A[1Gpulling manifest [K
pulling 667b0c1932bc:  27% ▕████              ▏ 1.4 GB/4.9 GB  8.7 MB/s   6m48s[K[?25h[?2026l[?2026h[?25l[A[1Gpulling manifest [K
pulling 667b0c1932bc:  28% ▕████              ▏ 1.4 GB/4.9 GB  8.7 MB/s   6m47s[K[?25h[?2026l[?2026h[?25l[A[1Gpulling manifest [K
pulling 667b0c1932bc:  28% ▕████              ▏ 1.4 GB/4.9 GB  8.7 MB/s   6m47s[K[?25h[?2026l[?2026h[?25l[A[1Gpulling manifest [K
pulling 667b0c1932bc:  28% ▕████              ▏ 1.4 GB/4.9 GB  8.7 MB/s   6m47s[K[?25h[?2026l[?2026h[?25l[A[1Gpulling manifest [K
pulling 667b0c1932bc:  28% ▕████              ▏ 1.4 GB/4.9 GB  8.9 MB/s   6m40s[K[?25h[?2026l[?2026h[?25l[A[1Gpulling manifest [K
pulling 667b0c1932bc:  28% ▕████              ▏ 1.4 GB/4.9 GB  8.9 MB/s   6m40s[K[?25h[?2026l[?2026h[?25l[A[1Gpulling manifest [K
pulling 667b0c1932bc:  28% ▕████              ▏ 1.4 GB/4.9 GB  8.9 MB/s   6m40s[K[?25h[?2026l[?2026h[?25l[A[1Gpulling manifest [K
pulling 667b0c1932bc:  28% ▕████              ▏ 1.4 GB/4.9 GB  8.9 MB/s   6m40s[K[?25h[?2026l[?2026h[?25l[A[1Gpulling manifest [K
pulling 667b0c1932bc:  28% ▕████              ▏ 1.4 GB/4.9 GB  8.9 MB/s   6m40s[K[?25h[?2026l[?2026h[?25l[A[1Gpulling manifest [K
pulling 667b0c1932bc:  28% ▕████              ▏ 1.4 GB/4.9 GB  8.9 MB/s   6m40s[K[?25h[?2026l[?2026h[?25l[A[1Gpulling manifest [K
pulling 667b0c1932bc:  28% ▕████              ▏ 1.4 GB/4.9 GB  8.9 MB/s   6m40s[K[?25h[?2026l[?2026h[?25l[A[1Gpulling manifest [K
pulling 667b0c1932bc:  28% ▕████              ▏ 1.4 GB/4.9 GB  8.9 MB/s   6m39s[K[?25h[?2026l[?2026h[?25l[A[1Gpulling manifest [K
pulling 667b0c1932bc:  28% ▕████              ▏ 1.4 GB/4.9 GB  8.9 MB/s   6m39s[K[?25h[?2026l[?2026h[?25l[A[1Gpulling manifest [K
pulling 667b0c1932bc:  28% ▕████              ▏ 1.4 GB/4.9 GB  8.9 MB/s   6m39s[K[?25h[?2026l[?2026h[?25l[A[1Gpulling manifest [K
pulling 667b0c1932bc:  28% ▕████              ▏ 1.4 GB/4.9 GB  9.1 MB/s   6m30s[K[?25h[?2026l[?2026h[?25l[A[1Gpulling manifest [K
pulling 667b0c1932bc:  28% ▕█████             ▏ 1.4 GB/4.9 GB  9.1 MB/s   6m29s[K[?25h[?2026l[?2026h[?25l[A[1Gpulling manifest [K
pulling 667b0c1932bc:  28% ▕█████             ▏ 1.4 GB/4.9 GB  9.1 MB/s   6m29s[K[?25h[?2026l[?2026h[?25l[A[1Gpulling manifest [K
pulling 667b0c1932bc:  28% ▕█████             ▏ 1.4 GB/4.9 GB  9.1 MB/s   6m29s[K[?25h[?2026l[?2026h[?25l[A[1Gpulling manifest [K
pulling 667b0c1932bc:  28% ▕█████             ▏ 1.4 GB/4.9 GB  9.1 MB/s   6m29s[K[?25h[?2026l[?2026h[?25l[A[1Gpulling manifest [K
pulling 667b0c1932bc:  28% ▕█████             ▏ 1.4 GB/4.9 GB  9.1 MB/s   6m29s[K[?25h[?2026l[?2026h[?25l[A[1Gpulling manifest [K
pulling 667b0c1932bc:  28% ▕█████             ▏ 1.4 GB/4.9 GB  9.1 MB/s   6m29s[K[?25h[?2026l[?2026h[?25l[A[1Gpulling manifest [K
pulling 667b0c1932bc:  28% ▕█████             ▏ 1.4 GB/4.9 GB  9.1 MB/s   6m29s[K[?25h[?2026l[?2026h[?25l[A[1Gpulling manifest [K
pulling 667b0c1932bc:  28% ▕█████             ▏ 1.4 GB/4.9 GB  9.1 MB/s   6m29s[K[?25h[?2026l[?2026h[?25l[A[1Gpulling manifest [K
pulling 667b0c1932bc:  28% ▕█████             ▏ 1.4 GB/4.9 GB  9.1 MB/s   6m29s[K[?25h[?2026l[?2026h[?25l[A[1Gpulling manifest [K
pulling 667b0c1932bc:  28% ▕█████             ▏ 1.4 GB/4.9 GB  9.1 MB/s   6m29s[K[?25h[?2026l[?2026h[?25l[A[1Gpulling manifest [K
pulling 667b0c1932bc:  28% ▕█████             ▏ 1.4 GB/4.9 GB  9.1 MB/s   6m27s[K[?25h[?2026l[?2026h[?25l[A[1Gpulling manifest [K
pulling 667b0c1932bc:  28% ▕█████             ▏ 1.4 GB/4.9 GB  9.1 MB/s   6m27s[K[?25h[?2026l[?2026h[?25l[A[1Gpulling manifest [K
pulling 667b0c1932bc:  28% ▕█████             ▏ 1.4 GB/4.9 GB  9.1 MB/s   6m27s[K[?25h[?2026l[?2026h[?25l[A[1Gpulling manifest [K
pulling 667b0c1932bc:  28% ▕█████             ▏ 1.4 GB/4.9 GB  9.1 MB/s   6m27s[K[?25h[?2026l[?2026h[?25l[A[1Gpulling manifest [K
pulling 667b0c1932bc:  28% ▕█████             ▏ 1.4 GB/4.9 GB  9.1 MB/s   6m27s[K[?25h[?2026l[?2026h[?25l[A[1Gpulling manifest [K
pulling 667b0c1932bc:  28% ▕█████             ▏ 1.4 GB/4.9 GB  9.1 MB/s   6m27s[K[?25h[?2026l[?2026h[?25l[A[1Gpulling manifest [K
pulling 667b0c1932bc:  28% ▕█████             ▏ 1.4 GB/4.9 GB  9.1 MB/s   6m27s[K[?25h[?2026l[?2026h[?25l[A[1Gpulling manifest [K
pulling 667b0c1932bc:  28% ▕█████             ▏ 1.4 GB/4.9 GB  9.1 MB/s   6m26s[K[?25h[?2026l[?2026h[?25l[A[1Gpulling manifest [K
pulling 667b0c1932bc:  28% ▕█████             ▏ 1.4 GB/4.9 GB  9.1 MB/s   6m26s[K[?25h[?2026l[?2026h[?25l[A[1Gpulling manifest [K
pulling 667b0c1932bc:  28% ▕█████             ▏ 1.4 GB/4.9 GB  9.1 MB/s   6m26s[K[?25h[?2026l[?2026h[?25l[A[1Gpulling manifest [K
pulling 667b0c1932bc:  28% ▕█████             ▏ 1.4 GB/4.9 GB  9.3 MB/s   6m20s[K[?25h[?2026l[?2026h[?25l[A[1Gpulling manifest [K
pulling 667b0c1932bc:  28% ▕█████             ▏ 1.4 GB/4.9 GB  9.3 MB/s   6m20s[K[?25h[?2026l[?2026h[?25l[A[1Gpulling manifest [K
pulling 667b0c1932bc:  28% ▕█████             ▏ 1.4 GB/4.9 GB  9.3 MB/s   6m20s[K[?25h[?2026l[?2026h[?25l[A[1Gpulling manifest [K
pulling 667b0c1932bc:  28% ▕█████             ▏ 1.4 GB/4.9 GB  9.3 MB/s   6m20s[K[?25h[?2026l[?2026h[?25l[A[1Gpulling manifest [K
pulling 667b0c1932bc:  28% ▕█████             ▏ 1.4 GB/4.9 GB  9.3 MB/s   6m20s[K[?25h[?2026l[?2026h[?25l[A[1Gpulling manifest [K
pulling 667b0c1932bc:  28% ▕█████             ▏ 1.4 GB/4.9 GB  9.3 MB/s   6m20s[K[?25h[?2026l[?2026h[?25l[A[1Gpulling manifest [K
pulling 667b0c1932bc:  28% ▕█████             ▏ 1.4 GB/4.9 GB  9.3 MB/s   6m20s[K[?25h[?2026l[?2026h[?25l[A[1Gpulling manifest [K
pulling 667b0c1932bc:  28% ▕█████             ▏ 1.4 GB/4.9 GB  9.3 MB/s   6m20s[K[?25h[?2026l[?2026h[?25l[A[1Gpulling manifest [K
pulling 667b0c1932bc:  28% ▕█████             ▏ 1.4 GB/4.9 GB  9.3 MB/s   6m19s[K[?25h[?2026l[?2026h[?25l[A[1Gpulling manifest [K
pulling 667b0c1932bc:  28% ▕█████             ▏ 1.4 GB/4.9 GB  9.3 MB/s   6m19s[K[?25h[?2026l[?2026h[?25l[A[1Gpulling manifest [K
pulling 667b0c1932bc:  28% ▕█████             ▏ 1.4 GB/4.9 GB  9.4 MB/s   6m15s[K[?25h[?2026l[?2026h[?25l[A[1Gpulling manifest [K
pulling 667b0c1932bc:  28% ▕█████             ▏ 1.4 GB/4.9 GB  9.4 MB/s   6m15s[K[?25h[?2026l[?2026h[?25l[A[1Gpulling manifest [K
pulling 667b0c1932bc:  28% ▕█████             ▏ 1.4 GB/4.9 GB  9.4 MB/s   6m14s[K[?25h[?2026l[?2026h[?25l[A[1Gpulling manifest [K
pulling 667b0c1932bc:  28% ▕█████             ▏ 1.4 GB/4.9 GB  9.4 MB/s   6m14s[K[?25h[?2026l[?2026h[?25l[A[1Gpulling manifest [K
pulling 667b0c1932bc:  28% ▕█████             ▏ 1.4 GB/4.9 GB  9.4 MB/s   6m14s[K[?25h[?2026l[?2026h[?25l[A[1Gpulling manifest [K
pulling 667b0c1932bc:  28% ▕█████             ▏ 1.4 GB/4.9 GB  9.4 MB/s   6m14s[K[?25h[?2026l[?2026h[?25l[A[1Gpulling manifest [K
pulling 667b0c1932bc:  28% ▕█████             ▏ 1.4 GB/4.9 GB  9.4 MB/s   6m14s[K[?25h[?2026l[?2026h[?25l[A[1Gpulling manifest [K
pulling 667b0c1932bc:  29% ▕█████             ▏ 1.4 GB/4.9 GB  9.4 MB/s   6m14s[K[?25h[?2026l[?2026h[?25l[A[1Gpulling manifest [K
pulling 667b0c1932bc:  29% ▕█████             ▏ 1.4 GB/4.9 GB  9.4 MB/s   6m14s[K[?25h[?2026l[?2026h[?25l[A[1Gpulling manifest [K
pulling 667b0c1932bc:  29% ▕█████             ▏ 1.4 GB/4.9 GB  9.4 MB/s   6m14s[K[?25h[?2026l[?2026h[?25l[A[1Gpulling manifest [K
pulling 667b0c1932bc:  29% ▕█████             ▏ 1.4 GB/4.9 GB  9.5 MB/s   6m10s[K[?25h[?2026l[?2026h[?25l[A[1Gpulling manifest [K
pulling 667b0c1932bc:  29% ▕█████             ▏ 1.4 GB/4.9 GB  9.5 MB/s   6m10s[K[?25h[?2026l[?2026h[?25l[A[1Gpulling manifest [K
pulling 667b0c1932bc:  29% ▕█████             ▏ 1.4 GB/4.9 GB  9.5 MB/s   6m10s[K[?25h[?2026l[?2026h[?25l[A[1Gpulling manifest [K
pulling 667b0c1932bc:  29% ▕█████             ▏ 1.4 GB/4.9 GB  9.5 MB/s   6m10s[K[?25h[?2026l[?2026h[?25l[A[1Gpulling manifest [K
pulling 667b0c1932bc:  29% ▕█████             ▏ 1.4 GB/4.9 GB  9.5 MB/s   6m10s[K[?25h[?2026l[?2026h[?25l[A[1Gpulling manifest [K
pulling 667b0c1932bc:  29% ▕█████             ▏ 1.4 GB/4.9 GB  9.5 MB/s   6m10s[K[?25h[?2026l[?2026h[?25l[A[1Gpulling manifest [K
pulling 667b0c1932bc:  29% ▕█████             ▏ 1.4 GB/4.9 GB  9.5 MB/s   6m10s[K[?25h[?2026l[?2026h[?25l[A[1Gpulling manifest [K
pulling 667b0c1932bc:  29% ▕█████             ▏ 1.4 GB/4.9 GB  9.5 MB/s    6m9s[K[?25h[?2026l[?2026h[?25l[A[1Gpulling manifest [K
pulling 667b0c1932bc:  29% ▕█████             ▏ 1.4 GB/4.9 GB  9.5 MB/s    6m9s[K[?25h[?2026l[?2026h[?25l[A[1Gpulling manifest [K
pulling 667b0c1932bc:  29% ▕█████             ▏ 1.4 GB/4.9 GB  9.5 MB/s    6m9s[K[?25h[?2026l[?2026h[?25l[A[1Gpulling manifest [K
pulling 667b0c1932bc:  29% ▕█████             ▏ 1.4 GB/4.9 GB  9.7 MB/s    6m2s[K[?25h[?2026l[?2026h[?25l[A[1Gpulling manifest [K
pulling 667b0c1932bc:  29% ▕█████             ▏ 1.4 GB/4.9 GB  9.7 MB/s    6m2s[K[?25h[?2026l[?2026h[?25l[A[1Gpulling manifest [K
pulling 667b0c1932bc:  29% ▕█████             ▏ 1.4 GB/4.9 GB  9.7 MB/s    6m2s[K[?25h[?2026l[?2026h[?25l[A[1Gpulling manifest [K
pulling 667b0c1932bc:  29% ▕█████             ▏ 1.4 GB/4.9 GB  9.7 MB/s    6m2s[K[?25h[?2026l[?2026h[?25l[A[1Gpulling manifest [K
pulling 667b0c1932bc:  29% ▕█████             ▏ 1.4 GB/4.9 GB  9.7 MB/s    6m2s[K[?25h[?2026l[?2026h[?25l[A[1Gpulling manifest [K
pulling 667b0c1932bc:  29% ▕█████             ▏ 1.4 GB/4.9 GB  9.7 MB/s    6m2s[K[?25h[?2026l[?2026h[?25l[A[1Gpulling manifest [K
pulling 667b0c1932bc:  29% ▕█████             ▏ 1.4 GB/4.9 GB  9.7 MB/s    6m2s[K[?25h[?2026l[?2026h[?25l[A[1Gpulling manifest [K
pulling 667b0c1932bc:  29% ▕█████             ▏ 1.4 GB/4.9 GB  9.7 MB/s    6m2s[K[?25h[?2026l[?2026h[?25l[A[1Gpulling manifest [K
pulling 667b0c1932bc:  29% ▕█████             ▏ 1.4 GB/4.9 GB  9.7 MB/s    6m2s[K[?25h[?2026l[?2026h[?25l[A[1Gpulling manifest [K
pulling 667b0c1932bc:  29% ▕█████             ▏ 1.4 GB/4.9 GB  9.7 MB/s    6m2s[K[?25h[?2026l[?2026h[?25l[A[1Gpulling manifest [K
pulling 667b0c1932bc:  29% ▕█████             ▏ 1.4 GB/4.9 GB  9.7 MB/s    6m2s[K[?25h[?2026l[?2026h[?25l[A[1Gpulling manifest [K
pulling 667b0c1932bc:  29% ▕█████             ▏ 1.4 GB/4.9 GB  9.7 MB/s    6m0s[K[?25h[?2026l[?2026h[?25l[A[1Gpulling manifest [K
pulling 667b0c1932bc:  29% ▕█████             ▏ 1.4 GB/4.9 GB  9.7 MB/s    6m0s[K[?25h[?2026l[?2026h[?25l[A[1Gpulling manifest [K
pulling 667b0c1932bc:  29% ▕█████             ▏ 1.4 GB/4.9 GB  9.7 MB/s    6m0s[K[?25h[?2026l[?2026h[?25l[A[1Gpulling manifest [K
pulling 667b0c1932bc:  29% ▕█████             ▏ 1.4 GB/4.9 GB  9.7 MB/s    6m0s[K[?25h[?2026l[?2026h[?25l[A[1Gpulling manifest [K
pulling 667b0c1932bc:  29% ▕█████             ▏ 1.4 GB/4.9 GB  9.7 MB/s   5m59s[K[?25h[?2026l[?2026h[?25l[A[1Gpulling manifest [K
pulling 667b0c1932bc:  29% ▕█████             ▏ 1.4 GB/4.9 GB  9.7 MB/s   5m59s[K[?25h[?2026l[?2026h[?25l[A[1Gpulling manifest [K
pulling 667b0c1932bc:  29% ▕█████             ▏ 1.4 GB/4.9 GB  9.7 MB/s   5m59s[K[?25h[?2026l[?2026h[?25l[A[1Gpulling manifest [K
pulling 667b0c1932bc:  29% ▕█████             ▏ 1.4 GB/4.9 GB  9.7 MB/s   5m59s[K[?25h[?2026l[?2026h[?25l[A[1Gpulling manifest [K
pulling 667b0c1932bc:  29% ▕█████             ▏ 1.4 GB/4.9 GB  9.7 MB/s   5m59s[K[?25h[?2026l[?2026h[?25l[A[1Gpulling manifest [K
pulling 667b0c1932bc:  29% ▕█████             ▏ 1.4 GB/4.9 GB  9.7 MB/s   5m59s[K[?25h[?2026l[?2026h[?25l[A[1Gpulling manifest [K
pulling 667b0c1932bc:  29% ▕█████             ▏ 1.4 GB/4.9 GB  9.6 MB/s    6m1s[K[?25h[?2026l[?2026h[?25l[A[1Gpulling manifest [K
pulling 667b0c1932bc:  29% ▕█████             ▏ 1.4 GB/4.9 GB  9.6 MB/s    6m1s[K[?25h[?2026l[?2026h[?25l[A[1Gpulling manifest [K
pulling 667b0c1932bc:  29% ▕█████             ▏ 1.4 GB/4.9 GB  9.6 MB/s    6m1s[K[?25h[?2026l[?2026h[?25l[A[1Gpulling manifest [K
pulling 667b0c1932bc:  29% ▕█████             ▏ 1.4 GB/4.9 GB  9.6 MB/s    6m1s[K[?25h[?2026l[?2026h[?25l[A[1Gpulling manifest [K
pulling 667b0c1932bc:  29% ▕█████             ▏ 1.4 GB/4.9 GB  9.6 MB/s    6m1s[K[?25h[?2026l[?2026h[?25l[A[1Gpulling manifest [K
pulling 667b0c1932bc:  29% ▕█████             ▏ 1.4 GB/4.9 GB  9.6 MB/s    6m1s[K[?25h[?2026l[?2026h[?25l[A[1Gpulling manifest [K
pulling 667b0c1932bc:  29% ▕█████             ▏ 1.4 GB/4.9 GB  9.6 MB/s    6m0s[K[?25h[?2026l[?2026h[?25l[A[1Gpulling manifest [K
pulling 667b0c1932bc:  29% ▕█████             ▏ 1.4 GB/4.9 GB  9.6 MB/s    6m0s[K[?25h[?2026l[?2026h[?25l[A[1Gpulling manifest [K
pulling 667b0c1932bc:  29% ▕█████             ▏ 1.4 GB/4.9 GB  9.6 MB/s    6m0s[K[?25h[?2026l[?2026h[?25l[A[1Gpulling manifest [K
pulling 667b0c1932bc:  29% ▕█████             ▏ 1.4 GB/4.9 GB  9.6 MB/s    6m0s[K[?25h[?2026l[?2026h[?25l[A[1Gpulling manifest [K
pulling 667b0c1932bc:  29% ▕█████             ▏ 1.4 GB/4.9 GB  9.6 MB/s    6m3s[K[?25h[?2026l[?2026h[?25l[A[1Gpulling manifest [K
pulling 667b0c1932bc:  29% ▕█████             ▏ 1.4 GB/4.9 GB  9.6 MB/s    6m3s[K[?25h[?2026l[?2026h[?25l[A[1Gpulling manifest [K
pulling 667b0c1932bc:  29% ▕█████             ▏ 1.4 GB/4.9 GB  9.6 MB/s    6m3s[K[?25h[?2026l[?2026h[?25l[A[1Gpulling manifest [K
pulling 667b0c1932bc:  29% ▕█████             ▏ 1.4 GB/4.9 GB  9.6 MB/s    6m3s[K[?25h[?2026l[?2026h[?25l[A[1Gpulling manifest [K
pulling 667b0c1932bc:  29% ▕█████             ▏ 1.4 GB/4.9 GB  9.6 MB/s    6m3s[K[?25h[?2026l[?2026h[?25l[A[1Gpulling manifest [K
pulling 667b0c1932bc:  29% ▕█████             ▏ 1.4 GB/4.9 GB  9.6 MB/s    6m3s[K[?25h[?2026l[?2026h[?25l[A[1Gpulling manifest [K
pulling 667b0c1932bc:  29% ▕█████             ▏ 1.4 GB/4.9 GB  9.6 MB/s    6m3s[K[?25h[?2026l[?2026h[?25l[A[1Gpulling manifest [K
pulling 667b0c1932bc:  29% ▕█████             ▏ 1.4 GB/4.9 GB  9.6 MB/s    6m2s[K[?25h[?2026l[?2026h[?25l[A[1Gpulling manifest [K
pulling 667b0c1932bc:  29% ▕█████             ▏ 1.4 GB/4.9 GB  9.6 MB/s    6m2s[K[?25h[?2026l[?2026h[?25l[A[1Gpulling manifest [K
pulling 667b0c1932bc:  29% ▕█████             ▏ 1.5 GB/4.9 GB  9.6 MB/s    6m2s[K[?25h[?2026l[?2026h[?25l[A[1Gpulling manifest [K
pulling 667b0c1932bc:  30% ▕█████             ▏ 1.5 GB/4.9 GB  9.5 MB/s    6m5s[K[?25h[?2026l[?2026h[?25l[A[1Gpulling manifest [K
pulling 667b0c1932bc:  30% ▕█████             ▏ 1.5 GB/4.9 GB  9.5 MB/s    6m5s[K[?25h[?2026l[?2026h[?25l[A[1Gpulling manifest [K
pulling 667b0c1932bc:  30% ▕█████             ▏ 1.5 GB/4.9 GB  9.5 MB/s    6m5s[K[?25h[?2026l[?2026h[?25l[A[1Gpulling manifest [K
pulling 667b0c1932bc:  30% ▕█████             ▏ 1.5 GB/4.9 GB  9.5 MB/s    6m5s[K[?25h[?2026l[?2026h[?25l[A[1Gpulling manifest [K
pulling 667b0c1932bc:  30% ▕█████             ▏ 1.5 GB/4.9 GB  9.5 MB/s    6m5s[K[?25h[?2026l[?2026h[?25l[A[1Gpulling manifest [K
pulling 667b0c1932bc:  30% ▕█████             ▏ 1.5 GB/4.9 GB  9.5 MB/s    6m5s[K[?25h[?2026l[?2026h[?25l[A[1Gpulling manifest [K
pulling 667b0c1932bc:  30% ▕█████             ▏ 1.5 GB/4.9 GB  9.5 MB/s    6m4s[K[?25h[?2026l[?2026h[?25l[A[1Gpulling manifest [K
pulling 667b0c1932bc:  30% ▕█████             ▏ 1.5 GB/4.9 GB  9.5 MB/s    6m4s[K[?25h[?2026l[?2026h[?25l[A[1Gpulling manifest [K
pulling 667b0c1932bc:  30% ▕█████             ▏ 1.5 GB/4.9 GB  9.5 MB/s    6m4s[K[?25h[?2026l[?2026h[?25l[A[1Gpulling manifest [K
pulling 667b0c1932bc:  30% ▕█████             ▏ 1.5 GB/4.9 GB  9.5 MB/s    6m4s[K[?25h[?2026l[?2026h[?25l[A[1Gpulling manifest [K
pulling 667b0c1932bc:  30% ▕█████             ▏ 1.5 GB/4.9 GB  9.6 MB/s    6m1s[K[?25h[?2026l[?2026h[?25l[A[1Gpulling manifest [K
pulling 667b0c1932bc:  30% ▕█████             ▏ 1.5 GB/4.9 GB  9.6 MB/s    6m1s[K[?25h[?2026l[?2026h[?25l[A[1Gpulling manifest [K
pulling 667b0c1932bc:  30% ▕█████             ▏ 1.5 GB/4.9 GB  9.6 MB/s    6m1s[K[?25h[?2026l[?2026h[?25l[A[1Gpulling manifest [K
pulling 667b0c1932bc:  30% ▕█████             ▏ 1.5 GB/4.9 GB  9.6 MB/s    6m1s[K[?25h[?2026l[?2026h[?25l[A[1Gpulling manifest [K
pulling 667b0c1932bc:  30% ▕█████             ▏ 1.5 GB/4.9 GB  9.6 MB/s    6m1s[K[?25h[?2026l[?2026h[?25l[A[1Gpulling manifest [K
pulling 667b0c1932bc:  30% ▕█████             ▏ 1.5 GB/4.9 GB  9.6 MB/s    6m1s[K[?25h[?2026l[?2026h[?25l[A[1Gpulling manifest [K
pulling 667b0c1932bc:  30% ▕█████             ▏ 1.5 GB/4.9 GB  9.6 MB/s    6m1s[K[?25h[?2026l[?2026h[?25l[A[1Gpulling manifest [K
pulling 667b0c1932bc:  30% ▕█████             ▏ 1.5 GB/4.9 GB  9.6 MB/s    6m1s[K[?25h[?2026l[?2026h[?25l[A[1Gpulling manifest [K
pulling 667b0c1932bc:  30% ▕█████             ▏ 1.5 GB/4.9 GB  9.6 MB/s    6m0s[K[?25h[?2026l[?2026h[?25l[A[1Gpulling manifest [K
pulling 667b0c1932bc:  30% ▕█████             ▏ 1.5 GB/4.9 GB  9.6 MB/s    6m0s[K[?25h[?2026l[?2026h[?25l[A[1Gpulling manifest [K
pulling 667b0c1932bc:  30% ▕█████             ▏ 1.5 GB/4.9 GB  9.6 MB/s    6m0s[K[?25h[?2026l[?2026h[?25l[A[1Gpulling manifest [K
pulling 667b0c1932bc:  30% ▕█████             ▏ 1.5 GB/4.9 GB  9.5 MB/s    6m4s[K[?25h[?2026l[?2026h[?25l[A[1Gpulling manifest [K
pulling 667b0c1932bc:  30% ▕█████             ▏ 1.5 GB/4.9 GB  9.5 MB/s    6m4s[K[?25h[?2026l[?2026h[?25l[A[1Gpulling manifest [K
pulling 667b0c1932bc:  30% ▕█████             ▏ 1.5 GB/4.9 GB  9.5 MB/s    6m4s[K[?25h[?2026l[?2026h[?25l[A[1Gpulling manifest [K
pulling 667b0c1932bc:  30% ▕█████             ▏ 1.5 GB/4.9 GB  9.5 MB/s    6m4s[K[?25h[?2026l[?2026h[?25l[A[1Gpulling manifest [K
pulling 667b0c1932bc:  30% ▕█████             ▏ 1.5 GB/4.9 GB  9.5 MB/s    6m4s[K[?25h[?2026l[?2026h[?25l[A[1Gpulling manifest [K
pulling 667b0c1932bc:  30% ▕█████             ▏ 1.5 GB/4.9 GB  9.5 MB/s    6m4s[K[?25h[?2026l[?2026h[?25l[A[1Gpulling manifest [K
pulling 667b0c1932bc:  30% ▕█████             ▏ 1.5 GB/4.9 GB  9.5 MB/s    6m3s[K[?25h[?2026l[?2026h[?25l[A[1Gpulling manifest [K
pulling 667b0c1932bc:  30% ▕█████             ▏ 1.5 GB/4.9 GB  9.5 MB/s    6m3s[K[?25h[?2026l[?2026h[?25l[A[1Gpulling manifest [K
pulling 667b0c1932bc:  30% ▕█████             ▏ 1.5 GB/4.9 GB  9.5 MB/s    6m3s[K[?25h[?2026l[?2026h[?25l[A[1Gpulling manifest [K
pulling 667b0c1932bc:  30% ▕█████             ▏ 1.5 GB/4.9 GB  9.5 MB/s    6m3s[K[?25h[?2026l[?2026h[?25l[A[1Gpulling manifest [K
pulling 667b0c1932bc:  30% ▕█████             ▏ 1.5 GB/4.9 GB  9.4 MB/s    6m4s[K[?25h[?2026l[?2026h[?25l[A[1Gpulling manifest [K
pulling 667b0c1932bc:  30% ▕█████             ▏ 1.5 GB/4.9 GB  9.4 MB/s    6m4s[K[?25h[?2026l[?2026h[?25l[A[1Gpulling manifest [K
pulling 667b0c1932bc:  30% ▕█████             ▏ 1.5 GB/4.9 GB  9.4 MB/s    6m4s[K[?25h[?2026l[?2026h[?25l[A[1Gpulling manifest [K
pulling 667b0c1932bc:  30% ▕█████             ▏ 1.5 GB/4.9 GB  9.4 MB/s    6m4s[K[?25h[?2026l[?2026h[?25l[A[1Gpulling manifest [K
pulling 667b0c1932bc:  30% ▕█████             ▏ 1.5 GB/4.9 GB  9.4 MB/s    6m4s[K[?25h[?2026l[?2026h[?25l[A[1Gpulling manifest [K
pulling 667b0c1932bc:  30% ▕█████             ▏ 1.5 GB/4.9 GB  9.4 MB/s    6m4s[K[?25h[?2026l[?2026h[?25l[A[1Gpulling manifest [K
pulling 667b0c1932bc:  30% ▕█████             ▏ 1.5 GB/4.9 GB  9.4 MB/s    6m4s[K[?25h[?2026l[?2026h[?25l[A[1Gpulling manifest [K
pulling 667b0c1932bc:  30% ▕█████             ▏ 1.5 GB/4.9 GB  9.4 MB/s    6m3s[K[?25h[?2026l[?2026h[?25l[A[1Gpulling manifest [K
pulling 667b0c1932bc:  30% ▕█████             ▏ 1.5 GB/4.9 GB  9.4 MB/s    6m3s[K[?25h[?2026l[?2026h[?25l[A[1Gpulling manifest [K
pulling 667b0c1932bc:  30% ▕█████             ▏ 1.5 GB/4.9 GB  9.4 MB/s    6m3s[K[?25h[?2026l[?2026h[?25l[A[1Gpulling manifest [K
pulling 667b0c1932bc:  30% ▕█████             ▏ 1.5 GB/4.9 GB  9.5 MB/s    6m2s[K[?25h[?2026l[?2026h[?25l[A[1Gpulling manifest [K
pulling 667b0c1932bc:  30% ▕█████             ▏ 1.5 GB/4.9 GB  9.5 MB/s    6m2s[K[?25h[?2026l[?2026h[?25l[A[1Gpulling manifest [K
pulling 667b0c1932bc:  30% ▕█████             ▏ 1.5 GB/4.9 GB  9.5 MB/s    6m2s[K[?25h[?2026l[?2026h[?25l[A[1Gpulling manifest [K
pulling 667b0c1932bc:  30% ▕█████             ▏ 1.5 GB/4.9 GB  9.5 MB/s    6m2s[K[?25h[?2026l[?2026h[?25l[A[1Gpulling manifest [K
pulling 667b0c1932bc:  30% ▕█████             ▏ 1.5 GB/4.9 GB  9.5 MB/s    6m2s[K[?25h[?2026l[?2026h[?25l[A[1Gpulling manifest [K
pulling 667b0c1932bc:  30% ▕█████             ▏ 1.5 GB/4.9 GB  9.5 MB/s    6m2s[K[?25h[?2026l[?2026h[?25l[A[1Gpulling manifest [K
pulling 667b0c1932bc:  30% ▕█████             ▏ 1.5 GB/4.9 GB  9.5 MB/s    6m1s[K[?25h[?2026l[?2026h[?25l[A[1Gpulling manifest [K
pulling 667b0c1932bc:  30% ▕█████             ▏ 1.5 GB/4.9 GB  9.5 MB/s    6m1s[K[?25h[?2026l[?2026h[?25l[A[1Gpulling manifest [K
pulling 667b0c1932bc:  30% ▕█████             ▏ 1.5 GB/4.9 GB  9.5 MB/s    6m1s[K[?25h[?2026l[?2026h[?25l[A[1Gpulling manifest [K
pulling 667b0c1932bc:  30% ▕█████             ▏ 1.5 GB/4.9 GB  9.5 MB/s    6m1s[K[?25h[?2026l[?2026h[?25l[A[1Gpulling manifest [K
pulling 667b0c1932bc:  30% ▕█████             ▏ 1.5 GB/4.9 GB  9.5 MB/s    6m0s[K[?25h[?2026l[?2026h[?25l[A[1Gpulling manifest [K
pulling 667b0c1932bc:  31% ▕█████             ▏ 1.5 GB/4.9 GB  9.5 MB/s    6m0s[K[?25h[?2026l[?2026h[?25l[A[1Gpulling manifest [K
pulling 667b0c1932bc:  31% ▕█████             ▏ 1.5 GB/4.9 GB  9.5 MB/s    6m0s[K[?25h[?2026l[?2026h[?25l[A[1Gpulling manifest [K
pulling 667b0c1932bc:  31% ▕█████             ▏ 1.5 GB/4.9 GB  9.5 MB/s   5m59s[K[?25h[?2026l[?2026h[?25l[A[1Gpulling manifest [K
pulling 667b0c1932bc:  31% ▕█████             ▏ 1.5 GB/4.9 GB  9.5 MB/s   5m59s[K[?25h[?2026l[?2026h[?25l[A[1Gpulling manifest [K
pulling 667b0c1932bc:  31% ▕█████             ▏ 1.5 GB/4.9 GB  9.5 MB/s   5m59s[K[?25h[?2026l[?2026h[?25l[A[1Gpulling manifest [K
pulling 667b0c1932bc:  31% ▕█████             ▏ 1.5 GB/4.9 GB  9.5 MB/s   5m59s[K[?25h[?2026l[?2026h[?25l[A[1Gpulling manifest [K
pulling 667b0c1932bc:  31% ▕█████             ▏ 1.5 GB/4.9 GB  9.5 MB/s   5m59s[K[?25h[?2026l[?2026h[?25l[A[1Gpulling manifest [K
pulling 667b0c1932bc:  31% ▕█████             ▏ 1.5 GB/4.9 GB  9.5 MB/s   5m59s[K[?25h[?2026l[?2026h[?25l[A[1Gpulling manifest [K
pulling 667b0c1932bc:  31% ▕█████             ▏ 1.5 GB/4.9 GB  9.5 MB/s   5m59s[K[?25h[?2026l[?2026h[?25l[A[1Gpulling manifest [K
pulling 667b0c1932bc:  31% ▕█████             ▏ 1.5 GB/4.9 GB  9.6 MB/s   5m54s[K[?25h[?2026l[?2026h[?25l[A[1Gpulling manifest [K
pulling 667b0c1932bc:  31% ▕█████             ▏ 1.5 GB/4.9 GB  9.6 MB/s   5m54s[K[?25h[?2026l[?2026h[?25l[A[1Gpulling manifest [K
pulling 667b0c1932bc:  31% ▕█████             ▏ 1.5 GB/4.9 GB  9.6 MB/s   5m54s[K[?25h[?2026l[?2026h[?25l[A[1Gpulling manifest [K
pulling 667b0c1932bc:  31% ▕█████             ▏ 1.5 GB/4.9 GB  9.6 MB/s   5m54s[K[?25h[?2026l[?2026h[?25l[A[1Gpulling manifest [K
pulling 667b0c1932bc:  31% ▕█████             ▏ 1.5 GB/4.9 GB  9.6 MB/s   5m53s[K[?25h[?2026l[?2026h[?25l[A[1Gpulling manifest [K
pulling 667b0c1932bc:  31% ▕█████             ▏ 1.5 GB/4.9 GB  9.6 MB/s   5m53s[K[?25h[?2026l[?2026h[?25l[A[1Gpulling manifest [K
pulling 667b0c1932bc:  31% ▕█████             ▏ 1.5 GB/4.9 GB  9.6 MB/s   5m53s[K[?25h[?2026l[?2026h[?25l[A[1Gpulling manifest [K
pulling 667b0c1932bc:  31% ▕█████             ▏ 1.5 GB/4.9 GB  9.6 MB/s   5m53s[K[?25h[?2026l[?2026h[?25l[A[1Gpulling manifest [K
pulling 667b0c1932bc:  31% ▕█████             ▏ 1.5 GB/4.9 GB  9.6 MB/s   5m53s[K[?25h[?2026l[?2026h[?25l[A[1Gpulling manifest [K
pulling 667b0c1932bc:  31% ▕█████             ▏ 1.5 GB/4.9 GB  9.6 MB/s   5m53s[K[?25h[?2026l[?2026h[?25l[A[1Gpulling manifest [K
pulling 667b0c1932bc:  31% ▕█████             ▏ 1.5 GB/4.9 GB  9.6 MB/s   5m53s[K[?25h[?2026l[?2026h[?25l[A[1Gpulling manifest [K
pulling 667b0c1932bc:  31% ▕█████             ▏ 1.5 GB/4.9 GB  9.7 MB/s   5m51s[K[?25h[?2026l[?2026h[?25l[A[1Gpulling manifest [K
pulling 667b0c1932bc:  31% ▕█████             ▏ 1.5 GB/4.9 GB  9.7 MB/s   5m51s[K[?25h[?2026l[?2026h[?25l[A[1Gpulling manifest [K
pulling 667b0c1932bc:  31% ▕█████             ▏ 1.5 GB/4.9 GB  9.7 MB/s   5m51s[K[?25h[?2026l[?2026h[?25l[A[1Gpulling manifest [K
pulling 667b0c1932bc:  31% ▕█████             ▏ 1.5 GB/4.9 GB  9.7 MB/s   5m51s[K[?25h[?2026l[?2026h[?25l[A[1Gpulling manifest [K
pulling 667b0c1932bc:  31% ▕█████             ▏ 1.5 GB/4.9 GB  9.7 MB/s   5m51s[K[?25h[?2026l[?2026h[?25l[A[1Gpulling manifest [K
pulling 667b0c1932bc:  31% ▕█████             ▏ 1.5 GB/4.9 GB  9.7 MB/s   5m51s[K[?25h[?2026l[?2026h[?25l[A[1Gpulling manifest [K
pulling 667b0c1932bc:  31% ▕█████             ▏ 1.5 GB/4.9 GB  9.7 MB/s   5m51s[K[?25h[?2026l[?2026h[?25l[A[1Gpulling manifest [K
pulling 667b0c1932bc:  31% ▕█████             ▏ 1.5 GB/4.9 GB  9.7 MB/s   5m51s[K[?25h[?2026l[?2026h[?25l[A[1Gpulling manifest [K
pulling 667b0c1932bc:  31% ▕█████             ▏ 1.5 GB/4.9 GB  9.7 MB/s   5m51s[K[?25h[?2026l[?2026h[?25l[A[1Gpulling manifest [K
pulling 667b0c1932bc:  31% ▕█████             ▏ 1.5 GB/4.9 GB  9.7 MB/s   5m50s[K[?25h[?2026l[?2026h[?25l[A[1Gpulling manifest [K
pulling 667b0c1932bc:  31% ▕█████             ▏ 1.5 GB/4.9 GB  9.8 MB/s   5m47s[K[?25h[?2026l[?2026h[?25l[A[1Gpulling manifest [K
pulling 667b0c1932bc:  31% ▕█████             ▏ 1.5 GB/4.9 GB  9.8 MB/s   5m47s[K[?25h[?2026l[?2026h[?25l[A[1Gpulling manifest [K
pulling 667b0c1932bc:  31% ▕█████             ▏ 1.5 GB/4.9 GB  9.8 MB/s   5m47s[K[?25h[?2026l[?2026h[?25l[A[1Gpulling manifest [K
pulling 667b0c1932bc:  31% ▕█████             ▏ 1.5 GB/4.9 GB  9.8 MB/s   5m46s[K[?25h[?2026l[?2026h[?25l[A[1Gpulling manifest [K
pulling 667b0c1932bc:  31% ▕█████             ▏ 1.5 GB/4.9 GB  9.8 MB/s   5m46s[K[?25h[?2026l[?2026h[?25l[A[1Gpulling manifest [K
pulling 667b0c1932bc:  31% ▕█████             ▏ 1.5 GB/4.9 GB  9.8 MB/s   5m46s[K[?25h[?2026l[?2026h[?25l[A[1Gpulling manifest [K
pulling 667b0c1932bc:  31% ▕█████             ▏ 1.5 GB/4.9 GB  9.8 MB/s   5m46s[K[?25h[?2026l[?2026h[?25l[A[1Gpulling manifest [K
pulling 667b0c1932bc:  31% ▕█████             ▏ 1.5 GB/4.9 GB  9.8 MB/s   5m46s[K[?25h[?2026l[?2026h[?25l[A[1Gpulling manifest [K
pulling 667b0c1932bc:  31% ▕█████             ▏ 1.5 GB/4.9 GB  9.8 MB/s   5m46s[K[?25h[?2026l[?2026h[?25l[A[1Gpulling manifest [K
pulling 667b0c1932bc:  31% ▕█████             ▏ 1.5 GB/4.9 GB  9.8 MB/s   5m46s[K[?25h[?2026l[?2026h[?25l[A[1Gpulling manifest [K
pulling 667b0c1932bc:  31% ▕█████             ▏ 1.5 GB/4.9 GB  9.8 MB/s   5m46s[K[?25h[?2026l[?2026h[?25l[A[1Gpulling manifest [K
pulling 667b0c1932bc:  31% ▕█████             ▏ 1.5 GB/4.9 GB  9.8 MB/s   5m45s[K[?25h[?2026l[?2026h[?25l[A[1Gpulling manifest [K
pulling 667b0c1932bc:  31% ▕█████             ▏ 1.5 GB/4.9 GB  9.8 MB/s   5m45s[K[?25h[?2026l[?2026h[?25l[A[1Gpulling manifest [K
pulling 667b0c1932bc:  31% ▕█████             ▏ 1.5 GB/4.9 GB  9.8 MB/s   5m45s[K[?25h[?2026l[?2026h[?25l[A[1Gpulling manifest [K
pulling 667b0c1932bc:  31% ▕█████             ▏ 1.5 GB/4.9 GB  9.8 MB/s   5m45s[K[?25h[?2026l[?2026h[?25l[A[1Gpulling manifest [K
pulling 667b0c1932bc:  31% ▕█████             ▏ 1.5 GB/4.9 GB  9.8 MB/s   5m45s[K[?25h[?2026l[?2026h[?25l[A[1Gpulling manifest [K
pulling 667b0c1932bc:  31% ▕█████             ▏ 1.5 GB/4.9 GB  9.8 MB/s   5m45s[K[?25h[?2026l[?2026h[?25l[A[1Gpulling manifest [K
pulling 667b0c1932bc:  31% ▕█████             ▏ 1.5 GB/4.9 GB  9.8 MB/s   5m45s[K[?25h[?2026l[?2026h[?25l[A[1Gpulling manifest [K
pulling 667b0c1932bc:  31% ▕█████             ▏ 1.5 GB/4.9 GB  9.8 MB/s   5m45s[K[?25h[?2026l[?2026h[?25l[A[1Gpulling manifest [K
pulling 667b0c1932bc:  31% ▕█████             ▏ 1.5 GB/4.9 GB  9.8 MB/s   5m45s[K[?25h[?2026l[?2026h[?25l[A[1Gpulling manifest [K
pulling 667b0c1932bc:  31% ▕█████             ▏ 1.5 GB/4.9 GB  9.7 MB/s   5m48s[K[?25h[?2026l[?2026h[?25l[A[1Gpulling manifest [K
pulling 667b0c1932bc:  31% ▕█████             ▏ 1.6 GB/4.9 GB  9.7 MB/s   5m48s[K[?25h[?2026l[?2026h[?25l[A[1Gpulling manifest [K
pulling 667b0c1932bc:  32% ▕█████             ▏ 1.6 GB/4.9 GB  9.7 MB/s   5m48s[K[?25h[?2026l[?2026h[?25l[A[1Gpulling manifest [K
pulling 667b0c1932bc:  32% ▕█████             ▏ 1.6 GB/4.9 GB  9.7 MB/s   5m48s[K[?25h[?2026l[?2026h[?25l[A[1Gpulling manifest [K
pulling 667b0c1932bc:  32% ▕█████             ▏ 1.6 GB/4.9 GB  9.7 MB/s   5m48s[K[?25h[?2026l[?2026h[?25l[A[1Gpulling manifest [K
pulling 667b0c1932bc:  32% ▕█████             ▏ 1.6 GB/4.9 GB  9.7 MB/s   5m48s[K[?25h[?2026l[?2026h[?25l[A[1Gpulling manifest [K
pulling 667b0c1932bc:  32% ▕█████             ▏ 1.6 GB/4.9 GB  9.7 MB/s   5m48s[K[?25h[?2026l[?2026h[?25l[A[1Gpulling manifest [K
pulling 667b0c1932bc:  32% ▕█████             ▏ 1.6 GB/4.9 GB  9.7 MB/s   5m48s[K[?25h[?2026l[?2026h[?25l[A[1Gpulling manifest [K
pulling 667b0c1932bc:  32% ▕█████             ▏ 1.6 GB/4.9 GB  9.7 MB/s   5m48s[K[?25h[?2026l[?2026h[?25l[A[1Gpulling manifest [K
pulling 667b0c1932bc:  32% ▕█████             ▏ 1.6 GB/4.9 GB  9.7 MB/s   5m47s[K[?25h[?2026l[?2026h[?25l[A[1Gpulling manifest [K
pulling 667b0c1932bc:  32% ▕█████             ▏ 1.6 GB/4.9 GB  9.8 MB/s   5m44s[K[?25h[?2026l[?2026h[?25l[A[1Gpulling manifest [K
pulling 667b0c1932bc:  32% ▕█████             ▏ 1.6 GB/4.9 GB  9.8 MB/s   5m44s[K[?25h[?2026l[?2026h[?25l[A[1Gpulling manifest [K
pulling 667b0c1932bc:  32% ▕█████             ▏ 1.6 GB/4.9 GB  9.8 MB/s   5m44s[K[?25h[?2026l[?2026h[?25l[A[1Gpulling manifest [K
pulling 667b0c1932bc:  32% ▕█████             ▏ 1.6 GB/4.9 GB  9.8 MB/s   5m44s[K[?25h[?2026l[?2026h[?25l[A[1Gpulling manifest [K
pulling 667b0c1932bc:  32% ▕█████             ▏ 1.6 GB/4.9 GB  9.8 MB/s   5m44s[K[?25h[?2026l[?2026h[?25l[A[1Gpulling manifest [K
pulling 667b0c1932bc:  32% ▕█████             ▏ 1.6 GB/4.9 GB  9.8 MB/s   5m44s[K[?25h[?2026l[?2026h[?25l[A[1Gpulling manifest [K
pulling 667b0c1932bc:  32% ▕█████             ▏ 1.6 GB/4.9 GB  9.8 MB/s   5m44s[K[?25h[?2026l[?2026h[?25l[A[1Gpulling manifest [K
pulling 667b0c1932bc:  32% ▕█████             ▏ 1.6 GB/4.9 GB  9.8 MB/s   5m43s[K[?25h[?2026l[?2026h[?25l[A[1Gpulling manifest [K
pulling 667b0c1932bc:  32% ▕█████             ▏ 1.6 GB/4.9 GB  9.8 MB/s   5m43s[K[?25h[?2026l[?2026h[?25l[A[1Gpulling manifest [K
pulling 667b0c1932bc:  32% ▕█████             ▏ 1.6 GB/4.9 GB  9.8 MB/s   5m43s[K[?25h[?2026l[?2026h[?25l[A[1Gpulling manifest [K
pulling 667b0c1932bc:  32% ▕█████             ▏ 1.6 GB/4.9 GB  9.8 MB/s   5m43s[K[?25h[?2026l[?2026h[?25l[A[1Gpulling manifest [K
pulling 667b0c1932bc:  32% ▕█████             ▏ 1.6 GB/4.9 GB  9.8 MB/s   5m43s[K[?25h[?2026l[?2026h[?25l[A[1Gpulling manifest [K
pulling 667b0c1932bc:  32% ▕█████             ▏ 1.6 GB/4.9 GB  9.8 MB/s   5m42s[K[?25h[?2026l[?2026h[?25l[A[1Gpulling manifest [K
pulling 667b0c1932bc:  32% ▕█████             ▏ 1.6 GB/4.9 GB  9.8 MB/s   5m42s[K[?25h[?2026l[?2026h[?25l[A[1Gpulling manifest [K
pulling 667b0c1932bc:  32% ▕█████             ▏ 1.6 GB/4.9 GB  9.8 MB/s   5m42s[K[?25h[?2026l[?2026h[?25l[A[1Gpulling manifest [K
pulling 667b0c1932bc:  32% ▕█████             ▏ 1.6 GB/4.9 GB  9.8 MB/s   5m42s[K[?25h[?2026l[?2026h[?25l[A[1Gpulling manifest [K
pulling 667b0c1932bc:  32% ▕█████             ▏ 1.6 GB/4.9 GB  9.8 MB/s   5m42s[K[?25h[?2026l[?2026h[?25l[A[1Gpulling manifest [K
pulling 667b0c1932bc:  32% ▕█████             ▏ 1.6 GB/4.9 GB  9.8 MB/s   5m42s[K[?25h[?2026l[?2026h[?25l[A[1Gpulling manifest [K
pulling 667b0c1932bc:  32% ▕█████             ▏ 1.6 GB/4.9 GB  9.8 MB/s   5m42s[K[?25h[?2026l[?2026h[?25l[A[1Gpulling manifest [K
pulling 667b0c1932bc:  32% ▕█████             ▏ 1.6 GB/4.9 GB  9.8 MB/s   5m42s[K[?25h[?2026l[?2026h[?25l[A[1Gpulling manifest [K
pulling 667b0c1932bc:  32% ▕█████             ▏ 1.6 GB/4.9 GB  9.8 MB/s   5m42s[K[?25h[?2026l[?2026h[?25l[A[1Gpulling manifest [K
pulling 667b0c1932bc:  32% ▕█████             ▏ 1.6 GB/4.9 GB  9.8 MB/s   5m40s[K[?25h[?2026l[?2026h[?25l[A[1Gpulling manifest [K
pulling 667b0c1932bc:  32% ▕█████             ▏ 1.6 GB/4.9 GB  9.8 MB/s   5m40s[K[?25h[?2026l[?2026h[?25l[A[1Gpulling manifest [K
pulling 667b0c1932bc:  32% ▕█████             ▏ 1.6 GB/4.9 GB  9.8 MB/s   5m40s[K[?25h[?2026l[?2026h[?25l[A[1Gpulling manifest [K
pulling 667b0c1932bc:  32% ▕█████             ▏ 1.6 GB/4.9 GB  9.8 MB/s   5m40s[K[?25h[?2026l[?2026h[?25l[A[1Gpulling manifest [K
pulling 667b0c1932bc:  32% ▕█████             ▏ 1.6 GB/4.9 GB  9.8 MB/s   5m40s[K[?25h[?2026l[?2026h[?25l[A[1Gpulling manifest [K
pulling 667b0c1932bc:  32% ▕█████             ▏ 1.6 GB/4.9 GB  9.8 MB/s   5m39s[K[?25h[?2026l[?2026h[?25l[A[1Gpulling manifest [K
pulling 667b0c1932bc:  32% ▕█████             ▏ 1.6 GB/4.9 GB  9.8 MB/s   5m39s[K[?25h[?2026l[?2026h[?25l[A[1Gpulling manifest [K
pulling 667b0c1932bc:  32% ▕█████             ▏ 1.6 GB/4.9 GB  9.8 MB/s   5m39s[K[?25h[?2026l[?2026h[?25l[A[1Gpulling manifest [K
pulling 667b0c1932bc:  32% ▕█████             ▏ 1.6 GB/4.9 GB  9.8 MB/s   5m39s[K[?25h[?2026l[?2026h[?25l[A[1Gpulling manifest [K
pulling 667b0c1932bc:  32% ▕█████             ▏ 1.6 GB/4.9 GB  9.8 MB/s   5m39s[K[?25h[?2026l[?2026h[?25l[A[1Gpulling manifest [K
pulling 667b0c1932bc:  32% ▕█████             ▏ 1.6 GB/4.9 GB  9.8 MB/s   5m38s[K[?25h[?2026l[?2026h[?25l[A[1Gpulling manifest [K
pulling 667b0c1932bc:  32% ▕█████             ▏ 1.6 GB/4.9 GB  9.8 MB/s   5m38s[K[?25h[?2026l[?2026h[?25l[A[1Gpulling manifest [K
pulling 667b0c1932bc:  32% ▕█████             ▏ 1.6 GB/4.9 GB  9.8 MB/s   5m38s[K[?25h[?2026l[?2026h[?25l[A[1Gpulling manifest [K
pulling 667b0c1932bc:  32% ▕█████             ▏ 1.6 GB/4.9 GB  9.8 MB/s   5m38s[K[?25h[?2026l[?2026h[?25l[A[1Gpulling manifest [K
pulling 667b0c1932bc:  32% ▕█████             ▏ 1.6 GB/4.9 GB  9.8 MB/s   5m38s[K[?25h[?2026l[?2026h[?25l[A[1Gpulling manifest [K
pulling 667b0c1932bc:  32% ▕█████             ▏ 1.6 GB/4.9 GB  9.8 MB/s   5m38s[K[?25h[?2026l[?2026h[?25l[A[1Gpulling manifest [K
pulling 667b0c1932bc:  32% ▕█████             ▏ 1.6 GB/4.9 GB  9.8 MB/s   5m38s[K[?25h[?2026l[?2026h[?25l[A[1Gpulling manifest [K
pulling 667b0c1932bc:  32% ▕█████             ▏ 1.6 GB/4.9 GB  9.8 MB/s   5m37s[K[?25h[?2026l[?2026h[?25l[A[1Gpulling manifest [K
pulling 667b0c1932bc:  32% ▕█████             ▏ 1.6 GB/4.9 GB  9.8 MB/s   5m37s[K[?25h[?2026l[?2026h[?25l[A[1Gpulling manifest [K
pulling 667b0c1932bc:  32% ▕█████             ▏ 1.6 GB/4.9 GB  9.8 MB/s   5m37s[K[?25h[?2026l[?2026h[?25l[A[1Gpulling manifest [K
pulling 667b0c1932bc:  32% ▕█████             ▏ 1.6 GB/4.9 GB  9.8 MB/s   5m39s[K[?25h[?2026l[?2026h[?25l[A[1Gpulling manifest [K
pulling 667b0c1932bc:  33% ▕█████             ▏ 1.6 GB/4.9 GB  9.8 MB/s   5m39s[K[?25h[?2026l[?2026h[?25l[A[1Gpulling manifest [K
pulling 667b0c1932bc:  33% ▕█████             ▏ 1.6 GB/4.9 GB  9.8 MB/s   5m39s[K[?25h[?2026l[?2026h[?25l[A[1Gpulling manifest [K
pulling 667b0c1932bc:  33% ▕█████             ▏ 1.6 GB/4.9 GB  9.8 MB/s   5m39s[K[?25h[?2026l[?2026h[?25l[A[1Gpulling manifest [K
pulling 667b0c1932bc:  33% ▕█████             ▏ 1.6 GB/4.9 GB  9.8 MB/s   5m39s[K[?25h[?2026l[?2026h[?25l[A[1Gpulling manifest [K
pulling 667b0c1932bc:  33% ▕█████             ▏ 1.6 GB/4.9 GB  9.8 MB/s   5m39s[K[?25h[?2026l[?2026h[?25l[A[1Gpulling manifest [K
pulling 667b0c1932bc:  33% ▕█████             ▏ 1.6 GB/4.9 GB  9.8 MB/s   5m39s[K[?25h[?2026l[?2026h[?25l[A[1Gpulling manifest [K
pulling 667b0c1932bc:  33% ▕█████             ▏ 1.6 GB/4.9 GB  9.8 MB/s   5m39s[K[?25h[?2026l[?2026h[?25l[A[1Gpulling manifest [K
pulling 667b0c1932bc:  33% ▕█████             ▏ 1.6 GB/4.9 GB  9.8 MB/s   5m39s[K[?25h[?2026l[?2026h[?25l[A[1Gpulling manifest [K
pulling 667b0c1932bc:  33% ▕█████             ▏ 1.6 GB/4.9 GB  9.8 MB/s   5m38s[K[?25h[?2026l[?2026h[?25l[A[1Gpulling manifest [K
pulling 667b0c1932bc:  33% ▕█████             ▏ 1.6 GB/4.9 GB  9.8 MB/s   5m39s[K[?25h[?2026l[?2026h[?25l[A[1Gpulling manifest [K
pulling 667b0c1932bc:  33% ▕█████             ▏ 1.6 GB/4.9 GB  9.8 MB/s   5m39s[K[?25h[?2026l[?2026h[?25l[A[1Gpulling manifest [K
pulling 667b0c1932bc:  33% ▕█████             ▏ 1.6 GB/4.9 GB  9.8 MB/s   5m39s[K[?25h[?2026l[?2026h[?25l[A[1Gpulling manifest [K
pulling 667b0c1932bc:  33% ▕█████             ▏ 1.6 GB/4.9 GB  9.8 MB/s   5m39s[K[?25h[?2026l[?2026h[?25l[A[1Gpulling manifest [K
pulling 667b0c1932bc:  33% ▕█████             ▏ 1.6 GB/4.9 GB  9.8 MB/s   5m38s[K[?25h[?2026l[?2026h[?25l[A[1Gpulling manifest [K
pulling 667b0c1932bc:  33% ▕█████             ▏ 1.6 GB/4.9 GB  9.8 MB/s   5m38s[K[?25h[?2026l[?2026h[?25l[A[1Gpulling manifest [K
pulling 667b0c1932bc:  33% ▕█████             ▏ 1.6 GB/4.9 GB  9.8 MB/s   5m38s[K[?25h[?2026l[?2026h[?25l[A[1Gpulling manifest [K
pulling 667b0c1932bc:  33% ▕█████             ▏ 1.6 GB/4.9 GB  9.8 MB/s   5m38s[K[?25h[?2026l[?2026h[?25l[A[1Gpulling manifest [K
pulling 667b0c1932bc:  33% ▕█████             ▏ 1.6 GB/4.9 GB  9.8 MB/s   5m38s[K[?25h[?2026l[?2026h[?25l[A[1Gpulling manifest [K
pulling 667b0c1932bc:  33% ▕█████             ▏ 1.6 GB/4.9 GB  9.8 MB/s   5m38s[K[?25h[?2026l[?2026h[?25l[A[1Gpulling manifest [K
pulling 667b0c1932bc:  33% ▕█████             ▏ 1.6 GB/4.9 GB  9.8 MB/s   5m38s[K[?25h[?2026l[?2026h[?25l[A[1Gpulling manifest [K
pulling 667b0c1932bc:  33% ▕█████             ▏ 1.6 GB/4.9 GB  9.5 MB/s   5m46s[K[?25h[?2026l[?2026h[?25l[A[1Gpulling manifest [K
pulling 667b0c1932bc:  33% ▕█████             ▏ 1.6 GB/4.9 GB  9.5 MB/s   5m46s[K[?25h[?2026l[?2026h[?25l[A[1Gpulling manifest [K
pulling 667b0c1932bc:  33% ▕█████             ▏ 1.6 GB/4.9 GB  9.5 MB/s   5m46s[K[?25h[?2026l[?2026h[?25l[A[1Gpulling manifest [K
pulling 667b0c1932bc:  33% ▕█████             ▏ 1.6 GB/4.9 GB  9.5 MB/s   5m46s[K[?25h[?2026l[?2026h[?25l[A[1Gpulling manifest [K
pulling 667b0c1932bc:  33% ▕█████             ▏ 1.6 GB/4.9 GB  9.5 MB/s   5m46s[K[?25h[?2026l[?2026h[?25l[A[1Gpulling manifest [K
pulling 667b0c1932bc:  33% ▕█████             ▏ 1.6 GB/4.9 GB  9.5 MB/s   5m46s[K[?25h[?2026l[?2026h[?25l[A[1Gpulling manifest [K
pulling 667b0c1932bc:  33% ▕█████             ▏ 1.6 GB/4.9 GB  9.5 MB/s   5m45s[K[?25h[?2026l[?2026h[?25l[A[1Gpulling manifest [K
pulling 667b0c1932bc:  33% ▕█████             ▏ 1.6 GB/4.9 GB  9.5 MB/s   5m45s[K[?25h[?2026l[?2026h[?25l[A[1Gpulling manifest [K
pulling 667b0c1932bc:  33% ▕█████             ▏ 1.6 GB/4.9 GB  9.5 MB/s   5m45s[K[?25h[?2026l[?2026h[?25l[A[1Gpulling manifest [K
pulling 667b0c1932bc:  33% ▕█████             ▏ 1.6 GB/4.9 GB  9.5 MB/s   5m45s[K[?25h[?2026l[?2026h[?25l[A[1Gpulling manifest [K
pulling 667b0c1932bc:  33% ▕█████             ▏ 1.6 GB/4.9 GB  9.3 MB/s   5m53s[K[?25h[?2026l[?2026h[?25l[A[1Gpulling manifest [K
pulling 667b0c1932bc:  33% ▕█████             ▏ 1.6 GB/4.9 GB  9.3 MB/s   5m53s[K[?25h[?2026l[?2026h[?25l[A[1Gpulling manifest [K
pulling 667b0c1932bc:  33% ▕█████             ▏ 1.6 GB/4.9 GB  9.3 MB/s   5m53s[K[?25h[?2026l[?2026h[?25l[A[1Gpulling manifest [K
pulling 667b0c1932bc:  33% ▕█████             ▏ 1.6 GB/4.9 GB  9.3 MB/s   5m52s[K[?25h[?2026l[?2026h[?25l[A[1Gpulling manifest [K
pulling 667b0c1932bc:  33% ▕█████             ▏ 1.6 GB/4.9 GB  9.3 MB/s   5m52s[K[?25h[?2026l[?2026h[?25l[A[1Gpulling manifest [K
pulling 667b0c1932bc:  33% ▕█████             ▏ 1.6 GB/4.9 GB  9.3 MB/s   5m52s[K[?25h[?2026l[?2026h[?25l[A[1Gpulling manifest [K
pulling 667b0c1932bc:  33% ▕█████             ▏ 1.6 GB/4.9 GB  9.3 MB/s   5m52s[K[?25h[?2026l[?2026h[?25l[A[1Gpulling manifest [K
pulling 667b0c1932bc:  33% ▕█████             ▏ 1.6 GB/4.9 GB  9.3 MB/s   5m52s[K[?25h[?2026l[?2026h[?25l[A[1Gpulling manifest [K
pulling 667b0c1932bc:  33% ▕█████             ▏ 1.6 GB/4.9 GB  9.3 MB/s   5m52s[K[?25h[?2026l[?2026h[?25l[A[1Gpulling manifest [K
pulling 667b0c1932bc:  33% ▕█████             ▏ 1.6 GB/4.9 GB  9.3 MB/s   5m52s[K[?25h[?2026l[?2026h[?25l[A[1Gpulling manifest [K
pulling 667b0c1932bc:  33% ▕█████             ▏ 1.6 GB/4.9 GB  9.1 MB/s    6m0s[K[?25h[?2026l[?2026h[?25l[A[1Gpulling manifest [K
pulling 667b0c1932bc:  33% ▕█████             ▏ 1.6 GB/4.9 GB  9.1 MB/s    6m0s[K[?25h[?2026l[?2026h[?25l[A[1Gpulling manifest [K
pulling 667b0c1932bc:  33% ▕█████             ▏ 1.6 GB/4.9 GB  9.1 MB/s    6m0s[K[?25h[?2026l[?2026h[?25l[A[1Gpulling manifest [K
pulling 667b0c1932bc:  33% ▕█████             ▏ 1.6 GB/4.9 GB  9.1 MB/s    6m0s[K[?25h[?2026l[?2026h[?25l[A[1Gpulling manifest [K
pulling 667b0c1932bc:  33% ▕█████             ▏ 1.6 GB/4.9 GB  9.1 MB/s    6m0s[K[?25h[?2026l[?2026h[?25l[A[1Gpulling manifest [K
pulling 667b0c1932bc:  33% ▕█████             ▏ 1.6 GB/4.9 GB  9.1 MB/s    6m0s[K[?25h[?2026l[?2026h[?25l[A[1Gpulling manifest [K
pulling 667b0c1932bc:  33% ▕█████             ▏ 1.6 GB/4.9 GB  9.1 MB/s    6m0s[K[?25h[?2026l[?2026h[?25l[A[1Gpulling manifest [K
pulling 667b0c1932bc:  33% ▕█████             ▏ 1.6 GB/4.9 GB  9.1 MB/s   5m59s[K[?25h[?2026l[?2026h[?25l[A[1Gpulling manifest [K
pulling 667b0c1932bc:  33% ▕█████             ▏ 1.6 GB/4.9 GB  9.1 MB/s   5m59s[K[?25h[?2026l[?2026h[?25l[A[1Gpulling manifest [K
pulling 667b0c1932bc:  33% ▕█████             ▏ 1.6 GB/4.9 GB  9.1 MB/s   5m59s[K[?25h[?2026l[?2026h[?25l[A[1Gpulling manifest [K
pulling 667b0c1932bc:  33% ▕█████             ▏ 1.6 GB/4.9 GB  8.9 MB/s   6m10s[K[?25h[?2026l[?2026h[?25l[A[1Gpulling manifest [K
pulling 667b0c1932bc:  33% ▕█████             ▏ 1.6 GB/4.9 GB  8.9 MB/s   6m10s[K[?25h[?2026l[?2026h[?25l[A[1Gpulling manifest [K
pulling 667b0c1932bc:  33% ▕█████             ▏ 1.6 GB/4.9 GB  8.9 MB/s   6m10s[K[?25h[?2026l[?2026h[?25l[A[1Gpulling manifest [K
pulling 667b0c1932bc:  33% ▕█████             ▏ 1.6 GB/4.9 GB  8.9 MB/s   6m10s[K[?25h[?2026l[?2026h[?25l[A[1Gpulling manifest [K
pulling 667b0c1932bc:  33% ▕██████            ▏ 1.6 GB/4.9 GB  8.9 MB/s   6m10s[K[?25h[?2026l[?2026h[?25l[A[1Gpulling manifest [K
pulling 667b0c1932bc:  33% ▕██████            ▏ 1.6 GB/4.9 GB  8.9 MB/s   6m10s[K[?25h[?2026l[?2026h[?25l[A[1Gpulling manifest [K
pulling 667b0c1932bc:  33% ▕██████            ▏ 1.6 GB/4.9 GB  8.9 MB/s   6m10s[K[?25h[?2026l[?2026h[?25l[A[1Gpulling manifest [K
pulling 667b0c1932bc:  33% ▕██████            ▏ 1.6 GB/4.9 GB  8.9 MB/s   6m10s[K[?25h[?2026l[?2026h[?25l[A[1Gpulling manifest [K
pulling 667b0c1932bc:  33% ▕██████            ▏ 1.6 GB/4.9 GB  8.9 MB/s   6m10s[K[?25h[?2026l[?2026h[?25l[A[1Gpulling manifest [K
pulling 667b0c1932bc:  33% ▕██████            ▏ 1.6 GB/4.9 GB  8.9 MB/s   6m10s[K[?25h[?2026l[?2026h[?25l[A[1Gpulling manifest [K
pulling 667b0c1932bc:  33% ▕██████            ▏ 1.6 GB/4.9 GB  8.4 MB/s   6m31s[K[?25h[?2026l[?2026h[?25l[A[1Gpulling manifest [K
pulling 667b0c1932bc:  33% ▕██████            ▏ 1.6 GB/4.9 GB  8.4 MB/s   6m31s[K[?25h[?2026l[?2026h[?25l[A[1Gpulling manifest [K
pulling 667b0c1932bc:  33% ▕██████            ▏ 1.6 GB/4.9 GB  8.4 MB/s   6m31s[K[?25h[?2026l[?2026h[?25l[A[1Gpulling manifest [K
pulling 667b0c1932bc:  33% ▕██████            ▏ 1.6 GB/4.9 GB  8.4 MB/s   6m31s[K[?25h[?2026l[?2026h[?25l[A[1Gpulling manifest [K
pulling 667b0c1932bc:  33% ▕██████            ▏ 1.6 GB/4.9 GB  8.4 MB/s   6m31s[K[?25h[?2026l[?2026h[?25l[A[1Gpulling manifest [K
pulling 667b0c1932bc:  33% ▕██████            ▏ 1.6 GB/4.9 GB  8.4 MB/s   6m31s[K[?25h[?2026l[?2026h[?25l[A[1Gpulling manifest [K
pulling 667b0c1932bc:  33% ▕██████            ▏ 1.6 GB/4.9 GB  8.4 MB/s   6m31s[K[?25h[?2026l[?2026h[?25l[A[1Gpulling manifest [K
pulling 667b0c1932bc:  33% ▕██████            ▏ 1.6 GB/4.9 GB  8.4 MB/s   6m30s[K[?25h[?2026l[?2026h[?25l[A[1Gpulling manifest [K
pulling 667b0c1932bc:  34% ▕██████            ▏ 1.6 GB/4.9 GB  8.4 MB/s   6m30s[K[?25h[?2026l[?2026h[?25l[A[1Gpulling manifest [K
pulling 667b0c1932bc:  34% ▕██████            ▏ 1.7 GB/4.9 GB  8.4 MB/s   6m30s[K[?25h[?2026l[?2026h[?25l[A[1Gpulling manifest [K
pulling 667b0c1932bc:  34% ▕██████            ▏ 1.7 GB/4.9 GB  8.4 MB/s   6m30s[K[?25h[?2026l[?2026h[?25l[A[1Gpulling manifest [K
pulling 667b0c1932bc:  34% ▕██████            ▏ 1.7 GB/4.9 GB  8.0 MB/s   6m47s[K[?25h[?2026l[?2026h[?25l[A[1Gpulling manifest [K
pulling 667b0c1932bc:  34% ▕██████            ▏ 1.7 GB/4.9 GB  8.0 MB/s   6m47s[K[?25h[?2026l[?2026h[?25l[A[1Gpulling manifest [K
pulling 667b0c1932bc:  34% ▕██████            ▏ 1.7 GB/4.9 GB  8.0 MB/s   6m47s[K[?25h[?2026l[?2026h[?25l[A[1Gpulling manifest [K
pulling 667b0c1932bc:  34% ▕██████            ▏ 1.7 GB/4.9 GB  8.0 MB/s   6m47s[K[?25h[?2026l[?2026h[?25l[A[1Gpulling manifest [K
pulling 667b0c1932bc:  34% ▕██████            ▏ 1.7 GB/4.9 GB  8.0 MB/s   6m47s[K[?25h[?2026l[?2026h[?25l[A[1Gpulling manifest [K
pulling 667b0c1932bc:  34% ▕██████            ▏ 1.7 GB/4.9 GB  8.0 MB/s   6m47s[K[?25h[?2026l[?2026h[?25l[A[1Gpulling manifest [K
pulling 667b0c1932bc:  34% ▕██████            ▏ 1.7 GB/4.9 GB  8.0 MB/s   6m47s[K[?25h[?2026l[?2026h[?25l[A[1Gpulling manifest [K
pulling 667b0c1932bc:  34% ▕██████            ▏ 1.7 GB/4.9 GB  8.0 MB/s   6m47s[K[?25h[?2026l[?2026h[?25l[A[1Gpulling manifest [K
pulling 667b0c1932bc:  34% ▕██████            ▏ 1.7 GB/4.9 GB  8.0 MB/s   6m47s[K[?25h[?2026l[?2026h[?25l[A[1Gpulling manifest [K
pulling 667b0c1932bc:  34% ▕██████            ▏ 1.7 GB/4.9 GB  8.0 MB/s   6m47s[K[?25h[?2026l[?2026h[?25l[A[1Gpulling manifest [K
pulling 667b0c1932bc:  34% ▕██████            ▏ 1.7 GB/4.9 GB  7.7 MB/s    7m6s[K[?25h[?2026l[?2026h[?25l[A[1Gpulling manifest [K
pulling 667b0c1932bc:  34% ▕██████            ▏ 1.7 GB/4.9 GB  7.7 MB/s    7m6s[K[?25h[?2026l[?2026h[?25l[A[1Gpulling manifest [K
pulling 667b0c1932bc:  34% ▕██████            ▏ 1.7 GB/4.9 GB  7.7 MB/s    7m5s[K[?25h[?2026l[?2026h[?25l[A[1Gpulling manifest [K
pulling 667b0c1932bc:  34% ▕██████            ▏ 1.7 GB/4.9 GB  7.7 MB/s    7m5s[K[?25h[?2026l[?2026h[?25l[A[1Gpulling manifest [K
pulling 667b0c1932bc:  34% ▕██████            ▏ 1.7 GB/4.9 GB  7.7 MB/s    7m5s[K[?25h[?2026l[?2026h[?25l[A[1Gpulling manifest [K
pulling 667b0c1932bc:  34% ▕██████            ▏ 1.7 GB/4.9 GB  7.7 MB/s    7m5s[K[?25h[?2026l[?2026h[?25l[A[1Gpulling manifest [K
pulling 667b0c1932bc:  34% ▕██████            ▏ 1.7 GB/4.9 GB  7.7 MB/s    7m5s[K[?25h[?2026l[?2026h[?25l[A[1Gpulling manifest [K
pulling 667b0c1932bc:  34% ▕██████            ▏ 1.7 GB/4.9 GB  7.7 MB/s    7m5s[K[?25h[?2026l[?2026h[?25l[A[1Gpulling manifest [K
pulling 667b0c1932bc:  34% ▕██████            ▏ 1.7 GB/4.9 GB  7.7 MB/s    7m5s[K[?25h[?2026l[?2026h[?25l[A[1Gpulling manifest [K
pulling 667b0c1932bc:  34% ▕██████            ▏ 1.7 GB/4.9 GB  7.7 MB/s    7m5s[K[?25h[?2026l[?2026h[?25l[A[1Gpulling manifest [K
pulling 667b0c1932bc:  34% ▕██████            ▏ 1.7 GB/4.9 GB  7.4 MB/s   7m20s[K[?25h[?2026l[?2026h[?25l[A[1Gpulling manifest [K
pulling 667b0c1932bc:  34% ▕██████            ▏ 1.7 GB/4.9 GB  7.4 MB/s   7m20s[K[?25h[?2026l[?2026h[?25l[A[1Gpulling manifest [K
pulling 667b0c1932bc:  34% ▕██████            ▏ 1.7 GB/4.9 GB  7.4 MB/s   7m20s[K[?25h[?2026l[?2026h[?25l[A[1Gpulling manifest [K
pulling 667b0c1932bc:  34% ▕██████            ▏ 1.7 GB/4.9 GB  7.4 MB/s   7m20s[K[?25h[?2026l[?2026h[?25l[A[1Gpulling manifest [K
pulling 667b0c1932bc:  34% ▕██████            ▏ 1.7 GB/4.9 GB  7.4 MB/s   7m20s[K[?25h[?2026l[?2026h[?25l[A[1Gpulling manifest [K
pulling 667b0c1932bc:  34% ▕██████            ▏ 1.7 GB/4.9 GB  7.4 MB/s   7m20s[K[?25h[?2026l[?2026h[?25l[A[1Gpulling manifest [K
pulling 667b0c1932bc:  34% ▕██████            ▏ 1.7 GB/4.9 GB  7.4 MB/s   7m19s[K[?25h[?2026l[?2026h[?25l[A[1Gpulling manifest [K
pulling 667b0c1932bc:  34% ▕██████            ▏ 1.7 GB/4.9 GB  7.4 MB/s   7m19s[K[?25h[?2026l[?2026h[?25l[A[1Gpulling manifest [K
pulling 667b0c1932bc:  34% ▕██████            ▏ 1.7 GB/4.9 GB  7.4 MB/s   7m19s[K[?25h[?2026l[?2026h[?25l[A[1Gpulling manifest [K
pulling 667b0c1932bc:  34% ▕██████            ▏ 1.7 GB/4.9 GB  7.4 MB/s   7m19s[K[?25h[?2026l[?2026h[?25l[A[1Gpulling manifest [K
pulling 667b0c1932bc:  34% ▕██████            ▏ 1.7 GB/4.9 GB  7.1 MB/s   7m36s[K[?25h[?2026l[?2026h[?25l[A[1Gpulling manifest [K
pulling 667b0c1932bc:  34% ▕██████            ▏ 1.7 GB/4.9 GB  7.1 MB/s   7m36s[K[?25h[?2026l[?2026h[?25l[A[1Gpulling manifest [K
pulling 667b0c1932bc:  34% ▕██████            ▏ 1.7 GB/4.9 GB  7.1 MB/s   7m36s[K[?25h[?2026l[?2026h[?25l[A[1Gpulling manifest [K
pulling 667b0c1932bc:  34% ▕██████            ▏ 1.7 GB/4.9 GB  7.1 MB/s   7m35s[K[?25h[?2026l[?2026h[?25l[A[1Gpulling manifest [K
pulling 667b0c1932bc:  34% ▕██████            ▏ 1.7 GB/4.9 GB  7.1 MB/s   7m35s[K[?25h[?2026l[?2026h[?25l[A[1Gpulling manifest [K
pulling 667b0c1932bc:  34% ▕██████            ▏ 1.7 GB/4.9 GB  7.1 MB/s   7m35s[K[?25h[?2026l[?2026h[?25l[A[1Gpulling manifest [K
pulling 667b0c1932bc:  34% ▕██████            ▏ 1.7 GB/4.9 GB  7.1 MB/s   7m35s[K[?25h[?2026l[?2026h[?25l[A[1Gpulling manifest [K
pulling 667b0c1932bc:  34% ▕██████            ▏ 1.7 GB/4.9 GB  7.1 MB/s   7m35s[K[?25h[?2026l[?2026h[?25l[A[1Gpulling manifest [K
pulling 667b0c1932bc:  34% ▕██████            ▏ 1.7 GB/4.9 GB  7.1 MB/s   7m35s[K[?25h[?2026l[?2026h[?25l[A[1Gpulling manifest [K
pulling 667b0c1932bc:  34% ▕██████            ▏ 1.7 GB/4.9 GB  7.1 MB/s   7m35s[K[?25h[?2026l[?2026h[?25l[A[1Gpulling manifest [K
pulling 667b0c1932bc:  34% ▕██████            ▏ 1.7 GB/4.9 GB  7.2 MB/s   7m32s[K[?25h[?2026l[?2026h[?25l[A[1Gpulling manifest [K
pulling 667b0c1932bc:  34% ▕██████            ▏ 1.7 GB/4.9 GB  7.2 MB/s   7m32s[K[?25h[?2026l[?2026h[?25l[A[1Gpulling manifest [K
pulling 667b0c1932bc:  34% ▕██████            ▏ 1.7 GB/4.9 GB  7.2 MB/s   7m32s[K[?25h[?2026l[?2026h[?25l[A[1Gpulling manifest [K
pulling 667b0c1932bc:  34% ▕██████            ▏ 1.7 GB/4.9 GB  7.2 MB/s   7m31s[K[?25h[?2026l[?2026h[?25l[A[1Gpulling manifest [K
pulling 667b0c1932bc:  34% ▕██████            ▏ 1.7 GB/4.9 GB  7.2 MB/s   7m31s[K[?25h[?2026l[?2026h[?25l[A[1Gpulling manifest [K
pulling 667b0c1932bc:  34% ▕██████            ▏ 1.7 GB/4.9 GB  7.2 MB/s   7m31s[K[?25h[?2026l[?2026h[?25l[A[1Gpulling manifest [K
pulling 667b0c1932bc:  34% ▕██████            ▏ 1.7 GB/4.9 GB  7.2 MB/s   7m31s[K[?25h[?2026l[?2026h[?25l[A[1Gpulling manifest [K
pulling 667b0c1932bc:  34% ▕██████            ▏ 1.7 GB/4.9 GB  7.2 MB/s   7m31s[K[?25h[?2026l[?2026h[?25l[A[1Gpulling manifest [K
pulling 667b0c1932bc:  34% ▕██████            ▏ 1.7 GB/4.9 GB  7.2 MB/s   7m31s[K[?25h[?2026l[?2026h[?25l[A[1Gpulling manifest [K
pulling 667b0c1932bc:  34% ▕██████            ▏ 1.7 GB/4.9 GB  7.2 MB/s   7m31s[K[?25h[?2026l[?2026h[?25l[A[1Gpulling manifest [K
pulling 667b0c1932bc:  34% ▕██████            ▏ 1.7 GB/4.9 GB  7.2 MB/s   7m31s[K[?25h[?2026l[?2026h[?25l[A[1Gpulling manifest [K
pulling 667b0c1932bc:  34% ▕██████            ▏ 1.7 GB/4.9 GB  7.2 MB/s   7m26s[K[?25h[?2026l[?2026h[?25l[A[1Gpulling manifest [K
pulling 667b0c1932bc:  34% ▕██████            ▏ 1.7 GB/4.9 GB  7.2 MB/s   7m26s[K[?25h[?2026l[?2026h[?25l[A[1Gpulling manifest [K
pulling 667b0c1932bc:  34% ▕██████            ▏ 1.7 GB/4.9 GB  7.2 MB/s   7m26s[K[?25h[?2026l[?2026h[?25l[A[1Gpulling manifest [K
pulling 667b0c1932bc:  34% ▕██████            ▏ 1.7 GB/4.9 GB  7.2 MB/s   7m26s[K[?25h[?2026l[?2026h[?25l[A[1Gpulling manifest [K
pulling 667b0c1932bc:  34% ▕██████            ▏ 1.7 GB/4.9 GB  7.2 MB/s   7m26s[K[?25h[?2026l[?2026h[?25l[A[1Gpulling manifest [K
pulling 667b0c1932bc:  34% ▕██████            ▏ 1.7 GB/4.9 GB  7.2 MB/s   7m26s[K[?25h[?2026l[?2026h[?25l[A[1Gpulling manifest [K
pulling 667b0c1932bc:  34% ▕██████            ▏ 1.7 GB/4.9 GB  7.2 MB/s   7m26s[K[?25h[?2026l[?2026h[?25l[A[1Gpulling manifest [K
pulling 667b0c1932bc:  34% ▕██████            ▏ 1.7 GB/4.9 GB  7.2 MB/s   7m26s[K[?25h[?2026l[?2026h[?25l[A[1Gpulling manifest [K
pulling 667b0c1932bc:  34% ▕██████            ▏ 1.7 GB/4.9 GB  7.2 MB/s   7m26s[K[?25h[?2026l[?2026h[?25l[A[1Gpulling manifest [K
pulling 667b0c1932bc:  34% ▕██████            ▏ 1.7 GB/4.9 GB  7.2 MB/s   7m25s[K[?25h[?2026l[?2026h[?25l[A[1Gpulling manifest [K
pulling 667b0c1932bc:  34% ▕██████            ▏ 1.7 GB/4.9 GB  7.3 MB/s   7m19s[K[?25h[?2026l[?2026h[?25l[A[1Gpulling manifest [K
pulling 667b0c1932bc:  35% ▕██████            ▏ 1.7 GB/4.9 GB  7.3 MB/s   7m19s[K[?25h[?2026l[?2026h[?25l[A[1Gpulling manifest [K
pulling 667b0c1932bc:  35% ▕██████            ▏ 1.7 GB/4.9 GB  7.3 MB/s   7m18s[K[?25h[?2026l[?2026h[?25l[A[1Gpulling manifest [K
pulling 667b0c1932bc:  35% ▕██████            ▏ 1.7 GB/4.9 GB  7.3 MB/s   7m18s[K[?25h[?2026l[?2026h[?25l[A[1Gpulling manifest [K
pulling 667b0c1932bc:  35% ▕██████            ▏ 1.7 GB/4.9 GB  7.3 MB/s   7m18s[K[?25h[?2026l[?2026h[?25l[A[1Gpulling manifest [K
pulling 667b0c1932bc:  35% ▕██████            ▏ 1.7 GB/4.9 GB  7.3 MB/s   7m18s[K[?25h[?2026l[?2026h[?25l[A[1Gpulling manifest [K
pulling 667b0c1932bc:  35% ▕██████            ▏ 1.7 GB/4.9 GB  7.3 MB/s   7m18s[K[?25h[?2026l[?2026h[?25l[A[1Gpulling manifest [K
pulling 667b0c1932bc:  35% ▕██████            ▏ 1.7 GB/4.9 GB  7.3 MB/s   7m18s[K[?25h[?2026l[?2026h[?25l[A[1Gpulling manifest [K
pulling 667b0c1932bc:  35% ▕██████            ▏ 1.7 GB/4.9 GB  7.3 MB/s   7m18s[K[?25h[?2026l[?2026h[?25l[A[1Gpulling manifest [K
pulling 667b0c1932bc:  35% ▕██████            ▏ 1.7 GB/4.9 GB  7.3 MB/s   7m18s[K[?25h[?2026l[?2026h[?25l[A[1Gpulling manifest [K
pulling 667b0c1932bc:  35% ▕██████            ▏ 1.7 GB/4.9 GB  7.5 MB/s    7m7s[K[?25h[?2026l[?2026h[?25l[A[1Gpulling manifest [K
pulling 667b0c1932bc:  35% ▕██████            ▏ 1.7 GB/4.9 GB  7.5 MB/s    7m7s[K[?25h[?2026l[?2026h[?25l[A[1Gpulling manifest [K
pulling 667b0c1932bc:  35% ▕██████            ▏ 1.7 GB/4.9 GB  7.5 MB/s    7m7s[K[?25h[?2026l[?2026h[?25l[A[1Gpulling manifest [K
pulling 667b0c1932bc:  35% ▕██████            ▏ 1.7 GB/4.9 GB  7.5 MB/s    7m7s[K[?25h[?2026l[?2026h[?25l[A[1Gpulling manifest [K
pulling 667b0c1932bc:  35% ▕██████            ▏ 1.7 GB/4.9 GB  7.5 MB/s    7m7s[K[?25h[?2026l[?2026h[?25l[A[1Gpulling manifest [K
pulling 667b0c1932bc:  35% ▕██████            ▏ 1.7 GB/4.9 GB  7.5 MB/s    7m7s[K[?25h[?2026l[?2026h[?25l[A[1Gpulling manifest [K
pulling 667b0c1932bc:  35% ▕██████            ▏ 1.7 GB/4.9 GB  7.5 MB/s    7m6s[K[?25h[?2026l[?2026h[?25l[A[1Gpulling manifest [K
pulling 667b0c1932bc:  35% ▕██████            ▏ 1.7 GB/4.9 GB  7.5 MB/s    7m6s[K[?25h[?2026l[?2026h[?25l[A[1Gpulling manifest [K
pulling 667b0c1932bc:  35% ▕██████            ▏ 1.7 GB/4.9 GB  7.5 MB/s    7m6s[K[?25h[?2026l[?2026h[?25l[A[1Gpulling manifest [K
pulling 667b0c1932bc:  35% ▕██████            ▏ 1.7 GB/4.9 GB  7.5 MB/s    7m6s[K[?25h[?2026l[?2026h[?25l[A[1Gpulling manifest [K
pulling 667b0c1932bc:  35% ▕██████            ▏ 1.7 GB/4.9 GB  7.9 MB/s   6m45s[K[?25h[?2026l[?2026h[?25l[A[1Gpulling manifest [K
pulling 667b0c1932bc:  35% ▕██████            ▏ 1.7 GB/4.9 GB  7.9 MB/s   6m44s[K[?25h[?2026l[?2026h[?25l[A[1Gpulling manifest [K
pulling 667b0c1932bc:  35% ▕██████            ▏ 1.7 GB/4.9 GB  7.9 MB/s   6m44s[K[?25h[?2026l[?2026h[?25l[A[1Gpulling manifest [K
pulling 667b0c1932bc:  35% ▕██████            ▏ 1.7 GB/4.9 GB  7.9 MB/s   6m44s[K[?25h[?2026l[?2026h[?25l[A[1Gpulling manifest [K
pulling 667b0c1932bc:  35% ▕██████            ▏ 1.7 GB/4.9 GB  7.9 MB/s   6m44s[K[?25h[?2026l[?2026h[?25l[A[1Gpulling manifest [K
pulling 667b0c1932bc:  35% ▕██████            ▏ 1.7 GB/4.9 GB  7.9 MB/s   6m44s[K[?25h[?2026l[?2026h[?25l[A[1Gpulling manifest [K
pulling 667b0c1932bc:  35% ▕██████            ▏ 1.7 GB/4.9 GB  7.9 MB/s   6m44s[K[?25h[?2026l[?2026h[?25l[A[1Gpulling manifest [K
pulling 667b0c1932bc:  35% ▕██████            ▏ 1.7 GB/4.9 GB  7.9 MB/s   6m44s[K[?25h[?2026l[?2026h[?25l[A[1Gpulling manifest [K
pulling 667b0c1932bc:  35% ▕██████            ▏ 1.7 GB/4.9 GB  7.9 MB/s   6m44s[K[?25h[?2026l[?2026h[?25l[A[1Gpulling manifest [K
pulling 667b0c1932bc:  35% ▕██████            ▏ 1.7 GB/4.9 GB  7.9 MB/s   6m44s[K[?25h[?2026l[?2026h[?25l[A[1Gpulling manifest [K
pulling 667b0c1932bc:  35% ▕██████            ▏ 1.7 GB/4.9 GB  8.0 MB/s   6m38s[K[?25h[?2026l[?2026h[?25l[A[1Gpulling manifest [K
pulling 667b0c1932bc:  35% ▕██████            ▏ 1.7 GB/4.9 GB  8.0 MB/s   6m38s[K[?25h[?2026l[?2026h[?25l[A[1Gpulling manifest [K
pulling 667b0c1932bc:  35% ▕██████            ▏ 1.7 GB/4.9 GB  8.0 MB/s   6m38s[K[?25h[?2026l[?2026h[?25l[A[1Gpulling manifest [K
pulling 667b0c1932bc:  35% ▕██████            ▏ 1.7 GB/4.9 GB  8.0 MB/s   6m37s[K[?25h[?2026l[?2026h[?25l[A[1Gpulling manifest [K
pulling 667b0c1932bc:  35% ▕██████            ▏ 1.7 GB/4.9 GB  8.0 MB/s   6m37s[K[?25h[?2026l[?2026h[?25l[A[1Gpulling manifest [K
pulling 667b0c1932bc:  35% ▕██████            ▏ 1.7 GB/4.9 GB  8.0 MB/s   6m37s[K[?25h[?2026l[?2026h[?25l[A[1Gpulling manifest [K
pulling 667b0c1932bc:  35% ▕██████            ▏ 1.7 GB/4.9 GB  8.0 MB/s   6m37s[K[?25h[?2026l[?2026h[?25l[A[1Gpulling manifest [K
pulling 667b0c1932bc:  35% ▕██████            ▏ 1.7 GB/4.9 GB  8.0 MB/s   6m37s[K[?25h[?2026l[?2026h[?25l[A[1Gpulling manifest [K
pulling 667b0c1932bc:  35% ▕██████            ▏ 1.7 GB/4.9 GB  8.0 MB/s   6m37s[K[?25h[?2026l[?2026h[?25l[A[1Gpulling manifest [K
pulling 667b0c1932bc:  35% ▕██████            ▏ 1.7 GB/4.9 GB  8.0 MB/s   6m37s[K[?25h[?2026l[?2026h[?25l[A[1Gpulling manifest [K
pulling 667b0c1932bc:  35% ▕██████            ▏ 1.7 GB/4.9 GB  8.0 MB/s   6m37s[K[?25h[?2026l[?2026h[?25l[A[1Gpulling manifest [K
pulling 667b0c1932bc:  35% ▕██████            ▏ 1.7 GB/4.9 GB  8.2 MB/s   6m28s[K[?25h[?2026l[?2026h[?25l[A[1Gpulling manifest [K
pulling 667b0c1932bc:  35% ▕██████            ▏ 1.7 GB/4.9 GB  8.2 MB/s   6m27s[K[?25h[?2026l[?2026h[?25l[A[1Gpulling manifest [K
pulling 667b0c1932bc:  35% ▕██████            ▏ 1.7 GB/4.9 GB  8.2 MB/s   6m27s[K[?25h[?2026l[?2026h[?25l[A[1Gpulling manifest [K
pulling 667b0c1932bc:  35% ▕██████            ▏ 1.7 GB/4.9 GB  8.2 MB/s   6m27s[K[?25h[?2026l[?2026h[?25l[A[1Gpulling manifest [K
pulling 667b0c1932bc:  35% ▕██████            ▏ 1.7 GB/4.9 GB  8.2 MB/s   6m27s[K[?25h[?2026l[?2026h[?25l[A[1Gpulling manifest [K
pulling 667b0c1932bc:  35% ▕██████            ▏ 1.7 GB/4.9 GB  8.2 MB/s   6m27s[K[?25h[?2026l[?2026h[?25l[A[1Gpulling manifest [K
pulling 667b0c1932bc:  35% ▕██████            ▏ 1.7 GB/4.9 GB  8.2 MB/s   6m27s[K[?25h[?2026l[?2026h[?25l[A[1Gpulling manifest [K
pulling 667b0c1932bc:  35% ▕██████            ▏ 1.7 GB/4.9 GB  8.2 MB/s   6m27s[K[?25h[?2026l[?2026h[?25l[A[1Gpulling manifest [K
pulling 667b0c1932bc:  35% ▕██████            ▏ 1.7 GB/4.9 GB  8.2 MB/s   6m27s[K[?25h[?2026l[?2026h[?25l[A[1Gpulling manifest [K
pulling 667b0c1932bc:  35% ▕██████            ▏ 1.7 GB/4.9 GB  8.2 MB/s   6m27s[K[?25h[?2026l[?2026h[?25l[A[1Gpulling manifest [K
pulling 667b0c1932bc:  35% ▕██████            ▏ 1.7 GB/4.9 GB  8.3 MB/s   6m23s[K[?25h[?2026l[?2026h[?25l[A[1Gpulling manifest [K
pulling 667b0c1932bc:  35% ▕██████            ▏ 1.7 GB/4.9 GB  8.3 MB/s   6m23s[K[?25h[?2026l[?2026h[?25l[A[1Gpulling manifest [K
pulling 667b0c1932bc:  35% ▕██████            ▏ 1.7 GB/4.9 GB  8.3 MB/s   6m23s[K[?25h[?2026l[?2026h[?25l[A[1Gpulling manifest [K
pulling 667b0c1932bc:  35% ▕██████            ▏ 1.7 GB/4.9 GB  8.3 MB/s   6m22s[K[?25h[?2026l[?2026h[?25l[A[1Gpulling manifest [K
pulling 667b0c1932bc:  35% ▕██████            ▏ 1.7 GB/4.9 GB  8.3 MB/s   6m22s[K[?25h[?2026l[?2026h[?25l[A[1Gpulling manifest [K
pulling 667b0c1932bc:  35% ▕██████            ▏ 1.7 GB/4.9 GB  8.3 MB/s   6m22s[K[?25h[?2026l[?2026h[?25l[A[1Gpulling manifest [K
pulling 667b0c1932bc:  35% ▕██████            ▏ 1.7 GB/4.9 GB  8.3 MB/s   6m22s[K[?25h[?2026l[?2026h[?25l[A[1Gpulling manifest [K
pulling 667b0c1932bc:  35% ▕██████            ▏ 1.7 GB/4.9 GB  8.3 MB/s   6m22s[K[?25h[?2026l[?2026h[?25l[A[1Gpulling manifest [K
pulling 667b0c1932bc:  36% ▕██████            ▏ 1.7 GB/4.9 GB  8.3 MB/s   6m22s[K[?25h[?2026l[?2026h[?25l[A[1Gpulling manifest [K
pulling 667b0c1932bc:  36% ▕██████            ▏ 1.7 GB/4.9 GB  8.3 MB/s   6m22s[K[?25h[?2026l[?2026h[?25l[A[1Gpulling manifest [K
pulling 667b0c1932bc:  36% ▕██████            ▏ 1.7 GB/4.9 GB  8.5 MB/s   6m14s[K[?25h[?2026l[?2026h[?25l[A[1Gpulling manifest [K
pulling 667b0c1932bc:  36% ▕██████            ▏ 1.7 GB/4.9 GB  8.5 MB/s   6m14s[K[?25h[?2026l[?2026h[?25l[A[1Gpulling manifest [K
pulling 667b0c1932bc:  36% ▕██████            ▏ 1.8 GB/4.9 GB  8.5 MB/s   6m14s[K[?25h[?2026l[?2026h[?25l[A[1Gpulling manifest [K
pulling 667b0c1932bc:  36% ▕██████            ▏ 1.8 GB/4.9 GB  8.5 MB/s   6m13s[K[?25h[?2026l[?2026h[?25l[A[1Gpulling manifest [K
pulling 667b0c1932bc:  36% ▕██████            ▏ 1.8 GB/4.9 GB  8.5 MB/s   6m13s[K[?25h[?2026l[?2026h[?25l[A[1Gpulling manifest [K
pulling 667b0c1932bc:  36% ▕██████            ▏ 1.8 GB/4.9 GB  8.5 MB/s   6m13s[K[?25h[?2026l[?2026h[?25l[A[1Gpulling manifest [K
pulling 667b0c1932bc:  36% ▕██████            ▏ 1.8 GB/4.9 GB  8.5 MB/s   6m13s[K[?25h[?2026l[?2026h[?25l[A[1Gpulling manifest [K
pulling 667b0c1932bc:  36% ▕██████            ▏ 1.8 GB/4.9 GB  8.5 MB/s   6m13s[K[?25h[?2026l[?2026h[?25l[A[1Gpulling manifest [K
pulling 667b0c1932bc:  36% ▕██████            ▏ 1.8 GB/4.9 GB  8.5 MB/s   6m13s[K[?25h[?2026l[?2026h[?25l[A[1Gpulling manifest [K
pulling 667b0c1932bc:  36% ▕██████            ▏ 1.8 GB/4.9 GB  8.5 MB/s   6m13s[K[?25h[?2026l[?2026h[?25l[A[1Gpulling manifest [K
pulling 667b0c1932bc:  36% ▕██████            ▏ 1.8 GB/4.9 GB  8.6 MB/s    6m7s[K[?25h[?2026l[?2026h[?25l[A[1Gpulling manifest [K
pulling 667b0c1932bc:  36% ▕██████            ▏ 1.8 GB/4.9 GB  8.6 MB/s    6m7s[K[?25h[?2026l[?2026h[?25l[A[1Gpulling manifest [K
pulling 667b0c1932bc:  36% ▕██████            ▏ 1.8 GB/4.9 GB  8.6 MB/s    6m7s[K[?25h[?2026l[?2026h[?25l[A[1Gpulling manifest [K
pulling 667b0c1932bc:  36% ▕██████            ▏ 1.8 GB/4.9 GB  8.6 MB/s    6m6s[K[?25h[?2026l[?2026h[?25l[A[1Gpulling manifest [K
pulling 667b0c1932bc:  36% ▕██████            ▏ 1.8 GB/4.9 GB  8.6 MB/s    6m6s[K[?25h[?2026l[?2026h[?25l[A[1Gpulling manifest [K
pulling 667b0c1932bc:  36% ▕██████            ▏ 1.8 GB/4.9 GB  8.6 MB/s    6m6s[K[?25h[?2026l[?2026h[?25l[A[1Gpulling manifest [K
pulling 667b0c1932bc:  36% ▕██████            ▏ 1.8 GB/4.9 GB  8.6 MB/s    6m6s[K[?25h[?2026l[?2026h[?25l[A[1Gpulling manifest [K
pulling 667b0c1932bc:  36% ▕██████            ▏ 1.8 GB/4.9 GB  8.6 MB/s    6m6s[K[?25h[?2026l[?2026h[?25l[A[1Gpulling manifest [K
pulling 667b0c1932bc:  36% ▕██████            ▏ 1.8 GB/4.9 GB  8.6 MB/s    6m6s[K[?25h[?2026l[?2026h[?25l[A[1Gpulling manifest [K
pulling 667b0c1932bc:  36% ▕██████            ▏ 1.8 GB/4.9 GB  8.6 MB/s    6m6s[K[?25h[?2026l[?2026h[?25l[A[1Gpulling manifest [K
pulling 667b0c1932bc:  36% ▕██████            ▏ 1.8 GB/4.9 GB  8.7 MB/s    6m1s[K[?25h[?2026l[?2026h[?25l[A[1Gpulling manifest [K
pulling 667b0c1932bc:  36% ▕██████            ▏ 1.8 GB/4.9 GB  8.7 MB/s    6m1s[K[?25h[?2026l[?2026h[?25l[A[1Gpulling manifest [K
pulling 667b0c1932bc:  36% ▕██████            ▏ 1.8 GB/4.9 GB  8.7 MB/s    6m1s[K[?25h[?2026l[?2026h[?25l[A[1Gpulling manifest [K
pulling 667b0c1932bc:  36% ▕██████            ▏ 1.8 GB/4.9 GB  8.7 MB/s    6m1s[K[?25h[?2026l[?2026h[?25l[A[1Gpulling manifest [K
pulling 667b0c1932bc:  36% ▕██████            ▏ 1.8 GB/4.9 GB  8.7 MB/s    6m1s[K[?25h[?2026l[?2026h[?25l[A[1Gpulling manifest [K
pulling 667b0c1932bc:  36% ▕██████            ▏ 1.8 GB/4.9 GB  8.7 MB/s    6m1s[K[?25h[?2026l[?2026h[?25l[A[1Gpulling manifest [K
pulling 667b0c1932bc:  36% ▕██████            ▏ 1.8 GB/4.9 GB  8.7 MB/s    6m1s[K[?25h[?2026l[?2026h[?25l[A[1Gpulling manifest [K
pulling 667b0c1932bc:  36% ▕██████            ▏ 1.8 GB/4.9 GB  8.7 MB/s    6m1s[K[?25h[?2026l[?2026h[?25l[A[1Gpulling manifest [K
pulling 667b0c1932bc:  36% ▕██████            ▏ 1.8 GB/4.9 GB  8.7 MB/s    6m0s[K[?25h[?2026l[?2026h[?25l[A[1Gpulling manifest [K
pulling 667b0c1932bc:  36% ▕██████            ▏ 1.8 GB/4.9 GB  8.7 MB/s    6m0s[K[?25h[?2026l[?2026h[?25l[A[1Gpulling manifest [K
pulling 667b0c1932bc:  36% ▕██████            ▏ 1.8 GB/4.9 GB  8.7 MB/s    6m0s[K[?25h[?2026l[?2026h[?25l[A[1Gpulling manifest [K
pulling 667b0c1932bc:  36% ▕██████            ▏ 1.8 GB/4.9 GB  8.8 MB/s   5m56s[K[?25h[?2026l[?2026h[?25l[A[1Gpulling manifest [K
pulling 667b0c1932bc:  36% ▕██████            ▏ 1.8 GB/4.9 GB  8.8 MB/s   5m56s[K[?25h[?2026l[?2026h[?25l[A[1Gpulling manifest [K
pulling 667b0c1932bc:  36% ▕██████            ▏ 1.8 GB/4.9 GB  8.8 MB/s   5m56s[K[?25h[?2026l[?2026h[?25l[A[1Gpulling manifest [K
pulling 667b0c1932bc:  36% ▕██████            ▏ 1.8 GB/4.9 GB  8.8 MB/s   5m56s[K[?25h[?2026l[?2026h[?25l[A[1Gpulling manifest [K
pulling 667b0c1932bc:  36% ▕██████            ▏ 1.8 GB/4.9 GB  8.8 MB/s   5m56s[K[?25h[?2026l[?2026h[?25l[A[1Gpulling manifest [K
pulling 667b0c1932bc:  36% ▕██████            ▏ 1.8 GB/4.9 GB  8.8 MB/s   5m56s[K[?25h[?2026l[?2026h[?25l[A[1Gpulling manifest [K
pulling 667b0c1932bc:  36% ▕██████            ▏ 1.8 GB/4.9 GB  8.8 MB/s   5m56s[K[?25h[?2026l[?2026h[?25l[A[1Gpulling manifest [K
pulling 667b0c1932bc:  36% ▕██████            ▏ 1.8 GB/4.9 GB  8.8 MB/s   5m56s[K[?25h[?2026l[?2026h[?25l[A[1Gpulling manifest [K
pulling 667b0c1932bc:  36% ▕██████            ▏ 1.8 GB/4.9 GB  8.8 MB/s   5m56s[K[?25h[?2026l[?2026h[?25l[A[1Gpulling manifest [K
pulling 667b0c1932bc:  36% ▕██████            ▏ 1.8 GB/4.9 GB  8.8 MB/s   5m56s[K[?25h[?2026l[?2026h[?25l[A[1Gpulling manifest [K
pulling 667b0c1932bc:  36% ▕██████            ▏ 1.8 GB/4.9 GB  8.8 MB/s   5m56s[K[?25h[?2026l[?2026h[?25l[A[1Gpulling manifest [K
pulling 667b0c1932bc:  36% ▕██████            ▏ 1.8 GB/4.9 GB  8.8 MB/s   5m56s[K[?25h[?2026l[?2026h[?25l[A[1Gpulling manifest [K
pulling 667b0c1932bc:  36% ▕██████            ▏ 1.8 GB/4.9 GB  8.8 MB/s   5m55s[K[?25h[?2026l[?2026h[?25l[A[1Gpulling manifest [K
pulling 667b0c1932bc:  36% ▕██████            ▏ 1.8 GB/4.9 GB  8.8 MB/s   5m55s[K[?25h[?2026l[?2026h[?25l[A[1Gpulling manifest [K
pulling 667b0c1932bc:  36% ▕██████            ▏ 1.8 GB/4.9 GB  8.8 MB/s   5m55s[K[?25h[?2026l[?2026h[?25l[A[1Gpulling manifest [K
pulling 667b0c1932bc:  36% ▕██████            ▏ 1.8 GB/4.9 GB  8.8 MB/s   5m55s[K[?25h[?2026l[?2026h[?25l[A[1Gpulling manifest [K
pulling 667b0c1932bc:  36% ▕██████            ▏ 1.8 GB/4.9 GB  8.8 MB/s   5m55s[K[?25h[?2026l[?2026h[?25l[A[1Gpulling manifest [K
pulling 667b0c1932bc:  36% ▕██████            ▏ 1.8 GB/4.9 GB  8.8 MB/s   5m55s[K[?25h[?2026l[?2026h[?25l[A[1Gpulling manifest [K
pulling 667b0c1932bc:  36% ▕██████            ▏ 1.8 GB/4.9 GB  8.8 MB/s   5m55s[K[?25h[?2026l[?2026h[?25l[A[1Gpulling manifest [K
pulling 667b0c1932bc:  36% ▕██████            ▏ 1.8 GB/4.9 GB  8.8 MB/s   5m55s[K[?25h[?2026l[?2026h[?25l[A[1Gpulling manifest [K
pulling 667b0c1932bc:  36% ▕██████            ▏ 1.8 GB/4.9 GB  8.8 MB/s   5m53s[K[?25h[?2026l[?2026h[?25l[A[1Gpulling manifest [K
pulling 667b0c1932bc:  36% ▕██████            ▏ 1.8 GB/4.9 GB  8.8 MB/s   5m53s[K[?25h[?2026l[?2026h[?25l[A[1Gpulling manifest [K
pulling 667b0c1932bc:  37% ▕██████            ▏ 1.8 GB/4.9 GB  8.8 MB/s   5m53s[K[?25h[?2026l[?2026h[?25l[A[1Gpulling manifest [K
pulling 667b0c1932bc:  37% ▕██████            ▏ 1.8 GB/4.9 GB  8.8 MB/s   5m53s[K[?25h[?2026l[?2026h[?25l[A[1Gpulling manifest [K
pulling 667b0c1932bc:  37% ▕██████            ▏ 1.8 GB/4.9 GB  8.8 MB/s   5m52s[K[?25h[?2026l[?2026h[?25l[A[1Gpulling manifest [K
pulling 667b0c1932bc:  37% ▕██████            ▏ 1.8 GB/4.9 GB  8.8 MB/s   5m52s[K[?25h[?2026l[?2026h[?25l[A[1Gpulling manifest [K
pulling 667b0c1932bc:  37% ▕██████            ▏ 1.8 GB/4.9 GB  8.8 MB/s   5m52s[K[?25h[?2026l[?2026h[?25l[A[1Gpulling manifest [K
pulling 667b0c1932bc:  37% ▕██████            ▏ 1.8 GB/4.9 GB  8.8 MB/s   5m52s[K[?25h[?2026l[?2026h[?25l[A[1Gpulling manifest [K
pulling 667b0c1932bc:  37% ▕██████            ▏ 1.8 GB/4.9 GB  8.8 MB/s   5m52s[K[?25h[?2026l[?2026h[?25l[A[1Gpulling manifest [K
pulling 667b0c1932bc:  37% ▕██████            ▏ 1.8 GB/4.9 GB  8.8 MB/s   5m52s[K[?25h[?2026l[?2026h[?25l[A[1Gpulling manifest [K
pulling 667b0c1932bc:  37% ▕██████            ▏ 1.8 GB/4.9 GB  9.1 MB/s   5m44s[K[?25h[?2026l[?2026h[?25l[A[1Gpulling manifest [K
pulling 667b0c1932bc:  37% ▕██████            ▏ 1.8 GB/4.9 GB  9.1 MB/s   5m44s[K[?25h[?2026l[?2026h[?25l[A[1Gpulling manifest [K
pulling 667b0c1932bc:  37% ▕██████            ▏ 1.8 GB/4.9 GB  9.1 MB/s   5m44s[K[?25h[?2026l[?2026h[?25l[A[1Gpulling manifest [K
pulling 667b0c1932bc:  37% ▕██████            ▏ 1.8 GB/4.9 GB  9.1 MB/s   5m43s[K[?25h[?2026l[?2026h[?25l[A[1Gpulling manifest [K
pulling 667b0c1932bc:  37% ▕██████            ▏ 1.8 GB/4.9 GB  9.1 MB/s   5m43s[K[?25h[?2026l[?2026h[?25l[A[1Gpulling manifest [K
pulling 667b0c1932bc:  37% ▕██████            ▏ 1.8 GB/4.9 GB  9.1 MB/s   5m43s[K[?25h[?2026l[?2026h[?25l[A[1Gpulling manifest [K
pulling 667b0c1932bc:  37% ▕██████            ▏ 1.8 GB/4.9 GB  9.1 MB/s   5m43s[K[?25h[?2026l[?2026h[?25l[A[1Gpulling manifest [K
pulling 667b0c1932bc:  37% ▕██████            ▏ 1.8 GB/4.9 GB  9.1 MB/s   5m43s[K[?25h[?2026l[?2026h[?25l[A[1Gpulling manifest [K
pulling 667b0c1932bc:  37% ▕██████            ▏ 1.8 GB/4.9 GB  9.1 MB/s   5m43s[K[?25h[?2026l[?2026h[?25l[A[1Gpulling manifest [K
pulling 667b0c1932bc:  37% ▕██████            ▏ 1.8 GB/4.9 GB  9.1 MB/s   5m43s[K[?25h[?2026l[?2026h[?25l[A[1Gpulling manifest [K
pulling 667b0c1932bc:  37% ▕██████            ▏ 1.8 GB/4.9 GB  9.2 MB/s   5m37s[K[?25h[?2026l[?2026h[?25l[A[1Gpulling manifest [K
pulling 667b0c1932bc:  37% ▕██████            ▏ 1.8 GB/4.9 GB  9.2 MB/s   5m37s[K[?25h[?2026l[?2026h[?25l[A[1Gpulling manifest [K
pulling 667b0c1932bc:  37% ▕██████            ▏ 1.8 GB/4.9 GB  9.2 MB/s   5m37s[K[?25h[?2026l[?2026h[?25l[A[1Gpulling manifest [K
pulling 667b0c1932bc:  37% ▕██████            ▏ 1.8 GB/4.9 GB  9.2 MB/s   5m37s[K[?25h[?2026l[?2026h[?25l[A[1Gpulling manifest [K
pulling 667b0c1932bc:  37% ▕██████            ▏ 1.8 GB/4.9 GB  9.2 MB/s   5m37s[K[?25h[?2026l[?2026h[?25l[A[1Gpulling manifest [K
pulling 667b0c1932bc:  37% ▕██████            ▏ 1.8 GB/4.9 GB  9.2 MB/s   5m37s[K[?25h[?2026l[?2026h[?25l[A[1Gpulling manifest [K
pulling 667b0c1932bc:  37% ▕██████            ▏ 1.8 GB/4.9 GB  9.2 MB/s   5m37s[K[?25h[?2026l[?2026h[?25l[A[1Gpulling manifest [K
pulling 667b0c1932bc:  37% ▕██████            ▏ 1.8 GB/4.9 GB  9.2 MB/s   5m37s[K[?25h[?2026l[?2026h[?25l[A[1Gpulling manifest [K
pulling 667b0c1932bc:  37% ▕██████            ▏ 1.8 GB/4.9 GB  9.2 MB/s   5m37s[K[?25h[?2026l[?2026h[?25l[A[1Gpulling manifest [K
pulling 667b0c1932bc:  37% ▕██████            ▏ 1.8 GB/4.9 GB  9.2 MB/s   5m37s[K[?25h[?2026l[?2026h[?25l[A[1Gpulling manifest [K
pulling 667b0c1932bc:  37% ▕██████            ▏ 1.8 GB/4.9 GB  9.2 MB/s   5m37s[K[?25h[?2026l[?2026h[?25l[A[1Gpulling manifest [K
pulling 667b0c1932bc:  37% ▕██████            ▏ 1.8 GB/4.9 GB  9.3 MB/s   5m33s[K[?25h[?2026l[?2026h[?25l[A[1Gpulling manifest [K
pulling 667b0c1932bc:  37% ▕██████            ▏ 1.8 GB/4.9 GB  9.3 MB/s   5m33s[K[?25h[?2026l[?2026h[?25l[A[1Gpulling manifest [K
pulling 667b0c1932bc:  37% ▕██████            ▏ 1.8 GB/4.9 GB  9.3 MB/s   5m33s[K[?25h[?2026l[?2026h[?25l[A[1Gpulling manifest [K
pulling 667b0c1932bc:  37% ▕██████            ▏ 1.8 GB/4.9 GB  9.3 MB/s   5m33s[K[?25h[?2026l[?2026h[?25l[A[1Gpulling manifest [K
pulling 667b0c1932bc:  37% ▕██████            ▏ 1.8 GB/4.9 GB  9.3 MB/s   5m33s[K[?25h[?2026l[?2026h[?25l[A[1Gpulling manifest [K
pulling 667b0c1932bc:  37% ▕██████            ▏ 1.8 GB/4.9 GB  9.3 MB/s   5m33s[K[?25h[?2026l[?2026h[?25l[A[1Gpulling manifest [K
pulling 667b0c1932bc:  37% ▕██████            ▏ 1.8 GB/4.9 GB  9.3 MB/s   5m33s[K[?25h[?2026l[?2026h[?25l[A[1Gpulling manifest [K
pulling 667b0c1932bc:  37% ▕██████            ▏ 1.8 GB/4.9 GB  9.3 MB/s   5m32s[K[?25h[?2026l[?2026h[?25l[A[1Gpulling manifest [K
pulling 667b0c1932bc:  37% ▕██████            ▏ 1.8 GB/4.9 GB  9.3 MB/s   5m32s[K[?25h[?2026l[?2026h[?25l[A[1Gpulling manifest [K
pulling 667b0c1932bc:  37% ▕██████            ▏ 1.8 GB/4.9 GB  9.3 MB/s   5m32s[K[?25h[?2026l[?2026h[?25l[A[1Gpulling manifest [K
pulling 667b0c1932bc:  37% ▕██████            ▏ 1.8 GB/4.9 GB  9.4 MB/s   5m28s[K[?25h[?2026l[?2026h[?25l[A[1Gpulling manifest [K
pulling 667b0c1932bc:  37% ▕██████            ▏ 1.8 GB/4.9 GB  9.4 MB/s   5m28s[K[?25h[?2026l[?2026h[?25l[A[1Gpulling manifest [K
pulling 667b0c1932bc:  37% ▕██████            ▏ 1.8 GB/4.9 GB  9.4 MB/s   5m28s[K[?25h[?2026l[?2026h[?25l[A[1Gpulling manifest [K
pulling 667b0c1932bc:  37% ▕██████            ▏ 1.8 GB/4.9 GB  9.4 MB/s   5m28s[K[?25h[?2026l[?2026h[?25l[A[1Gpulling manifest [K
pulling 667b0c1932bc:  37% ▕██████            ▏ 1.8 GB/4.9 GB  9.4 MB/s   5m28s[K[?25h[?2026l[?2026h[?25l[A[1Gpulling manifest [K
pulling 667b0c1932bc:  37% ▕██████            ▏ 1.8 GB/4.9 GB  9.4 MB/s   5m27s[K[?25h[?2026l[?2026h[?25l[A[1Gpulling manifest [K
pulling 667b0c1932bc:  37% ▕██████            ▏ 1.8 GB/4.9 GB  9.4 MB/s   5m27s[K[?25h[?2026l[?2026h[?25l[A[1Gpulling manifest [K
pulling 667b0c1932bc:  37% ▕██████            ▏ 1.8 GB/4.9 GB  9.4 MB/s   5m27s[K[?25h[?2026l[?2026h[?25l[A[1Gpulling manifest [K
pulling 667b0c1932bc:  37% ▕██████            ▏ 1.8 GB/4.9 GB  9.4 MB/s   5m27s[K[?25h[?2026l[?2026h[?25l[A[1Gpulling manifest [K
pulling 667b0c1932bc:  37% ▕██████            ▏ 1.8 GB/4.9 GB  9.4 MB/s   5m27s[K[?25h[?2026l[?2026h[?25l[A[1Gpulling manifest [K
pulling 667b0c1932bc:  37% ▕██████            ▏ 1.8 GB/4.9 GB  9.5 MB/s   5m23s[K[?25h[?2026l[?2026h[?25l[A[1Gpulling manifest [K
pulling 667b0c1932bc:  37% ▕██████            ▏ 1.8 GB/4.9 GB  9.5 MB/s   5m23s[K[?25h[?2026l[?2026h[?25l[A[1Gpulling manifest [K
pulling 667b0c1932bc:  38% ▕██████            ▏ 1.8 GB/4.9 GB  9.5 MB/s   5m23s[K[?25h[?2026l[?2026h[?25l[A[1Gpulling manifest [K
pulling 667b0c1932bc:  38% ▕██████            ▏ 1.8 GB/4.9 GB  9.5 MB/s   5m23s[K[?25h[?2026l[?2026h[?25l[A[1Gpulling manifest [K
pulling 667b0c1932bc:  38% ▕██████            ▏ 1.8 GB/4.9 GB  9.5 MB/s   5m23s[K[?25h[?2026l[?2026h[?25l[A[1Gpulling manifest [K
pulling 667b0c1932bc:  38% ▕██████            ▏ 1.8 GB/4.9 GB  9.5 MB/s   5m23s[K[?25h[?2026l[?2026h[?25l[A[1Gpulling manifest [K
pulling 667b0c1932bc:  38% ▕██████            ▏ 1.8 GB/4.9 GB  9.5 MB/s   5m23s[K[?25h[?2026l[?2026h[?25l[A[1Gpulling manifest [K
pulling 667b0c1932bc:  38% ▕██████            ▏ 1.9 GB/4.9 GB  9.5 MB/s   5m23s[K[?25h[?2026l[?2026h[?25l[A[1Gpulling manifest [K
pulling 667b0c1932bc:  38% ▕██████            ▏ 1.9 GB/4.9 GB  9.5 MB/s   5m22s[K[?25h[?2026l[?2026h[?25l[A[1Gpulling manifest [K
pulling 667b0c1932bc:  38% ▕██████            ▏ 1.9 GB/4.9 GB  9.5 MB/s   5m22s[K[?25h[?2026l[?2026h[?25l[A[1Gpulling manifest [K
pulling 667b0c1932bc:  38% ▕██████            ▏ 1.9 GB/4.9 GB  9.6 MB/s   5m20s[K[?25h[?2026l[?2026h[?25l[A[1Gpulling manifest [K
pulling 667b0c1932bc:  38% ▕██████            ▏ 1.9 GB/4.9 GB  9.6 MB/s   5m20s[K[?25h[?2026l[?2026h[?25l[A[1Gpulling manifest [K
pulling 667b0c1932bc:  38% ▕██████            ▏ 1.9 GB/4.9 GB  9.6 MB/s   5m20s[K[?25h[?2026l[?2026h[?25l[A[1Gpulling manifest [K
pulling 667b0c1932bc:  38% ▕██████            ▏ 1.9 GB/4.9 GB  9.6 MB/s   5m20s[K[?25h[?2026l[?2026h[?25l[A[1Gpulling manifest [K
pulling 667b0c1932bc:  38% ▕██████            ▏ 1.9 GB/4.9 GB  9.6 MB/s   5m20s[K[?25h[?2026l[?2026h[?25l[A[1Gpulling manifest [K
pulling 667b0c1932bc:  38% ▕██████            ▏ 1.9 GB/4.9 GB  9.6 MB/s   5m20s[K[?25h[?2026l[?2026h[?25l[A[1Gpulling manifest [K
pulling 667b0c1932bc:  38% ▕██████            ▏ 1.9 GB/4.9 GB  9.6 MB/s   5m20s[K[?25h[?2026l[?2026h[?25l[A[1Gpulling manifest [K
pulling 667b0c1932bc:  38% ▕██████            ▏ 1.9 GB/4.9 GB  9.6 MB/s   5m20s[K[?25h[?2026l[?2026h[?25l[A[1Gpulling manifest [K
pulling 667b0c1932bc:  38% ▕██████            ▏ 1.9 GB/4.9 GB  9.6 MB/s   5m20s[K[?25h[?2026l[?2026h[?25l[A[1Gpulling manifest [K
pulling 667b0c1932bc:  38% ▕██████            ▏ 1.9 GB/4.9 GB  9.6 MB/s   5m20s[K[?25h[?2026l[?2026h[?25l[A[1Gpulling manifest [K
pulling 667b0c1932bc:  38% ▕██████            ▏ 1.9 GB/4.9 GB  9.6 MB/s   5m19s[K[?25h[?2026l[?2026h[?25l[A[1Gpulling manifest [K
pulling 667b0c1932bc:  38% ▕██████            ▏ 1.9 GB/4.9 GB  9.6 MB/s   5m19s[K[?25h[?2026l[?2026h[?25l[A[1Gpulling manifest [K
pulling 667b0c1932bc:  38% ▕██████            ▏ 1.9 GB/4.9 GB  9.6 MB/s   5m19s[K[?25h[?2026l[?2026h[?25l[A[1Gpulling manifest [K
pulling 667b0c1932bc:  38% ▕██████            ▏ 1.9 GB/4.9 GB  9.6 MB/s   5m18s[K[?25h[?2026l[?2026h[?25l[A[1Gpulling manifest [K
pulling 667b0c1932bc:  38% ▕██████            ▏ 1.9 GB/4.9 GB  9.6 MB/s   5m18s[K[?25h[?2026l[?2026h[?25l[A[1Gpulling manifest [K
pulling 667b0c1932bc:  38% ▕██████            ▏ 1.9 GB/4.9 GB  9.6 MB/s   5m18s[K[?25h[?2026l[?2026h[?25l[A[1Gpulling manifest [K
pulling 667b0c1932bc:  38% ▕██████            ▏ 1.9 GB/4.9 GB  9.6 MB/s   5m18s[K[?25h[?2026l[?2026h[?25l[A[1Gpulling manifest [K
pulling 667b0c1932bc:  38% ▕██████            ▏ 1.9 GB/4.9 GB  9.6 MB/s   5m18s[K[?25h[?2026l[?2026h[?25l[A[1Gpulling manifest [K
pulling 667b0c1932bc:  38% ▕██████            ▏ 1.9 GB/4.9 GB  9.6 MB/s   5m18s[K[?25h[?2026l[?2026h[?25l[A[1Gpulling manifest [K
pulling 667b0c1932bc:  38% ▕██████            ▏ 1.9 GB/4.9 GB  9.6 MB/s   5m18s[K[?25h[?2026l[?2026h[?25l[A[1Gpulling manifest [K
pulling 667b0c1932bc:  38% ▕██████            ▏ 1.9 GB/4.9 GB  9.6 MB/s   5m18s[K[?25h[?2026l[?2026h[?25l[A[1Gpulling manifest [K
pulling 667b0c1932bc:  38% ▕██████            ▏ 1.9 GB/4.9 GB  9.7 MB/s   5m15s[K[?25h[?2026l[?2026h[?25l[A[1Gpulling manifest [K
pulling 667b0c1932bc:  38% ▕██████            ▏ 1.9 GB/4.9 GB  9.7 MB/s   5m15s[K[?25h[?2026l[?2026h[?25l[A[1Gpulling manifest [K
pulling 667b0c1932bc:  38% ▕██████            ▏ 1.9 GB/4.9 GB  9.7 MB/s   5m15s[K[?25h[?2026l[?2026h[?25l[A[1Gpulling manifest [K
pulling 667b0c1932bc:  38% ▕██████            ▏ 1.9 GB/4.9 GB  9.7 MB/s   5m15s[K[?25h[?2026l[?2026h[?25l[A[1Gpulling manifest [K
pulling 667b0c1932bc:  38% ▕██████            ▏ 1.9 GB/4.9 GB  9.7 MB/s   5m15s[K[?25h[?2026l[?2026h[?25l[A[1Gpulling manifest [K
pulling 667b0c1932bc:  38% ▕██████            ▏ 1.9 GB/4.9 GB  9.7 MB/s   5m15s[K[?25h[?2026l[?2026h[?25l[A[1Gpulling manifest [K
pulling 667b0c1932bc:  38% ▕██████            ▏ 1.9 GB/4.9 GB  9.7 MB/s   5m15s[K[?25h[?2026l[?2026h[?25l[A[1Gpulling manifest [K
pulling 667b0c1932bc:  38% ▕██████            ▏ 1.9 GB/4.9 GB  9.7 MB/s   5m15s[K[?25h[?2026l[?2026h[?25l[A[1Gpulling manifest [K
pulling 667b0c1932bc:  38% ▕██████            ▏ 1.9 GB/4.9 GB  9.7 MB/s   5m15s[K[?25h[?2026l[?2026h[?25l[A[1Gpulling manifest [K
pulling 667b0c1932bc:  38% ▕██████            ▏ 1.9 GB/4.9 GB  9.7 MB/s   5m14s[K[?25h[?2026l[?2026h[?25l[A[1Gpulling manifest [K
pulling 667b0c1932bc:  38% ▕██████            ▏ 1.9 GB/4.9 GB  9.7 MB/s   5m12s[K[?25h[?2026l[?2026h[?25l[A[1Gpulling manifest [K
pulling 667b0c1932bc:  38% ▕██████            ▏ 1.9 GB/4.9 GB  9.7 MB/s   5m12s[K[?25h[?2026l[?2026h[?25l[A[1Gpulling manifest [K
pulling 667b0c1932bc:  38% ▕██████            ▏ 1.9 GB/4.9 GB  9.7 MB/s   5m12s[K[?25h[?2026l[?2026h[?25l[A[1Gpulling manifest [K
pulling 667b0c1932bc:  38% ▕██████            ▏ 1.9 GB/4.9 GB  9.7 MB/s   5m12s[K[?25h[?2026l[?2026h[?25l[A[1Gpulling manifest [K
pulling 667b0c1932bc:  38% ▕██████            ▏ 1.9 GB/4.9 GB  9.7 MB/s   5m12s[K[?25h[?2026l[?2026h[?25l[A[1Gpulling manifest [K
pulling 667b0c1932bc:  38% ▕██████            ▏ 1.9 GB/4.9 GB  9.7 MB/s   5m12s[K[?25h[?2026l[?2026h[?25l[A[1Gpulling manifest [K
pulling 667b0c1932bc:  38% ▕██████            ▏ 1.9 GB/4.9 GB  9.7 MB/s   5m12s[K[?25h[?2026l[?2026h[?25l[A[1Gpulling manifest [K
pulling 667b0c1932bc:  38% ▕██████            ▏ 1.9 GB/4.9 GB  9.7 MB/s   5m12s[K[?25h[?2026l[?2026h[?25l[A[1Gpulling manifest [K
pulling 667b0c1932bc:  38% ▕██████            ▏ 1.9 GB/4.9 GB  9.7 MB/s   5m12s[K[?25h[?2026l[?2026h[?25l[A[1Gpulling manifest [K
pulling 667b0c1932bc:  38% ▕██████            ▏ 1.9 GB/4.9 GB  9.7 MB/s   5m12s[K[?25h[?2026l[?2026h[?25l[A[1Gpulling manifest [K
pulling 667b0c1932bc:  38% ▕██████            ▏ 1.9 GB/4.9 GB  9.7 MB/s   5m10s[K[?25h[?2026l[?2026h[?25l[A[1Gpulling manifest [K
pulling 667b0c1932bc:  38% ▕██████            ▏ 1.9 GB/4.9 GB  9.7 MB/s   5m10s[K[?25h[?2026l[?2026h[?25l[A[1Gpulling manifest [K
pulling 667b0c1932bc:  39% ▕██████            ▏ 1.9 GB/4.9 GB  9.7 MB/s   5m10s[K[?25h[?2026l[?2026h[?25l[A[1Gpulling manifest [K
pulling 667b0c1932bc:  39% ▕██████            ▏ 1.9 GB/4.9 GB  9.7 MB/s   5m10s[K[?25h[?2026l[?2026h[?25l[A[1Gpulling manifest [K
pulling 667b0c1932bc:  39% ▕██████            ▏ 1.9 GB/4.9 GB  9.7 MB/s   5m10s[K[?25h[?2026l[?2026h[?25l[A[1Gpulling manifest [K
pulling 667b0c1932bc:  39% ▕██████            ▏ 1.9 GB/4.9 GB  9.7 MB/s   5m10s[K[?25h[?2026l[?2026h[?25l[A[1Gpulling manifest [K
pulling 667b0c1932bc:  39% ▕██████            ▏ 1.9 GB/4.9 GB  9.7 MB/s   5m10s[K[?25h[?2026l[?2026h[?25l[A[1Gpulling manifest [K
pulling 667b0c1932bc:  39% ▕██████            ▏ 1.9 GB/4.9 GB  9.7 MB/s   5m10s[K[?25h[?2026l[?2026h[?25l[A[1Gpulling manifest [K
pulling 667b0c1932bc:  39% ▕██████            ▏ 1.9 GB/4.9 GB  9.7 MB/s    5m9s[K[?25h[?2026l[?2026h[?25l[A[1Gpulling manifest [K
pulling 667b0c1932bc:  39% ▕██████            ▏ 1.9 GB/4.9 GB  9.7 MB/s    5m9s[K[?25h[?2026l[?2026h[?25l[A[1Gpulling manifest [K
pulling 667b0c1932bc:  39% ▕██████            ▏ 1.9 GB/4.9 GB  9.9 MB/s    5m5s[K[?25h[?2026l[?2026h[?25l[A[1Gpulling manifest [K
pulling 667b0c1932bc:  39% ▕██████            ▏ 1.9 GB/4.9 GB  9.9 MB/s    5m5s[K[?25h[?2026l[?2026h[?25l[A[1Gpulling manifest [K
pulling 667b0c1932bc:  39% ▕██████            ▏ 1.9 GB/4.9 GB  9.9 MB/s    5m5s[K[?25h[?2026l[?2026h[?25l[A[1Gpulling manifest [K
pulling 667b0c1932bc:  39% ▕██████            ▏ 1.9 GB/4.9 GB  9.9 MB/s    5m5s[K[?25h[?2026l[?2026h[?25l[A[1Gpulling manifest [K
pulling 667b0c1932bc:  39% ▕██████            ▏ 1.9 GB/4.9 GB  9.9 MB/s    5m5s[K[?25h[?2026l[?2026h[?25l[A[1Gpulling manifest [K
pulling 667b0c1932bc:  39% ▕██████            ▏ 1.9 GB/4.9 GB  9.9 MB/s    5m5s[K[?25h[?2026l[?2026h[?25l[A[1Gpulling manifest [K
pulling 667b0c1932bc:  39% ▕██████            ▏ 1.9 GB/4.9 GB  9.9 MB/s    5m5s[K[?25h[?2026l[?2026h[?25l[A[1Gpulling manifest [K
pulling 667b0c1932bc:  39% ▕██████            ▏ 1.9 GB/4.9 GB  9.9 MB/s    5m5s[K[?25h[?2026l[?2026h[?25l[A[1Gpulling manifest [K
pulling 667b0c1932bc:  39% ▕██████            ▏ 1.9 GB/4.9 GB  9.9 MB/s    5m5s[K[?25h[?2026l[?2026h[?25l[A[1Gpulling manifest [K
pulling 667b0c1932bc:  39% ▕██████            ▏ 1.9 GB/4.9 GB  9.9 MB/s    5m5s[K[?25h[?2026l[?2026h[?25l[A[1Gpulling manifest [K
pulling 667b0c1932bc:  39% ▕██████            ▏ 1.9 GB/4.9 GB  9.9 MB/s    5m3s[K[?25h[?2026l[?2026h[?25l[A[1Gpulling manifest [K
pulling 667b0c1932bc:  39% ▕██████            ▏ 1.9 GB/4.9 GB  9.9 MB/s    5m2s[K[?25h[?2026l[?2026h[?25l[A[1Gpulling manifest [K
pulling 667b0c1932bc:  39% ▕███████           ▏ 1.9 GB/4.9 GB  9.9 MB/s    5m2s[K[?25h[?2026l[?2026h[?25l[A[1Gpulling manifest [K
pulling 667b0c1932bc:  39% ▕███████           ▏ 1.9 GB/4.9 GB  9.9 MB/s    5m2s[K[?25h[?2026l[?2026h[?25l[A[1Gpulling manifest [K
pulling 667b0c1932bc:  39% ▕███████           ▏ 1.9 GB/4.9 GB  9.9 MB/s    5m2s[K[?25h[?2026l[?2026h[?25l[A[1Gpulling manifest [K
pulling 667b0c1932bc:  39% ▕███████           ▏ 1.9 GB/4.9 GB  9.9 MB/s    5m2s[K[?25h[?2026l[?2026h[?25l[A[1Gpulling manifest [K
pulling 667b0c1932bc:  39% ▕███████           ▏ 1.9 GB/4.9 GB  9.9 MB/s    5m2s[K[?25h[?2026l[?2026h[?25l[A[1Gpulling manifest [K
pulling 667b0c1932bc:  39% ▕███████           ▏ 1.9 GB/4.9 GB  9.9 MB/s    5m2s[K[?25h[?2026l[?2026h[?25l[A[1Gpulling manifest [K
pulling 667b0c1932bc:  39% ▕███████           ▏ 1.9 GB/4.9 GB  9.9 MB/s    5m2s[K[?25h[?2026l[?2026h[?25l[A[1Gpulling manifest [K
pulling 667b0c1932bc:  39% ▕███████           ▏ 1.9 GB/4.9 GB  9.9 MB/s    5m2s[K[?25h[?2026l[?2026h[?25l[A[1Gpulling manifest [K
pulling 667b0c1932bc:  39% ▕███████           ▏ 1.9 GB/4.9 GB  9.9 MB/s    5m2s[K[?25h[?2026l[?2026h[?25l[A[1Gpulling manifest [K
pulling 667b0c1932bc:  39% ▕███████           ▏ 1.9 GB/4.9 GB  9.9 MB/s    5m3s[K[?25h[?2026l[?2026h[?25l[A[1Gpulling manifest [K
pulling 667b0c1932bc:  39% ▕███████           ▏ 1.9 GB/4.9 GB  9.9 MB/s    5m2s[K[?25h[?2026l[?2026h[?25l[A[1Gpulling manifest [K
pulling 667b0c1932bc:  39% ▕███████           ▏ 1.9 GB/4.9 GB  9.9 MB/s    5m2s[K[?25h[?2026l[?2026h[?25l[A[1Gpulling manifest [K
pulling 667b0c1932bc:  39% ▕███████           ▏ 1.9 GB/4.9 GB  9.9 MB/s    5m2s[K[?25h[?2026l[?2026h[?25l[A[1Gpulling manifest [K
pulling 667b0c1932bc:  39% ▕███████           ▏ 1.9 GB/4.9 GB  9.9 MB/s    5m2s[K[?25h[?2026l[?2026h[?25l[A[1Gpulling manifest [K
pulling 667b0c1932bc:  39% ▕███████           ▏ 1.9 GB/4.9 GB  9.9 MB/s    5m2s[K[?25h[?2026l[?2026h[?25l[A[1Gpulling manifest [K
pulling 667b0c1932bc:  39% ▕███████           ▏ 1.9 GB/4.9 GB  9.9 MB/s    5m2s[K[?25h[?2026l[?2026h[?25l[A[1Gpulling manifest [K
pulling 667b0c1932bc:  39% ▕███████           ▏ 1.9 GB/4.9 GB  9.9 MB/s    5m2s[K[?25h[?2026l[?2026h[?25l[A[1Gpulling manifest [K
pulling 667b0c1932bc:  39% ▕███████           ▏ 1.9 GB/4.9 GB  9.9 MB/s    5m2s[K[?25h[?2026l[?2026h[?25l[A[1Gpulling manifest [K
pulling 667b0c1932bc:  39% ▕███████           ▏ 1.9 GB/4.9 GB  9.9 MB/s    5m2s[K[?25h[?2026l[?2026h[?25l[A[1Gpulling manifest [K
pulling 667b0c1932bc:  39% ▕███████           ▏ 1.9 GB/4.9 GB  9.8 MB/s    5m4s[K[?25h[?2026l[?2026h[?25l[A[1Gpulling manifest [K
pulling 667b0c1932bc:  39% ▕███████           ▏ 1.9 GB/4.9 GB  9.8 MB/s    5m4s[K[?25h[?2026l[?2026h[?25l[A[1Gpulling manifest [K
pulling 667b0c1932bc:  39% ▕███████           ▏ 1.9 GB/4.9 GB  9.8 MB/s    5m4s[K[?25h[?2026l[?2026h[?25l[A[1Gpulling manifest [K
pulling 667b0c1932bc:  39% ▕███████           ▏ 1.9 GB/4.9 GB  9.8 MB/s    5m4s[K[?25h[?2026l[?2026h[?25l[A[1Gpulling manifest [K
pulling 667b0c1932bc:  39% ▕███████           ▏ 1.9 GB/4.9 GB  9.8 MB/s    5m4s[K[?25h[?2026l[?2026h[?25l[A[1Gpulling manifest [K
pulling 667b0c1932bc:  39% ▕███████           ▏ 1.9 GB/4.9 GB  9.8 MB/s    5m4s[K[?25h[?2026l[?2026h[?25l[A[1Gpulling manifest [K
pulling 667b0c1932bc:  39% ▕███████           ▏ 1.9 GB/4.9 GB  9.8 MB/s    5m4s[K[?25h[?2026l[?2026h[?25l[A[1Gpulling manifest [K
pulling 667b0c1932bc:  39% ▕███████           ▏ 1.9 GB/4.9 GB  9.8 MB/s    5m4s[K[?25h[?2026l[?2026h[?25l[A[1Gpulling manifest [K
pulling 667b0c1932bc:  39% ▕███████           ▏ 1.9 GB/4.9 GB  9.8 MB/s    5m4s[K[?25h[?2026l[?2026h[?25l[A[1Gpulling manifest [K
pulling 667b0c1932bc:  39% ▕███████           ▏ 1.9 GB/4.9 GB  9.8 MB/s    5m4s[K[?25h[?2026l[?2026h[?25l[A[1Gpulling manifest [K
pulling 667b0c1932bc:  39% ▕███████           ▏ 1.9 GB/4.9 GB  9.9 MB/s    5m2s[K[?25h[?2026l[?2026h[?25l[A[1Gpulling manifest [K
pulling 667b0c1932bc:  39% ▕███████           ▏ 1.9 GB/4.9 GB  9.9 MB/s    5m2s[K[?25h[?2026l[?2026h[?25l[A[1Gpulling manifest [K
pulling 667b0c1932bc:  40% ▕███████           ▏ 1.9 GB/4.9 GB  9.9 MB/s    5m2s[K[?25h[?2026l[?2026h[?25l[A[1Gpulling manifest [K
pulling 667b0c1932bc:  40% ▕███████           ▏ 1.9 GB/4.9 GB  9.9 MB/s    5m2s[K[?25h[?2026l[?2026h[?25l[A[1Gpulling manifest [K
pulling 667b0c1932bc:  40% ▕███████           ▏ 1.9 GB/4.9 GB  9.9 MB/s    5m1s[K[?25h[?2026l[?2026h[?25l[A[1Gpulling manifest [K
pulling 667b0c1932bc:  40% ▕███████           ▏ 1.9 GB/4.9 GB  9.9 MB/s    5m1s[K[?25h[?2026l[?2026h[?25l[A[1Gpulling manifest [K
pulling 667b0c1932bc:  40% ▕███████           ▏ 1.9 GB/4.9 GB  9.9 MB/s    5m1s[K[?25h[?2026l[?2026h[?25l[A[1Gpulling manifest [K
pulling 667b0c1932bc:  40% ▕███████           ▏ 1.9 GB/4.9 GB  9.9 MB/s    5m1s[K[?25h[?2026l[?2026h[?25l[A[1Gpulling manifest [K
pulling 667b0c1932bc:  40% ▕███████           ▏ 2.0 GB/4.9 GB  9.9 MB/s    5m1s[K[?25h[?2026l[?2026h[?25l[A[1Gpulling manifest [K
pulling 667b0c1932bc:  40% ▕███████           ▏ 2.0 GB/4.9 GB  9.9 MB/s    5m1s[K[?25h[?2026l[?2026h[?25l[A[1Gpulling manifest [K
pulling 667b0c1932bc:  40% ▕██████           ▏ 2.0 GB/4.9 GB  10.0 MB/s   4m57s[K[?25h[?2026l[?2026h[?25l[A[1Gpulling manifest [K
pulling 667b0c1932bc:  40% ▕██████           ▏ 2.0 GB/4.9 GB  10.0 MB/s   4m57s[K[?25h[?2026l[?2026h[?25l[A[1Gpulling manifest [K
pulling 667b0c1932bc:  40% ▕██████           ▏ 2.0 GB/4.9 GB  10.0 MB/s   4m57s[K[?25h[?2026l[?2026h[?25l[A[1Gpulling manifest [K
pulling 667b0c1932bc:  40% ▕██████           ▏ 2.0 GB/4.9 GB  10.0 MB/s   4m57s[K[?25h[?2026l[?2026h[?25l[A[1Gpulling manifest [K
pulling 667b0c1932bc:  40% ▕██████           ▏ 2.0 GB/4.9 GB  10.0 MB/s   4m57s[K[?25h[?2026l[?2026h[?25l[A[1Gpulling manifest [K
pulling 667b0c1932bc:  40% ▕██████           ▏ 2.0 GB/4.9 GB  10.0 MB/s   4m57s[K[?25h[?2026l[?2026h[?25l[A[1Gpulling manifest [K
pulling 667b0c1932bc:  40% ▕██████           ▏ 2.0 GB/4.9 GB  10.0 MB/s   4m57s[K[?25h[?2026l[?2026h[?25l[A[1Gpulling manifest [K
pulling 667b0c1932bc:  40% ▕██████           ▏ 2.0 GB/4.9 GB  10.0 MB/s   4m57s[K[?25h[?2026l[?2026h[?25l[A[1Gpulling manifest [K
pulling 667b0c1932bc:  40% ▕██████           ▏ 2.0 GB/4.9 GB  10.0 MB/s   4m56s[K[?25h[?2026l[?2026h[?25l[A[1Gpulling manifest [K
pulling 667b0c1932bc:  40% ▕██████           ▏ 2.0 GB/4.9 GB  10.0 MB/s   4m56s[K[?25h[?2026l[?2026h[?25l[A[1Gpulling manifest [K
pulling 667b0c1932bc:  40% ▕██████           ▏ 2.0 GB/4.9 GB  10.0 MB/s   4m57s[K[?25h[?2026l[?2026h[?25l[A[1Gpulling manifest [K
pulling 667b0c1932bc:  40% ▕██████           ▏ 2.0 GB/4.9 GB  10.0 MB/s   4m56s[K[?25h[?2026l[?2026h[?25l[A[1Gpulling manifest [K
pulling 667b0c1932bc:  40% ▕██████           ▏ 2.0 GB/4.9 GB  10.0 MB/s   4m56s[K[?25h[?2026l[?2026h[?25l[A[1Gpulling manifest [K
pulling 667b0c1932bc:  40% ▕██████           ▏ 2.0 GB/4.9 GB  10.0 MB/s   4m56s[K[?25h[?2026l[?2026h[?25l[A[1Gpulling manifest [K
pulling 667b0c1932bc:  40% ▕██████           ▏ 2.0 GB/4.9 GB  10.0 MB/s   4m56s[K[?25h[?2026l[?2026h[?25l[A[1Gpulling manifest [K
pulling 667b0c1932bc:  40% ▕██████           ▏ 2.0 GB/4.9 GB  10.0 MB/s   4m56s[K[?25h[?2026l[?2026h[?25l[A[1Gpulling manifest [K
pulling 667b0c1932bc:  40% ▕██████           ▏ 2.0 GB/4.9 GB  10.0 MB/s   4m56s[K[?25h[?2026l[?2026h[?25l[A[1Gpulling manifest [K
pulling 667b0c1932bc:  40% ▕██████           ▏ 2.0 GB/4.9 GB  10.0 MB/s   4m56s[K[?25h[?2026l[?2026h[?25l[A[1Gpulling manifest [K
pulling 667b0c1932bc:  40% ▕██████           ▏ 2.0 GB/4.9 GB  10.0 MB/s   4m56s[K[?25h[?2026l[?2026h[?25l[A[1Gpulling manifest [K
pulling 667b0c1932bc:  40% ▕██████           ▏ 2.0 GB/4.9 GB  10.0 MB/s   4m56s[K[?25h[?2026l[?2026h[?25l[A[1Gpulling manifest [K
pulling 667b0c1932bc:  40% ▕██████           ▏ 2.0 GB/4.9 GB  10.0 MB/s   4m56s[K[?25h[?2026l[?2026h[?25l[A[1Gpulling manifest [K
pulling 667b0c1932bc:  40% ▕██████           ▏ 2.0 GB/4.9 GB  10.0 MB/s   4m56s[K[?25h[?2026l[?2026h[?25l[A[1Gpulling manifest [K
pulling 667b0c1932bc:  40% ▕██████           ▏ 2.0 GB/4.9 GB  10.0 MB/s   4m56s[K[?25h[?2026l[?2026h[?25l[A[1Gpulling manifest [K
pulling 667b0c1932bc:  40% ▕██████           ▏ 2.0 GB/4.9 GB  10.0 MB/s   4m56s[K[?25h[?2026l[?2026h[?25l[A[1Gpulling manifest [K
pulling 667b0c1932bc:  40% ▕██████           ▏ 2.0 GB/4.9 GB  10.0 MB/s   4m55s[K[?25h[?2026l[?2026h[?25l[A[1Gpulling manifest [K
pulling 667b0c1932bc:  40% ▕██████           ▏ 2.0 GB/4.9 GB  10.0 MB/s   4m55s[K[?25h[?2026l[?2026h[?25l[A[1Gpulling manifest [K
pulling 667b0c1932bc:  40% ▕██████           ▏ 2.0 GB/4.9 GB  10.0 MB/s   4m55s[K[?25h[?2026l[?2026h[?25l[A[1Gpulling manifest [K
pulling 667b0c1932bc:  40% ▕██████           ▏ 2.0 GB/4.9 GB  10.0 MB/s   4m55s[K[?25h[?2026l[?2026h[?25l[A[1Gpulling manifest [K
pulling 667b0c1932bc:  40% ▕██████           ▏ 2.0 GB/4.9 GB  10.0 MB/s   4m55s[K[?25h[?2026l[?2026h[?25l[A[1Gpulling manifest [K
pulling 667b0c1932bc:  40% ▕██████           ▏ 2.0 GB/4.9 GB  10.0 MB/s   4m55s[K[?25h[?2026l[?2026h[?25l[A[1Gpulling manifest [K
pulling 667b0c1932bc:  40% ▕██████           ▏ 2.0 GB/4.9 GB  10.0 MB/s   4m55s[K[?25h[?2026l[?2026h[?25l[A[1Gpulling manifest [K
pulling 667b0c1932bc:  40% ▕███████           ▏ 2.0 GB/4.9 GB  9.9 MB/s   4m57s[K[?25h[?2026l[?2026h[?25l[A[1Gpulling manifest [K
pulling 667b0c1932bc:  40% ▕███████           ▏ 2.0 GB/4.9 GB  9.9 MB/s   4m57s[K[?25h[?2026l[?2026h[?25l[A[1Gpulling manifest [K
pulling 667b0c1932bc:  40% ▕███████           ▏ 2.0 GB/4.9 GB  9.9 MB/s   4m56s[K[?25h[?2026l[?2026h[?25l[A[1Gpulling manifest [K
pulling 667b0c1932bc:  40% ▕███████           ▏ 2.0 GB/4.9 GB  9.9 MB/s   4m56s[K[?25h[?2026l[?2026h[?25l[A[1Gpulling manifest [K
pulling 667b0c1932bc:  40% ▕███████           ▏ 2.0 GB/4.9 GB  9.9 MB/s   4m56s[K[?25h[?2026l[?2026h[?25l[A[1Gpulling manifest [K
pulling 667b0c1932bc:  40% ▕███████           ▏ 2.0 GB/4.9 GB  9.9 MB/s   4m56s[K[?25h[?2026l[?2026h[?25l[A[1Gpulling manifest [K
pulling 667b0c1932bc:  40% ▕███████           ▏ 2.0 GB/4.9 GB  9.9 MB/s   4m56s[K[?25h[?2026l[?2026h[?25l[A[1Gpulling manifest [K
pulling 667b0c1932bc:  40% ▕███████           ▏ 2.0 GB/4.9 GB  9.9 MB/s   4m56s[K[?25h[?2026l[?2026h[?25l[A[1Gpulling manifest [K
pulling 667b0c1932bc:  40% ▕███████           ▏ 2.0 GB/4.9 GB  9.9 MB/s   4m56s[K[?25h[?2026l[?2026h[?25l[A[1Gpulling manifest [K
pulling 667b0c1932bc:  40% ▕███████           ▏ 2.0 GB/4.9 GB  9.9 MB/s   4m56s[K[?25h[?2026l[?2026h[?25l[A[1Gpulling manifest [K
pulling 667b0c1932bc:  40% ▕███████           ▏ 2.0 GB/4.9 GB  9.8 MB/s   4m59s[K[?25h[?2026l[?2026h[?25l[A[1Gpulling manifest [K
pulling 667b0c1932bc:  40% ▕███████           ▏ 2.0 GB/4.9 GB  9.8 MB/s   4m59s[K[?25h[?2026l[?2026h[?25l[A[1Gpulling manifest [K
pulling 667b0c1932bc:  41% ▕███████           ▏ 2.0 GB/4.9 GB  9.8 MB/s   4m58s[K[?25h[?2026l[?2026h[?25l[A[1Gpulling manifest [K
pulling 667b0c1932bc:  41% ▕███████           ▏ 2.0 GB/4.9 GB  9.8 MB/s   4m58s[K[?25h[?2026l[?2026h[?25l[A[1Gpulling manifest [K
pulling 667b0c1932bc:  41% ▕███████           ▏ 2.0 GB/4.9 GB  9.8 MB/s   4m58s[K[?25h[?2026l[?2026h[?25l[A[1Gpulling manifest [K
pulling 667b0c1932bc:  41% ▕███████           ▏ 2.0 GB/4.9 GB  9.8 MB/s   4m58s[K[?25h[?2026l[?2026h[?25l[A[1Gpulling manifest [K
pulling 667b0c1932bc:  41% ▕███████           ▏ 2.0 GB/4.9 GB  9.8 MB/s   4m58s[K[?25h[?2026l[?2026h[?25l[A[1Gpulling manifest [K
pulling 667b0c1932bc:  41% ▕███████           ▏ 2.0 GB/4.9 GB  9.8 MB/s   4m58s[K[?25h[?2026l[?2026h[?25l[A[1Gpulling manifest [K
pulling 667b0c1932bc:  41% ▕███████           ▏ 2.0 GB/4.9 GB  9.8 MB/s   4m58s[K[?25h[?2026l[?2026h[?25l[A[1Gpulling manifest [K
pulling 667b0c1932bc:  41% ▕███████           ▏ 2.0 GB/4.9 GB  9.8 MB/s   4m58s[K[?25h[?2026l[?2026h[?25l[A[1Gpulling manifest [K
pulling 667b0c1932bc:  41% ▕███████           ▏ 2.0 GB/4.9 GB  9.9 MB/s   4m54s[K[?25h[?2026l[?2026h[?25l[A[1Gpulling manifest [K
pulling 667b0c1932bc:  41% ▕███████           ▏ 2.0 GB/4.9 GB  9.9 MB/s   4m54s[K[?25h[?2026l[?2026h[?25l[A[1Gpulling manifest [K
pulling 667b0c1932bc:  41% ▕███████           ▏ 2.0 GB/4.9 GB  9.9 MB/s   4m54s[K[?25h[?2026l[?2026h[?25l[A[1Gpulling manifest [K
pulling 667b0c1932bc:  41% ▕███████           ▏ 2.0 GB/4.9 GB  9.9 MB/s   4m54s[K[?25h[?2026l[?2026h[?25l[A[1Gpulling manifest [K
pulling 667b0c1932bc:  41% ▕███████           ▏ 2.0 GB/4.9 GB  9.9 MB/s   4m54s[K[?25h[?2026l[?2026h[?25l[A[1Gpulling manifest [K
pulling 667b0c1932bc:  41% ▕███████           ▏ 2.0 GB/4.9 GB  9.9 MB/s   4m54s[K[?25h[?2026l[?2026h[?25l[A[1Gpulling manifest [K
pulling 667b0c1932bc:  41% ▕███████           ▏ 2.0 GB/4.9 GB  9.9 MB/s   4m54s[K[?25h[?2026l[?2026h[?25l[A[1Gpulling manifest [K
pulling 667b0c1932bc:  41% ▕███████           ▏ 2.0 GB/4.9 GB  9.9 MB/s   4m54s[K[?25h[?2026l[?2026h[?25l[A[1Gpulling manifest [K
pulling 667b0c1932bc:  41% ▕███████           ▏ 2.0 GB/4.9 GB  9.9 MB/s   4m53s[K[?25h[?2026l[?2026h[?25l[A[1Gpulling manifest [K
pulling 667b0c1932bc:  41% ▕███████           ▏ 2.0 GB/4.9 GB  9.9 MB/s   4m53s[K[?25h[?2026l[?2026h[?25l[A[1Gpulling manifest [K
pulling 667b0c1932bc:  41% ▕██████           ▏ 2.0 GB/4.9 GB  10.0 MB/s   4m51s[K[?25h[?2026l[?2026h[?25l[A[1Gpulling manifest [K
pulling 667b0c1932bc:  41% ▕██████           ▏ 2.0 GB/4.9 GB  10.0 MB/s   4m51s[K[?25h[?2026l[?2026h[?25l[A[1Gpulling manifest [K
pulling 667b0c1932bc:  41% ▕██████           ▏ 2.0 GB/4.9 GB  10.0 MB/s   4m51s[K[?25h[?2026l[?2026h[?25l[A[1Gpulling manifest [K
pulling 667b0c1932bc:  41% ▕██████           ▏ 2.0 GB/4.9 GB  10.0 MB/s   4m51s[K[?25h[?2026l[?2026h[?25l[A[1Gpulling manifest [K
pulling 667b0c1932bc:  41% ▕██████           ▏ 2.0 GB/4.9 GB  10.0 MB/s   4m51s[K[?25h[?2026l[?2026h[?25l[A[1Gpulling manifest [K
pulling 667b0c1932bc:  41% ▕██████           ▏ 2.0 GB/4.9 GB  10.0 MB/s   4m51s[K[?25h[?2026l[?2026h[?25l[A[1Gpulling manifest [K
pulling 667b0c1932bc:  41% ▕██████           ▏ 2.0 GB/4.9 GB  10.0 MB/s   4m50s[K[?25h[?2026l[?2026h[?25l[A[1Gpulling manifest [K
pulling 667b0c1932bc:  41% ▕██████           ▏ 2.0 GB/4.9 GB  10.0 MB/s   4m50s[K[?25h[?2026l[?2026h[?25l[A[1Gpulling manifest [K
pulling 667b0c1932bc:  41% ▕██████           ▏ 2.0 GB/4.9 GB  10.0 MB/s   4m50s[K[?25h[?2026l[?2026h[?25l[A[1Gpulling manifest [K
pulling 667b0c1932bc:  41% ▕██████           ▏ 2.0 GB/4.9 GB  10.0 MB/s   4m50s[K[?25h[?2026l[?2026h[?25l[A[1Gpulling manifest [K
pulling 667b0c1932bc:  41% ▕██████           ▏ 2.0 GB/4.9 GB  10.0 MB/s   4m50s[K[?25h[?2026l[?2026h[?25l[A[1Gpulling manifest [K
pulling 667b0c1932bc:  41% ▕███████           ▏ 2.0 GB/4.9 GB  9.9 MB/s   4m51s[K[?25h[?2026l[?2026h[?25l[A[1Gpulling manifest [K
pulling 667b0c1932bc:  41% ▕███████           ▏ 2.0 GB/4.9 GB  9.9 MB/s   4m51s[K[?25h[?2026l[?2026h[?25l[A[1Gpulling manifest [K
pulling 667b0c1932bc:  41% ▕███████           ▏ 2.0 GB/4.9 GB  9.9 MB/s   4m51s[K[?25h[?2026l[?2026h[?25l[A[1Gpulling manifest [K
pulling 667b0c1932bc:  41% ▕███████           ▏ 2.0 GB/4.9 GB  9.9 MB/s   4m51s[K[?25h[?2026l[?2026h[?25l[A[1Gpulling manifest [K
pulling 667b0c1932bc:  41% ▕███████           ▏ 2.0 GB/4.9 GB  9.9 MB/s   4m51s[K[?25h[?2026l[?2026h[?25l[A[1Gpulling manifest [K
pulling 667b0c1932bc:  41% ▕███████           ▏ 2.0 GB/4.9 GB  9.9 MB/s   4m51s[K[?25h[?2026l[?2026h[?25l[A[1Gpulling manifest [K
pulling 667b0c1932bc:  41% ▕███████           ▏ 2.0 GB/4.9 GB  9.9 MB/s   4m51s[K[?25h[?2026l[?2026h[?25l[A[1Gpulling manifest [K
pulling 667b0c1932bc:  41% ▕███████           ▏ 2.0 GB/4.9 GB  9.9 MB/s   4m51s[K[?25h[?2026l[?2026h[?25l[A[1Gpulling manifest [K
pulling 667b0c1932bc:  41% ▕███████           ▏ 2.0 GB/4.9 GB  9.9 MB/s   4m51s[K[?25h[?2026l[?2026h[?25l[A[1Gpulling manifest [K
pulling 667b0c1932bc:  41% ▕███████           ▏ 2.0 GB/4.9 GB  9.9 MB/s   4m51s[K[?25h[?2026l[?2026h[?25l[A[1Gpulling manifest [K
pulling 667b0c1932bc:  41% ▕███████           ▏ 2.0 GB/4.9 GB  9.9 MB/s   4m51s[K[?25h[?2026l[?2026h[?25l[A[1Gpulling manifest [K
pulling 667b0c1932bc:  41% ▕███████           ▏ 2.0 GB/4.9 GB  9.9 MB/s   4m51s[K[?25h[?2026l[?2026h[?25l[A[1Gpulling manifest [K
pulling 667b0c1932bc:  41% ▕███████           ▏ 2.0 GB/4.9 GB  9.9 MB/s   4m51s[K[?25h[?2026l[?2026h[?25l[A[1Gpulling manifest [K
pulling 667b0c1932bc:  41% ▕███████           ▏ 2.0 GB/4.9 GB  9.9 MB/s   4m51s[K[?25h[?2026l[?2026h[?25l[A[1Gpulling manifest [K
pulling 667b0c1932bc:  41% ▕███████           ▏ 2.0 GB/4.9 GB  9.9 MB/s   4m51s[K[?25h[?2026l[?2026h[?25l[A[1Gpulling manifest [K
pulling 667b0c1932bc:  41% ▕███████           ▏ 2.0 GB/4.9 GB  9.9 MB/s   4m51s[K[?25h[?2026l[?2026h[?25l[A[1Gpulling manifest [K
pulling 667b0c1932bc:  41% ▕███████           ▏ 2.0 GB/4.9 GB  9.9 MB/s   4m51s[K[?25h[?2026l[?2026h[?25l[A[1Gpulling manifest [K
pulling 667b0c1932bc:  41% ▕███████           ▏ 2.0 GB/4.9 GB  9.9 MB/s   4m51s[K[?25h[?2026l[?2026h[?25l[A[1Gpulling manifest [K
pulling 667b0c1932bc:  41% ▕███████           ▏ 2.0 GB/4.9 GB  9.9 MB/s   4m51s[K[?25h[?2026l[?2026h[?25l[A[1Gpulling manifest [K
pulling 667b0c1932bc:  41% ▕███████           ▏ 2.0 GB/4.9 GB  9.9 MB/s   4m51s[K[?25h[?2026l[?2026h[?25l[A[1Gpulling manifest [K
pulling 667b0c1932bc:  41% ▕███████           ▏ 2.0 GB/4.9 GB  9.8 MB/s   4m53s[K[?25h[?2026l[?2026h[?25l[A[1Gpulling manifest [K
pulling 667b0c1932bc:  41% ▕███████           ▏ 2.0 GB/4.9 GB  9.8 MB/s   4m53s[K[?25h[?2026l[?2026h[?25l[A[1Gpulling manifest [K
pulling 667b0c1932bc:  42% ▕███████           ▏ 2.0 GB/4.9 GB  9.8 MB/s   4m53s[K[?25h[?2026l[?2026h[?25l[A[1Gpulling manifest [K
pulling 667b0c1932bc:  42% ▕███████           ▏ 2.0 GB/4.9 GB  9.8 MB/s   4m53s[K[?25h[?2026l[?2026h[?25l[A[1Gpulling manifest [K
pulling 667b0c1932bc:  42% ▕███████           ▏ 2.0 GB/4.9 GB  9.8 MB/s   4m53s[K[?25h[?2026l[?2026h[?25l[A[1Gpulling manifest [K
pulling 667b0c1932bc:  42% ▕███████           ▏ 2.0 GB/4.9 GB  9.8 MB/s   4m53s[K[?25h[?2026l[?2026h[?25l[A[1Gpulling manifest [K
pulling 667b0c1932bc:  42% ▕███████           ▏ 2.0 GB/4.9 GB  9.8 MB/s   4m53s[K[?25h[?2026l[?2026h[?25l[A[1Gpulling manifest [K
pulling 667b0c1932bc:  42% ▕███████           ▏ 2.0 GB/4.9 GB  9.8 MB/s   4m53s[K[?25h[?2026l[?2026h[?25l[A[1Gpulling manifest [K
pulling 667b0c1932bc:  42% ▕███████           ▏ 2.0 GB/4.9 GB  9.8 MB/s   4m53s[K[?25h[?2026l[?2026h[?25l[A[1Gpulling manifest [K
pulling 667b0c1932bc:  42% ▕███████           ▏ 2.0 GB/4.9 GB  9.8 MB/s   4m53s[K[?25h[?2026l[?2026h[?25l[A[1Gpulling manifest [K
pulling 667b0c1932bc:  42% ▕███████           ▏ 2.0 GB/4.9 GB  9.7 MB/s   4m55s[K[?25h[?2026l[?2026h[?25l[A[1Gpulling manifest [K
pulling 667b0c1932bc:  42% ▕███████           ▏ 2.1 GB/4.9 GB  9.7 MB/s   4m55s[K[?25h[?2026l[?2026h[?25l[A[1Gpulling manifest [K
pulling 667b0c1932bc:  42% ▕███████           ▏ 2.1 GB/4.9 GB  9.7 MB/s   4m55s[K[?25h[?2026l[?2026h[?25l[A[1Gpulling manifest [K
pulling 667b0c1932bc:  42% ▕███████           ▏ 2.1 GB/4.9 GB  9.7 MB/s   4m55s[K[?25h[?2026l[?2026h[?25l[A[1Gpulling manifest [K
pulling 667b0c1932bc:  42% ▕███████           ▏ 2.1 GB/4.9 GB  9.7 MB/s   4m55s[K[?25h[?2026l[?2026h[?25l[A[1Gpulling manifest [K
pulling 667b0c1932bc:  42% ▕███████           ▏ 2.1 GB/4.9 GB  9.7 MB/s   4m55s[K[?25h[?2026l[?2026h[?25l[A[1Gpulling manifest [K
pulling 667b0c1932bc:  42% ▕███████           ▏ 2.1 GB/4.9 GB  9.7 MB/s   4m55s[K[?25h[?2026l[?2026h[?25l[A[1Gpulling manifest [K
pulling 667b0c1932bc:  42% ▕███████           ▏ 2.1 GB/4.9 GB  9.7 MB/s   4m55s[K[?25h[?2026l[?2026h[?25l[A[1Gpulling manifest [K
pulling 667b0c1932bc:  42% ▕███████           ▏ 2.1 GB/4.9 GB  9.7 MB/s   4m55s[K[?25h[?2026l[?2026h[?25l[A[1Gpulling manifest [K
pulling 667b0c1932bc:  42% ▕███████           ▏ 2.1 GB/4.9 GB  9.7 MB/s   4m55s[K[?25h[?2026l[?2026h[?25l[A[1Gpulling manifest [K
pulling 667b0c1932bc:  42% ▕███████           ▏ 2.1 GB/4.9 GB  9.7 MB/s   4m55s[K[?25h[?2026l[?2026h[?25l[A[1Gpulling manifest [K
pulling 667b0c1932bc:  42% ▕███████           ▏ 2.1 GB/4.9 GB  9.7 MB/s   4m55s[K[?25h[?2026l[?2026h[?25l[A[1Gpulling manifest [K
pulling 667b0c1932bc:  42% ▕███████           ▏ 2.1 GB/4.9 GB  9.7 MB/s   4m55s[K[?25h[?2026l[?2026h[?25l[A[1Gpulling manifest [K
pulling 667b0c1932bc:  42% ▕███████           ▏ 2.1 GB/4.9 GB  9.7 MB/s   4m55s[K[?25h[?2026l[?2026h[?25l[A[1Gpulling manifest [K
pulling 667b0c1932bc:  42% ▕███████           ▏ 2.1 GB/4.9 GB  9.7 MB/s   4m55s[K[?25h[?2026l[?2026h[?25l[A[1Gpulling manifest [K
pulling 667b0c1932bc:  42% ▕███████           ▏ 2.1 GB/4.9 GB  9.7 MB/s   4m55s[K[?25h[?2026l[?2026h[?25l[A[1Gpulling manifest [K
pulling 667b0c1932bc:  42% ▕███████           ▏ 2.1 GB/4.9 GB  9.7 MB/s   4m54s[K[?25h[?2026l[?2026h[?25l[A[1Gpulling manifest [K
pulling 667b0c1932bc:  42% ▕███████           ▏ 2.1 GB/4.9 GB  9.7 MB/s   4m54s[K[?25h[?2026l[?2026h[?25l[A[1Gpulling manifest [K
pulling 667b0c1932bc:  42% ▕███████           ▏ 2.1 GB/4.9 GB  9.7 MB/s   4m54s[K[?25h[?2026l[?2026h[?25l[A[1Gpulling manifest [K
pulling 667b0c1932bc:  42% ▕███████           ▏ 2.1 GB/4.9 GB  9.7 MB/s   4m54s[K[?25h[?2026l[?2026h[?25l[A[1Gpulling manifest [K
pulling 667b0c1932bc:  42% ▕███████           ▏ 2.1 GB/4.9 GB  9.7 MB/s   4m54s[K[?25h[?2026l[?2026h[?25l[A[1Gpulling manifest [K
pulling 667b0c1932bc:  42% ▕███████           ▏ 2.1 GB/4.9 GB  9.7 MB/s   4m55s[K[?25h[?2026l[?2026h[?25l[A[1Gpulling manifest [K
pulling 667b0c1932bc:  42% ▕███████           ▏ 2.1 GB/4.9 GB  9.7 MB/s   4m54s[K[?25h[?2026l[?2026h[?25l[A[1Gpulling manifest [K
pulling 667b0c1932bc:  42% ▕███████           ▏ 2.1 GB/4.9 GB  9.7 MB/s   4m54s[K[?25h[?2026l[?2026h[?25l[A[1Gpulling manifest [K
pulling 667b0c1932bc:  42% ▕███████           ▏ 2.1 GB/4.9 GB  9.7 MB/s   4m54s[K[?25h[?2026l[?2026h[?25l[A[1Gpulling manifest [K
pulling 667b0c1932bc:  42% ▕███████           ▏ 2.1 GB/4.9 GB  9.7 MB/s   4m54s[K[?25h[?2026l[?2026h[?25l[A[1Gpulling manifest [K
pulling 667b0c1932bc:  42% ▕███████           ▏ 2.1 GB/4.9 GB  9.7 MB/s   4m54s[K[?25h[?2026l[?2026h[?25l[A[1Gpulling manifest [K
pulling 667b0c1932bc:  42% ▕███████           ▏ 2.1 GB/4.9 GB  9.7 MB/s   4m54s[K[?25h[?2026l[?2026h[?25l[A[1Gpulling manifest [K
pulling 667b0c1932bc:  42% ▕███████           ▏ 2.1 GB/4.9 GB  9.7 MB/s   4m54s[K[?25h[?2026l[?2026h[?25l[A[1Gpulling manifest [K
pulling 667b0c1932bc:  42% ▕███████           ▏ 2.1 GB/4.9 GB  9.7 MB/s   4m54s[K[?25h[?2026l[?2026h[?25l[A[1Gpulling manifest [K
pulling 667b0c1932bc:  42% ▕███████           ▏ 2.1 GB/4.9 GB  9.7 MB/s   4m54s[K[?25h[?2026l[?2026h[?25l[A[1Gpulling manifest [K
pulling 667b0c1932bc:  42% ▕███████           ▏ 2.1 GB/4.9 GB  9.5 MB/s   4m57s[K[?25h[?2026l[?2026h[?25l[A[1Gpulling manifest [K
pulling 667b0c1932bc:  42% ▕███████           ▏ 2.1 GB/4.9 GB  9.5 MB/s   4m57s[K[?25h[?2026l[?2026h[?25l[A[1Gpulling manifest [K
pulling 667b0c1932bc:  42% ▕███████           ▏ 2.1 GB/4.9 GB  9.5 MB/s   4m57s[K[?25h[?2026l[?2026h[?25l[A[1Gpulling manifest [K
pulling 667b0c1932bc:  42% ▕███████           ▏ 2.1 GB/4.9 GB  9.5 MB/s   4m57s[K[?25h[?2026l[?2026h[?25l[A[1Gpulling manifest [K
pulling 667b0c1932bc:  42% ▕███████           ▏ 2.1 GB/4.9 GB  9.5 MB/s   4m57s[K[?25h[?2026l[?2026h[?25l[A[1Gpulling manifest [K
pulling 667b0c1932bc:  42% ▕███████           ▏ 2.1 GB/4.9 GB  9.5 MB/s   4m57s[K[?25h[?2026l[?2026h[?25l[A[1Gpulling manifest [K
pulling 667b0c1932bc:  42% ▕███████           ▏ 2.1 GB/4.9 GB  9.5 MB/s   4m57s[K[?25h[?2026l[?2026h[?25l[A[1Gpulling manifest [K
pulling 667b0c1932bc:  42% ▕███████           ▏ 2.1 GB/4.9 GB  9.5 MB/s   4m56s[K[?25h[?2026l[?2026h[?25l[A[1Gpulling manifest [K
pulling 667b0c1932bc:  42% ▕███████           ▏ 2.1 GB/4.9 GB  9.5 MB/s   4m56s[K[?25h[?2026l[?2026h[?25l[A[1Gpulling manifest [K
pulling 667b0c1932bc:  42% ▕███████           ▏ 2.1 GB/4.9 GB  9.5 MB/s   4m56s[K[?25h[?2026l[?2026h[?25l[A[1Gpulling manifest [K
pulling 667b0c1932bc:  42% ▕███████           ▏ 2.1 GB/4.9 GB  9.5 MB/s   4m56s[K[?25h[?2026l[?2026h[?25l[A[1Gpulling manifest [K
pulling 667b0c1932bc:  42% ▕███████           ▏ 2.1 GB/4.9 GB  9.5 MB/s   4m56s[K[?25h[?2026l[?2026h[?25l[A[1Gpulling manifest [K
pulling 667b0c1932bc:  42% ▕███████           ▏ 2.1 GB/4.9 GB  9.5 MB/s   4m56s[K[?25h[?2026l[?2026h[?25l[A[1Gpulling manifest [K
pulling 667b0c1932bc:  42% ▕███████           ▏ 2.1 GB/4.9 GB  9.5 MB/s   4m56s[K[?25h[?2026l[?2026h[?25l[A[1Gpulling manifest [K
pulling 667b0c1932bc:  43% ▕███████           ▏ 2.1 GB/4.9 GB  9.5 MB/s   4m56s[K[?25h[?2026l[?2026h[?25l[A[1Gpulling manifest [K
pulling 667b0c1932bc:  43% ▕███████           ▏ 2.1 GB/4.9 GB  9.5 MB/s   4m56s[K[?25h[?2026l[?2026h[?25l[A[1Gpulling manifest [K
pulling 667b0c1932bc:  43% ▕███████           ▏ 2.1 GB/4.9 GB  9.5 MB/s   4m56s[K[?25h[?2026l[?2026h[?25l[A[1Gpulling manifest [K
pulling 667b0c1932bc:  43% ▕███████           ▏ 2.1 GB/4.9 GB  9.5 MB/s   4m56s[K[?25h[?2026l[?2026h[?25l[A[1Gpulling manifest [K
pulling 667b0c1932bc:  43% ▕███████           ▏ 2.1 GB/4.9 GB  9.5 MB/s   4m56s[K[?25h[?2026l[?2026h[?25l[A[1Gpulling manifest [K
pulling 667b0c1932bc:  43% ▕███████           ▏ 2.1 GB/4.9 GB  9.5 MB/s   4m55s[K[?25h[?2026l[?2026h[?25l[A[1Gpulling manifest [K
pulling 667b0c1932bc:  43% ▕███████           ▏ 2.1 GB/4.9 GB  9.6 MB/s   4m53s[K[?25h[?2026l[?2026h[?25l[A[1Gpulling manifest [K
pulling 667b0c1932bc:  43% ▕███████           ▏ 2.1 GB/4.9 GB  9.6 MB/s   4m53s[K[?25h[?2026l[?2026h[?25l[A[1Gpulling manifest [K
pulling 667b0c1932bc:  43% ▕███████           ▏ 2.1 GB/4.9 GB  9.6 MB/s   4m53s[K[?25h[?2026l[?2026h[?25l[A[1Gpulling manifest [K
pulling 667b0c1932bc:  43% ▕███████           ▏ 2.1 GB/4.9 GB  9.6 MB/s   4m53s[K[?25h[?2026l[?2026h[?25l[A[1Gpulling manifest [K
pulling 667b0c1932bc:  43% ▕███████           ▏ 2.1 GB/4.9 GB  9.6 MB/s   4m53s[K[?25h[?2026l[?2026h[?25l[A[1Gpulling manifest [K
pulling 667b0c1932bc:  43% ▕███████           ▏ 2.1 GB/4.9 GB  9.6 MB/s   4m53s[K[?25h[?2026l[?2026h[?25l[A[1Gpulling manifest [K
pulling 667b0c1932bc:  43% ▕███████           ▏ 2.1 GB/4.9 GB  9.6 MB/s   4m53s[K[?25h[?2026l[?2026h[?25l[A[1Gpulling manifest [K
pulling 667b0c1932bc:  43% ▕███████           ▏ 2.1 GB/4.9 GB  9.6 MB/s   4m52s[K[?25h[?2026l[?2026h[?25l[A[1Gpulling manifest [K
pulling 667b0c1932bc:  43% ▕███████           ▏ 2.1 GB/4.9 GB  9.6 MB/s   4m52s[K[?25h[?2026l[?2026h[?25l[A[1Gpulling manifest [K
pulling 667b0c1932bc:  43% ▕███████           ▏ 2.1 GB/4.9 GB  9.6 MB/s   4m52s[K[?25h[?2026l[?2026h[?25l[A[1Gpulling manifest [K
pulling 667b0c1932bc:  43% ▕███████           ▏ 2.1 GB/4.9 GB  9.7 MB/s   4m50s[K[?25h[?2026l[?2026h[?25l[A[1Gpulling manifest [K
pulling 667b0c1932bc:  43% ▕███████           ▏ 2.1 GB/4.9 GB  9.7 MB/s   4m50s[K[?25h[?2026l[?2026h[?25l[A[1Gpulling manifest [K
pulling 667b0c1932bc:  43% ▕███████           ▏ 2.1 GB/4.9 GB  9.7 MB/s   4m50s[K[?25h[?2026l[?2026h[?25l[A[1Gpulling manifest [K
pulling 667b0c1932bc:  43% ▕███████           ▏ 2.1 GB/4.9 GB  9.7 MB/s   4m50s[K[?25h[?2026l[?2026h[?25l[A[1Gpulling manifest [K
pulling 667b0c1932bc:  43% ▕███████           ▏ 2.1 GB/4.9 GB  9.7 MB/s   4m50s[K[?25h[?2026l[?2026h[?25l[A[1Gpulling manifest [K
pulling 667b0c1932bc:  43% ▕███████           ▏ 2.1 GB/4.9 GB  9.7 MB/s   4m49s[K[?25h[?2026l[?2026h[?25l[A[1Gpulling manifest [K
pulling 667b0c1932bc:  43% ▕███████           ▏ 2.1 GB/4.9 GB  9.7 MB/s   4m49s[K[?25h[?2026l[?2026h[?25l[A[1Gpulling manifest [K
pulling 667b0c1932bc:  43% ▕███████           ▏ 2.1 GB/4.9 GB  9.7 MB/s   4m49s[K[?25h[?2026l[?2026h[?25l[A[1Gpulling manifest [K
pulling 667b0c1932bc:  43% ▕███████           ▏ 2.1 GB/4.9 GB  9.7 MB/s   4m49s[K[?25h[?2026l[?2026h[?25l[A[1Gpulling manifest [K
pulling 667b0c1932bc:  43% ▕███████           ▏ 2.1 GB/4.9 GB  9.7 MB/s   4m49s[K[?25h[?2026l[?2026h[?25l[A[1Gpulling manifest [K
pulling 667b0c1932bc:  43% ▕███████           ▏ 2.1 GB/4.9 GB  9.7 MB/s   4m49s[K[?25h[?2026l[?2026h[?25l[A[1Gpulling manifest [K
pulling 667b0c1932bc:  43% ▕███████           ▏ 2.1 GB/4.9 GB  9.7 MB/s   4m47s[K[?25h[?2026l[?2026h[?25l[A[1Gpulling manifest [K
pulling 667b0c1932bc:  43% ▕███████           ▏ 2.1 GB/4.9 GB  9.7 MB/s   4m47s[K[?25h[?2026l[?2026h[?25l[A[1Gpulling manifest [K
pulling 667b0c1932bc:  43% ▕███████           ▏ 2.1 GB/4.9 GB  9.7 MB/s   4m47s[K[?25h[?2026l[?2026h[?25l[A[1Gpulling manifest [K
pulling 667b0c1932bc:  43% ▕███████           ▏ 2.1 GB/4.9 GB  9.7 MB/s   4m47s[K[?25h[?2026l[?2026h[?25l[A[1Gpulling manifest [K
pulling 667b0c1932bc:  43% ▕███████           ▏ 2.1 GB/4.9 GB  9.7 MB/s   4m47s[K[?25h[?2026l[?2026h[?25l[A[1Gpulling manifest [K
pulling 667b0c1932bc:  43% ▕███████           ▏ 2.1 GB/4.9 GB  9.7 MB/s   4m47s[K[?25h[?2026l[?2026h[?25l[A[1Gpulling manifest [K
pulling 667b0c1932bc:  43% ▕███████           ▏ 2.1 GB/4.9 GB  9.7 MB/s   4m46s[K[?25h[?2026l[?2026h[?25l[A[1Gpulling manifest [K
pulling 667b0c1932bc:  43% ▕███████           ▏ 2.1 GB/4.9 GB  9.7 MB/s   4m46s[K[?25h[?2026l[?2026h[?25l[A[1Gpulling manifest [K
pulling 667b0c1932bc:  43% ▕███████           ▏ 2.1 GB/4.9 GB  9.7 MB/s   4m46s[K[?25h[?2026l[?2026h[?25l[A[1Gpulling manifest [K
pulling 667b0c1932bc:  43% ▕███████           ▏ 2.1 GB/4.9 GB  9.7 MB/s   4m46s[K[?25h[?2026l[?2026h[?25l[A[1Gpulling manifest [K
pulling 667b0c1932bc:  43% ▕███████           ▏ 2.1 GB/4.9 GB  9.7 MB/s   4m46s[K[?25h[?2026l[?2026h[?25l[A[1Gpulling manifest [K
pulling 667b0c1932bc:  43% ▕███████           ▏ 2.1 GB/4.9 GB  9.7 MB/s   4m46s[K[?25h[?2026l[?2026h[?25l[A[1Gpulling manifest [K
pulling 667b0c1932bc:  43% ▕███████           ▏ 2.1 GB/4.9 GB  9.7 MB/s   4m46s[K[?25h[?2026l[?2026h[?25l[A[1Gpulling manifest [K
pulling 667b0c1932bc:  43% ▕███████           ▏ 2.1 GB/4.9 GB  9.7 MB/s   4m46s[K[?25h[?2026l[?2026h[?25l[A[1Gpulling manifest [K
pulling 667b0c1932bc:  43% ▕███████           ▏ 2.1 GB/4.9 GB  9.7 MB/s   4m46s[K[?25h[?2026l[?2026h[?25l[A[1Gpulling manifest [K
pulling 667b0c1932bc:  43% ▕███████           ▏ 2.1 GB/4.9 GB  9.7 MB/s   4m46s[K[?25h[?2026l[?2026h[?25l[A[1Gpulling manifest [K
pulling 667b0c1932bc:  43% ▕███████           ▏ 2.1 GB/4.9 GB  9.7 MB/s   4m46s[K[?25h[?2026l[?2026h[?25l[A[1Gpulling manifest [K
pulling 667b0c1932bc:  43% ▕███████           ▏ 2.1 GB/4.9 GB  9.7 MB/s   4m46s[K[?25h[?2026l[?2026h[?25l[A[1Gpulling manifest [K
pulling 667b0c1932bc:  43% ▕███████           ▏ 2.1 GB/4.9 GB  9.7 MB/s   4m45s[K[?25h[?2026l[?2026h[?25l[A[1Gpulling manifest [K
pulling 667b0c1932bc:  43% ▕███████           ▏ 2.1 GB/4.9 GB  9.7 MB/s   4m45s[K[?25h[?2026l[?2026h[?25l[A[1Gpulling manifest [K
pulling 667b0c1932bc:  43% ▕███████           ▏ 2.1 GB/4.9 GB  9.8 MB/s   4m44s[K[?25h[?2026l[?2026h[?25l[A[1Gpulling manifest [K
pulling 667b0c1932bc:  43% ▕███████           ▏ 2.1 GB/4.9 GB  9.8 MB/s   4m43s[K[?25h[?2026l[?2026h[?25l[A[1Gpulling manifest [K
pulling 667b0c1932bc:  43% ▕███████           ▏ 2.1 GB/4.9 GB  9.8 MB/s   4m43s[K[?25h[?2026l[?2026h[?25l[A[1Gpulling manifest [K
pulling 667b0c1932bc:  43% ▕███████           ▏ 2.1 GB/4.9 GB  9.8 MB/s   4m43s[K[?25h[?2026l[?2026h[?25l[A[1Gpulling manifest [K
pulling 667b0c1932bc:  44% ▕███████           ▏ 2.1 GB/4.9 GB  9.8 MB/s   4m43s[K[?25h[?2026l[?2026h[?25l[A[1Gpulling manifest [K
pulling 667b0c1932bc:  44% ▕███████           ▏ 2.1 GB/4.9 GB  9.8 MB/s   4m43s[K[?25h[?2026l[?2026h[?25l[A[1Gpulling manifest [K
pulling 667b0c1932bc:  44% ▕███████           ▏ 2.1 GB/4.9 GB  9.8 MB/s   4m43s[K[?25h[?2026l[?2026h[?25l[A[1Gpulling manifest [K
pulling 667b0c1932bc:  44% ▕███████           ▏ 2.1 GB/4.9 GB  9.8 MB/s   4m43s[K[?25h[?2026l[?2026h[?25l[A[1Gpulling manifest [K
pulling 667b0c1932bc:  44% ▕███████           ▏ 2.1 GB/4.9 GB  9.8 MB/s   4m43s[K[?25h[?2026l[?2026h[?25l[A[1Gpulling manifest [K
pulling 667b0c1932bc:  44% ▕███████           ▏ 2.1 GB/4.9 GB  9.8 MB/s   4m43s[K[?25h[?2026l[?2026h[?25l[A[1Gpulling manifest [K
pulling 667b0c1932bc:  44% ▕███████           ▏ 2.1 GB/4.9 GB  9.8 MB/s   4m44s[K[?25h[?2026l[?2026h[?25l[A[1Gpulling manifest [K
pulling 667b0c1932bc:  44% ▕███████           ▏ 2.1 GB/4.9 GB  9.8 MB/s   4m44s[K[?25h[?2026l[?2026h[?25l[A[1Gpulling manifest [K
pulling 667b0c1932bc:  44% ▕███████           ▏ 2.1 GB/4.9 GB  9.8 MB/s   4m44s[K[?25h[?2026l[?2026h[?25l[A[1Gpulling manifest [K
pulling 667b0c1932bc:  44% ▕███████           ▏ 2.1 GB/4.9 GB  9.8 MB/s   4m44s[K[?25h[?2026l[?2026h[?25l[A[1Gpulling manifest [K
pulling 667b0c1932bc:  44% ▕███████           ▏ 2.2 GB/4.9 GB  9.8 MB/s   4m43s[K[?25h[?2026l[?2026h[?25l[A[1Gpulling manifest [K
pulling 667b0c1932bc:  44% ▕███████           ▏ 2.2 GB/4.9 GB  9.8 MB/s   4m43s[K[?25h[?2026l[?2026h[?25l[A[1Gpulling manifest [K
pulling 667b0c1932bc:  44% ▕███████           ▏ 2.2 GB/4.9 GB  9.8 MB/s   4m43s[K[?25h[?2026l[?2026h[?25l[A[1Gpulling manifest [K
pulling 667b0c1932bc:  44% ▕███████           ▏ 2.2 GB/4.9 GB  9.8 MB/s   4m43s[K[?25h[?2026l[?2026h[?25l[A[1Gpulling manifest [K
pulling 667b0c1932bc:  44% ▕███████           ▏ 2.2 GB/4.9 GB  9.8 MB/s   4m43s[K[?25h[?2026l[?2026h[?25l[A[1Gpulling manifest [K
pulling 667b0c1932bc:  44% ▕███████           ▏ 2.2 GB/4.9 GB  9.8 MB/s   4m43s[K[?25h[?2026l[?2026h[?25l[A[1Gpulling manifest [K
pulling 667b0c1932bc:  44% ▕███████           ▏ 2.2 GB/4.9 GB  9.8 MB/s   4m43s[K[?25h[?2026l[?2026h[?25l[A[1Gpulling manifest [K
pulling 667b0c1932bc:  44% ▕███████           ▏ 2.2 GB/4.9 GB  9.8 MB/s   4m43s[K[?25h[?2026l[?2026h[?25l[A[1Gpulling manifest [K
pulling 667b0c1932bc:  44% ▕███████           ▏ 2.2 GB/4.9 GB  9.8 MB/s   4m43s[K[?25h[?2026l[?2026h[?25l[A[1Gpulling manifest [K
pulling 667b0c1932bc:  44% ▕███████           ▏ 2.2 GB/4.9 GB  9.8 MB/s   4m42s[K[?25h[?2026l[?2026h[?25l[A[1Gpulling manifest [K
pulling 667b0c1932bc:  44% ▕███████           ▏ 2.2 GB/4.9 GB  9.8 MB/s   4m42s[K[?25h[?2026l[?2026h[?25l[A[1Gpulling manifest [K
pulling 667b0c1932bc:  44% ▕███████           ▏ 2.2 GB/4.9 GB  9.8 MB/s   4m42s[K[?25h[?2026l[?2026h[?25l[A[1Gpulling manifest [K
pulling 667b0c1932bc:  44% ▕███████           ▏ 2.2 GB/4.9 GB  9.8 MB/s   4m42s[K[?25h[?2026l[?2026h[?25l[A[1Gpulling manifest [K
pulling 667b0c1932bc:  44% ▕███████           ▏ 2.2 GB/4.9 GB  9.8 MB/s   4m42s[K[?25h[?2026l[?2026h[?25l[A[1Gpulling manifest [K
pulling 667b0c1932bc:  44% ▕███████           ▏ 2.2 GB/4.9 GB  9.8 MB/s   4m42s[K[?25h[?2026l[?2026h[?25l[A[1Gpulling manifest [K
pulling 667b0c1932bc:  44% ▕███████           ▏ 2.2 GB/4.9 GB  9.8 MB/s   4m42s[K[?25h[?2026l[?2026h[?25l[A[1Gpulling manifest [K
pulling 667b0c1932bc:  44% ▕███████           ▏ 2.2 GB/4.9 GB  9.8 MB/s   4m42s[K[?25h[?2026l[?2026h[?25l[A[1Gpulling manifest [K
pulling 667b0c1932bc:  44% ▕███████           ▏ 2.2 GB/4.9 GB  9.8 MB/s   4m41s[K[?25h[?2026l[?2026h[?25l[A[1Gpulling manifest [K
pulling 667b0c1932bc:  44% ▕███████           ▏ 2.2 GB/4.9 GB  9.8 MB/s   4m41s[K[?25h[?2026l[?2026h[?25l[A[1Gpulling manifest [K
pulling 667b0c1932bc:  44% ▕███████           ▏ 2.2 GB/4.9 GB  9.8 MB/s   4m41s[K[?25h[?2026l[?2026h[?25l[A[1Gpulling manifest [K
pulling 667b0c1932bc:  44% ▕███████           ▏ 2.2 GB/4.9 GB  9.8 MB/s   4m41s[K[?25h[?2026l[?2026h[?25l[A[1Gpulling manifest [K
pulling 667b0c1932bc:  44% ▕███████           ▏ 2.2 GB/4.9 GB  9.8 MB/s   4m41s[K[?25h[?2026l[?2026h[?25l[A[1Gpulling manifest [K
pulling 667b0c1932bc:  44% ▕███████           ▏ 2.2 GB/4.9 GB  9.8 MB/s   4m41s[K[?25h[?2026l[?2026h[?25l[A[1Gpulling manifest [K
pulling 667b0c1932bc:  44% ▕███████           ▏ 2.2 GB/4.9 GB  9.8 MB/s   4m40s[K[?25h[?2026l[?2026h[?25l[A[1Gpulling manifest [K
pulling 667b0c1932bc:  44% ▕███████           ▏ 2.2 GB/4.9 GB  9.8 MB/s   4m40s[K[?25h[?2026l[?2026h[?25l[A[1Gpulling manifest [K
pulling 667b0c1932bc:  44% ▕███████           ▏ 2.2 GB/4.9 GB  9.8 MB/s   4m40s[K[?25h[?2026l[?2026h[?25l[A[1Gpulling manifest [K
pulling 667b0c1932bc:  44% ▕███████           ▏ 2.2 GB/4.9 GB  9.8 MB/s   4m40s[K[?25h[?2026l[?2026h[?25l[A[1Gpulling manifest [K
pulling 667b0c1932bc:  44% ▕███████           ▏ 2.2 GB/4.9 GB  9.5 MB/s   4m50s[K[?25h[?2026l[?2026h[?25l[A[1Gpulling manifest [K
pulling 667b0c1932bc:  44% ▕███████           ▏ 2.2 GB/4.9 GB  9.5 MB/s   4m50s[K[?25h[?2026l[?2026h[?25l[A[1Gpulling manifest [K
pulling 667b0c1932bc:  44% ▕███████           ▏ 2.2 GB/4.9 GB  9.5 MB/s   4m50s[K[?25h[?2026l[?2026h[?25l[A[1Gpulling manifest [K
pulling 667b0c1932bc:  44% ▕███████           ▏ 2.2 GB/4.9 GB  9.5 MB/s   4m50s[K[?25h[?2026l[?2026h[?25l[A[1Gpulling manifest [K
pulling 667b0c1932bc:  44% ▕███████           ▏ 2.2 GB/4.9 GB  9.5 MB/s   4m50s[K[?25h[?2026l[?2026h[?25l[A[1Gpulling manifest [K
pulling 667b0c1932bc:  44% ▕███████           ▏ 2.2 GB/4.9 GB  9.5 MB/s   4m50s[K[?25h[?2026l[?2026h[?25l[A[1Gpulling manifest [K
pulling 667b0c1932bc:  44% ▕███████           ▏ 2.2 GB/4.9 GB  9.5 MB/s   4m49s[K[?25h[?2026l[?2026h[?25l[A[1Gpulling manifest [K
pulling 667b0c1932bc:  44% ▕███████           ▏ 2.2 GB/4.9 GB  9.5 MB/s   4m49s[K[?25h[?2026l[?2026h[?25l[A[1Gpulling manifest [K
pulling 667b0c1932bc:  44% ▕███████           ▏ 2.2 GB/4.9 GB  9.5 MB/s   4m49s[K[?25h[?2026l[?2026h[?25l[A[1Gpulling manifest [K
pulling 667b0c1932bc:  44% ▕███████           ▏ 2.2 GB/4.9 GB  9.5 MB/s   4m49s[K[?25h[?2026l[?2026h[?25l[A[1Gpulling manifest [K
pulling 667b0c1932bc:  44% ▕███████           ▏ 2.2 GB/4.9 GB  9.3 MB/s   4m55s[K[?25h[?2026l[?2026h[?25l[A[1Gpulling manifest [K
pulling 667b0c1932bc:  44% ▕███████           ▏ 2.2 GB/4.9 GB  9.3 MB/s   4m55s[K[?25h[?2026l[?2026h[?25l[A[1Gpulling manifest [K
pulling 667b0c1932bc:  44% ▕███████           ▏ 2.2 GB/4.9 GB  9.3 MB/s   4m55s[K[?25h[?2026l[?2026h[?25l[A[1Gpulling manifest [K
pulling 667b0c1932bc:  44% ▕███████           ▏ 2.2 GB/4.9 GB  9.3 MB/s   4m55s[K[?25h[?2026l[?2026h[?25l[A[1Gpulling manifest [K
pulling 667b0c1932bc:  44% ▕███████           ▏ 2.2 GB/4.9 GB  9.3 MB/s   4m55s[K[?25h[?2026l[?2026h[?25l[A[1Gpulling manifest [K
pulling 667b0c1932bc:  44% ▕████████          ▏ 2.2 GB/4.9 GB  9.3 MB/s   4m55s[K[?25h[?2026l[?2026h[?25l[A[1Gpulling manifest [K
pulling 667b0c1932bc:  44% ▕████████          ▏ 2.2 GB/4.9 GB  9.3 MB/s   4m55s[K[?25h[?2026l[?2026h[?25l[A[1Gpulling manifest [K
pulling 667b0c1932bc:  44% ▕████████          ▏ 2.2 GB/4.9 GB  9.3 MB/s   4m54s[K[?25h[?2026l[?2026h[?25l[A[1Gpulling manifest [K
pulling 667b0c1932bc:  45% ▕████████          ▏ 2.2 GB/4.9 GB  9.3 MB/s   4m54s[K[?25h[?2026l[?2026h[?25l[A[1Gpulling manifest [K
pulling 667b0c1932bc:  45% ▕████████          ▏ 2.2 GB/4.9 GB  9.3 MB/s   4m54s[K[?25h[?2026l[?2026h[?25l[A[1Gpulling manifest [K
pulling 667b0c1932bc:  45% ▕████████          ▏ 2.2 GB/4.9 GB  9.3 MB/s   4m53s[K[?25h[?2026l[?2026h[?25l[A[1Gpulling manifest [K
pulling 667b0c1932bc:  45% ▕████████          ▏ 2.2 GB/4.9 GB  9.3 MB/s   4m53s[K[?25h[?2026l[?2026h[?25l[A[1Gpulling manifest [K
pulling 667b0c1932bc:  45% ▕████████          ▏ 2.2 GB/4.9 GB  9.3 MB/s   4m53s[K[?25h[?2026l[?2026h[?25l[A[1Gpulling manifest [K
pulling 667b0c1932bc:  45% ▕████████          ▏ 2.2 GB/4.9 GB  9.3 MB/s   4m53s[K[?25h[?2026l[?2026h[?25l[A[1Gpulling manifest [K
pulling 667b0c1932bc:  45% ▕████████          ▏ 2.2 GB/4.9 GB  9.3 MB/s   4m53s[K[?25h[?2026l[?2026h[?25l[A[1Gpulling manifest [K
pulling 667b0c1932bc:  45% ▕████████          ▏ 2.2 GB/4.9 GB  9.3 MB/s   4m53s[K[?25h[?2026l[?2026h[?25l[A[1Gpulling manifest [K
pulling 667b0c1932bc:  45% ▕████████          ▏ 2.2 GB/4.9 GB  9.3 MB/s   4m52s[K[?25h[?2026l[?2026h[?25l[A[1Gpulling manifest [K
pulling 667b0c1932bc:  45% ▕████████          ▏ 2.2 GB/4.9 GB  9.3 MB/s   4m52s[K[?25h[?2026l[?2026h[?25l[A[1Gpulling manifest [K
pulling 667b0c1932bc:  45% ▕████████          ▏ 2.2 GB/4.9 GB  9.3 MB/s   4m52s[K[?25h[?2026l[?2026h[?25l[A[1Gpulling manifest [K
pulling 667b0c1932bc:  45% ▕████████          ▏ 2.2 GB/4.9 GB  9.3 MB/s   4m52s[K[?25h[?2026l[?2026h[?25l[A[1Gpulling manifest [K
pulling 667b0c1932bc:  45% ▕████████          ▏ 2.2 GB/4.9 GB  9.2 MB/s   4m54s[K[?25h[?2026l[?2026h[?25l[A[1Gpulling manifest [K
pulling 667b0c1932bc:  45% ▕████████          ▏ 2.2 GB/4.9 GB  9.2 MB/s   4m54s[K[?25h[?2026l[?2026h[?25l[A[1Gpulling manifest [K
pulling 667b0c1932bc:  45% ▕████████          ▏ 2.2 GB/4.9 GB  9.2 MB/s   4m54s[K[?25h[?2026l[?2026h[?25l[A[1Gpulling manifest [K
pulling 667b0c1932bc:  45% ▕████████          ▏ 2.2 GB/4.9 GB  9.2 MB/s   4m54s[K[?25h[?2026l[?2026h[?25l[A[1Gpulling manifest [K
pulling 667b0c1932bc:  45% ▕████████          ▏ 2.2 GB/4.9 GB  9.2 MB/s   4m54s[K[?25h[?2026l[?2026h[?25l[A[1Gpulling manifest [K
pulling 667b0c1932bc:  45% ▕████████          ▏ 2.2 GB/4.9 GB  9.2 MB/s   4m54s[K[?25h[?2026l[?2026h[?25l[A[1Gpulling manifest [K
pulling 667b0c1932bc:  45% ▕████████          ▏ 2.2 GB/4.9 GB  9.2 MB/s   4m53s[K[?25h[?2026l[?2026h[?25l[A[1Gpulling manifest [K
pulling 667b0c1932bc:  45% ▕████████          ▏ 2.2 GB/4.9 GB  9.2 MB/s   4m53s[K[?25h[?2026l[?2026h[?25l[A[1Gpulling manifest [K
pulling 667b0c1932bc:  45% ▕████████          ▏ 2.2 GB/4.9 GB  9.2 MB/s   4m53s[K[?25h[?2026l[?2026h[?25l[A[1Gpulling manifest [K
pulling 667b0c1932bc:  45% ▕████████          ▏ 2.2 GB/4.9 GB  9.2 MB/s   4m53s[K[?25h[?2026l[?2026h[?25l[A[1Gpulling manifest [K
pulling 667b0c1932bc:  45% ▕████████          ▏ 2.2 GB/4.9 GB  9.2 MB/s   4m53s[K[?25h[?2026l[?2026h[?25l[A[1Gpulling manifest [K
pulling 667b0c1932bc:  45% ▕████████          ▏ 2.2 GB/4.9 GB  9.2 MB/s   4m53s[K[?25h[?2026l[?2026h[?25l[A[1Gpulling manifest [K
pulling 667b0c1932bc:  45% ▕████████          ▏ 2.2 GB/4.9 GB  9.2 MB/s   4m53s[K[?25h[?2026l[?2026h[?25l[A[1Gpulling manifest [K
pulling 667b0c1932bc:  45% ▕████████          ▏ 2.2 GB/4.9 GB  9.2 MB/s   4m53s[K[?25h[?2026l[?2026h[?25l[A[1Gpulling manifest [K
pulling 667b0c1932bc:  45% ▕████████          ▏ 2.2 GB/4.9 GB  9.2 MB/s   4m52s[K[?25h[?2026l[?2026h[?25l[A[1Gpulling manifest [K
pulling 667b0c1932bc:  45% ▕████████          ▏ 2.2 GB/4.9 GB  9.2 MB/s   4m52s[K[?25h[?2026l[?2026h[?25l[A[1Gpulling manifest [K
pulling 667b0c1932bc:  45% ▕████████          ▏ 2.2 GB/4.9 GB  9.2 MB/s   4m52s[K[?25h[?2026l[?2026h[?25l[A[1Gpulling manifest [K
pulling 667b0c1932bc:  45% ▕████████          ▏ 2.2 GB/4.9 GB  9.2 MB/s   4m52s[K[?25h[?2026l[?2026h[?25l[A[1Gpulling manifest [K
pulling 667b0c1932bc:  45% ▕████████          ▏ 2.2 GB/4.9 GB  9.2 MB/s   4m52s[K[?25h[?2026l[?2026h[?25l[A[1Gpulling manifest [K
pulling 667b0c1932bc:  45% ▕████████          ▏ 2.2 GB/4.9 GB  9.2 MB/s   4m52s[K[?25h[?2026l[?2026h[?25l[A[1Gpulling manifest [K
pulling 667b0c1932bc:  45% ▕████████          ▏ 2.2 GB/4.9 GB  9.2 MB/s   4m52s[K[?25h[?2026l[?2026h[?25l[A[1Gpulling manifest [K
pulling 667b0c1932bc:  45% ▕████████          ▏ 2.2 GB/4.9 GB  9.1 MB/s   4m55s[K[?25h[?2026l[?2026h[?25l[A[1Gpulling manifest [K
pulling 667b0c1932bc:  45% ▕████████          ▏ 2.2 GB/4.9 GB  9.1 MB/s   4m55s[K[?25h[?2026l[?2026h[?25l[A[1Gpulling manifest [K
pulling 667b0c1932bc:  45% ▕████████          ▏ 2.2 GB/4.9 GB  9.1 MB/s   4m55s[K[?25h[?2026l[?2026h[?25l[A[1Gpulling manifest [K
pulling 667b0c1932bc:  45% ▕████████          ▏ 2.2 GB/4.9 GB  9.1 MB/s   4m55s[K[?25h[?2026l[?2026h[?25l[A[1Gpulling manifest [K
pulling 667b0c1932bc:  45% ▕████████          ▏ 2.2 GB/4.9 GB  9.1 MB/s   4m55s[K[?25h[?2026l[?2026h[?25l[A[1Gpulling manifest [K
pulling 667b0c1932bc:  45% ▕████████          ▏ 2.2 GB/4.9 GB  9.1 MB/s   4m55s[K[?25h[?2026l[?2026h[?25l[A[1Gpulling manifest [K
pulling 667b0c1932bc:  45% ▕████████          ▏ 2.2 GB/4.9 GB  9.1 MB/s   4m55s[K[?25h[?2026l[?2026h[?25l[A[1Gpulling manifest [K
pulling 667b0c1932bc:  45% ▕████████          ▏ 2.2 GB/4.9 GB  9.1 MB/s   4m55s[K[?25h[?2026l[?2026h[?25l[A[1Gpulling manifest [K
pulling 667b0c1932bc:  45% ▕████████          ▏ 2.2 GB/4.9 GB  9.1 MB/s   4m55s[K[?25h[?2026l[?2026h[?25l[A[1Gpulling manifest [K
pulling 667b0c1932bc:  45% ▕████████          ▏ 2.2 GB/4.9 GB  9.1 MB/s   4m54s[K[?25h[?2026l[?2026h[?25l[A[1Gpulling manifest [K
pulling 667b0c1932bc:  45% ▕████████          ▏ 2.2 GB/4.9 GB  9.1 MB/s   4m56s[K[?25h[?2026l[?2026h[?25l[A[1Gpulling manifest [K
pulling 667b0c1932bc:  45% ▕████████          ▏ 2.2 GB/4.9 GB  9.1 MB/s   4m56s[K[?25h[?2026l[?2026h[?25l[A[1Gpulling manifest [K
pulling 667b0c1932bc:  45% ▕████████          ▏ 2.2 GB/4.9 GB  9.1 MB/s   4m56s[K[?25h[?2026l[?2026h[?25l[A[1Gpulling manifest [K
pulling 667b0c1932bc:  45% ▕████████          ▏ 2.2 GB/4.9 GB  9.1 MB/s   4m56s[K[?25h[?2026l[?2026h[?25l[A[1Gpulling manifest [K
pulling 667b0c1932bc:  45% ▕████████          ▏ 2.2 GB/4.9 GB  9.1 MB/s   4m55s[K[?25h[?2026l[?2026h[?25l[A[1Gpulling manifest [K
pulling 667b0c1932bc:  45% ▕████████          ▏ 2.2 GB/4.9 GB  9.1 MB/s   4m55s[K[?25h[?2026l[?2026h[?25l[A[1Gpulling manifest [K
pulling 667b0c1932bc:  45% ▕████████          ▏ 2.2 GB/4.9 GB  9.1 MB/s   4m55s[K[?25h[?2026l[?2026h[?25l[A[1Gpulling manifest [K
pulling 667b0c1932bc:  45% ▕████████          ▏ 2.2 GB/4.9 GB  9.1 MB/s   4m55s[K[?25h[?2026l[?2026h[?25l[A[1Gpulling manifest [K
pulling 667b0c1932bc:  45% ▕████████          ▏ 2.2 GB/4.9 GB  9.1 MB/s   4m55s[K[?25h[?2026l[?2026h[?25l[A[1Gpulling manifest [K
pulling 667b0c1932bc:  45% ▕████████          ▏ 2.2 GB/4.9 GB  9.1 MB/s   4m55s[K[?25h[?2026l[?2026h[?25l[A[1Gpulling manifest [K
pulling 667b0c1932bc:  45% ▕████████          ▏ 2.2 GB/4.9 GB  9.0 MB/s   4m57s[K[?25h[?2026l[?2026h[?25l[A[1Gpulling manifest [K
pulling 667b0c1932bc:  45% ▕████████          ▏ 2.2 GB/4.9 GB  9.0 MB/s   4m57s[K[?25h[?2026l[?2026h[?25l[A[1Gpulling manifest [K
pulling 667b0c1932bc:  46% ▕████████          ▏ 2.2 GB/4.9 GB  9.0 MB/s   4m57s[K[?25h[?2026l[?2026h[?25l[A[1Gpulling manifest [K
pulling 667b0c1932bc:  46% ▕████████          ▏ 2.2 GB/4.9 GB  9.0 MB/s   4m56s[K[?25h[?2026l[?2026h[?25l[A[1Gpulling manifest [K
pulling 667b0c1932bc:  46% ▕████████          ▏ 2.2 GB/4.9 GB  9.0 MB/s   4m56s[K[?25h[?2026l[?2026h[?25l[A[1Gpulling manifest [K
pulling 667b0c1932bc:  46% ▕████████          ▏ 2.2 GB/4.9 GB  9.0 MB/s   4m56s[K[?25h[?2026l[?2026h[?25l[A[1Gpulling manifest [K
pulling 667b0c1932bc:  46% ▕████████          ▏ 2.2 GB/4.9 GB  9.0 MB/s   4m56s[K[?25h[?2026l[?2026h[?25l[A[1Gpulling manifest [K
pulling 667b0c1932bc:  46% ▕████████          ▏ 2.2 GB/4.9 GB  9.0 MB/s   4m56s[K[?25h[?2026l[?2026h[?25l[A[1Gpulling manifest [K
pulling 667b0c1932bc:  46% ▕████████          ▏ 2.2 GB/4.9 GB  9.0 MB/s   4m56s[K[?25h[?2026l[?2026h[?25l[A[1Gpulling manifest [K
pulling 667b0c1932bc:  46% ▕████████          ▏ 2.2 GB/4.9 GB  9.0 MB/s   4m56s[K[?25h[?2026l[?2026h[?25l[A[1Gpulling manifest [K
pulling 667b0c1932bc:  46% ▕████████          ▏ 2.2 GB/4.9 GB  8.9 MB/s    5m1s[K[?25h[?2026l[?2026h[?25l[A[1Gpulling manifest [K
pulling 667b0c1932bc:  46% ▕████████          ▏ 2.2 GB/4.9 GB  8.9 MB/s    5m1s[K[?25h[?2026l[?2026h[?25l[A[1Gpulling manifest [K
pulling 667b0c1932bc:  46% ▕████████          ▏ 2.2 GB/4.9 GB  8.9 MB/s    5m1s[K[?25h[?2026l[?2026h[?25l[A[1Gpulling manifest [K
pulling 667b0c1932bc:  46% ▕████████          ▏ 2.2 GB/4.9 GB  8.9 MB/s    5m1s[K[?25h[?2026l[?2026h[?25l[A[1Gpulling manifest [K
pulling 667b0c1932bc:  46% ▕████████          ▏ 2.2 GB/4.9 GB  8.9 MB/s    5m1s[K[?25h[?2026l[?2026h[?25l[A[1Gpulling manifest [K
pulling 667b0c1932bc:  46% ▕████████          ▏ 2.2 GB/4.9 GB  8.9 MB/s    5m1s[K[?25h[?2026l[?2026h[?25l[A[1Gpulling manifest [K
pulling 667b0c1932bc:  46% ▕████████          ▏ 2.3 GB/4.9 GB  8.9 MB/s    5m1s[K[?25h[?2026l[?2026h[?25l[A[1Gpulling manifest [K
pulling 667b0c1932bc:  46% ▕████████          ▏ 2.3 GB/4.9 GB  8.9 MB/s    5m1s[K[?25h[?2026l[?2026h[?25l[A[1Gpulling manifest [K
pulling 667b0c1932bc:  46% ▕████████          ▏ 2.3 GB/4.9 GB  8.9 MB/s    5m1s[K[?25h[?2026l[?2026h[?25l[A[1Gpulling manifest [K
pulling 667b0c1932bc:  46% ▕████████          ▏ 2.3 GB/4.9 GB  8.9 MB/s    5m0s[K[?25h[?2026l[?2026h[?25l[A[1Gpulling manifest [K
pulling 667b0c1932bc:  46% ▕████████          ▏ 2.3 GB/4.9 GB  8.9 MB/s    5m0s[K[?25h[?2026l[?2026h[?25l[A[1Gpulling manifest [K
pulling 667b0c1932bc:  46% ▕████████          ▏ 2.3 GB/4.9 GB  8.9 MB/s   4m59s[K[?25h[?2026l[?2026h[?25l[A[1Gpulling manifest [K
pulling 667b0c1932bc:  46% ▕████████          ▏ 2.3 GB/4.9 GB  8.9 MB/s   4m59s[K[?25h[?2026l[?2026h[?25l[A[1Gpulling manifest [K
pulling 667b0c1932bc:  46% ▕████████          ▏ 2.3 GB/4.9 GB  8.9 MB/s   4m59s[K[?25h[?2026l[?2026h[?25l[A[1Gpulling manifest [K
pulling 667b0c1932bc:  46% ▕████████          ▏ 2.3 GB/4.9 GB  8.9 MB/s   4m59s[K[?25h[?2026l[?2026h[?25l[A[1Gpulling manifest [K
pulling 667b0c1932bc:  46% ▕████████          ▏ 2.3 GB/4.9 GB  8.9 MB/s   4m58s[K[?25h[?2026l[?2026h[?25l[A[1Gpulling manifest [K
pulling 667b0c1932bc:  46% ▕████████          ▏ 2.3 GB/4.9 GB  8.9 MB/s   4m58s[K[?25h[?2026l[?2026h[?25l[A[1Gpulling manifest [K
pulling 667b0c1932bc:  46% ▕████████          ▏ 2.3 GB/4.9 GB  8.9 MB/s   4m58s[K[?25h[?2026l[?2026h[?25l[A[1Gpulling manifest [K
pulling 667b0c1932bc:  46% ▕████████          ▏ 2.3 GB/4.9 GB  8.9 MB/s   4m58s[K[?25h[?2026l[?2026h[?25l[A[1Gpulling manifest [K
pulling 667b0c1932bc:  46% ▕████████          ▏ 2.3 GB/4.9 GB  8.9 MB/s   4m58s[K[?25h[?2026l[?2026h[?25l[A[1Gpulling manifest [K
pulling 667b0c1932bc:  46% ▕████████          ▏ 2.3 GB/4.9 GB  8.9 MB/s   4m58s[K[?25h[?2026l[?2026h[?25l[A[1Gpulling manifest [K
pulling 667b0c1932bc:  46% ▕████████          ▏ 2.3 GB/4.9 GB  8.8 MB/s    5m3s[K[?25h[?2026l[?2026h[?25l[A[1Gpulling manifest [K
pulling 667b0c1932bc:  46% ▕████████          ▏ 2.3 GB/4.9 GB  8.8 MB/s    5m3s[K[?25h[?2026l[?2026h[?25l[A[1Gpulling manifest [K
pulling 667b0c1932bc:  46% ▕████████          ▏ 2.3 GB/4.9 GB  8.8 MB/s    5m3s[K[?25h[?2026l[?2026h[?25l[A[1Gpulling manifest [K
pulling 667b0c1932bc:  46% ▕████████          ▏ 2.3 GB/4.9 GB  8.8 MB/s    5m3s[K[?25h[?2026l[?2026h[?25l[A[1Gpulling manifest [K
pulling 667b0c1932bc:  46% ▕████████          ▏ 2.3 GB/4.9 GB  8.8 MB/s    5m3s[K[?25h[?2026l[?2026h[?25l[A[1Gpulling manifest [K
pulling 667b0c1932bc:  46% ▕████████          ▏ 2.3 GB/4.9 GB  8.8 MB/s    5m3s[K[?25h[?2026l[?2026h[?25l[A[1Gpulling manifest [K
pulling 667b0c1932bc:  46% ▕████████          ▏ 2.3 GB/4.9 GB  8.8 MB/s    5m3s[K[?25h[?2026l[?2026h[?25l[A[1Gpulling manifest [K
pulling 667b0c1932bc:  46% ▕████████          ▏ 2.3 GB/4.9 GB  8.8 MB/s    5m3s[K[?25h[?2026l[?2026h[?25l[A[1Gpulling manifest [K
pulling 667b0c1932bc:  46% ▕████████          ▏ 2.3 GB/4.9 GB  8.8 MB/s    5m3s[K[?25h[?2026l[?2026h[?25l[A[1Gpulling manifest [K
pulling 667b0c1932bc:  46% ▕████████          ▏ 2.3 GB/4.9 GB  8.8 MB/s    5m2s[K[?25h[?2026l[?2026h[?25l[A[1Gpulling manifest [K
pulling 667b0c1932bc:  46% ▕████████          ▏ 2.3 GB/4.9 GB  8.6 MB/s    5m7s[K[?25h[?2026l[?2026h[?25l[A[1Gpulling manifest [K
pulling 667b0c1932bc:  46% ▕████████          ▏ 2.3 GB/4.9 GB  8.6 MB/s    5m7s[K[?25h[?2026l[?2026h[?25l[A[1Gpulling manifest [K
pulling 667b0c1932bc:  46% ▕████████          ▏ 2.3 GB/4.9 GB  8.6 MB/s    5m7s[K[?25h[?2026l[?2026h[?25l[A[1Gpulling manifest [K
pulling 667b0c1932bc:  46% ▕████████          ▏ 2.3 GB/4.9 GB  8.6 MB/s    5m7s[K[?25h[?2026l[?2026h[?25l[A[1Gpulling manifest [K
pulling 667b0c1932bc:  46% ▕████████          ▏ 2.3 GB/4.9 GB  8.6 MB/s    5m7s[K[?25h[?2026l[?2026h[?25l[A[1Gpulling manifest [K
pulling 667b0c1932bc:  46% ▕████████          ▏ 2.3 GB/4.9 GB  8.6 MB/s    5m7s[K[?25h[?2026l[?2026h[?25l[A[1Gpulling manifest [K
pulling 667b0c1932bc:  46% ▕████████          ▏ 2.3 GB/4.9 GB  8.6 MB/s    5m7s[K[?25h[?2026l[?2026h[?25l[A[1Gpulling manifest [K
pulling 667b0c1932bc:  46% ▕████████          ▏ 2.3 GB/4.9 GB  8.6 MB/s    5m7s[K[?25h[?2026l[?2026h[?25l[A[1Gpulling manifest [K
pulling 667b0c1932bc:  46% ▕████████          ▏ 2.3 GB/4.9 GB  8.6 MB/s    5m6s[K[?25h[?2026l[?2026h[?25l[A[1Gpulling manifest [K
pulling 667b0c1932bc:  46% ▕████████          ▏ 2.3 GB/4.9 GB  8.6 MB/s    5m6s[K[?25h[?2026l[?2026h[?25l[A[1Gpulling manifest [K
pulling 667b0c1932bc:  46% ▕████████          ▏ 2.3 GB/4.9 GB  8.4 MB/s   5m13s[K[?25h[?2026l[?2026h[?25l[A[1Gpulling manifest [K
pulling 667b0c1932bc:  46% ▕████████          ▏ 2.3 GB/4.9 GB  8.4 MB/s   5m12s[K[?25h[?2026l[?2026h[?25l[A[1Gpulling manifest [K
pulling 667b0c1932bc:  46% ▕████████          ▏ 2.3 GB/4.9 GB  8.4 MB/s   5m12s[K[?25h[?2026l[?2026h[?25l[A[1Gpulling manifest [K
pulling 667b0c1932bc:  46% ▕████████          ▏ 2.3 GB/4.9 GB  8.4 MB/s   5m12s[K[?25h[?2026l[?2026h[?25l[A[1Gpulling manifest [K
pulling 667b0c1932bc:  46% ▕████████          ▏ 2.3 GB/4.9 GB  8.4 MB/s   5m12s[K[?25h[?2026l[?2026h[?25l[A[1Gpulling manifest [K
pulling 667b0c1932bc:  46% ▕████████          ▏ 2.3 GB/4.9 GB  8.4 MB/s   5m12s[K[?25h[?2026l[?2026h[?25l[A[1Gpulling manifest [K
pulling 667b0c1932bc:  46% ▕████████          ▏ 2.3 GB/4.9 GB  8.4 MB/s   5m12s[K[?25h[?2026l[?2026h[?25l[A[1Gpulling manifest [K
pulling 667b0c1932bc:  46% ▕████████          ▏ 2.3 GB/4.9 GB  8.4 MB/s   5m12s[K[?25h[?2026l[?2026h[?25l[A[1Gpulling manifest [K
pulling 667b0c1932bc:  46% ▕████████          ▏ 2.3 GB/4.9 GB  8.4 MB/s   5m12s[K[?25h[?2026l[?2026h[?25l[A[1Gpulling manifest [K
pulling 667b0c1932bc:  46% ▕████████          ▏ 2.3 GB/4.9 GB  8.4 MB/s   5m12s[K[?25h[?2026l[?2026h[?25l[A[1Gpulling manifest [K
pulling 667b0c1932bc:  46% ▕████████          ▏ 2.3 GB/4.9 GB  8.4 MB/s   5m13s[K[?25h[?2026l[?2026h[?25l[A[1Gpulling manifest [K
pulling 667b0c1932bc:  46% ▕████████          ▏ 2.3 GB/4.9 GB  8.4 MB/s   5m13s[K[?25h[?2026l[?2026h[?25l[A[1Gpulling manifest [K
pulling 667b0c1932bc:  47% ▕████████          ▏ 2.3 GB/4.9 GB  8.4 MB/s   5m13s[K[?25h[?2026l[?2026h[?25l[A[1Gpulling manifest [K
pulling 667b0c1932bc:  47% ▕████████          ▏ 2.3 GB/4.9 GB  8.4 MB/s   5m13s[K[?25h[?2026l[?2026h[?25l[A[1Gpulling manifest [K
pulling 667b0c1932bc:  47% ▕████████          ▏ 2.3 GB/4.9 GB  8.4 MB/s   5m13s[K[?25h[?2026l[?2026h[?25l[A[1Gpulling manifest [K
pulling 667b0c1932bc:  47% ▕████████          ▏ 2.3 GB/4.9 GB  8.4 MB/s   5m13s[K[?25h[?2026l[?2026h[?25l[A[1Gpulling manifest [K
pulling 667b0c1932bc:  47% ▕████████          ▏ 2.3 GB/4.9 GB  8.4 MB/s   5m12s[K[?25h[?2026l[?2026h[?25l[A[1Gpulling manifest [K
pulling 667b0c1932bc:  47% ▕████████          ▏ 2.3 GB/4.9 GB  8.4 MB/s   5m12s[K[?25h[?2026l[?2026h[?25l[A[1Gpulling manifest [K
pulling 667b0c1932bc:  47% ▕████████          ▏ 2.3 GB/4.9 GB  8.4 MB/s   5m12s[K[?25h[?2026l[?2026h[?25l[A[1Gpulling manifest [K
pulling 667b0c1932bc:  47% ▕████████          ▏ 2.3 GB/4.9 GB  8.4 MB/s   5m12s[K[?25h[?2026l[?2026h[?25l[A[1Gpulling manifest [K
pulling 667b0c1932bc:  47% ▕████████          ▏ 2.3 GB/4.9 GB  8.4 MB/s   5m12s[K[?25h[?2026l[?2026h[?25l[A[1Gpulling manifest [K
pulling 667b0c1932bc:  47% ▕████████          ▏ 2.3 GB/4.9 GB  8.5 MB/s    5m8s[K[?25h[?2026l[?2026h[?25l[A[1Gpulling manifest [K
pulling 667b0c1932bc:  47% ▕████████          ▏ 2.3 GB/4.9 GB  8.5 MB/s    5m7s[K[?25h[?2026l[?2026h[?25l[A[1Gpulling manifest [K
pulling 667b0c1932bc:  47% ▕████████          ▏ 2.3 GB/4.9 GB  8.5 MB/s    5m7s[K[?25h[?2026l[?2026h[?25l[A[1Gpulling manifest [K
pulling 667b0c1932bc:  47% ▕████████          ▏ 2.3 GB/4.9 GB  8.5 MB/s    5m7s[K[?25h[?2026l[?2026h[?25l[A[1Gpulling manifest [K
pulling 667b0c1932bc:  47% ▕████████          ▏ 2.3 GB/4.9 GB  8.5 MB/s    5m7s[K[?25h[?2026l[?2026h[?25l[A[1Gpulling manifest [K
pulling 667b0c1932bc:  47% ▕████████          ▏ 2.3 GB/4.9 GB  8.5 MB/s    5m7s[K[?25h[?2026l[?2026h[?25l[A[1Gpulling manifest [K
pulling 667b0c1932bc:  47% ▕████████          ▏ 2.3 GB/4.9 GB  8.5 MB/s    5m7s[K[?25h[?2026l[?2026h[?25l[A[1Gpulling manifest [K
pulling 667b0c1932bc:  47% ▕████████          ▏ 2.3 GB/4.9 GB  8.5 MB/s    5m7s[K[?25h[?2026l[?2026h[?25l[A[1Gpulling manifest [K
pulling 667b0c1932bc:  47% ▕████████          ▏ 2.3 GB/4.9 GB  8.5 MB/s    5m7s[K[?25h[?2026l[?2026h[?25l[A[1Gpulling manifest [K
pulling 667b0c1932bc:  47% ▕████████          ▏ 2.3 GB/4.9 GB  8.5 MB/s    5m7s[K[?25h[?2026l[?2026h[?25l[A[1Gpulling manifest [K
pulling 667b0c1932bc:  47% ▕████████          ▏ 2.3 GB/4.9 GB  8.6 MB/s    5m4s[K[?25h[?2026l[?2026h[?25l[A[1Gpulling manifest [K
pulling 667b0c1932bc:  47% ▕████████          ▏ 2.3 GB/4.9 GB  8.6 MB/s    5m4s[K[?25h[?2026l[?2026h[?25l[A[1Gpulling manifest [K
pulling 667b0c1932bc:  47% ▕████████          ▏ 2.3 GB/4.9 GB  8.6 MB/s    5m4s[K[?25h[?2026l[?2026h[?25l[A[1Gpulling manifest [K
pulling 667b0c1932bc:  47% ▕████████          ▏ 2.3 GB/4.9 GB  8.6 MB/s    5m4s[K[?25h[?2026l[?2026h[?25l[A[1Gpulling manifest [K
pulling 667b0c1932bc:  47% ▕████████          ▏ 2.3 GB/4.9 GB  8.6 MB/s    5m4s[K[?25h[?2026l[?2026h[?25l[A[1Gpulling manifest [K
pulling 667b0c1932bc:  47% ▕████████          ▏ 2.3 GB/4.9 GB  8.6 MB/s    5m4s[K[?25h[?2026l[?2026h[?25l[A[1Gpulling manifest [K
pulling 667b0c1932bc:  47% ▕████████          ▏ 2.3 GB/4.9 GB  8.6 MB/s    5m4s[K[?25h[?2026l[?2026h[?25l[A[1Gpulling manifest [K
pulling 667b0c1932bc:  47% ▕████████          ▏ 2.3 GB/4.9 GB  8.6 MB/s    5m4s[K[?25h[?2026l[?2026h[?25l[A[1Gpulling manifest [K
pulling 667b0c1932bc:  47% ▕████████          ▏ 2.3 GB/4.9 GB  8.6 MB/s    5m3s[K[?25h[?2026l[?2026h[?25l[A[1Gpulling manifest [K
pulling 667b0c1932bc:  47% ▕████████          ▏ 2.3 GB/4.9 GB  8.6 MB/s    5m3s[K[?25h[?2026l[?2026h[?25l[A[1Gpulling manifest [K
pulling 667b0c1932bc:  47% ▕████████          ▏ 2.3 GB/4.9 GB  8.7 MB/s    5m1s[K[?25h[?2026l[?2026h[?25l[A[1Gpulling manifest [K
pulling 667b0c1932bc:  47% ▕████████          ▏ 2.3 GB/4.9 GB  8.7 MB/s    5m1s[K[?25h[?2026l[?2026h[?25l[A[1Gpulling manifest [K
pulling 667b0c1932bc:  47% ▕████████          ▏ 2.3 GB/4.9 GB  8.7 MB/s    5m0s[K[?25h[?2026l[?2026h[?25l[A[1Gpulling manifest [K
pulling 667b0c1932bc:  47% ▕████████          ▏ 2.3 GB/4.9 GB  8.7 MB/s    5m0s[K[?25h[?2026l[?2026h[?25l[A[1Gpulling manifest [K
pulling 667b0c1932bc:  47% ▕████████          ▏ 2.3 GB/4.9 GB  8.7 MB/s    5m0s[K[?25h[?2026l[?2026h[?25l[A[1Gpulling manifest [K
pulling 667b0c1932bc:  47% ▕████████          ▏ 2.3 GB/4.9 GB  8.7 MB/s    5m0s[K[?25h[?2026l[?2026h[?25l[A[1Gpulling manifest [K
pulling 667b0c1932bc:  47% ▕████████          ▏ 2.3 GB/4.9 GB  8.7 MB/s    5m0s[K[?25h[?2026l[?2026h[?25l[A[1Gpulling manifest [K
pulling 667b0c1932bc:  47% ▕████████          ▏ 2.3 GB/4.9 GB  8.7 MB/s    5m0s[K[?25h[?2026l[?2026h[?25l[A[1Gpulling manifest [K
pulling 667b0c1932bc:  47% ▕████████          ▏ 2.3 GB/4.9 GB  8.7 MB/s    5m0s[K[?25h[?2026l[?2026h[?25l[A[1Gpulling manifest [K
pulling 667b0c1932bc:  47% ▕████████          ▏ 2.3 GB/4.9 GB  8.7 MB/s    5m0s[K[?25h[?2026l[?2026h[?25l[A[1Gpulling manifest [K
pulling 667b0c1932bc:  47% ▕████████          ▏ 2.3 GB/4.9 GB  8.8 MB/s   4m53s[K[?25h[?2026l[?2026h[?25l[A[1Gpulling manifest [K
pulling 667b0c1932bc:  47% ▕████████          ▏ 2.3 GB/4.9 GB  8.8 MB/s   4m53s[K[?25h[?2026l[?2026h[?25l[A[1Gpulling manifest [K
pulling 667b0c1932bc:  47% ▕████████          ▏ 2.3 GB/4.9 GB  8.8 MB/s   4m53s[K[?25h[?2026l[?2026h[?25l[A[1Gpulling manifest [K
pulling 667b0c1932bc:  47% ▕████████          ▏ 2.3 GB/4.9 GB  8.8 MB/s   4m53s[K[?25h[?2026l[?2026h[?25l[A[1Gpulling manifest [K
pulling 667b0c1932bc:  47% ▕████████          ▏ 2.3 GB/4.9 GB  8.8 MB/s   4m53s[K[?25h[?2026l[?2026h[?25l[A[1Gpulling manifest [K
pulling 667b0c1932bc:  47% ▕████████          ▏ 2.3 GB/4.9 GB  8.8 MB/s   4m53s[K[?25h[?2026l[?2026h[?25l[A[1Gpulling manifest [K
pulling 667b0c1932bc:  47% ▕████████          ▏ 2.3 GB/4.9 GB  8.8 MB/s   4m53s[K[?25h[?2026l[?2026h[?25l[A[1Gpulling manifest [K
pulling 667b0c1932bc:  47% ▕████████          ▏ 2.3 GB/4.9 GB  8.8 MB/s   4m53s[K[?25h[?2026l[?2026h[?25l[A[1Gpulling manifest [K
pulling 667b0c1932bc:  47% ▕████████          ▏ 2.3 GB/4.9 GB  8.8 MB/s   4m52s[K[?25h[?2026l[?2026h[?25l[A[1Gpulling manifest [K
pulling 667b0c1932bc:  47% ▕████████          ▏ 2.3 GB/4.9 GB  8.8 MB/s   4m52s[K[?25h[?2026l[?2026h[?25l[A[1Gpulling manifest [K
pulling 667b0c1932bc:  47% ▕████████          ▏ 2.3 GB/4.9 GB  9.0 MB/s   4m48s[K[?25h[?2026l[?2026h[?25l[A[1Gpulling manifest [K
pulling 667b0c1932bc:  47% ▕████████          ▏ 2.3 GB/4.9 GB  9.0 MB/s   4m48s[K[?25h[?2026l[?2026h[?25l[A[1Gpulling manifest [K
pulling 667b0c1932bc:  47% ▕████████          ▏ 2.3 GB/4.9 GB  9.0 MB/s   4m48s[K[?25h[?2026l[?2026h[?25l[A[1Gpulling manifest [K
pulling 667b0c1932bc:  47% ▕████████          ▏ 2.3 GB/4.9 GB  9.0 MB/s   4m48s[K[?25h[?2026l[?2026h[?25l[A[1Gpulling manifest [K
pulling 667b0c1932bc:  47% ▕████████          ▏ 2.3 GB/4.9 GB  9.0 MB/s   4m48s[K[?25h[?2026l[?2026h[?25l[A[1Gpulling manifest [K
pulling 667b0c1932bc:  48% ▕████████          ▏ 2.3 GB/4.9 GB  9.0 MB/s   4m48s[K[?25h[?2026l[?2026h[?25l[A[1Gpulling manifest [K
pulling 667b0c1932bc:  48% ▕████████          ▏ 2.3 GB/4.9 GB  9.0 MB/s   4m48s[K[?25h[?2026l[?2026h[?25l[A[1Gpulling manifest [K
pulling 667b0c1932bc:  48% ▕████████          ▏ 2.3 GB/4.9 GB  9.0 MB/s   4m47s[K[?25h[?2026l[?2026h[?25l[A[1Gpulling manifest [K
pulling 667b0c1932bc:  48% ▕████████          ▏ 2.3 GB/4.9 GB  9.0 MB/s   4m47s[K[?25h[?2026l[?2026h[?25l[A[1Gpulling manifest [K
pulling 667b0c1932bc:  48% ▕████████          ▏ 2.3 GB/4.9 GB  9.0 MB/s   4m47s[K[?25h[?2026l[?2026h[?25l[A[1Gpulling manifest [K
pulling 667b0c1932bc:  48% ▕████████          ▏ 2.3 GB/4.9 GB  9.0 MB/s   4m47s[K[?25h[?2026l[?2026h[?25l[A[1Gpulling manifest [K
pulling 667b0c1932bc:  48% ▕████████          ▏ 2.3 GB/4.9 GB  9.0 MB/s   4m44s[K[?25h[?2026l[?2026h[?25l[A[1Gpulling manifest [K
pulling 667b0c1932bc:  48% ▕████████          ▏ 2.3 GB/4.9 GB  9.0 MB/s   4m44s[K[?25h[?2026l[?2026h[?25l[A[1Gpulling manifest [K
pulling 667b0c1932bc:  48% ▕████████          ▏ 2.3 GB/4.9 GB  9.0 MB/s   4m44s[K[?25h[?2026l[?2026h[?25l[A[1Gpulling manifest [K
pulling 667b0c1932bc:  48% ▕████████          ▏ 2.3 GB/4.9 GB  9.0 MB/s   4m44s[K[?25h[?2026l[?2026h[?25l[A[1Gpulling manifest [K
pulling 667b0c1932bc:  48% ▕████████          ▏ 2.3 GB/4.9 GB  9.0 MB/s   4m44s[K[?25h[?2026l[?2026h[?25l[A[1Gpulling manifest [K
pulling 667b0c1932bc:  48% ▕████████          ▏ 2.3 GB/4.9 GB  9.0 MB/s   4m44s[K[?25h[?2026l[?2026h[?25l[A[1Gpulling manifest [K
pulling 667b0c1932bc:  48% ▕████████          ▏ 2.3 GB/4.9 GB  9.0 MB/s   4m44s[K[?25h[?2026l[?2026h[?25l[A[1Gpulling manifest [K
pulling 667b0c1932bc:  48% ▕████████          ▏ 2.3 GB/4.9 GB  9.0 MB/s   4m44s[K[?25h[?2026l[?2026h[?25l[A[1Gpulling manifest [K
pulling 667b0c1932bc:  48% ▕████████          ▏ 2.3 GB/4.9 GB  9.0 MB/s   4m44s[K[?25h[?2026l[?2026h[?25l[A[1Gpulling manifest [K
pulling 667b0c1932bc:  48% ▕████████          ▏ 2.4 GB/4.9 GB  9.0 MB/s   4m44s[K[?25h[?2026l[?2026h[?25l[A[1Gpulling manifest [K
pulling 667b0c1932bc:  48% ▕████████          ▏ 2.4 GB/4.9 GB  9.1 MB/s   4m43s[K[?25h[?2026l[?2026h[?25l[A[1Gpulling manifest [K
pulling 667b0c1932bc:  48% ▕████████          ▏ 2.4 GB/4.9 GB  9.1 MB/s   4m43s[K[?25h[?2026l[?2026h[?25l[A[1Gpulling manifest [K
pulling 667b0c1932bc:  48% ▕████████          ▏ 2.4 GB/4.9 GB  9.1 MB/s   4m42s[K[?25h[?2026l[?2026h[?25l[A[1Gpulling manifest [K
pulling 667b0c1932bc:  48% ▕████████          ▏ 2.4 GB/4.9 GB  9.1 MB/s   4m42s[K[?25h[?2026l[?2026h[?25l[A[1Gpulling manifest [K
pulling 667b0c1932bc:  48% ▕████████          ▏ 2.4 GB/4.9 GB  9.1 MB/s   4m42s[K[?25h[?2026l[?2026h[?25l[A[1Gpulling manifest [K
pulling 667b0c1932bc:  48% ▕████████          ▏ 2.4 GB/4.9 GB  9.1 MB/s   4m42s[K[?25h[?2026l[?2026h[?25l[A[1Gpulling manifest [K
pulling 667b0c1932bc:  48% ▕████████          ▏ 2.4 GB/4.9 GB  9.1 MB/s   4m42s[K[?25h[?2026l[?2026h[?25l[A[1Gpulling manifest [K
pulling 667b0c1932bc:  48% ▕████████          ▏ 2.4 GB/4.9 GB  9.1 MB/s   4m42s[K[?25h[?2026l[?2026h[?25l[A[1Gpulling manifest [K
pulling 667b0c1932bc:  48% ▕████████          ▏ 2.4 GB/4.9 GB  9.1 MB/s   4m42s[K[?25h[?2026l[?2026h[?25l[A[1Gpulling manifest [K
pulling 667b0c1932bc:  48% ▕████████          ▏ 2.4 GB/4.9 GB  9.1 MB/s   4m42s[K[?25h[?2026l[?2026h[?25l[A[1Gpulling manifest [K
pulling 667b0c1932bc:  48% ▕████████          ▏ 2.4 GB/4.9 GB  9.2 MB/s   4m39s[K[?25h[?2026l[?2026h[?25l[A[1Gpulling manifest [K
pulling 667b0c1932bc:  48% ▕████████          ▏ 2.4 GB/4.9 GB  9.2 MB/s   4m39s[K[?25h[?2026l[?2026h[?25l[A[1Gpulling manifest [K
pulling 667b0c1932bc:  48% ▕████████          ▏ 2.4 GB/4.9 GB  9.2 MB/s   4m39s[K[?25h[?2026l[?2026h[?25l[A[1Gpulling manifest [K
pulling 667b0c1932bc:  48% ▕████████          ▏ 2.4 GB/4.9 GB  9.2 MB/s   4m39s[K[?25h[?2026l[?2026h[?25l[A[1Gpulling manifest [K
pulling 667b0c1932bc:  48% ▕████████          ▏ 2.4 GB/4.9 GB  9.2 MB/s   4m39s[K[?25h[?2026l[?2026h[?25l[A[1Gpulling manifest [K
pulling 667b0c1932bc:  48% ▕████████          ▏ 2.4 GB/4.9 GB  9.2 MB/s   4m39s[K[?25h[?2026l[?2026h[?25l[A[1Gpulling manifest [K
pulling 667b0c1932bc:  48% ▕████████          ▏ 2.4 GB/4.9 GB  9.2 MB/s   4m39s[K[?25h[?2026l[?2026h[?25l[A[1Gpulling manifest [K
pulling 667b0c1932bc:  48% ▕████████          ▏ 2.4 GB/4.9 GB  9.2 MB/s   4m39s[K[?25h[?2026l[?2026h[?25l[A[1Gpulling manifest [K
pulling 667b0c1932bc:  48% ▕████████          ▏ 2.4 GB/4.9 GB  9.2 MB/s   4m38s[K[?25h[?2026l[?2026h[?25l[A[1Gpulling manifest [K
pulling 667b0c1932bc:  48% ▕████████          ▏ 2.4 GB/4.9 GB  9.2 MB/s   4m38s[K[?25h[?2026l[?2026h[?25l[A[1Gpulling manifest [K
pulling 667b0c1932bc:  48% ▕████████          ▏ 2.4 GB/4.9 GB  9.1 MB/s   4m40s[K[?25h[?2026l[?2026h[?25l[A[1Gpulling manifest [K
pulling 667b0c1932bc:  48% ▕████████          ▏ 2.4 GB/4.9 GB  9.1 MB/s   4m40s[K[?25h[?2026l[?2026h[?25l[A[1Gpulling manifest [K
pulling 667b0c1932bc:  48% ▕████████          ▏ 2.4 GB/4.9 GB  9.1 MB/s   4m40s[K[?25h[?2026l[?2026h[?25l[A[1Gpulling manifest [K
pulling 667b0c1932bc:  48% ▕████████          ▏ 2.4 GB/4.9 GB  9.1 MB/s   4m40s[K[?25h[?2026l[?2026h[?25l[A[1Gpulling manifest [K
pulling 667b0c1932bc:  48% ▕████████          ▏ 2.4 GB/4.9 GB  9.1 MB/s   4m40s[K[?25h[?2026l[?2026h[?25l[A[1Gpulling manifest [K
pulling 667b0c1932bc:  48% ▕████████          ▏ 2.4 GB/4.9 GB  9.1 MB/s   4m39s[K[?25h[?2026l[?2026h[?25l[A[1Gpulling manifest [K
pulling 667b0c1932bc:  48% ▕████████          ▏ 2.4 GB/4.9 GB  9.1 MB/s   4m39s[K[?25h[?2026l[?2026h[?25l[A[1Gpulling manifest [K
pulling 667b0c1932bc:  48% ▕████████          ▏ 2.4 GB/4.9 GB  9.1 MB/s   4m39s[K[?25h[?2026l[?2026h[?25l[A[1Gpulling manifest [K
pulling 667b0c1932bc:  48% ▕████████          ▏ 2.4 GB/4.9 GB  9.1 MB/s   4m39s[K[?25h[?2026l[?2026h[?25l[A[1Gpulling manifest [K
pulling 667b0c1932bc:  48% ▕████████          ▏ 2.4 GB/4.9 GB  9.1 MB/s   4m39s[K[?25h[?2026l[?2026h[?25l[A[1Gpulling manifest [K
pulling 667b0c1932bc:  48% ▕████████          ▏ 2.4 GB/4.9 GB  8.9 MB/s   4m46s[K[?25h[?2026l[?2026h[?25l[A[1Gpulling manifest [K
pulling 667b0c1932bc:  48% ▕████████          ▏ 2.4 GB/4.9 GB  8.9 MB/s   4m46s[K[?25h[?2026l[?2026h[?25l[A[1Gpulling manifest [K
pulling 667b0c1932bc:  48% ▕████████          ▏ 2.4 GB/4.9 GB  8.9 MB/s   4m46s[K[?25h[?2026l[?2026h[?25l[A[1Gpulling manifest [K
pulling 667b0c1932bc:  48% ▕████████          ▏ 2.4 GB/4.9 GB  8.9 MB/s   4m46s[K[?25h[?2026l[?2026h[?25l[A[1Gpulling manifest [K
pulling 667b0c1932bc:  48% ▕████████          ▏ 2.4 GB/4.9 GB  8.9 MB/s   4m46s[K[?25h[?2026l[?2026h[?25l[A[1Gpulling manifest [K
pulling 667b0c1932bc:  48% ▕████████          ▏ 2.4 GB/4.9 GB  8.9 MB/s   4m46s[K[?25h[?2026l[?2026h[?25l[A[1Gpulling manifest [K
pulling 667b0c1932bc:  48% ▕████████          ▏ 2.4 GB/4.9 GB  8.9 MB/s   4m46s[K[?25h[?2026l[?2026h[?25l[A[1Gpulling manifest [K
pulling 667b0c1932bc:  48% ▕████████          ▏ 2.4 GB/4.9 GB  8.9 MB/s   4m46s[K[?25h[?2026l[?2026h[?25l[A[1Gpulling manifest [K
pulling 667b0c1932bc:  48% ▕████████          ▏ 2.4 GB/4.9 GB  8.9 MB/s   4m46s[K[?25h[?2026l[?2026h[?25l[A[1Gpulling manifest [K
pulling 667b0c1932bc:  48% ▕████████          ▏ 2.4 GB/4.9 GB  8.9 MB/s   4m46s[K[?25h[?2026l[?2026h[?25l[A[1Gpulling manifest [K
pulling 667b0c1932bc:  48% ▕████████          ▏ 2.4 GB/4.9 GB  8.9 MB/s   4m46s[K[?25h[?2026l[?2026h[?25l[A[1Gpulling manifest [K
pulling 667b0c1932bc:  48% ▕████████          ▏ 2.4 GB/4.9 GB  8.7 MB/s   4m52s[K[?25h[?2026l[?2026h[?25l[A[1Gpulling manifest [K
pulling 667b0c1932bc:  48% ▕████████          ▏ 2.4 GB/4.9 GB  8.7 MB/s   4m52s[K[?25h[?2026l[?2026h[?25l[A[1Gpulling manifest [K
pulling 667b0c1932bc:  48% ▕████████          ▏ 2.4 GB/4.9 GB  8.7 MB/s   4m52s[K[?25h[?2026l[?2026h[?25l[A[1Gpulling manifest [K
pulling 667b0c1932bc:  48% ▕████████          ▏ 2.4 GB/4.9 GB  8.7 MB/s   4m52s[K[?25h[?2026l[?2026h[?25l[A[1Gpulling manifest [K
pulling 667b0c1932bc:  49% ▕████████          ▏ 2.4 GB/4.9 GB  8.7 MB/s   4m52s[K[?25h[?2026l[?2026h[?25l[A[1Gpulling manifest [K
pulling 667b0c1932bc:  49% ▕████████          ▏ 2.4 GB/4.9 GB  8.7 MB/s   4m52s[K[?25h[?2026l[?2026h[?25l[A[1Gpulling manifest [K
pulling 667b0c1932bc:  49% ▕████████          ▏ 2.4 GB/4.9 GB  8.7 MB/s   4m52s[K[?25h[?2026l[?2026h[?25l[A[1Gpulling manifest [K
pulling 667b0c1932bc:  49% ▕████████          ▏ 2.4 GB/4.9 GB  8.7 MB/s   4m52s[K[?25h[?2026l[?2026h[?25l[A[1Gpulling manifest [K
pulling 667b0c1932bc:  49% ▕████████          ▏ 2.4 GB/4.9 GB  8.7 MB/s   4m52s[K[?25h[?2026l[?2026h[?25l[A[1Gpulling manifest [K
pulling 667b0c1932bc:  49% ▕████████          ▏ 2.4 GB/4.9 GB  8.7 MB/s   4m51s[K[?25h[?2026l[?2026h[?25l[A[1Gpulling manifest [K
pulling 667b0c1932bc:  49% ▕████████          ▏ 2.4 GB/4.9 GB  8.4 MB/s    5m0s[K[?25h[?2026l[?2026h[?25l[A[1Gpulling manifest [K
pulling 667b0c1932bc:  49% ▕████████          ▏ 2.4 GB/4.9 GB  8.4 MB/s    5m0s[K[?25h[?2026l[?2026h[?25l[A[1Gpulling manifest [K
pulling 667b0c1932bc:  49% ▕████████          ▏ 2.4 GB/4.9 GB  8.4 MB/s    5m0s[K[?25h[?2026l[?2026h[?25l[A[1Gpulling manifest [K
pulling 667b0c1932bc:  49% ▕████████          ▏ 2.4 GB/4.9 GB  8.4 MB/s    5m0s[K[?25h[?2026l[?2026h[?25l[A[1Gpulling manifest [K
pulling 667b0c1932bc:  49% ▕████████          ▏ 2.4 GB/4.9 GB  8.4 MB/s    5m0s[K[?25h[?2026l[?2026h[?25l[A[1Gpulling manifest [K
pulling 667b0c1932bc:  49% ▕████████          ▏ 2.4 GB/4.9 GB  8.4 MB/s    5m0s[K[?25h[?2026l[?2026h[?25l[A[1Gpulling manifest [K
pulling 667b0c1932bc:  49% ▕████████          ▏ 2.4 GB/4.9 GB  8.4 MB/s    5m0s[K[?25h[?2026l[?2026h[?25l[A[1Gpulling manifest [K
pulling 667b0c1932bc:  49% ▕████████          ▏ 2.4 GB/4.9 GB  8.4 MB/s   4m59s[K[?25h[?2026l[?2026h[?25l[A[1Gpulling manifest [K
pulling 667b0c1932bc:  49% ▕████████          ▏ 2.4 GB/4.9 GB  8.4 MB/s   4m59s[K[?25h[?2026l[?2026h[?25l[A[1Gpulling manifest [K
pulling 667b0c1932bc:  49% ▕████████          ▏ 2.4 GB/4.9 GB  8.4 MB/s   4m59s[K[?25h[?2026l[?2026h[?25l[A[1Gpulling manifest [K
pulling 667b0c1932bc:  49% ▕████████          ▏ 2.4 GB/4.9 GB  8.2 MB/s    5m7s[K[?25h[?2026l[?2026h[?25l[A[1Gpulling manifest [K
pulling 667b0c1932bc:  49% ▕████████          ▏ 2.4 GB/4.9 GB  8.2 MB/s    5m6s[K[?25h[?2026l[?2026h[?25l[A[1Gpulling manifest [K
pulling 667b0c1932bc:  49% ▕████████          ▏ 2.4 GB/4.9 GB  8.2 MB/s    5m6s[K[?25h[?2026l[?2026h[?25l[A[1Gpulling manifest [K
pulling 667b0c1932bc:  49% ▕████████          ▏ 2.4 GB/4.9 GB  8.2 MB/s    5m6s[K[?25h[?2026l[?2026h[?25l[A[1Gpulling manifest [K
pulling 667b0c1932bc:  49% ▕████████          ▏ 2.4 GB/4.9 GB  8.2 MB/s    5m6s[K[?25h[?2026l[?2026h[?25l[A[1Gpulling manifest [K
pulling 667b0c1932bc:  49% ▕████████          ▏ 2.4 GB/4.9 GB  8.2 MB/s    5m6s[K[?25h[?2026l[?2026h[?25l[A[1Gpulling manifest [K
pulling 667b0c1932bc:  49% ▕████████          ▏ 2.4 GB/4.9 GB  8.2 MB/s    5m6s[K[?25h[?2026l[?2026h[?25l[A[1Gpulling manifest [K
pulling 667b0c1932bc:  49% ▕████████          ▏ 2.4 GB/4.9 GB  8.2 MB/s    5m6s[K[?25h[?2026l[?2026h[?25l[A[1Gpulling manifest [K
pulling 667b0c1932bc:  49% ▕████████          ▏ 2.4 GB/4.9 GB  8.2 MB/s    5m6s[K[?25h[?2026l[?2026h[?25l[A[1Gpulling manifest [K
pulling 667b0c1932bc:  49% ▕████████          ▏ 2.4 GB/4.9 GB  8.2 MB/s    5m6s[K[?25h[?2026l[?2026h[?25l[A[1Gpulling manifest [K
pulling 667b0c1932bc:  49% ▕████████          ▏ 2.4 GB/4.9 GB  8.2 MB/s    5m7s[K[?25h[?2026l[?2026h[?25l[A[1Gpulling manifest [K
pulling 667b0c1932bc:  49% ▕████████          ▏ 2.4 GB/4.9 GB  8.2 MB/s    5m7s[K[?25h[?2026l[?2026h[?25l[A[1Gpulling manifest [K
pulling 667b0c1932bc:  49% ▕████████          ▏ 2.4 GB/4.9 GB  8.2 MB/s    5m7s[K[?25h[?2026l[?2026h[?25l[A[1Gpulling manifest [K
pulling 667b0c1932bc:  49% ▕████████          ▏ 2.4 GB/4.9 GB  8.2 MB/s    5m7s[K[?25h[?2026l[?2026h[?25l[A[1Gpulling manifest [K
pulling 667b0c1932bc:  49% ▕████████          ▏ 2.4 GB/4.9 GB  8.2 MB/s    5m7s[K[?25h[?2026l[?2026h[?25l[A[1Gpulling manifest [K
pulling 667b0c1932bc:  49% ▕████████          ▏ 2.4 GB/4.9 GB  8.2 MB/s    5m7s[K[?25h[?2026l[?2026h[?25l[A[1Gpulling manifest [K
pulling 667b0c1932bc:  49% ▕████████          ▏ 2.4 GB/4.9 GB  8.2 MB/s    5m7s[K[?25h[?2026l[?2026h[?25l[A[1Gpulling manifest [K
pulling 667b0c1932bc:  49% ▕████████          ▏ 2.4 GB/4.9 GB  8.2 MB/s    5m7s[K[?25h[?2026l[?2026h[?25l[A[1Gpulling manifest [K
pulling 667b0c1932bc:  49% ▕████████          ▏ 2.4 GB/4.9 GB  8.2 MB/s    5m7s[K[?25h[?2026l[?2026h[?25l[A[1Gpulling manifest [K
pulling 667b0c1932bc:  49% ▕████████          ▏ 2.4 GB/4.9 GB  8.2 MB/s    5m7s[K[?25h[?2026l[?2026h[?25l[A[1Gpulling manifest [K
pulling 667b0c1932bc:  49% ▕████████          ▏ 2.4 GB/4.9 GB  8.1 MB/s    5m8s[K[?25h[?2026l[?2026h[?25l[A[1Gpulling manifest [K
pulling 667b0c1932bc:  49% ▕████████          ▏ 2.4 GB/4.9 GB  8.1 MB/s    5m8s[K[?25h[?2026l[?2026h[?25l[A[1Gpulling manifest [K
pulling 667b0c1932bc:  49% ▕████████          ▏ 2.4 GB/4.9 GB  8.1 MB/s    5m8s[K[?25h[?2026l[?2026h[?25l[A[1Gpulling manifest [K
pulling 667b0c1932bc:  49% ▕████████          ▏ 2.4 GB/4.9 GB  8.1 MB/s    5m8s[K[?25h[?2026l[?2026h[?25l[A[1Gpulling manifest [K
pulling 667b0c1932bc:  49% ▕████████          ▏ 2.4 GB/4.9 GB  8.1 MB/s    5m8s[K[?25h[?2026l[?2026h[?25l[A[1Gpulling manifest [K
pulling 667b0c1932bc:  49% ▕████████          ▏ 2.4 GB/4.9 GB  8.1 MB/s    5m8s[K[?25h[?2026l[?2026h[?25l[A[1Gpulling manifest [K
pulling 667b0c1932bc:  49% ▕████████          ▏ 2.4 GB/4.9 GB  8.1 MB/s    5m8s[K[?25h[?2026l[?2026h[?25l[A[1Gpulling manifest [K
pulling 667b0c1932bc:  49% ▕████████          ▏ 2.4 GB/4.9 GB  8.1 MB/s    5m8s[K[?25h[?2026l[?2026h[?25l[A[1Gpulling manifest [K
pulling 667b0c1932bc:  49% ▕████████          ▏ 2.4 GB/4.9 GB  8.1 MB/s    5m7s[K[?25h[?2026l[?2026h[?25l[A[1Gpulling manifest [K
pulling 667b0c1932bc:  49% ▕████████          ▏ 2.4 GB/4.9 GB  8.1 MB/s    5m7s[K[?25h[?2026l[?2026h[?25l[A[1Gpulling manifest [K
pulling 667b0c1932bc:  49% ▕████████          ▏ 2.4 GB/4.9 GB  8.1 MB/s    5m7s[K[?25h[?2026l[?2026h[?25l[A[1Gpulling manifest [K
pulling 667b0c1932bc:  49% ▕████████          ▏ 2.4 GB/4.9 GB  8.1 MB/s    5m9s[K[?25h[?2026l[?2026h[?25l[A[1Gpulling manifest [K
pulling 667b0c1932bc:  49% ▕████████          ▏ 2.4 GB/4.9 GB  8.1 MB/s    5m9s[K[?25h[?2026l[?2026h[?25l[A[1Gpulling manifest [K
pulling 667b0c1932bc:  49% ▕████████          ▏ 2.4 GB/4.9 GB  8.1 MB/s    5m9s[K[?25h[?2026l[?2026h[?25l[A[1Gpulling manifest [K
pulling 667b0c1932bc:  49% ▕████████          ▏ 2.4 GB/4.9 GB  8.1 MB/s    5m9s[K[?25h[?2026l[?2026h[?25l[A[1Gpulling manifest [K
pulling 667b0c1932bc:  49% ▕████████          ▏ 2.4 GB/4.9 GB  8.1 MB/s    5m9s[K[?25h[?2026l[?2026h[?25l[A[1Gpulling manifest [K
pulling 667b0c1932bc:  49% ▕████████          ▏ 2.4 GB/4.9 GB  8.1 MB/s    5m8s[K[?25h[?2026l[?2026h[?25l[A[1Gpulling manifest [K
pulling 667b0c1932bc:  49% ▕████████          ▏ 2.4 GB/4.9 GB  8.1 MB/s    5m8s[K[?25h[?2026l[?2026h[?25l[A[1Gpulling manifest [K
pulling 667b0c1932bc:  49% ▕████████          ▏ 2.4 GB/4.9 GB  8.1 MB/s    5m8s[K[?25h[?2026l[?2026h[?25l[A[1Gpulling manifest [K
pulling 667b0c1932bc:  49% ▕████████          ▏ 2.4 GB/4.9 GB  8.1 MB/s    5m8s[K[?25h[?2026l[?2026h[?25l[A[1Gpulling manifest [K
pulling 667b0c1932bc:  49% ▕████████          ▏ 2.4 GB/4.9 GB  8.1 MB/s    5m8s[K[?25h[?2026l[?2026h[?25l[A[1Gpulling manifest [K
pulling 667b0c1932bc:  49% ▕████████          ▏ 2.4 GB/4.9 GB  8.1 MB/s    5m8s[K[?25h[?2026l[?2026h[?25l[A[1Gpulling manifest [K
pulling 667b0c1932bc:  49% ▕████████          ▏ 2.4 GB/4.9 GB  8.1 MB/s    5m8s[K[?25h[?2026l[?2026h[?25l[A[1Gpulling manifest [K
pulling 667b0c1932bc:  49% ▕████████          ▏ 2.4 GB/4.9 GB  8.1 MB/s    5m8s[K[?25h[?2026l[?2026h[?25l[A[1Gpulling manifest [K
pulling 667b0c1932bc:  49% ▕████████          ▏ 2.4 GB/4.9 GB  8.1 MB/s    5m7s[K[?25h[?2026l[?2026h[?25l[A[1Gpulling manifest [K
pulling 667b0c1932bc:  50% ▕████████          ▏ 2.4 GB/4.9 GB  8.1 MB/s    5m7s[K[?25h[?2026l[?2026h[?25l[A[1Gpulling manifest [K
pulling 667b0c1932bc:  50% ▕████████          ▏ 2.4 GB/4.9 GB  8.1 MB/s    5m7s[K[?25h[?2026l[?2026h[?25l[A[1Gpulling manifest [K
pulling 667b0c1932bc:  50% ▕████████          ▏ 2.4 GB/4.9 GB  8.1 MB/s    5m7s[K[?25h[?2026l[?2026h[?25l[A[1Gpulling manifest [K
pulling 667b0c1932bc:  50% ▕████████          ▏ 2.4 GB/4.9 GB  8.1 MB/s    5m7s[K[?25h[?2026l[?2026h[?25l[A[1Gpulling manifest [K
pulling 667b0c1932bc:  50% ▕████████          ▏ 2.4 GB/4.9 GB  8.1 MB/s    5m7s[K[?25h[?2026l[?2026h[?25l[A[1Gpulling manifest [K
pulling 667b0c1932bc:  50% ▕████████          ▏ 2.4 GB/4.9 GB  8.1 MB/s    5m7s[K[?25h[?2026l[?2026h[?25l[A[1Gpulling manifest [K
pulling 667b0c1932bc:  50% ▕████████          ▏ 2.4 GB/4.9 GB  8.1 MB/s    5m7s[K[?25h[?2026l[?2026h[?25l[A[1Gpulling manifest [K
pulling 667b0c1932bc:  50% ▕████████          ▏ 2.4 GB/4.9 GB  8.1 MB/s    5m7s[K[?25h[?2026l[?2026h[?25l[A[1Gpulling manifest [K
pulling 667b0c1932bc:  50% ▕████████          ▏ 2.4 GB/4.9 GB  8.1 MB/s    5m7s[K[?25h[?2026l[?2026h[?25l[A[1Gpulling manifest [K
pulling 667b0c1932bc:  50% ▕████████          ▏ 2.4 GB/4.9 GB  8.1 MB/s    5m7s[K[?25h[?2026l[?2026h[?25l[A[1Gpulling manifest [K
pulling 667b0c1932bc:  50% ▕████████          ▏ 2.4 GB/4.9 GB  8.1 MB/s    5m7s[K[?25h[?2026l[?2026h[?25l[A[1Gpulling manifest [K
pulling 667b0c1932bc:  50% ▕████████          ▏ 2.4 GB/4.9 GB  8.1 MB/s    5m7s[K[?25h[?2026l[?2026h[?25l[A[1Gpulling manifest [K
pulling 667b0c1932bc:  50% ▕████████          ▏ 2.4 GB/4.9 GB  8.1 MB/s    5m7s[K[?25h[?2026l[?2026h[?25l[A[1Gpulling manifest [K
pulling 667b0c1932bc:  50% ▕████████          ▏ 2.4 GB/4.9 GB  8.1 MB/s    5m6s[K[?25h[?2026l[?2026h[?25l[A[1Gpulling manifest [K
pulling 667b0c1932bc:  50% ▕████████          ▏ 2.4 GB/4.9 GB  8.1 MB/s    5m6s[K[?25h[?2026l[?2026h[?25l[A[1Gpulling manifest [K
pulling 667b0c1932bc:  50% ▕████████          ▏ 2.4 GB/4.9 GB  8.1 MB/s    5m6s[K[?25h[?2026l[?2026h[?25l[A[1Gpulling manifest [K
pulling 667b0c1932bc:  50% ▕████████          ▏ 2.5 GB/4.9 GB  8.3 MB/s   4m57s[K[?25h[?2026l[?2026h[?25l[A[1Gpulling manifest [K
pulling 667b0c1932bc:  50% ▕████████          ▏ 2.5 GB/4.9 GB  8.3 MB/s   4m57s[K[?25h[?2026l[?2026h[?25l[A[1Gpulling manifest [K
pulling 667b0c1932bc:  50% ▕████████          ▏ 2.5 GB/4.9 GB  8.3 MB/s   4m57s[K[?25h[?2026l[?2026h[?25l[A[1Gpulling manifest [K
pulling 667b0c1932bc:  50% ▕████████          ▏ 2.5 GB/4.9 GB  8.3 MB/s   4m56s[K[?25h[?2026l[?2026h[?25l[A[1Gpulling manifest [K
pulling 667b0c1932bc:  50% ▕████████          ▏ 2.5 GB/4.9 GB  8.3 MB/s   4m56s[K[?25h[?2026l[?2026h[?25l[A[1Gpulling manifest [K
pulling 667b0c1932bc:  50% ▕████████          ▏ 2.5 GB/4.9 GB  8.3 MB/s   4m56s[K[?25h[?2026l[?2026h[?25l[A[1Gpulling manifest [K
pulling 667b0c1932bc:  50% ▕████████          ▏ 2.5 GB/4.9 GB  8.3 MB/s   4m56s[K[?25h[?2026l[?2026h[?25l[A[1Gpulling manifest [K
pulling 667b0c1932bc:  50% ▕████████          ▏ 2.5 GB/4.9 GB  8.3 MB/s   4m56s[K[?25h[?2026l[?2026h[?25l[A[1Gpulling manifest [K
pulling 667b0c1932bc:  50% ▕████████          ▏ 2.5 GB/4.9 GB  8.3 MB/s   4m56s[K[?25h[?2026l[?2026h[?25l[A[1Gpulling manifest [K
pulling 667b0c1932bc:  50% ▕████████          ▏ 2.5 GB/4.9 GB  8.3 MB/s   4m56s[K[?25h[?2026l[?2026h[?25l[A[1Gpulling manifest [K
pulling 667b0c1932bc:  50% ▕████████          ▏ 2.5 GB/4.9 GB  8.4 MB/s   4m52s[K[?25h[?2026l[?2026h[?25l[A[1Gpulling manifest [K
pulling 667b0c1932bc:  50% ▕████████          ▏ 2.5 GB/4.9 GB  8.4 MB/s   4m51s[K[?25h[?2026l[?2026h[?25l[A[1Gpulling manifest [K
pulling 667b0c1932bc:  50% ▕█████████         ▏ 2.5 GB/4.9 GB  8.4 MB/s   4m51s[K[?25h[?2026l[?2026h[?25l[A[1Gpulling manifest [K
pulling 667b0c1932bc:  50% ▕█████████         ▏ 2.5 GB/4.9 GB  8.4 MB/s   4m51s[K[?25h[?2026l[?2026h[?25l[A[1Gpulling manifest [K
pulling 667b0c1932bc:  50% ▕█████████         ▏ 2.5 GB/4.9 GB  8.4 MB/s   4m51s[K[?25h[?2026l[?2026h[?25l[A[1Gpulling manifest [K
pulling 667b0c1932bc:  50% ▕█████████         ▏ 2.5 GB/4.9 GB  8.4 MB/s   4m51s[K[?25h[?2026l[?2026h[?25l[A[1Gpulling manifest [K
pulling 667b0c1932bc:  50% ▕█████████         ▏ 2.5 GB/4.9 GB  8.4 MB/s   4m51s[K[?25h[?2026l[?2026h[?25l[A[1Gpulling manifest [K
pulling 667b0c1932bc:  50% ▕█████████         ▏ 2.5 GB/4.9 GB  8.4 MB/s   4m51s[K[?25h[?2026l[?2026h[?25l[A[1Gpulling manifest [K
pulling 667b0c1932bc:  50% ▕█████████         ▏ 2.5 GB/4.9 GB  8.4 MB/s   4m51s[K[?25h[?2026l[?2026h[?25l[A[1Gpulling manifest [K
pulling 667b0c1932bc:  50% ▕█████████         ▏ 2.5 GB/4.9 GB  8.4 MB/s   4m51s[K[?25h[?2026l[?2026h[?25l[A[1Gpulling manifest [K
pulling 667b0c1932bc:  50% ▕█████████         ▏ 2.5 GB/4.9 GB  8.4 MB/s   4m50s[K[?25h[?2026l[?2026h[?25l[A[1Gpulling manifest [K
pulling 667b0c1932bc:  50% ▕█████████         ▏ 2.5 GB/4.9 GB  8.6 MB/s   4m43s[K[?25h[?2026l[?2026h[?25l[A[1Gpulling manifest [K
pulling 667b0c1932bc:  50% ▕█████████         ▏ 2.5 GB/4.9 GB  8.6 MB/s   4m43s[K[?25h[?2026l[?2026h[?25l[A[1Gpulling manifest [K
pulling 667b0c1932bc:  50% ▕█████████         ▏ 2.5 GB/4.9 GB  8.6 MB/s   4m43s[K[?25h[?2026l[?2026h[?25l[A[1Gpulling manifest [K
pulling 667b0c1932bc:  50% ▕█████████         ▏ 2.5 GB/4.9 GB  8.6 MB/s   4m43s[K[?25h[?2026l[?2026h[?25l[A[1Gpulling manifest [K
pulling 667b0c1932bc:  50% ▕█████████         ▏ 2.5 GB/4.9 GB  8.6 MB/s   4m42s[K[?25h[?2026l[?2026h[?25l[A[1Gpulling manifest [K
pulling 667b0c1932bc:  50% ▕█████████         ▏ 2.5 GB/4.9 GB  8.6 MB/s   4m42s[K[?25h[?2026l[?2026h[?25l[A[1Gpulling manifest [K
pulling 667b0c1932bc:  50% ▕█████████         ▏ 2.5 GB/4.9 GB  8.6 MB/s   4m42s[K[?25h[?2026l[?2026h[?25l[A[1Gpulling manifest [K
pulling 667b0c1932bc:  50% ▕█████████         ▏ 2.5 GB/4.9 GB  8.6 MB/s   4m42s[K[?25h[?2026l[?2026h[?25l[A[1Gpulling manifest [K
pulling 667b0c1932bc:  50% ▕█████████         ▏ 2.5 GB/4.9 GB  8.6 MB/s   4m42s[K[?25h[?2026l[?2026h[?25l[A[1Gpulling manifest [K
pulling 667b0c1932bc:  50% ▕█████████         ▏ 2.5 GB/4.9 GB  8.6 MB/s   4m42s[K[?25h[?2026l[?2026h[?25l[A[1Gpulling manifest [K
pulling 667b0c1932bc:  50% ▕█████████         ▏ 2.5 GB/4.9 GB  8.9 MB/s   4m33s[K[?25h[?2026l[?2026h[?25l[A[1Gpulling manifest [K
pulling 667b0c1932bc:  50% ▕█████████         ▏ 2.5 GB/4.9 GB  8.9 MB/s   4m33s[K[?25h[?2026l[?2026h[?25l[A[1Gpulling manifest [K
pulling 667b0c1932bc:  50% ▕█████████         ▏ 2.5 GB/4.9 GB  8.9 MB/s   4m33s[K[?25h[?2026l[?2026h[?25l[A[1Gpulling manifest [K
pulling 667b0c1932bc:  50% ▕█████████         ▏ 2.5 GB/4.9 GB  8.9 MB/s   4m33s[K[?25h[?2026l[?2026h[?25l[A[1Gpulling manifest [K
pulling 667b0c1932bc:  50% ▕█████████         ▏ 2.5 GB/4.9 GB  8.9 MB/s   4m33s[K[?25h[?2026l[?2026h[?25l[A[1Gpulling manifest [K
pulling 667b0c1932bc:  50% ▕█████████         ▏ 2.5 GB/4.9 GB  8.9 MB/s   4m33s[K[?25h[?2026l[?2026h[?25l[A[1Gpulling manifest [K
pulling 667b0c1932bc:  50% ▕█████████         ▏ 2.5 GB/4.9 GB  8.9 MB/s   4m33s[K[?25h[?2026l[?2026h[?25l[A[1Gpulling manifest [K
pulling 667b0c1932bc:  51% ▕█████████         ▏ 2.5 GB/4.9 GB  8.9 MB/s   4m33s[K[?25h[?2026l[?2026h[?25l[A[1Gpulling manifest [K
pulling 667b0c1932bc:  51% ▕█████████         ▏ 2.5 GB/4.9 GB  8.9 MB/s   4m33s[K[?25h[?2026l[?2026h[?25l[A[1Gpulling manifest [K
pulling 667b0c1932bc:  51% ▕█████████         ▏ 2.5 GB/4.9 GB  8.9 MB/s   4m33s[K[?25h[?2026l[?2026h[?25l[A[1Gpulling manifest [K
pulling 667b0c1932bc:  51% ▕█████████         ▏ 2.5 GB/4.9 GB  9.0 MB/s   4m30s[K[?25h[?2026l[?2026h[?25l[A[1Gpulling manifest [K
pulling 667b0c1932bc:  51% ▕█████████         ▏ 2.5 GB/4.9 GB  9.0 MB/s   4m30s[K[?25h[?2026l[?2026h[?25l[A[1Gpulling manifest [K
pulling 667b0c1932bc:  51% ▕█████████         ▏ 2.5 GB/4.9 GB  9.0 MB/s   4m30s[K[?25h[?2026l[?2026h[?25l[A[1Gpulling manifest [K
pulling 667b0c1932bc:  51% ▕█████████         ▏ 2.5 GB/4.9 GB  9.0 MB/s   4m30s[K[?25h[?2026l[?2026h[?25l[A[1Gpulling manifest [K
pulling 667b0c1932bc:  51% ▕█████████         ▏ 2.5 GB/4.9 GB  9.0 MB/s   4m30s[K[?25h[?2026l[?2026h[?25l[A[1Gpulling manifest [K
pulling 667b0c1932bc:  51% ▕█████████         ▏ 2.5 GB/4.9 GB  9.0 MB/s   4m30s[K[?25h[?2026l[?2026h[?25l[A[1Gpulling manifest [K
pulling 667b0c1932bc:  51% ▕█████████         ▏ 2.5 GB/4.9 GB  9.0 MB/s   4m30s[K[?25h[?2026l[?2026h[?25l[A[1Gpulling manifest [K
pulling 667b0c1932bc:  51% ▕█████████         ▏ 2.5 GB/4.9 GB  9.0 MB/s   4m29s[K[?25h[?2026l[?2026h[?25l[A[1Gpulling manifest [K
pulling 667b0c1932bc:  51% ▕█████████         ▏ 2.5 GB/4.9 GB  9.0 MB/s   4m29s[K[?25h[?2026l[?2026h[?25l[A[1Gpulling manifest [K
pulling 667b0c1932bc:  51% ▕█████████         ▏ 2.5 GB/4.9 GB  9.0 MB/s   4m29s[K[?25h[?2026l[?2026h[?25l[A[1Gpulling manifest [K
pulling 667b0c1932bc:  51% ▕█████████         ▏ 2.5 GB/4.9 GB  9.1 MB/s   4m27s[K[?25h[?2026l[?2026h[?25l[A[1Gpulling manifest [K
pulling 667b0c1932bc:  51% ▕█████████         ▏ 2.5 GB/4.9 GB  9.1 MB/s   4m27s[K[?25h[?2026l[?2026h[?25l[A[1Gpulling manifest [K
pulling 667b0c1932bc:  51% ▕█████████         ▏ 2.5 GB/4.9 GB  9.1 MB/s   4m27s[K[?25h[?2026l[?2026h[?25l[A[1Gpulling manifest [K
pulling 667b0c1932bc:  51% ▕█████████         ▏ 2.5 GB/4.9 GB  9.1 MB/s   4m27s[K[?25h[?2026l[?2026h[?25l[A[1Gpulling manifest [K
pulling 667b0c1932bc:  51% ▕█████████         ▏ 2.5 GB/4.9 GB  9.1 MB/s   4m27s[K[?25h[?2026l[?2026h[?25l[A[1Gpulling manifest [K
pulling 667b0c1932bc:  51% ▕█████████         ▏ 2.5 GB/4.9 GB  9.1 MB/s   4m27s[K[?25h[?2026l[?2026h[?25l[A[1Gpulling manifest [K
pulling 667b0c1932bc:  51% ▕█████████         ▏ 2.5 GB/4.9 GB  9.1 MB/s   4m26s[K[?25h[?2026l[?2026h[?25l[A[1Gpulling manifest [K
pulling 667b0c1932bc:  51% ▕█████████         ▏ 2.5 GB/4.9 GB  9.1 MB/s   4m26s[K[?25h[?2026l[?2026h[?25l[A[1Gpulling manifest [K
pulling 667b0c1932bc:  51% ▕█████████         ▏ 2.5 GB/4.9 GB  9.1 MB/s   4m26s[K[?25h[?2026l[?2026h[?25l[A[1Gpulling manifest [K
pulling 667b0c1932bc:  51% ▕█████████         ▏ 2.5 GB/4.9 GB  9.1 MB/s   4m26s[K[?25h[?2026l[?2026h[?25l[A[1Gpulling manifest [K
pulling 667b0c1932bc:  51% ▕█████████         ▏ 2.5 GB/4.9 GB  9.2 MB/s   4m21s[K[?25h[?2026l[?2026h[?25l[A[1Gpulling manifest [K
pulling 667b0c1932bc:  51% ▕█████████         ▏ 2.5 GB/4.9 GB  9.2 MB/s   4m21s[K[?25h[?2026l[?2026h[?25l[A[1Gpulling manifest [K
pulling 667b0c1932bc:  51% ▕█████████         ▏ 2.5 GB/4.9 GB  9.2 MB/s   4m21s[K[?25h[?2026l[?2026h[?25l[A[1Gpulling manifest [K
pulling 667b0c1932bc:  51% ▕█████████         ▏ 2.5 GB/4.9 GB  9.2 MB/s   4m21s[K[?25h[?2026l[?2026h[?25l[A[1Gpulling manifest [K
pulling 667b0c1932bc:  51% ▕█████████         ▏ 2.5 GB/4.9 GB  9.2 MB/s   4m21s[K[?25h[?2026l[?2026h[?25l[A[1Gpulling manifest [K
pulling 667b0c1932bc:  51% ▕█████████         ▏ 2.5 GB/4.9 GB  9.2 MB/s   4m21s[K[?25h[?2026l[?2026h[?25l[A[1Gpulling manifest [K
pulling 667b0c1932bc:  51% ▕█████████         ▏ 2.5 GB/4.9 GB  9.2 MB/s   4m21s[K[?25h[?2026l[?2026h[?25l[A[1Gpulling manifest [K
pulling 667b0c1932bc:  51% ▕█████████         ▏ 2.5 GB/4.9 GB  9.2 MB/s   4m21s[K[?25h[?2026l[?2026h[?25l[A[1Gpulling manifest [K
pulling 667b0c1932bc:  51% ▕█████████         ▏ 2.5 GB/4.9 GB  9.2 MB/s   4m21s[K[?25h[?2026l[?2026h[?25l[A[1Gpulling manifest [K
pulling 667b0c1932bc:  51% ▕█████████         ▏ 2.5 GB/4.9 GB  9.2 MB/s   4m21s[K[?25h[?2026l[?2026h[?25l[A[1Gpulling manifest [K
pulling 667b0c1932bc:  51% ▕█████████         ▏ 2.5 GB/4.9 GB  9.2 MB/s   4m20s[K[?25h[?2026l[?2026h[?25l[A[1Gpulling manifest [K
pulling 667b0c1932bc:  51% ▕█████████         ▏ 2.5 GB/4.9 GB  9.1 MB/s   4m23s[K[?25h[?2026l[?2026h[?25l[A[1Gpulling manifest [K
pulling 667b0c1932bc:  51% ▕█████████         ▏ 2.5 GB/4.9 GB  9.1 MB/s   4m23s[K[?25h[?2026l[?2026h[?25l[A[1Gpulling manifest [K
pulling 667b0c1932bc:  51% ▕█████████         ▏ 2.5 GB/4.9 GB  9.1 MB/s   4m23s[K[?25h[?2026l[?2026h[?25l[A[1Gpulling manifest [K
pulling 667b0c1932bc:  51% ▕█████████         ▏ 2.5 GB/4.9 GB  9.1 MB/s   4m23s[K[?25h[?2026l[?2026h[?25l[A[1Gpulling manifest [K
pulling 667b0c1932bc:  51% ▕█████████         ▏ 2.5 GB/4.9 GB  9.1 MB/s   4m23s[K[?25h[?2026l[?2026h[?25l[A[1Gpulling manifest [K
pulling 667b0c1932bc:  51% ▕█████████         ▏ 2.5 GB/4.9 GB  9.1 MB/s   4m23s[K[?25h[?2026l[?2026h[?25l[A[1Gpulling manifest [K
pulling 667b0c1932bc:  51% ▕█████████         ▏ 2.5 GB/4.9 GB  9.1 MB/s   4m23s[K[?25h[?2026l[?2026h[?25l[A[1Gpulling manifest [K
pulling 667b0c1932bc:  51% ▕█████████         ▏ 2.5 GB/4.9 GB  9.1 MB/s   4m23s[K[?25h[?2026l[?2026h[?25l[A[1Gpulling manifest [K
pulling 667b0c1932bc:  51% ▕█████████         ▏ 2.5 GB/4.9 GB  9.1 MB/s   4m23s[K[?25h[?2026l[?2026h[?25l[A[1Gpulling manifest [K
pulling 667b0c1932bc:  51% ▕█████████         ▏ 2.5 GB/4.9 GB  9.1 MB/s   4m22s[K[?25h[?2026l[?2026h[?25l[A[1Gpulling manifest [K
pulling 667b0c1932bc:  51% ▕█████████         ▏ 2.5 GB/4.9 GB  8.9 MB/s   4m29s[K[?25h[?2026l[?2026h[?25l[A[1Gpulling manifest [K
pulling 667b0c1932bc:  51% ▕█████████         ▏ 2.5 GB/4.9 GB  8.9 MB/s   4m29s[K[?25h[?2026l[?2026h[?25l[A[1Gpulling manifest [K
pulling 667b0c1932bc:  51% ▕█████████         ▏ 2.5 GB/4.9 GB  8.9 MB/s   4m29s[K[?25h[?2026l[?2026h[?25l[A[1Gpulling manifest [K
pulling 667b0c1932bc:  51% ▕█████████         ▏ 2.5 GB/4.9 GB  8.9 MB/s   4m29s[K[?25h[?2026l[?2026h[?25l[A[1Gpulling manifest [K
pulling 667b0c1932bc:  51% ▕█████████         ▏ 2.5 GB/4.9 GB  8.9 MB/s   4m29s[K[?25h[?2026l[?2026h[?25l[A[1Gpulling manifest [K
pulling 667b0c1932bc:  51% ▕█████████         ▏ 2.5 GB/4.9 GB  8.9 MB/s   4m29s[K[?25h[?2026l[?2026h[?25l[A[1Gpulling manifest [K
pulling 667b0c1932bc:  51% ▕█████████         ▏ 2.5 GB/4.9 GB  8.9 MB/s   4m29s[K[?25h[?2026l[?2026h[?25l[A[1Gpulling manifest [K
pulling 667b0c1932bc:  51% ▕█████████         ▏ 2.5 GB/4.9 GB  8.9 MB/s   4m29s[K[?25h[?2026l[?2026h[?25l[A[1Gpulling manifest [K
pulling 667b0c1932bc:  51% ▕█████████         ▏ 2.5 GB/4.9 GB  8.9 MB/s   4m29s[K[?25h[?2026l[?2026h[?25l[A[1Gpulling manifest [K
pulling 667b0c1932bc:  51% ▕█████████         ▏ 2.5 GB/4.9 GB  8.9 MB/s   4m29s[K[?25h[?2026l[?2026h[?25l[A[1Gpulling manifest [K
pulling 667b0c1932bc:  51% ▕█████████         ▏ 2.5 GB/4.9 GB  8.5 MB/s   4m39s[K[?25h[?2026l[?2026h[?25l[A[1Gpulling manifest [K
pulling 667b0c1932bc:  51% ▕█████████         ▏ 2.5 GB/4.9 GB  8.5 MB/s   4m39s[K[?25h[?2026l[?2026h[?25l[A[1Gpulling manifest [K
pulling 667b0c1932bc:  51% ▕█████████         ▏ 2.5 GB/4.9 GB  8.5 MB/s   4m39s[K[?25h[?2026l[?2026h[?25l[A[1Gpulling manifest [K
pulling 667b0c1932bc:  51% ▕█████████         ▏ 2.5 GB/4.9 GB  8.5 MB/s   4m39s[K[?25h[?2026l[?2026h[?25l[A[1Gpulling manifest [K
pulling 667b0c1932bc:  51% ▕█████████         ▏ 2.5 GB/4.9 GB  8.5 MB/s   4m39s[K[?25h[?2026l[?2026h[?25l[A[1Gpulling manifest [K
pulling 667b0c1932bc:  51% ▕█████████         ▏ 2.5 GB/4.9 GB  8.5 MB/s   4m39s[K[?25h[?2026l[?2026h[?25l[A[1Gpulling manifest [K
pulling 667b0c1932bc:  51% ▕█████████         ▏ 2.5 GB/4.9 GB  8.5 MB/s   4m39s[K[?25h[?2026l[?2026h[?25l[A[1Gpulling manifest [K
pulling 667b0c1932bc:  51% ▕█████████         ▏ 2.5 GB/4.9 GB  8.5 MB/s   4m39s[K[?25h[?2026l[?2026h[?25l[A[1Gpulling manifest [K
pulling 667b0c1932bc:  51% ▕█████████         ▏ 2.5 GB/4.9 GB  8.5 MB/s   4m39s[K[?25h[?2026l[?2026h[?25l[A[1Gpulling manifest [K
pulling 667b0c1932bc:  51% ▕█████████         ▏ 2.5 GB/4.9 GB  8.5 MB/s   4m39s[K[?25h[?2026l[?2026h[?25l[A[1Gpulling manifest [K
pulling 667b0c1932bc:  51% ▕█████████         ▏ 2.5 GB/4.9 GB  8.3 MB/s   4m48s[K[?25h[?2026l[?2026h[?25l[A[1Gpulling manifest [K
pulling 667b0c1932bc:  52% ▕█████████         ▏ 2.5 GB/4.9 GB  8.3 MB/s   4m48s[K[?25h[?2026l[?2026h[?25l[A[1Gpulling manifest [K
pulling 667b0c1932bc:  52% ▕█████████         ▏ 2.5 GB/4.9 GB  8.3 MB/s   4m48s[K[?25h[?2026l[?2026h[?25l[A[1Gpulling manifest [K
pulling 667b0c1932bc:  52% ▕█████████         ▏ 2.5 GB/4.9 GB  8.3 MB/s   4m48s[K[?25h[?2026l[?2026h[?25l[A[1Gpulling manifest [K
pulling 667b0c1932bc:  52% ▕█████████         ▏ 2.5 GB/4.9 GB  8.3 MB/s   4m48s[K[?25h[?2026l[?2026h[?25l[A[1Gpulling manifest [K
pulling 667b0c1932bc:  52% ▕█████████         ▏ 2.5 GB/4.9 GB  8.3 MB/s   4m48s[K[?25h[?2026l[?2026h[?25l[A[1Gpulling manifest [K
pulling 667b0c1932bc:  52% ▕█████████         ▏ 2.5 GB/4.9 GB  8.3 MB/s   4m48s[K[?25h[?2026l[?2026h[?25l[A[1Gpulling manifest [K
pulling 667b0c1932bc:  52% ▕█████████         ▏ 2.5 GB/4.9 GB  8.3 MB/s   4m48s[K[?25h[?2026l[?2026h[?25l[A[1Gpulling manifest [K
pulling 667b0c1932bc:  52% ▕█████████         ▏ 2.5 GB/4.9 GB  8.3 MB/s   4m48s[K[?25h[?2026l[?2026h[?25l[A[1Gpulling manifest [K
pulling 667b0c1932bc:  52% ▕█████████         ▏ 2.5 GB/4.9 GB  8.3 MB/s   4m48s[K[?25h[?2026l[?2026h[?25l[A[1Gpulling manifest [K
pulling 667b0c1932bc:  52% ▕█████████         ▏ 2.5 GB/4.9 GB  7.9 MB/s    5m0s[K[?25h[?2026l[?2026h[?25l[A[1Gpulling manifest [K
pulling 667b0c1932bc:  52% ▕█████████         ▏ 2.5 GB/4.9 GB  7.9 MB/s    5m0s[K[?25h[?2026l[?2026h[?25l[A[1Gpulling manifest [K
pulling 667b0c1932bc:  52% ▕█████████         ▏ 2.5 GB/4.9 GB  7.9 MB/s    5m0s[K[?25h[?2026l[?2026h[?25l[A[1Gpulling manifest [K
pulling 667b0c1932bc:  52% ▕█████████         ▏ 2.5 GB/4.9 GB  7.9 MB/s    5m0s[K[?25h[?2026l[?2026h[?25l[A[1Gpulling manifest [K
pulling 667b0c1932bc:  52% ▕█████████         ▏ 2.5 GB/4.9 GB  7.9 MB/s    5m0s[K[?25h[?2026l[?2026h[?25l[A[1Gpulling manifest [K
pulling 667b0c1932bc:  52% ▕█████████         ▏ 2.5 GB/4.9 GB  7.9 MB/s    5m0s[K[?25h[?2026l[?2026h[?25l[A[1Gpulling manifest [K
pulling 667b0c1932bc:  52% ▕█████████         ▏ 2.5 GB/4.9 GB  7.9 MB/s    5m0s[K[?25h[?2026l[?2026h[?25l[A[1Gpulling manifest [K
pulling 667b0c1932bc:  52% ▕█████████         ▏ 2.5 GB/4.9 GB  7.9 MB/s    5m0s[K[?25h[?2026l[?2026h[?25l[A[1Gpulling manifest [K
pulling 667b0c1932bc:  52% ▕█████████         ▏ 2.5 GB/4.9 GB  7.9 MB/s    5m0s[K[?25h[?2026l[?2026h[?25l[A[1Gpulling manifest [K
pulling 667b0c1932bc:  52% ▕█████████         ▏ 2.5 GB/4.9 GB  7.9 MB/s    5m0s[K[?25h[?2026l[?2026h[?25l[A[1Gpulling manifest [K
pulling 667b0c1932bc:  52% ▕█████████         ▏ 2.5 GB/4.9 GB  7.9 MB/s    5m0s[K[?25h[?2026l[?2026h[?25l[A[1Gpulling manifest [K
pulling 667b0c1932bc:  52% ▕█████████         ▏ 2.5 GB/4.9 GB  7.5 MB/s   5m15s[K[?25h[?2026l[?2026h[?25l[A[1Gpulling manifest [K
pulling 667b0c1932bc:  52% ▕█████████         ▏ 2.5 GB/4.9 GB  7.5 MB/s   5m15s[K[?25h[?2026l[?2026h[?25l[A[1Gpulling manifest [K
pulling 667b0c1932bc:  52% ▕█████████         ▏ 2.5 GB/4.9 GB  7.5 MB/s   5m15s[K[?25h[?2026l[?2026h[?25l[A[1Gpulling manifest [K
pulling 667b0c1932bc:  52% ▕█████████         ▏ 2.5 GB/4.9 GB  7.5 MB/s   5m15s[K[?25h[?2026l[?2026h[?25l[A[1Gpulling manifest [K
pulling 667b0c1932bc:  52% ▕█████████         ▏ 2.5 GB/4.9 GB  7.5 MB/s   5m14s[K[?25h[?2026l[?2026h[?25l[A[1Gpulling manifest [K
pulling 667b0c1932bc:  52% ▕█████████         ▏ 2.6 GB/4.9 GB  7.5 MB/s   5m14s[K[?25h[?2026l[?2026h[?25l[A[1Gpulling manifest [K
pulling 667b0c1932bc:  52% ▕█████████         ▏ 2.6 GB/4.9 GB  7.5 MB/s   5m14s[K[?25h[?2026l[?2026h[?25l[A[1Gpulling manifest [K
pulling 667b0c1932bc:  52% ▕█████████         ▏ 2.6 GB/4.9 GB  7.5 MB/s   5m14s[K[?25h[?2026l[?2026h[?25l[A[1Gpulling manifest [K
pulling 667b0c1932bc:  52% ▕█████████         ▏ 2.6 GB/4.9 GB  7.5 MB/s   5m14s[K[?25h[?2026l[?2026h[?25l[A[1Gpulling manifest [K
pulling 667b0c1932bc:  52% ▕█████████         ▏ 2.6 GB/4.9 GB  7.5 MB/s   5m14s[K[?25h[?2026l[?2026h[?25l[A[1Gpulling manifest [K
pulling 667b0c1932bc:  52% ▕█████████         ▏ 2.6 GB/4.9 GB  7.3 MB/s   5m25s[K[?25h[?2026l[?2026h[?25l[A[1Gpulling manifest [K
pulling 667b0c1932bc:  52% ▕█████████         ▏ 2.6 GB/4.9 GB  7.3 MB/s   5m25s[K[?25h[?2026l[?2026h[?25l[A[1Gpulling manifest [K
pulling 667b0c1932bc:  52% ▕█████████         ▏ 2.6 GB/4.9 GB  7.3 MB/s   5m25s[K[?25h[?2026l[?2026h[?25l[A[1Gpulling manifest [K
pulling 667b0c1932bc:  52% ▕█████████         ▏ 2.6 GB/4.9 GB  7.3 MB/s   5m25s[K[?25h[?2026l[?2026h[?25l[A[1Gpulling manifest [K
pulling 667b0c1932bc:  52% ▕█████████         ▏ 2.6 GB/4.9 GB  7.3 MB/s   5m25s[K[?25h[?2026l[?2026h[?25l[A[1Gpulling manifest [K
pulling 667b0c1932bc:  52% ▕█████████         ▏ 2.6 GB/4.9 GB  7.3 MB/s   5m25s[K[?25h[?2026l[?2026h[?25l[A[1Gpulling manifest [K
pulling 667b0c1932bc:  52% ▕█████████         ▏ 2.6 GB/4.9 GB  7.3 MB/s   5m25s[K[?25h[?2026l[?2026h[?25l[A[1Gpulling manifest [K
pulling 667b0c1932bc:  52% ▕█████████         ▏ 2.6 GB/4.9 GB  7.3 MB/s   5m25s[K[?25h[?2026l[?2026h[?25l[A[1Gpulling manifest [K
pulling 667b0c1932bc:  52% ▕█████████         ▏ 2.6 GB/4.9 GB  7.3 MB/s   5m25s[K[?25h[?2026l[?2026h[?25l[A[1Gpulling manifest [K
pulling 667b0c1932bc:  52% ▕█████████         ▏ 2.6 GB/4.9 GB  7.3 MB/s   5m25s[K[?25h[?2026l[?2026h[?25l[A[1Gpulling manifest [K
pulling 667b0c1932bc:  52% ▕█████████         ▏ 2.6 GB/4.9 GB  7.1 MB/s   5m33s[K[?25h[?2026l[?2026h[?25l[A[1Gpulling manifest [K
pulling 667b0c1932bc:  52% ▕█████████         ▏ 2.6 GB/4.9 GB  7.1 MB/s   5m33s[K[?25h[?2026l[?2026h[?25l[A[1Gpulling manifest [K
pulling 667b0c1932bc:  52% ▕█████████         ▏ 2.6 GB/4.9 GB  7.1 MB/s   5m33s[K[?25h[?2026l[?2026h[?25l[A[1Gpulling manifest [K
pulling 667b0c1932bc:  52% ▕█████████         ▏ 2.6 GB/4.9 GB  7.1 MB/s   5m33s[K[?25h[?2026l[?2026h[?25l[A[1Gpulling manifest [K
pulling 667b0c1932bc:  52% ▕█████████         ▏ 2.6 GB/4.9 GB  7.1 MB/s   5m32s[K[?25h[?2026l[?2026h[?25l[A[1Gpulling manifest [K
pulling 667b0c1932bc:  52% ▕█████████         ▏ 2.6 GB/4.9 GB  7.1 MB/s   5m32s[K[?25h[?2026l[?2026h[?25l[A[1Gpulling manifest [K
pulling 667b0c1932bc:  52% ▕█████████         ▏ 2.6 GB/4.9 GB  7.1 MB/s   5m32s[K[?25h[?2026l[?2026h[?25l[A[1Gpulling manifest [K
pulling 667b0c1932bc:  52% ▕█████████         ▏ 2.6 GB/4.9 GB  7.1 MB/s   5m32s[K[?25h[?2026l[?2026h[?25l[A[1Gpulling manifest [K
pulling 667b0c1932bc:  52% ▕█████████         ▏ 2.6 GB/4.9 GB  7.1 MB/s   5m32s[K[?25h[?2026l[?2026h[?25l[A[1Gpulling manifest [K
pulling 667b0c1932bc:  52% ▕█████████         ▏ 2.6 GB/4.9 GB  7.1 MB/s   5m32s[K[?25h[?2026l[?2026h[?25l[A[1Gpulling manifest [K
pulling 667b0c1932bc:  52% ▕█████████         ▏ 2.6 GB/4.9 GB  6.7 MB/s   5m51s[K[?25h[?2026l[?2026h[?25l[A[1Gpulling manifest [K
pulling 667b0c1932bc:  52% ▕█████████         ▏ 2.6 GB/4.9 GB  6.7 MB/s   5m50s[K[?25h[?2026l[?2026h[?25l[A[1Gpulling manifest [K
pulling 667b0c1932bc:  52% ▕█████████         ▏ 2.6 GB/4.9 GB  6.7 MB/s   5m50s[K[?25h[?2026l[?2026h[?25l[A[1Gpulling manifest [K
pulling 667b0c1932bc:  52% ▕█████████         ▏ 2.6 GB/4.9 GB  6.7 MB/s   5m50s[K[?25h[?2026l[?2026h[?25l[A[1Gpulling manifest [K
pulling 667b0c1932bc:  52% ▕█████████         ▏ 2.6 GB/4.9 GB  6.7 MB/s   5m50s[K[?25h[?2026l[?2026h[?25l[A[1Gpulling manifest [K
pulling 667b0c1932bc:  52% ▕█████████         ▏ 2.6 GB/4.9 GB  6.7 MB/s   5m50s[K[?25h[?2026l[?2026h[?25l[A[1Gpulling manifest [K
pulling 667b0c1932bc:  52% ▕█████████         ▏ 2.6 GB/4.9 GB  6.7 MB/s   5m50s[K[?25h[?2026l[?2026h[?25l[A[1Gpulling manifest [K
pulling 667b0c1932bc:  52% ▕█████████         ▏ 2.6 GB/4.9 GB  6.7 MB/s   5m50s[K[?25h[?2026l[?2026h[?25l[A[1Gpulling manifest [K
pulling 667b0c1932bc:  52% ▕█████████         ▏ 2.6 GB/4.9 GB  6.7 MB/s   5m50s[K[?25h[?2026l[?2026h[?25l[A[1Gpulling manifest [K
pulling 667b0c1932bc:  52% ▕█████████         ▏ 2.6 GB/4.9 GB  6.7 MB/s   5m50s[K[?25h[?2026l[?2026h[?25l[A[1Gpulling manifest [K
pulling 667b0c1932bc:  52% ▕█████████         ▏ 2.6 GB/4.9 GB  6.6 MB/s   5m54s[K[?25h[?2026l[?2026h[?25l[A[1Gpulling manifest [K
pulling 667b0c1932bc:  52% ▕█████████         ▏ 2.6 GB/4.9 GB  6.6 MB/s   5m54s[K[?25h[?2026l[?2026h[?25l[A[1Gpulling manifest [K
pulling 667b0c1932bc:  52% ▕█████████         ▏ 2.6 GB/4.9 GB  6.6 MB/s   5m54s[K[?25h[?2026l[?2026h[?25l[A[1Gpulling manifest [K
pulling 667b0c1932bc:  52% ▕█████████         ▏ 2.6 GB/4.9 GB  6.6 MB/s   5m54s[K[?25h[?2026l[?2026h[?25l[A[1Gpulling manifest [K
pulling 667b0c1932bc:  52% ▕█████████         ▏ 2.6 GB/4.9 GB  6.6 MB/s   5m54s[K[?25h[?2026l[?2026h[?25l[A[1Gpulling manifest [K
pulling 667b0c1932bc:  52% ▕█████████         ▏ 2.6 GB/4.9 GB  6.6 MB/s   5m54s[K[?25h[?2026l[?2026h[?25l[A[1Gpulling manifest [K
pulling 667b0c1932bc:  52% ▕█████████         ▏ 2.6 GB/4.9 GB  6.6 MB/s   5m54s[K[?25h[?2026l[?2026h[?25l[A[1Gpulling manifest [K
pulling 667b0c1932bc:  52% ▕█████████         ▏ 2.6 GB/4.9 GB  6.6 MB/s   5m53s[K[?25h[?2026l[?2026h[?25l[A[1Gpulling manifest [K
pulling 667b0c1932bc:  52% ▕█████████         ▏ 2.6 GB/4.9 GB  6.6 MB/s   5m53s[K[?25h[?2026l[?2026h[?25l[A[1Gpulling manifest [K
pulling 667b0c1932bc:  52% ▕█████████         ▏ 2.6 GB/4.9 GB  6.6 MB/s   5m53s[K[?25h[?2026l[?2026h[?25l[A[1Gpulling manifest [K
pulling 667b0c1932bc:  52% ▕█████████         ▏ 2.6 GB/4.9 GB  6.6 MB/s   5m53s[K[?25h[?2026l[?2026h[?25l[A[1Gpulling manifest [K
pulling 667b0c1932bc:  52% ▕█████████         ▏ 2.6 GB/4.9 GB  6.8 MB/s   5m46s[K[?25h[?2026l[?2026h[?25l[A[1Gpulling manifest [K
pulling 667b0c1932bc:  52% ▕█████████         ▏ 2.6 GB/4.9 GB  6.8 MB/s   5m46s[K[?25h[?2026l[?2026h[?25l[A[1Gpulling manifest [K
pulling 667b0c1932bc:  52% ▕█████████         ▏ 2.6 GB/4.9 GB  6.8 MB/s   5m46s[K[?25h[?2026l[?2026h[?25l[A[1Gpulling manifest [K
pulling 667b0c1932bc:  53% ▕█████████         ▏ 2.6 GB/4.9 GB  6.8 MB/s   5m45s[K[?25h[?2026l[?2026h[?25l[A[1Gpulling manifest [K
pulling 667b0c1932bc:  53% ▕█████████         ▏ 2.6 GB/4.9 GB  6.8 MB/s   5m45s[K[?25h[?2026l[?2026h[?25l[A[1Gpulling manifest [K
pulling 667b0c1932bc:  53% ▕█████████         ▏ 2.6 GB/4.9 GB  6.8 MB/s   5m45s[K[?25h[?2026l[?2026h[?25l[A[1Gpulling manifest [K
pulling 667b0c1932bc:  53% ▕█████████         ▏ 2.6 GB/4.9 GB  6.8 MB/s   5m45s[K[?25h[?2026l[?2026h[?25l[A[1Gpulling manifest [K
pulling 667b0c1932bc:  53% ▕█████████         ▏ 2.6 GB/4.9 GB  6.8 MB/s   5m45s[K[?25h[?2026l[?2026h[?25l[A[1Gpulling manifest [K
pulling 667b0c1932bc:  53% ▕█████████         ▏ 2.6 GB/4.9 GB  6.8 MB/s   5m45s[K[?25h[?2026l[?2026h[?25l[A[1Gpulling manifest [K
pulling 667b0c1932bc:  53% ▕█████████         ▏ 2.6 GB/4.9 GB  6.8 MB/s   5m45s[K[?25h[?2026l[?2026h[?25l[A[1Gpulling manifest [K
pulling 667b0c1932bc:  53% ▕█████████         ▏ 2.6 GB/4.9 GB  6.7 MB/s   5m46s[K[?25h[?2026l[?2026h[?25l[A[1Gpulling manifest [K
pulling 667b0c1932bc:  53% ▕█████████         ▏ 2.6 GB/4.9 GB  6.7 MB/s   5m46s[K[?25h[?2026l[?2026h[?25l[A[1Gpulling manifest [K
pulling 667b0c1932bc:  53% ▕█████████         ▏ 2.6 GB/4.9 GB  6.7 MB/s   5m46s[K[?25h[?2026l[?2026h[?25l[A[1Gpulling manifest [K
pulling 667b0c1932bc:  53% ▕█████████         ▏ 2.6 GB/4.9 GB  6.7 MB/s   5m46s[K[?25h[?2026l[?2026h[?25l[A[1Gpulling manifest [K
pulling 667b0c1932bc:  53% ▕█████████         ▏ 2.6 GB/4.9 GB  6.7 MB/s   5m46s[K[?25h[?2026l[?2026h[?25l[A[1Gpulling manifest [K
pulling 667b0c1932bc:  53% ▕█████████         ▏ 2.6 GB/4.9 GB  6.7 MB/s   5m46s[K[?25h[?2026l[?2026h[?25l[A[1Gpulling manifest [K
pulling 667b0c1932bc:  53% ▕█████████         ▏ 2.6 GB/4.9 GB  6.7 MB/s   5m46s[K[?25h[?2026l[?2026h[?25l[A[1Gpulling manifest [K
pulling 667b0c1932bc:  53% ▕█████████         ▏ 2.6 GB/4.9 GB  6.7 MB/s   5m46s[K[?25h[?2026l[?2026h[?25l[A[1Gpulling manifest [K
pulling 667b0c1932bc:  53% ▕█████████         ▏ 2.6 GB/4.9 GB  6.7 MB/s   5m46s[K[?25h[?2026l[?2026h[?25l[A[1Gpulling manifest [K
pulling 667b0c1932bc:  53% ▕█████████         ▏ 2.6 GB/4.9 GB  6.7 MB/s   5m45s[K[?25h[?2026l[?2026h[?25l[A[1Gpulling manifest [K
pulling 667b0c1932bc:  53% ▕█████████         ▏ 2.6 GB/4.9 GB  6.7 MB/s   5m45s[K[?25h[?2026l[?2026h[?25l[A[1Gpulling manifest [K
pulling 667b0c1932bc:  53% ▕█████████         ▏ 2.6 GB/4.9 GB  6.7 MB/s   5m45s[K[?25h[?2026l[?2026h[?25l[A[1Gpulling manifest [K
pulling 667b0c1932bc:  53% ▕█████████         ▏ 2.6 GB/4.9 GB  6.7 MB/s   5m45s[K[?25h[?2026l[?2026h[?25l[A[1Gpulling manifest [K
pulling 667b0c1932bc:  53% ▕█████████         ▏ 2.6 GB/4.9 GB  6.7 MB/s   5m45s[K[?25h[?2026l[?2026h[?25l[A[1Gpulling manifest [K
pulling 667b0c1932bc:  53% ▕█████████         ▏ 2.6 GB/4.9 GB  6.7 MB/s   5m45s[K[?25h[?2026l[?2026h[?25l[A[1Gpulling manifest [K
pulling 667b0c1932bc:  53% ▕█████████         ▏ 2.6 GB/4.9 GB  6.7 MB/s   5m44s[K[?25h[?2026l[?2026h[?25l[A[1Gpulling manifest [K
pulling 667b0c1932bc:  53% ▕█████████         ▏ 2.6 GB/4.9 GB  6.7 MB/s   5m44s[K[?25h[?2026l[?2026h[?25l[A[1Gpulling manifest [K
pulling 667b0c1932bc:  53% ▕█████████         ▏ 2.6 GB/4.9 GB  6.7 MB/s   5m44s[K[?25h[?2026l[?2026h[?25l[A[1Gpulling manifest [K
pulling 667b0c1932bc:  53% ▕█████████         ▏ 2.6 GB/4.9 GB  6.7 MB/s   5m44s[K[?25h[?2026l[?2026h[?25l[A[1Gpulling manifest [K
pulling 667b0c1932bc:  53% ▕█████████         ▏ 2.6 GB/4.9 GB  6.7 MB/s   5m44s[K[?25h[?2026l[?2026h[?25l[A[1Gpulling manifest [K
pulling 667b0c1932bc:  53% ▕█████████         ▏ 2.6 GB/4.9 GB  6.8 MB/s   5m41s[K[?25h[?2026l[?2026h[?25l[A[1Gpulling manifest [K
pulling 667b0c1932bc:  53% ▕█████████         ▏ 2.6 GB/4.9 GB  6.8 MB/s   5m41s[K[?25h[?2026l[?2026h[?25l[A[1Gpulling manifest [K
pulling 667b0c1932bc:  53% ▕█████████         ▏ 2.6 GB/4.9 GB  6.8 MB/s   5m41s[K[?25h[?2026l[?2026h[?25l[A[1Gpulling manifest [K
pulling 667b0c1932bc:  53% ▕█████████         ▏ 2.6 GB/4.9 GB  6.8 MB/s   5m41s[K[?25h[?2026l[?2026h[?25l[A[1Gpulling manifest [K
pulling 667b0c1932bc:  53% ▕█████████         ▏ 2.6 GB/4.9 GB  6.8 MB/s   5m41s[K[?25h[?2026l[?2026h[?25l[A[1Gpulling manifest [K
pulling 667b0c1932bc:  53% ▕█████████         ▏ 2.6 GB/4.9 GB  6.8 MB/s   5m41s[K[?25h[?2026l[?2026h[?25l[A[1Gpulling manifest [K
pulling 667b0c1932bc:  53% ▕█████████         ▏ 2.6 GB/4.9 GB  6.8 MB/s   5m41s[K[?25h[?2026l[?2026h[?25l[A[1Gpulling manifest [K
pulling 667b0c1932bc:  53% ▕█████████         ▏ 2.6 GB/4.9 GB  6.8 MB/s   5m41s[K[?25h[?2026l[?2026h[?25l[A[1Gpulling manifest [K
pulling 667b0c1932bc:  53% ▕█████████         ▏ 2.6 GB/4.9 GB  6.8 MB/s   5m41s[K[?25h[?2026l[?2026h[?25l[A[1Gpulling manifest [K
pulling 667b0c1932bc:  53% ▕█████████         ▏ 2.6 GB/4.9 GB  6.8 MB/s   5m41s[K[?25h[?2026l[?2026h[?25l[A[1Gpulling manifest [K
pulling 667b0c1932bc:  53% ▕█████████         ▏ 2.6 GB/4.9 GB  6.8 MB/s   5m40s[K[?25h[?2026l[?2026h[?25l[A[1Gpulling manifest [K
pulling 667b0c1932bc:  53% ▕█████████         ▏ 2.6 GB/4.9 GB  6.8 MB/s   5m40s[K[?25h[?2026l[?2026h[?25l[A[1Gpulling manifest [K
pulling 667b0c1932bc:  53% ▕█████████         ▏ 2.6 GB/4.9 GB  6.8 MB/s   5m40s[K[?25h[?2026l[?2026h[?25l[A[1Gpulling manifest [K
pulling 667b0c1932bc:  53% ▕█████████         ▏ 2.6 GB/4.9 GB  6.8 MB/s   5m40s[K[?25h[?2026l[?2026h[?25l[A[1Gpulling manifest [K
pulling 667b0c1932bc:  53% ▕█████████         ▏ 2.6 GB/4.9 GB  6.8 MB/s   5m39s[K[?25h[?2026l[?2026h[?25l[A[1Gpulling manifest [K
pulling 667b0c1932bc:  53% ▕█████████         ▏ 2.6 GB/4.9 GB  6.8 MB/s   5m39s[K[?25h[?2026l[?2026h[?25l[A[1Gpulling manifest [K
pulling 667b0c1932bc:  53% ▕█████████         ▏ 2.6 GB/4.9 GB  6.8 MB/s   5m39s[K[?25h[?2026l[?2026h[?25l[A[1Gpulling manifest [K
pulling 667b0c1932bc:  53% ▕█████████         ▏ 2.6 GB/4.9 GB  6.8 MB/s   5m39s[K[?25h[?2026l[?2026h[?25l[A[1Gpulling manifest [K
pulling 667b0c1932bc:  53% ▕█████████         ▏ 2.6 GB/4.9 GB  6.8 MB/s   5m39s[K[?25h[?2026l[?2026h[?25l[A[1Gpulling manifest [K
pulling 667b0c1932bc:  53% ▕█████████         ▏ 2.6 GB/4.9 GB  6.8 MB/s   5m39s[K[?25h[?2026l[?2026h[?25l[A[1Gpulling manifest [K
pulling 667b0c1932bc:  53% ▕█████████         ▏ 2.6 GB/4.9 GB  6.8 MB/s   5m39s[K[?25h[?2026l[?2026h[?25l[A[1Gpulling manifest [K
pulling 667b0c1932bc:  53% ▕█████████         ▏ 2.6 GB/4.9 GB  6.7 MB/s   5m41s[K[?25h[?2026l[?2026h[?25l[A[1Gpulling manifest [K
pulling 667b0c1932bc:  53% ▕█████████         ▏ 2.6 GB/4.9 GB  6.7 MB/s   5m41s[K[?25h[?2026l[?2026h[?25l[A[1Gpulling manifest [K
pulling 667b0c1932bc:  53% ▕█████████         ▏ 2.6 GB/4.9 GB  6.7 MB/s   5m41s[K[?25h[?2026l[?2026h[?25l[A[1Gpulling manifest [K
pulling 667b0c1932bc:  53% ▕█████████         ▏ 2.6 GB/4.9 GB  6.7 MB/s   5m41s[K[?25h[?2026l[?2026h[?25l[A[1Gpulling manifest [K
pulling 667b0c1932bc:  53% ▕█████████         ▏ 2.6 GB/4.9 GB  6.7 MB/s   5m41s[K[?25h[?2026l[?2026h[?25l[A[1Gpulling manifest [K
pulling 667b0c1932bc:  53% ▕█████████         ▏ 2.6 GB/4.9 GB  6.7 MB/s   5m41s[K[?25h[?2026l[?2026h[?25l[A[1Gpulling manifest [K
pulling 667b0c1932bc:  53% ▕█████████         ▏ 2.6 GB/4.9 GB  6.7 MB/s   5m41s[K[?25h[?2026l[?2026h[?25l[A[1Gpulling manifest [K
pulling 667b0c1932bc:  53% ▕█████████         ▏ 2.6 GB/4.9 GB  6.7 MB/s   5m41s[K[?25h[?2026l[?2026h[?25l[A[1Gpulling manifest [K
pulling 667b0c1932bc:  53% ▕█████████         ▏ 2.6 GB/4.9 GB  6.7 MB/s   5m41s[K[?25h[?2026l[?2026h[?25l[A[1Gpulling manifest [K
pulling 667b0c1932bc:  53% ▕█████████         ▏ 2.6 GB/4.9 GB  6.7 MB/s   5m41s[K[?25h[?2026l[?2026h[?25l[A[1Gpulling manifest [K
pulling 667b0c1932bc:  53% ▕█████████         ▏ 2.6 GB/4.9 GB  6.6 MB/s   5m48s[K[?25h[?2026l[?2026h[?25l[A[1Gpulling manifest [K
pulling 667b0c1932bc:  53% ▕█████████         ▏ 2.6 GB/4.9 GB  6.6 MB/s   5m48s[K[?25h[?2026l[?2026h[?25l[A[1Gpulling manifest [K
pulling 667b0c1932bc:  53% ▕█████████         ▏ 2.6 GB/4.9 GB  6.6 MB/s   5m48s[K[?25h[?2026l[?2026h[?25l[A[1Gpulling manifest [K
pulling 667b0c1932bc:  53% ▕█████████         ▏ 2.6 GB/4.9 GB  6.6 MB/s   5m48s[K[?25h[?2026l[?2026h[?25l[A[1Gpulling manifest [K
pulling 667b0c1932bc:  53% ▕█████████         ▏ 2.6 GB/4.9 GB  6.6 MB/s   5m48s[K[?25h[?2026l[?2026h[?25l[A[1Gpulling manifest [K
pulling 667b0c1932bc:  53% ▕█████████         ▏ 2.6 GB/4.9 GB  6.6 MB/s   5m47s[K[?25h[?2026l[?2026h[?25l[A[1Gpulling manifest [K
pulling 667b0c1932bc:  53% ▕█████████         ▏ 2.6 GB/4.9 GB  6.6 MB/s   5m47s[K[?25h[?2026l[?2026h[?25l[A[1Gpulling manifest [K
pulling 667b0c1932bc:  53% ▕█████████         ▏ 2.6 GB/4.9 GB  6.6 MB/s   5m47s[K[?25h[?2026l[?2026h[?25l[A[1Gpulling manifest [K
pulling 667b0c1932bc:  53% ▕█████████         ▏ 2.6 GB/4.9 GB  6.6 MB/s   5m47s[K[?25h[?2026l[?2026h[?25l[A[1Gpulling manifest [K
pulling 667b0c1932bc:  53% ▕█████████         ▏ 2.6 GB/4.9 GB  6.6 MB/s   5m47s[K[?25h[?2026l[?2026h[?25l[A[1Gpulling manifest [K
pulling 667b0c1932bc:  53% ▕█████████         ▏ 2.6 GB/4.9 GB  6.6 MB/s   5m48s[K[?25h[?2026l[?2026h[?25l[A[1Gpulling manifest [K
pulling 667b0c1932bc:  53% ▕█████████         ▏ 2.6 GB/4.9 GB  6.6 MB/s   5m47s[K[?25h[?2026l[?2026h[?25l[A[1Gpulling manifest [K
pulling 667b0c1932bc:  53% ▕█████████         ▏ 2.6 GB/4.9 GB  6.6 MB/s   5m47s[K[?25h[?2026l[?2026h[?25l[A[1Gpulling manifest [K
pulling 667b0c1932bc:  53% ▕█████████         ▏ 2.6 GB/4.9 GB  6.6 MB/s   5m47s[K[?25h[?2026l[?2026h[?25l[A[1Gpulling manifest [K
pulling 667b0c1932bc:  53% ▕█████████         ▏ 2.6 GB/4.9 GB  6.6 MB/s   5m47s[K[?25h[?2026l[?2026h[?25l[A[1Gpulling manifest [K
pulling 667b0c1932bc:  53% ▕█████████         ▏ 2.6 GB/4.9 GB  6.6 MB/s   5m47s[K[?25h[?2026l[?2026h[?25l[A[1Gpulling manifest [K
pulling 667b0c1932bc:  53% ▕█████████         ▏ 2.6 GB/4.9 GB  6.6 MB/s   5m47s[K[?25h[?2026l[?2026h[?25l[A[1Gpulling manifest [K
pulling 667b0c1932bc:  53% ▕█████████         ▏ 2.6 GB/4.9 GB  6.6 MB/s   5m47s[K[?25h[?2026l[?2026h[?25l[A[1Gpulling manifest [K
pulling 667b0c1932bc:  53% ▕█████████         ▏ 2.6 GB/4.9 GB  6.6 MB/s   5m47s[K[?25h[?2026l[?2026h[?25l[A[1Gpulling manifest [K
pulling 667b0c1932bc:  53% ▕█████████         ▏ 2.6 GB/4.9 GB  6.6 MB/s   5m47s[K[?25h[?2026l[?2026h[?25l[A[1Gpulling manifest [K
pulling 667b0c1932bc:  54% ▕█████████         ▏ 2.6 GB/4.9 GB  6.5 MB/s   5m50s[K[?25h[?2026l[?2026h[?25l[A[1Gpulling manifest [K
pulling 667b0c1932bc:  54% ▕█████████         ▏ 2.6 GB/4.9 GB  6.5 MB/s   5m50s[K[?25h[?2026l[?2026h[?25l[A[1Gpulling manifest [K
pulling 667b0c1932bc:  54% ▕█████████         ▏ 2.6 GB/4.9 GB  6.5 MB/s   5m50s[K[?25h[?2026l[?2026h[?25l[A[1Gpulling manifest [K
pulling 667b0c1932bc:  54% ▕█████████         ▏ 2.6 GB/4.9 GB  6.5 MB/s   5m49s[K[?25h[?2026l[?2026h[?25l[A[1Gpulling manifest [K
pulling 667b0c1932bc:  54% ▕█████████         ▏ 2.6 GB/4.9 GB  6.5 MB/s   5m49s[K[?25h[?2026l[?2026h[?25l[A[1Gpulling manifest [K
pulling 667b0c1932bc:  54% ▕█████████         ▏ 2.6 GB/4.9 GB  6.5 MB/s   5m49s[K[?25h[?2026l[?2026h[?25l[A[1Gpulling manifest [K
pulling 667b0c1932bc:  54% ▕█████████         ▏ 2.6 GB/4.9 GB  6.5 MB/s   5m49s[K[?25h[?2026l[?2026h[?25l[A[1Gpulling manifest [K
pulling 667b0c1932bc:  54% ▕█████████         ▏ 2.6 GB/4.9 GB  6.5 MB/s   5m49s[K[?25h[?2026l[?2026h[?25l[A[1Gpulling manifest [K
pulling 667b0c1932bc:  54% ▕█████████         ▏ 2.6 GB/4.9 GB  6.5 MB/s   5m49s[K[?25h[?2026l[?2026h[?25l[A[1Gpulling manifest [K
pulling 667b0c1932bc:  54% ▕█████████         ▏ 2.6 GB/4.9 GB  6.5 MB/s   5m49s[K[?25h[?2026l[?2026h[?25l[A[1Gpulling manifest [K
pulling 667b0c1932bc:  54% ▕█████████         ▏ 2.6 GB/4.9 GB  6.5 MB/s   5m50s[K[?25h[?2026l[?2026h[?25l[A[1Gpulling manifest [K
pulling 667b0c1932bc:  54% ▕█████████         ▏ 2.6 GB/4.9 GB  6.5 MB/s   5m50s[K[?25h[?2026l[?2026h[?25l[A[1Gpulling manifest [K
pulling 667b0c1932bc:  54% ▕█████████         ▏ 2.6 GB/4.9 GB  6.5 MB/s   5m50s[K[?25h[?2026l[?2026h[?25l[A[1Gpulling manifest [K
pulling 667b0c1932bc:  54% ▕█████████         ▏ 2.6 GB/4.9 GB  6.5 MB/s   5m50s[K[?25h[?2026l[?2026h[?25l[A[1Gpulling manifest [K
pulling 667b0c1932bc:  54% ▕█████████         ▏ 2.6 GB/4.9 GB  6.5 MB/s   5m50s[K[?25h[?2026l[?2026h[?25l[A[1Gpulling manifest [K
pulling 667b0c1932bc:  54% ▕█████████         ▏ 2.6 GB/4.9 GB  6.5 MB/s   5m50s[K[?25h[?2026l[?2026h[?25l[A[1Gpulling manifest [K
pulling 667b0c1932bc:  54% ▕█████████         ▏ 2.6 GB/4.9 GB  6.5 MB/s   5m50s[K[?25h[?2026l[?2026h[?25l[A[1Gpulling manifest [K
pulling 667b0c1932bc:  54% ▕█████████         ▏ 2.6 GB/4.9 GB  6.5 MB/s   5m50s[K[?25h[?2026l[?2026h[?25l[A[1Gpulling manifest [K
pulling 667b0c1932bc:  54% ▕█████████         ▏ 2.6 GB/4.9 GB  6.5 MB/s   5m50s[K[?25h[?2026l[?2026h[?25l[A[1Gpulling manifest [K
pulling 667b0c1932bc:  54% ▕█████████         ▏ 2.6 GB/4.9 GB  6.5 MB/s   5m49s[K[?25h[?2026l[?2026h[?25l[A[1Gpulling manifest [K
pulling 667b0c1932bc:  54% ▕█████████         ▏ 2.6 GB/4.9 GB  6.5 MB/s   5m49s[K[?25h[?2026l[?2026h[?25l[A[1Gpulling manifest [K
pulling 667b0c1932bc:  54% ▕█████████         ▏ 2.6 GB/4.9 GB  6.6 MB/s   5m45s[K[?25h[?2026l[?2026h[?25l[A[1Gpulling manifest [K
pulling 667b0c1932bc:  54% ▕█████████         ▏ 2.6 GB/4.9 GB  6.6 MB/s   5m44s[K[?25h[?2026l[?2026h[?25l[A[1Gpulling manifest [K
pulling 667b0c1932bc:  54% ▕█████████         ▏ 2.6 GB/4.9 GB  6.6 MB/s   5m44s[K[?25h[?2026l[?2026h[?25l[A[1Gpulling manifest [K
pulling 667b0c1932bc:  54% ▕█████████         ▏ 2.7 GB/4.9 GB  6.6 MB/s   5m44s[K[?25h[?2026l[?2026h[?25l[A[1Gpulling manifest [K
pulling 667b0c1932bc:  54% ▕█████████         ▏ 2.7 GB/4.9 GB  6.6 MB/s   5m44s[K[?25h[?2026l[?2026h[?25l[A[1Gpulling manifest [K
pulling 667b0c1932bc:  54% ▕█████████         ▏ 2.7 GB/4.9 GB  6.6 MB/s   5m44s[K[?25h[?2026l[?2026h[?25l[A[1Gpulling manifest [K
pulling 667b0c1932bc:  54% ▕█████████         ▏ 2.7 GB/4.9 GB  6.6 MB/s   5m44s[K[?25h[?2026l[?2026h[?25l[A[1Gpulling manifest [K
pulling 667b0c1932bc:  54% ▕█████████         ▏ 2.7 GB/4.9 GB  6.6 MB/s   5m44s[K[?25h[?2026l[?2026h[?25l[A[1Gpulling manifest [K
pulling 667b0c1932bc:  54% ▕█████████         ▏ 2.7 GB/4.9 GB  6.6 MB/s   5m44s[K[?25h[?2026l[?2026h[?25l[A[1Gpulling manifest [K
pulling 667b0c1932bc:  54% ▕█████████         ▏ 2.7 GB/4.9 GB  6.6 MB/s   5m44s[K[?25h[?2026l[?2026h[?25l[A[1Gpulling manifest [K
pulling 667b0c1932bc:  54% ▕█████████         ▏ 2.7 GB/4.9 GB  6.7 MB/s   5m37s[K[?25h[?2026l[?2026h[?25l[A[1Gpulling manifest [K
pulling 667b0c1932bc:  54% ▕█████████         ▏ 2.7 GB/4.9 GB  6.7 MB/s   5m37s[K[?25h[?2026l[?2026h[?25l[A[1Gpulling manifest [K
pulling 667b0c1932bc:  54% ▕█████████         ▏ 2.7 GB/4.9 GB  6.7 MB/s   5m37s[K[?25h[?2026l[?2026h[?25l[A[1Gpulling manifest [K
pulling 667b0c1932bc:  54% ▕█████████         ▏ 2.7 GB/4.9 GB  6.7 MB/s   5m37s[K[?25h[?2026l[?2026h[?25l[A[1Gpulling manifest [K
pulling 667b0c1932bc:  54% ▕█████████         ▏ 2.7 GB/4.9 GB  6.7 MB/s   5m37s[K[?25h[?2026l[?2026h[?25l[A[1Gpulling manifest [K
pulling 667b0c1932bc:  54% ▕█████████         ▏ 2.7 GB/4.9 GB  6.7 MB/s   5m37s[K[?25h[?2026l[?2026h[?25l[A[1Gpulling manifest [K
pulling 667b0c1932bc:  54% ▕█████████         ▏ 2.7 GB/4.9 GB  6.7 MB/s   5m37s[K[?25h[?2026l[?2026h[?25l[A[1Gpulling manifest [K
pulling 667b0c1932bc:  54% ▕█████████         ▏ 2.7 GB/4.9 GB  6.7 MB/s   5m37s[K[?25h[?2026l[?2026h[?25l[A[1Gpulling manifest [K
pulling 667b0c1932bc:  54% ▕█████████         ▏ 2.7 GB/4.9 GB  6.7 MB/s   5m37s[K[?25h[?2026l[?2026h[?25l[A[1Gpulling manifest [K
pulling 667b0c1932bc:  54% ▕█████████         ▏ 2.7 GB/4.9 GB  6.7 MB/s   5m37s[K[?25h[?2026l[?2026h[?25l[A[1Gpulling manifest [K
pulling 667b0c1932bc:  54% ▕█████████         ▏ 2.7 GB/4.9 GB  6.7 MB/s   5m39s[K[?25h[?2026l[?2026h[?25l[A[1Gpulling manifest [K
pulling 667b0c1932bc:  54% ▕█████████         ▏ 2.7 GB/4.9 GB  6.7 MB/s   5m39s[K[?25h[?2026l[?2026h[?25l[A[1Gpulling manifest [K
pulling 667b0c1932bc:  54% ▕█████████         ▏ 2.7 GB/4.9 GB  6.7 MB/s   5m39s[K[?25h[?2026l[?2026h[?25l[A[1Gpulling manifest [K
pulling 667b0c1932bc:  54% ▕█████████         ▏ 2.7 GB/4.9 GB  6.7 MB/s   5m39s[K[?25h[?2026l[?2026h[?25l[A[1Gpulling manifest [K
pulling 667b0c1932bc:  54% ▕█████████         ▏ 2.7 GB/4.9 GB  6.7 MB/s   5m39s[K[?25h[?2026l[?2026h[?25l[A[1Gpulling manifest [K
pulling 667b0c1932bc:  54% ▕█████████         ▏ 2.7 GB/4.9 GB  6.7 MB/s   5m39s[K[?25h[?2026l[?2026h[?25l[A[1Gpulling manifest [K
pulling 667b0c1932bc:  54% ▕█████████         ▏ 2.7 GB/4.9 GB  6.7 MB/s   5m38s[K[?25h[?2026l[?2026h[?25l[A[1Gpulling manifest [K
pulling 667b0c1932bc:  54% ▕█████████         ▏ 2.7 GB/4.9 GB  6.7 MB/s   5m38s[K[?25h[?2026l[?2026h[?25l[A[1Gpulling manifest [K
pulling 667b0c1932bc:  54% ▕█████████         ▏ 2.7 GB/4.9 GB  6.7 MB/s   5m38s[K[?25h[?2026l[?2026h[?25l[A[1Gpulling manifest [K
pulling 667b0c1932bc:  54% ▕█████████         ▏ 2.7 GB/4.9 GB  6.7 MB/s   5m38s[K[?25h[?2026l[?2026h[?25l[A[1Gpulling manifest [K
pulling 667b0c1932bc:  54% ▕█████████         ▏ 2.7 GB/4.9 GB  6.7 MB/s   5m38s[K[?25h[?2026l[?2026h[?25l[A[1Gpulling manifest [K
pulling 667b0c1932bc:  54% ▕█████████         ▏ 2.7 GB/4.9 GB  6.7 MB/s   5m38s[K[?25h[?2026l[?2026h[?25l[A[1Gpulling manifest [K
pulling 667b0c1932bc:  54% ▕█████████         ▏ 2.7 GB/4.9 GB  6.7 MB/s   5m38s[K[?25h[?2026l[?2026h[?25l[A[1Gpulling manifest [K
pulling 667b0c1932bc:  54% ▕█████████         ▏ 2.7 GB/4.9 GB  6.7 MB/s   5m38s[K[?25h[?2026l[?2026h[?25l[A[1Gpulling manifest [K
pulling 667b0c1932bc:  54% ▕█████████         ▏ 2.7 GB/4.9 GB  6.7 MB/s   5m38s[K[?25h[?2026l[?2026h[?25l[A[1Gpulling manifest [K
pulling 667b0c1932bc:  54% ▕█████████         ▏ 2.7 GB/4.9 GB  6.7 MB/s   5m38s[K[?25h[?2026l[?2026h[?25l[A[1Gpulling manifest [K
pulling 667b0c1932bc:  54% ▕█████████         ▏ 2.7 GB/4.9 GB  6.7 MB/s   5m37s[K[?25h[?2026l[?2026h[?25l[A[1Gpulling manifest [K
pulling 667b0c1932bc:  54% ▕█████████         ▏ 2.7 GB/4.9 GB  6.7 MB/s   5m37s[K[?25h[?2026l[?2026h[?25l[A[1Gpulling manifest [K
pulling 667b0c1932bc:  54% ▕█████████         ▏ 2.7 GB/4.9 GB  6.7 MB/s   5m37s[K[?25h[?2026l[?2026h[?25l[A[1Gpulling manifest [K
pulling 667b0c1932bc:  54% ▕█████████         ▏ 2.7 GB/4.9 GB  6.7 MB/s   5m37s[K[?25h[?2026l[?2026h[?25l[A[1Gpulling manifest [K
pulling 667b0c1932bc:  54% ▕█████████         ▏ 2.7 GB/4.9 GB  6.7 MB/s   5m35s[K[?25h[?2026l[?2026h[?25l[A[1Gpulling manifest [K
pulling 667b0c1932bc:  54% ▕█████████         ▏ 2.7 GB/4.9 GB  6.7 MB/s   5m35s[K[?25h[?2026l[?2026h[?25l[A[1Gpulling manifest [K
pulling 667b0c1932bc:  54% ▕█████████         ▏ 2.7 GB/4.9 GB  6.7 MB/s   5m35s[K[?25h[?2026l[?2026h[?25l[A[1Gpulling manifest [K
pulling 667b0c1932bc:  54% ▕█████████         ▏ 2.7 GB/4.9 GB  6.7 MB/s   5m35s[K[?25h[?2026l[?2026h[?25l[A[1Gpulling manifest [K
pulling 667b0c1932bc:  54% ▕█████████         ▏ 2.7 GB/4.9 GB  6.7 MB/s   5m34s[K[?25h[?2026l[?2026h[?25l[A[1Gpulling manifest [K
pulling 667b0c1932bc:  54% ▕█████████         ▏ 2.7 GB/4.9 GB  6.7 MB/s   5m34s[K[?25h[?2026l[?2026h[?25l[A[1Gpulling manifest [K
pulling 667b0c1932bc:  54% ▕█████████         ▏ 2.7 GB/4.9 GB  6.7 MB/s   5m34s[K[?25h[?2026l[?2026h[?25l[A[1Gpulling manifest [K
pulling 667b0c1932bc:  54% ▕█████████         ▏ 2.7 GB/4.9 GB  6.7 MB/s   5m34s[K[?25h[?2026l[?2026h[?25l[A[1Gpulling manifest [K
pulling 667b0c1932bc:  54% ▕█████████         ▏ 2.7 GB/4.9 GB  6.7 MB/s   5m34s[K[?25h[?2026l[?2026h[?25l[A[1Gpulling manifest [K
pulling 667b0c1932bc:  54% ▕█████████         ▏ 2.7 GB/4.9 GB  6.7 MB/s   5m34s[K[?25h[?2026l[?2026h[?25l[A[1Gpulling manifest [K
pulling 667b0c1932bc:  54% ▕█████████         ▏ 2.7 GB/4.9 GB  6.7 MB/s   5m34s[K[?25h[?2026l[?2026h[?25l[A[1Gpulling manifest [K
pulling 667b0c1932bc:  55% ▕█████████         ▏ 2.7 GB/4.9 GB  6.9 MB/s   5m25s[K[?25h[?2026l[?2026h[?25l[A[1Gpulling manifest [K
pulling 667b0c1932bc:  55% ▕█████████         ▏ 2.7 GB/4.9 GB  6.9 MB/s   5m25s[K[?25h[?2026l[?2026h[?25l[A[1Gpulling manifest [K
pulling 667b0c1932bc:  55% ▕█████████         ▏ 2.7 GB/4.9 GB  6.9 MB/s   5m25s[K[?25h[?2026l[?2026h[?25l[A[1Gpulling manifest [K
pulling 667b0c1932bc:  55% ▕█████████         ▏ 2.7 GB/4.9 GB  6.9 MB/s   5m24s[K[?25h[?2026l[?2026h[?25l[A[1Gpulling manifest [K
pulling 667b0c1932bc:  55% ▕█████████         ▏ 2.7 GB/4.9 GB  6.9 MB/s   5m24s[K[?25h[?2026l[?2026h[?25l[A[1Gpulling manifest [K
pulling 667b0c1932bc:  55% ▕█████████         ▏ 2.7 GB/4.9 GB  6.9 MB/s   5m24s[K[?25h[?2026l[?2026h[?25l[A[1Gpulling manifest [K
pulling 667b0c1932bc:  55% ▕█████████         ▏ 2.7 GB/4.9 GB  6.9 MB/s   5m24s[K[?25h[?2026l[?2026h[?25l[A[1Gpulling manifest [K
pulling 667b0c1932bc:  55% ▕█████████         ▏ 2.7 GB/4.9 GB  6.9 MB/s   5m24s[K[?25h[?2026l[?2026h[?25l[A[1Gpulling manifest [K
pulling 667b0c1932bc:  55% ▕█████████         ▏ 2.7 GB/4.9 GB  6.9 MB/s   5m24s[K[?25h[?2026l[?2026h[?25l[A[1Gpulling manifest [K
pulling 667b0c1932bc:  55% ▕█████████         ▏ 2.7 GB/4.9 GB  6.9 MB/s   5m24s[K[?25h[?2026l[?2026h[?25l[A[1Gpulling manifest [K
pulling 667b0c1932bc:  55% ▕█████████         ▏ 2.7 GB/4.9 GB  6.9 MB/s   5m24s[K[?25h[?2026l[?2026h[?25l[A[1Gpulling manifest [K
pulling 667b0c1932bc:  55% ▕█████████         ▏ 2.7 GB/4.9 GB  6.9 MB/s   5m23s[K[?25h[?2026l[?2026h[?25l[A[1Gpulling manifest [K
pulling 667b0c1932bc:  55% ▕█████████         ▏ 2.7 GB/4.9 GB  6.9 MB/s   5m23s[K[?25h[?2026l[?2026h[?25l[A[1Gpulling manifest [K
pulling 667b0c1932bc:  55% ▕█████████         ▏ 2.7 GB/4.9 GB  6.9 MB/s   5m23s[K[?25h[?2026l[?2026h[?25l[A[1Gpulling manifest [K
pulling 667b0c1932bc:  55% ▕█████████         ▏ 2.7 GB/4.9 GB  6.9 MB/s   5m23s[K[?25h[?2026l[?2026h[?25l[A[1Gpulling manifest [K
pulling 667b0c1932bc:  55% ▕█████████         ▏ 2.7 GB/4.9 GB  6.9 MB/s   5m23s[K[?25h[?2026l[?2026h[?25l[A[1Gpulling manifest [K
pulling 667b0c1932bc:  55% ▕█████████         ▏ 2.7 GB/4.9 GB  6.9 MB/s   5m23s[K[?25h[?2026l[?2026h[?25l[A[1Gpulling manifest [K
pulling 667b0c1932bc:  55% ▕█████████         ▏ 2.7 GB/4.9 GB  6.9 MB/s   5m23s[K[?25h[?2026l[?2026h[?25l[A[1Gpulling manifest [K
pulling 667b0c1932bc:  55% ▕█████████         ▏ 2.7 GB/4.9 GB  6.9 MB/s   5m23s[K[?25h[?2026l[?2026h[?25l[A[1Gpulling manifest [K
pulling 667b0c1932bc:  55% ▕█████████         ▏ 2.7 GB/4.9 GB  6.9 MB/s   5m23s[K[?25h[?2026l[?2026h[?25l[A[1Gpulling manifest [K
pulling 667b0c1932bc:  55% ▕█████████         ▏ 2.7 GB/4.9 GB  6.8 MB/s   5m26s[K[?25h[?2026l[?2026h[?25l[A[1Gpulling manifest [K
pulling 667b0c1932bc:  55% ▕█████████         ▏ 2.7 GB/4.9 GB  6.8 MB/s   5m26s[K[?25h[?2026l[?2026h[?25l[A[1Gpulling manifest [K
pulling 667b0c1932bc:  55% ▕█████████         ▏ 2.7 GB/4.9 GB  6.8 MB/s   5m26s[K[?25h[?2026l[?2026h[?25l[A[1Gpulling manifest [K
pulling 667b0c1932bc:  55% ▕█████████         ▏ 2.7 GB/4.9 GB  6.8 MB/s   5m26s[K[?25h[?2026l[?2026h[?25l[A[1Gpulling manifest [K
pulling 667b0c1932bc:  55% ▕█████████         ▏ 2.7 GB/4.9 GB  6.8 MB/s   5m25s[K[?25h[?2026l[?2026h[?25l[A[1Gpulling manifest [K
pulling 667b0c1932bc:  55% ▕█████████         ▏ 2.7 GB/4.9 GB  6.8 MB/s   5m25s[K[?25h[?2026l[?2026h[?25l[A[1Gpulling manifest [K
pulling 667b0c1932bc:  55% ▕█████████         ▏ 2.7 GB/4.9 GB  6.8 MB/s   5m25s[K[?25h[?2026l[?2026h[?25l[A[1Gpulling manifest [K
pulling 667b0c1932bc:  55% ▕█████████         ▏ 2.7 GB/4.9 GB  6.8 MB/s   5m25s[K[?25h[?2026l[?2026h[?25l[A[1Gpulling manifest [K
pulling 667b0c1932bc:  55% ▕█████████         ▏ 2.7 GB/4.9 GB  6.8 MB/s   5m25s[K[?25h[?2026l[?2026h[?25l[A[1Gpulling manifest [K
pulling 667b0c1932bc:  55% ▕█████████         ▏ 2.7 GB/4.9 GB  6.8 MB/s   5m25s[K[?25h[?2026l[?2026h[?25l[A[1Gpulling manifest [K
pulling 667b0c1932bc:  55% ▕█████████         ▏ 2.7 GB/4.9 GB  6.6 MB/s   5m34s[K[?25h[?2026l[?2026h[?25l[A[1Gpulling manifest [K
pulling 667b0c1932bc:  55% ▕█████████         ▏ 2.7 GB/4.9 GB  6.6 MB/s   5m34s[K[?25h[?2026l[?2026h[?25l[A[1Gpulling manifest [K
pulling 667b0c1932bc:  55% ▕█████████         ▏ 2.7 GB/4.9 GB  6.6 MB/s   5m34s[K[?25h[?2026l[?2026h[?25l[A[1Gpulling manifest [K
pulling 667b0c1932bc:  55% ▕█████████         ▏ 2.7 GB/4.9 GB  6.6 MB/s   5m34s[K[?25h[?2026l[?2026h[?25l[A[1Gpulling manifest [K
pulling 667b0c1932bc:  55% ▕█████████         ▏ 2.7 GB/4.9 GB  6.6 MB/s   5m34s[K[?25h[?2026l[?2026h[?25l[A[1Gpulling manifest [K
pulling 667b0c1932bc:  55% ▕█████████         ▏ 2.7 GB/4.9 GB  6.6 MB/s   5m33s[K[?25h[?2026l[?2026h[?25l[A[1Gpulling manifest [K
pulling 667b0c1932bc:  55% ▕█████████         ▏ 2.7 GB/4.9 GB  6.6 MB/s   5m33s[K[?25h[?2026l[?2026h[?25l[A[1Gpulling manifest [K
pulling 667b0c1932bc:  55% ▕█████████         ▏ 2.7 GB/4.9 GB  6.6 MB/s   5m33s[K[?25h[?2026l[?2026h[?25l[A[1Gpulling manifest [K
pulling 667b0c1932bc:  55% ▕█████████         ▏ 2.7 GB/4.9 GB  6.6 MB/s   5m33s[K[?25h[?2026l[?2026h[?25l[A[1Gpulling manifest [K
pulling 667b0c1932bc:  55% ▕█████████         ▏ 2.7 GB/4.9 GB  6.6 MB/s   5m33s[K[?25h[?2026l[?2026h[?25l[A[1Gpulling manifest [K
pulling 667b0c1932bc:  55% ▕█████████         ▏ 2.7 GB/4.9 GB  6.5 MB/s   5m39s[K[?25h[?2026l[?2026h[?25l[A[1Gpulling manifest [K
pulling 667b0c1932bc:  55% ▕█████████         ▏ 2.7 GB/4.9 GB  6.5 MB/s   5m39s[K[?25h[?2026l[?2026h[?25l[A[1Gpulling manifest [K
pulling 667b0c1932bc:  55% ▕█████████         ▏ 2.7 GB/4.9 GB  6.5 MB/s   5m39s[K[?25h[?2026l[?2026h[?25l[A[1Gpulling manifest [K
pulling 667b0c1932bc:  55% ▕█████████         ▏ 2.7 GB/4.9 GB  6.5 MB/s   5m39s[K[?25h[?2026l[?2026h[?25l[A[1Gpulling manifest [K
pulling 667b0c1932bc:  55% ▕█████████         ▏ 2.7 GB/4.9 GB  6.5 MB/s   5m39s[K[?25h[?2026l[?2026h[?25l[A[1Gpulling manifest [K
pulling 667b0c1932bc:  55% ▕█████████         ▏ 2.7 GB/4.9 GB  6.5 MB/s   5m39s[K[?25h[?2026l[?2026h[?25l[A[1Gpulling manifest [K
pulling 667b0c1932bc:  55% ▕█████████         ▏ 2.7 GB/4.9 GB  6.5 MB/s   5m39s[K[?25h[?2026l[?2026h[?25l[A[1Gpulling manifest [K
pulling 667b0c1932bc:  55% ▕█████████         ▏ 2.7 GB/4.9 GB  6.5 MB/s   5m39s[K[?25h[?2026l[?2026h[?25l[A[1Gpulling manifest [K
pulling 667b0c1932bc:  55% ▕█████████         ▏ 2.7 GB/4.9 GB  6.5 MB/s   5m39s[K[?25h[?2026l[?2026h[?25l[A[1Gpulling manifest [K
pulling 667b0c1932bc:  55% ▕█████████         ▏ 2.7 GB/4.9 GB  6.5 MB/s   5m38s[K[?25h[?2026l[?2026h[?25l[A[1Gpulling manifest [K
pulling 667b0c1932bc:  55% ▕█████████         ▏ 2.7 GB/4.9 GB  6.5 MB/s   5m38s[K[?25h[?2026l[?2026h[?25l[A[1Gpulling manifest [K
pulling 667b0c1932bc:  55% ▕█████████         ▏ 2.7 GB/4.9 GB  6.3 MB/s   5m48s[K[?25h[?2026l[?2026h[?25l[A[1Gpulling manifest [K
pulling 667b0c1932bc:  55% ▕█████████         ▏ 2.7 GB/4.9 GB  6.3 MB/s   5m48s[K[?25h[?2026l[?2026h[?25l[A[1Gpulling manifest [K
pulling 667b0c1932bc:  55% ▕█████████         ▏ 2.7 GB/4.9 GB  6.3 MB/s   5m48s[K[?25h[?2026l[?2026h[?25l[A[1Gpulling manifest [K
pulling 667b0c1932bc:  55% ▕█████████         ▏ 2.7 GB/4.9 GB  6.3 MB/s   5m47s[K[?25h[?2026l[?2026h[?25l[A[1Gpulling manifest [K
pulling 667b0c1932bc:  55% ▕█████████         ▏ 2.7 GB/4.9 GB  6.3 MB/s   5m47s[K[?25h[?2026l[?2026h[?25l[A[1Gpulling manifest [K
pulling 667b0c1932bc:  55% ▕█████████         ▏ 2.7 GB/4.9 GB  6.3 MB/s   5m47s[K[?25h[?2026l[?2026h[?25l[A[1Gpulling manifest [K
pulling 667b0c1932bc:  55% ▕█████████         ▏ 2.7 GB/4.9 GB  6.3 MB/s   5m47s[K[?25h[?2026l[?2026h[?25l[A[1Gpulling manifest [K
pulling 667b0c1932bc:  55% ▕█████████         ▏ 2.7 GB/4.9 GB  6.3 MB/s   5m47s[K[?25h[?2026l[?2026h[?25l[A[1Gpulling manifest [K
pulling 667b0c1932bc:  55% ▕█████████         ▏ 2.7 GB/4.9 GB  6.3 MB/s   5m47s[K[?25h[?2026l[?2026h[?25l[A[1Gpulling manifest [K
pulling 667b0c1932bc:  55% ▕█████████         ▏ 2.7 GB/4.9 GB  6.3 MB/s   5m47s[K[?25h[?2026l[?2026h[?25l[A[1Gpulling manifest [K
pulling 667b0c1932bc:  55% ▕█████████         ▏ 2.7 GB/4.9 GB  6.3 MB/s   5m50s[K[?25h[?2026l[?2026h[?25l[A[1Gpulling manifest [K
pulling 667b0c1932bc:  55% ▕█████████         ▏ 2.7 GB/4.9 GB  6.3 MB/s   5m50s[K[?25h[?2026l[?2026h[?25l[A[1Gpulling manifest [K
pulling 667b0c1932bc:  55% ▕█████████         ▏ 2.7 GB/4.9 GB  6.3 MB/s   5m49s[K[?25h[?2026l[?2026h[?25l[A[1Gpulling manifest [K
pulling 667b0c1932bc:  55% ▕█████████         ▏ 2.7 GB/4.9 GB  6.3 MB/s   5m49s[K[?25h[?2026l[?2026h[?25l[A[1Gpulling manifest [K
pulling 667b0c1932bc:  55% ▕█████████         ▏ 2.7 GB/4.9 GB  6.3 MB/s   5m49s[K[?25h[?2026l[?2026h[?25l[A[1Gpulling manifest [K
pulling 667b0c1932bc:  55% ▕█████████         ▏ 2.7 GB/4.9 GB  6.3 MB/s   5m49s[K[?25h[?2026l[?2026h[?25l[A[1Gpulling manifest [K
pulling 667b0c1932bc:  55% ▕█████████         ▏ 2.7 GB/4.9 GB  6.3 MB/s   5m49s[K[?25h[?2026l[?2026h[?25l[A[1Gpulling manifest [K
pulling 667b0c1932bc:  55% ▕█████████         ▏ 2.7 GB/4.9 GB  6.3 MB/s   5m49s[K[?25h[?2026l[?2026h[?25l[A[1Gpulling manifest [K
pulling 667b0c1932bc:  55% ▕█████████         ▏ 2.7 GB/4.9 GB  6.3 MB/s   5m49s[K[?25h[?2026l[?2026h[?25l[A[1Gpulling manifest [K
pulling 667b0c1932bc:  55% ▕█████████         ▏ 2.7 GB/4.9 GB  6.3 MB/s   5m49s[K[?25h[?2026l[?2026h[?25l[A[1Gpulling manifest [K
pulling 667b0c1932bc:  55% ▕█████████         ▏ 2.7 GB/4.9 GB  6.2 MB/s   5m52s[K[?25h[?2026l[?2026h[?25l[A[1Gpulling manifest [K
pulling 667b0c1932bc:  55% ▕█████████         ▏ 2.7 GB/4.9 GB  6.2 MB/s   5m52s[K[?25h[?2026l[?2026h[?25l[A[1Gpulling manifest [K
pulling 667b0c1932bc:  55% ▕█████████         ▏ 2.7 GB/4.9 GB  6.2 MB/s   5m52s[K[?25h[?2026l[?2026h[?25l[A[1Gpulling manifest [K
pulling 667b0c1932bc:  55% ▕█████████         ▏ 2.7 GB/4.9 GB  6.2 MB/s   5m52s[K[?25h[?2026l[?2026h[?25l[A[1Gpulling manifest [K
pulling 667b0c1932bc:  55% ▕█████████         ▏ 2.7 GB/4.9 GB  6.2 MB/s   5m52s[K[?25h[?2026l[?2026h[?25l[A[1Gpulling manifest [K
pulling 667b0c1932bc:  55% ▕█████████         ▏ 2.7 GB/4.9 GB  6.2 MB/s   5m52s[K[?25h[?2026l[?2026h[?25l[A[1Gpulling manifest [K
pulling 667b0c1932bc:  55% ▕█████████         ▏ 2.7 GB/4.9 GB  6.2 MB/s   5m52s[K[?25h[?2026l[?2026h[?25l[A[1Gpulling manifest [K
pulling 667b0c1932bc:  55% ▕█████████         ▏ 2.7 GB/4.9 GB  6.2 MB/s   5m52s[K[?25h[?2026l[?2026h[?25l[A[1Gpulling manifest [K
pulling 667b0c1932bc:  55% ▕█████████         ▏ 2.7 GB/4.9 GB  6.2 MB/s   5m52s[K[?25h[?2026l[?2026h[?25l[A[1Gpulling manifest [K
pulling 667b0c1932bc:  55% ▕█████████         ▏ 2.7 GB/4.9 GB  6.2 MB/s   5m52s[K[?25h[?2026l[?2026h[?25l[A[1Gpulling manifest [K
pulling 667b0c1932bc:  55% ▕█████████         ▏ 2.7 GB/4.9 GB  6.1 MB/s    6m0s[K[?25h[?2026l[?2026h[?25l[A[1Gpulling manifest [K
pulling 667b0c1932bc:  55% ▕█████████         ▏ 2.7 GB/4.9 GB  6.1 MB/s    6m0s[K[?25h[?2026l[?2026h[?25l[A[1Gpulling manifest [K
pulling 667b0c1932bc:  55% ▕█████████         ▏ 2.7 GB/4.9 GB  6.1 MB/s    6m0s[K[?25h[?2026l[?2026h[?25l[A[1Gpulling manifest [K
pulling 667b0c1932bc:  55% ▕█████████         ▏ 2.7 GB/4.9 GB  6.1 MB/s    6m0s[K[?25h[?2026l[?2026h[?25l[A[1Gpulling manifest [K
pulling 667b0c1932bc:  56% ▕█████████         ▏ 2.7 GB/4.9 GB  6.1 MB/s   5m59s[K[?25h[?2026l[?2026h[?25l[A[1Gpulling manifest [K
pulling 667b0c1932bc:  56% ▕█████████         ▏ 2.7 GB/4.9 GB  6.1 MB/s   5m59s[K[?25h[?2026l[?2026h[?25l[A[1Gpulling manifest [K
pulling 667b0c1932bc:  56% ▕█████████         ▏ 2.7 GB/4.9 GB  6.1 MB/s   5m59s[K[?25h[?2026l[?2026h[?25l[A[1Gpulling manifest [K
pulling 667b0c1932bc:  56% ▕█████████         ▏ 2.7 GB/4.9 GB  6.1 MB/s   5m59s[K[?25h[?2026l[?2026h[?25l[A[1Gpulling manifest [K
pulling 667b0c1932bc:  56% ▕█████████         ▏ 2.7 GB/4.9 GB  6.1 MB/s   5m59s[K[?25h[?2026l[?2026h[?25l[A[1Gpulling manifest [K
pulling 667b0c1932bc:  56% ▕██████████        ▏ 2.7 GB/4.9 GB  6.1 MB/s   5m59s[K[?25h[?2026l[?2026h[?25l[A[1Gpulling manifest [K
pulling 667b0c1932bc:  56% ▕██████████        ▏ 2.7 GB/4.9 GB  5.8 MB/s   6m14s[K[?25h[?2026l[?2026h[?25l[A[1Gpulling manifest [K
pulling 667b0c1932bc:  56% ▕██████████        ▏ 2.7 GB/4.9 GB  5.8 MB/s   6m14s[K[?25h[?2026l[?2026h[?25l[A[1Gpulling manifest [K
pulling 667b0c1932bc:  56% ▕██████████        ▏ 2.7 GB/4.9 GB  5.8 MB/s   6m14s[K[?25h[?2026l[?2026h[?25l[A[1Gpulling manifest [K
pulling 667b0c1932bc:  56% ▕██████████        ▏ 2.7 GB/4.9 GB  5.8 MB/s   6m14s[K[?25h[?2026l[?2026h[?25l[A[1Gpulling manifest [K
pulling 667b0c1932bc:  56% ▕██████████        ▏ 2.7 GB/4.9 GB  5.8 MB/s   6m14s[K[?25h[?2026l[?2026h[?25l[A[1Gpulling manifest [K
pulling 667b0c1932bc:  56% ▕██████████        ▏ 2.7 GB/4.9 GB  5.8 MB/s   6m14s[K[?25h[?2026l[?2026h[?25l[A[1Gpulling manifest [K
pulling 667b0c1932bc:  56% ▕██████████        ▏ 2.7 GB/4.9 GB  5.8 MB/s   6m14s[K[?25h[?2026l[?2026h[?25l[A[1Gpulling manifest [K
pulling 667b0c1932bc:  56% ▕██████████        ▏ 2.7 GB/4.9 GB  5.8 MB/s   6m14s[K[?25h[?2026l[?2026h[?25l[A[1Gpulling manifest [K
pulling 667b0c1932bc:  56% ▕██████████        ▏ 2.7 GB/4.9 GB  5.8 MB/s   6m13s[K[?25h[?2026l[?2026h[?25l[A[1Gpulling manifest [K
pulling 667b0c1932bc:  56% ▕██████████        ▏ 2.7 GB/4.9 GB  5.8 MB/s   6m13s[K[?25h[?2026l[?2026h[?25l[A[1Gpulling manifest [K
pulling 667b0c1932bc:  56% ▕██████████        ▏ 2.7 GB/4.9 GB  5.8 MB/s   6m13s[K[?25h[?2026l[?2026h[?25l[A[1Gpulling manifest [K
pulling 667b0c1932bc:  56% ▕██████████        ▏ 2.7 GB/4.9 GB  5.6 MB/s   6m26s[K[?25h[?2026l[?2026h[?25l[A[1Gpulling manifest [K
pulling 667b0c1932bc:  56% ▕██████████        ▏ 2.7 GB/4.9 GB  5.6 MB/s   6m26s[K[?25h[?2026l[?2026h[?25l[A[1Gpulling manifest [K
pulling 667b0c1932bc:  56% ▕██████████        ▏ 2.7 GB/4.9 GB  5.6 MB/s   6m26s[K[?25h[?2026l[?2026h[?25l[A[1Gpulling manifest [K
pulling 667b0c1932bc:  56% ▕██████████        ▏ 2.7 GB/4.9 GB  5.6 MB/s   6m25s[K[?25h[?2026l[?2026h[?25l[A[1Gpulling manifest [K
pulling 667b0c1932bc:  56% ▕██████████        ▏ 2.7 GB/4.9 GB  5.6 MB/s   6m25s[K[?25h[?2026l[?2026h[?25l[A[1Gpulling manifest [K
pulling 667b0c1932bc:  56% ▕██████████        ▏ 2.7 GB/4.9 GB  5.6 MB/s   6m25s[K[?25h[?2026l[?2026h[?25l[A[1Gpulling manifest [K
pulling 667b0c1932bc:  56% ▕██████████        ▏ 2.7 GB/4.9 GB  5.6 MB/s   6m25s[K[?25h[?2026l[?2026h[?25l[A[1Gpulling manifest [K
pulling 667b0c1932bc:  56% ▕██████████        ▏ 2.7 GB/4.9 GB  5.6 MB/s   6m25s[K[?25h[?2026l[?2026h[?25l[A[1Gpulling manifest [K
pulling 667b0c1932bc:  56% ▕██████████        ▏ 2.7 GB/4.9 GB  5.6 MB/s   6m25s[K[?25h[?2026l[?2026h[?25l[A[1Gpulling manifest [K
pulling 667b0c1932bc:  56% ▕██████████        ▏ 2.7 GB/4.9 GB  5.6 MB/s   6m25s[K[?25h[?2026l[?2026h[?25l[A[1Gpulling manifest [K
pulling 667b0c1932bc:  56% ▕██████████        ▏ 2.7 GB/4.9 GB  5.5 MB/s   6m38s[K[?25h[?2026l[?2026h[?25l[A[1Gpulling manifest [K
pulling 667b0c1932bc:  56% ▕██████████        ▏ 2.7 GB/4.9 GB  5.5 MB/s   6m38s[K[?25h[?2026l[?2026h[?25l[A[1Gpulling manifest [K
pulling 667b0c1932bc:  56% ▕██████████        ▏ 2.7 GB/4.9 GB  5.5 MB/s   6m38s[K[?25h[?2026l[?2026h[?25l[A[1Gpulling manifest [K
pulling 667b0c1932bc:  56% ▕██████████        ▏ 2.7 GB/4.9 GB  5.5 MB/s   6m38s[K[?25h[?2026l[?2026h[?25l[A[1Gpulling manifest [K
pulling 667b0c1932bc:  56% ▕██████████        ▏ 2.7 GB/4.9 GB  5.5 MB/s   6m38s[K[?25h[?2026l[?2026h[?25l[A[1Gpulling manifest [K
pulling 667b0c1932bc:  56% ▕██████████        ▏ 2.7 GB/4.9 GB  5.5 MB/s   6m38s[K[?25h[?2026l[?2026h[?25l[A[1Gpulling manifest [K
pulling 667b0c1932bc:  56% ▕██████████        ▏ 2.7 GB/4.9 GB  5.5 MB/s   6m37s[K[?25h[?2026l[?2026h[?25l[A[1Gpulling manifest [K
pulling 667b0c1932bc:  56% ▕██████████        ▏ 2.7 GB/4.9 GB  5.5 MB/s   6m37s[K[?25h[?2026l[?2026h[?25l[A[1Gpulling manifest [K
pulling 667b0c1932bc:  56% ▕██████████        ▏ 2.7 GB/4.9 GB  5.5 MB/s   6m37s[K[?25h[?2026l[?2026h[?25l[A[1Gpulling manifest [K
pulling 667b0c1932bc:  56% ▕██████████        ▏ 2.7 GB/4.9 GB  5.5 MB/s   6m37s[K[?25h[?2026l[?2026h[?25l[A[1Gpulling manifest [K
pulling 667b0c1932bc:  56% ▕██████████        ▏ 2.7 GB/4.9 GB  5.3 MB/s   6m48s[K[?25h[?2026l[?2026h[?25l[A[1Gpulling manifest [K
pulling 667b0c1932bc:  56% ▕██████████        ▏ 2.7 GB/4.9 GB  5.3 MB/s   6m48s[K[?25h[?2026l[?2026h[?25l[A[1Gpulling manifest [K
pulling 667b0c1932bc:  56% ▕██████████        ▏ 2.7 GB/4.9 GB  5.3 MB/s   6m48s[K[?25h[?2026l[?2026h[?25l[A[1Gpulling manifest [K
pulling 667b0c1932bc:  56% ▕██████████        ▏ 2.7 GB/4.9 GB  5.3 MB/s   6m48s[K[?25h[?2026l[?2026h[?25l[A[1Gpulling manifest [K
pulling 667b0c1932bc:  56% ▕██████████        ▏ 2.8 GB/4.9 GB  5.3 MB/s   6m48s[K[?25h[?2026l[?2026h[?25l[A[1Gpulling manifest [K
pulling 667b0c1932bc:  56% ▕██████████        ▏ 2.8 GB/4.9 GB  5.3 MB/s   6m48s[K[?25h[?2026l[?2026h[?25l[A[1Gpulling manifest [K
pulling 667b0c1932bc:  56% ▕██████████        ▏ 2.8 GB/4.9 GB  5.3 MB/s   6m48s[K[?25h[?2026l[?2026h[?25l[A[1Gpulling manifest [K
pulling 667b0c1932bc:  56% ▕██████████        ▏ 2.8 GB/4.9 GB  5.3 MB/s   6m48s[K[?25h[?2026l[?2026h[?25l[A[1Gpulling manifest [K
pulling 667b0c1932bc:  56% ▕██████████        ▏ 2.8 GB/4.9 GB  5.3 MB/s   6m48s[K[?25h[?2026l[?2026h[?25l[A[1Gpulling manifest [K
pulling 667b0c1932bc:  56% ▕██████████        ▏ 2.8 GB/4.9 GB  5.3 MB/s   6m47s[K[?25h[?2026l[?2026h[?25l[A[1Gpulling manifest [K
pulling 667b0c1932bc:  56% ▕██████████        ▏ 2.8 GB/4.9 GB  5.2 MB/s   6m57s[K[?25h[?2026l[?2026h[?25l[A[1Gpulling manifest [K
pulling 667b0c1932bc:  56% ▕██████████        ▏ 2.8 GB/4.9 GB  5.2 MB/s   6m57s[K[?25h[?2026l[?2026h[?25l[A[1Gpulling manifest [K
pulling 667b0c1932bc:  56% ▕██████████        ▏ 2.8 GB/4.9 GB  5.2 MB/s   6m57s[K[?25h[?2026l[?2026h[?25l[A[1Gpulling manifest [K
pulling 667b0c1932bc:  56% ▕██████████        ▏ 2.8 GB/4.9 GB  5.2 MB/s   6m56s[K[?25h[?2026l[?2026h[?25l[A[1Gpulling manifest [K
pulling 667b0c1932bc:  56% ▕██████████        ▏ 2.8 GB/4.9 GB  5.2 MB/s   6m56s[K[?25h[?2026l[?2026h[?25l[A[1Gpulling manifest [K
pulling 667b0c1932bc:  56% ▕██████████        ▏ 2.8 GB/4.9 GB  5.2 MB/s   6m56s[K[?25h[?2026l[?2026h[?25l[A[1Gpulling manifest [K
pulling 667b0c1932bc:  56% ▕██████████        ▏ 2.8 GB/4.9 GB  5.2 MB/s   6m56s[K[?25h[?2026l[?2026h[?25l[A[1Gpulling manifest [K
pulling 667b0c1932bc:  56% ▕██████████        ▏ 2.8 GB/4.9 GB  5.2 MB/s   6m56s[K[?25h[?2026l[?2026h[?25l[A[1Gpulling manifest [K
pulling 667b0c1932bc:  56% ▕██████████        ▏ 2.8 GB/4.9 GB  5.2 MB/s   6m56s[K[?25h[?2026l[?2026h[?25l[A[1Gpulling manifest [K
pulling 667b0c1932bc:  56% ▕██████████        ▏ 2.8 GB/4.9 GB  5.2 MB/s   6m56s[K[?25h[?2026l[?2026h[?25l[A[1Gpulling manifest [K
pulling 667b0c1932bc:  56% ▕██████████        ▏ 2.8 GB/4.9 GB  5.1 MB/s    7m1s[K[?25h[?2026l[?2026h[?25l[A[1Gpulling manifest [K
pulling 667b0c1932bc:  56% ▕██████████        ▏ 2.8 GB/4.9 GB  5.1 MB/s    7m1s[K[?25h[?2026l[?2026h[?25l[A[1Gpulling manifest [K
pulling 667b0c1932bc:  56% ▕██████████        ▏ 2.8 GB/4.9 GB  5.1 MB/s    7m1s[K[?25h[?2026l[?2026h[?25l[A[1Gpulling manifest [K
pulling 667b0c1932bc:  56% ▕██████████        ▏ 2.8 GB/4.9 GB  5.1 MB/s    7m0s[K[?25h[?2026l[?2026h[?25l[A[1Gpulling manifest [K
pulling 667b0c1932bc:  56% ▕██████████        ▏ 2.8 GB/4.9 GB  5.1 MB/s    7m0s[K[?25h[?2026l[?2026h[?25l[A[1Gpulling manifest [K
pulling 667b0c1932bc:  56% ▕██████████        ▏ 2.8 GB/4.9 GB  5.1 MB/s    7m0s[K[?25h[?2026l[?2026h[?25l[A[1Gpulling manifest [K
pulling 667b0c1932bc:  56% ▕██████████        ▏ 2.8 GB/4.9 GB  5.1 MB/s    7m0s[K[?25h[?2026l[?2026h[?25l[A[1Gpulling manifest [K
pulling 667b0c1932bc:  56% ▕██████████        ▏ 2.8 GB/4.9 GB  5.1 MB/s    7m0s[K[?25h[?2026l[?2026h[?25l[A[1Gpulling manifest [K
pulling 667b0c1932bc:  56% ▕██████████        ▏ 2.8 GB/4.9 GB  5.1 MB/s    7m0s[K[?25h[?2026l[?2026h[?25l[A[1Gpulling manifest [K
pulling 667b0c1932bc:  56% ▕██████████        ▏ 2.8 GB/4.9 GB  5.1 MB/s    7m0s[K[?25h[?2026l[?2026h[?25l[A[1Gpulling manifest [K
pulling 667b0c1932bc:  56% ▕██████████        ▏ 2.8 GB/4.9 GB  5.1 MB/s    7m0s[K[?25h[?2026l[?2026h[?25l[A[1Gpulling manifest [K
pulling 667b0c1932bc:  56% ▕██████████        ▏ 2.8 GB/4.9 GB  5.1 MB/s    7m6s[K[?25h[?2026l[?2026h[?25l[A[1Gpulling manifest [K
pulling 667b0c1932bc:  56% ▕██████████        ▏ 2.8 GB/4.9 GB  5.1 MB/s    7m5s[K[?25h[?2026l[?2026h[?25l[A[1Gpulling manifest [K
pulling 667b0c1932bc:  56% ▕██████████        ▏ 2.8 GB/4.9 GB  5.1 MB/s    7m5s[K[?25h[?2026l[?2026h[?25l[A[1Gpulling manifest [K
pulling 667b0c1932bc:  56% ▕██████████        ▏ 2.8 GB/4.9 GB  5.1 MB/s    7m5s[K[?25h[?2026l[?2026h[?25l[A[1Gpulling manifest [K
pulling 667b0c1932bc:  56% ▕██████████        ▏ 2.8 GB/4.9 GB  5.1 MB/s    7m5s[K[?25h[?2026l[?2026h[?25l[A[1Gpulling manifest [K
pulling 667b0c1932bc:  56% ▕██████████        ▏ 2.8 GB/4.9 GB  5.1 MB/s    7m5s[K[?25h[?2026l[?2026h[?25l[A[1Gpulling manifest [K
pulling 667b0c1932bc:  56% ▕██████████        ▏ 2.8 GB/4.9 GB  5.1 MB/s    7m5s[K[?25h[?2026l[?2026h[?25l[A[1Gpulling manifest [K
pulling 667b0c1932bc:  56% ▕██████████        ▏ 2.8 GB/4.9 GB  5.1 MB/s    7m5s[K[?25h[?2026l[?2026h[?25l[A[1Gpulling manifest [K
pulling 667b0c1932bc:  56% ▕██████████        ▏ 2.8 GB/4.9 GB  5.1 MB/s    7m5s[K[?25h[?2026l[?2026h[?25l[A[1Gpulling manifest [K
pulling 667b0c1932bc:  56% ▕██████████        ▏ 2.8 GB/4.9 GB  5.1 MB/s    7m5s[K[?25h[?2026l[?2026h[?25l[A[1Gpulling manifest [K
pulling 667b0c1932bc:  56% ▕██████████        ▏ 2.8 GB/4.9 GB  5.0 MB/s   7m12s[K[?25h[?2026l[?2026h[?25l[A[1Gpulling manifest [K
pulling 667b0c1932bc:  56% ▕██████████        ▏ 2.8 GB/4.9 GB  5.0 MB/s   7m12s[K[?25h[?2026l[?2026h[?25l[A[1Gpulling manifest [K
pulling 667b0c1932bc:  56% ▕██████████        ▏ 2.8 GB/4.9 GB  5.0 MB/s   7m12s[K[?25h[?2026l[?2026h[?25l[A[1Gpulling manifest [K
pulling 667b0c1932bc:  56% ▕██████████        ▏ 2.8 GB/4.9 GB  5.0 MB/s   7m12s[K[?25h[?2026l[?2026h[?25l[A[1Gpulling manifest [K
pulling 667b0c1932bc:  56% ▕██████████        ▏ 2.8 GB/4.9 GB  5.0 MB/s   7m12s[K[?25h[?2026l[?2026h[?25l[A[1Gpulling manifest [K
pulling 667b0c1932bc:  56% ▕██████████        ▏ 2.8 GB/4.9 GB  5.0 MB/s   7m12s[K[?25h[?2026l[?2026h[?25l[A[1Gpulling manifest [K
pulling 667b0c1932bc:  56% ▕██████████        ▏ 2.8 GB/4.9 GB  5.0 MB/s   7m12s[K[?25h[?2026l[?2026h[?25l[A[1Gpulling manifest [K
pulling 667b0c1932bc:  56% ▕██████████        ▏ 2.8 GB/4.9 GB  5.0 MB/s   7m11s[K[?25h[?2026l[?2026h[?25l[A[1Gpulling manifest [K
pulling 667b0c1932bc:  56% ▕██████████        ▏ 2.8 GB/4.9 GB  5.0 MB/s   7m11s[K[?25h[?2026l[?2026h[?25l[A[1Gpulling manifest [K
pulling 667b0c1932bc:  56% ▕██████████        ▏ 2.8 GB/4.9 GB  5.0 MB/s   7m11s[K[?25h[?2026l[?2026h[?25l[A[1Gpulling manifest [K
pulling 667b0c1932bc:  56% ▕██████████        ▏ 2.8 GB/4.9 GB  4.9 MB/s   7m15s[K[?25h[?2026l[?2026h[?25l[A[1Gpulling manifest [K
pulling 667b0c1932bc:  56% ▕██████████        ▏ 2.8 GB/4.9 GB  4.9 MB/s   7m15s[K[?25h[?2026l[?2026h[?25l[A[1Gpulling manifest [K
pulling 667b0c1932bc:  56% ▕██████████        ▏ 2.8 GB/4.9 GB  4.9 MB/s   7m15s[K[?25h[?2026l[?2026h[?25l[A[1Gpulling manifest [K
pulling 667b0c1932bc:  56% ▕██████████        ▏ 2.8 GB/4.9 GB  4.9 MB/s   7m15s[K[?25h[?2026l[?2026h[?25l[A[1Gpulling manifest [K
pulling 667b0c1932bc:  56% ▕██████████        ▏ 2.8 GB/4.9 GB  4.9 MB/s   7m15s[K[?25h[?2026l[?2026h[?25l[A[1Gpulling manifest [K
pulling 667b0c1932bc:  56% ▕██████████        ▏ 2.8 GB/4.9 GB  4.9 MB/s   7m15s[K[?25h[?2026l[?2026h[?25l[A[1Gpulling manifest [K
pulling 667b0c1932bc:  56% ▕██████████        ▏ 2.8 GB/4.9 GB  4.9 MB/s   7m15s[K[?25h[?2026l[?2026h[?25l[A[1Gpulling manifest [K
pulling 667b0c1932bc:  56% ▕██████████        ▏ 2.8 GB/4.9 GB  4.9 MB/s   7m15s[K[?25h[?2026l[?2026h[?25l[A[1Gpulling manifest [K
pulling 667b0c1932bc:  56% ▕██████████        ▏ 2.8 GB/4.9 GB  4.9 MB/s   7m15s[K[?25h[?2026l[?2026h[?25l[A[1Gpulling manifest [K
pulling 667b0c1932bc:  56% ▕██████████        ▏ 2.8 GB/4.9 GB  4.9 MB/s   7m15s[K[?25h[?2026l[?2026h[?25l[A[1Gpulling manifest [K
pulling 667b0c1932bc:  56% ▕██████████        ▏ 2.8 GB/4.9 GB  4.9 MB/s   7m18s[K[?25h[?2026l[?2026h[?25l[A[1Gpulling manifest [K
pulling 667b0c1932bc:  56% ▕██████████        ▏ 2.8 GB/4.9 GB  4.9 MB/s   7m18s[K[?25h[?2026l[?2026h[?25l[A[1Gpulling manifest [K
pulling 667b0c1932bc:  56% ▕██████████        ▏ 2.8 GB/4.9 GB  4.9 MB/s   7m18s[K[?25h[?2026l[?2026h[?25l[A[1Gpulling manifest [K
pulling 667b0c1932bc:  56% ▕██████████        ▏ 2.8 GB/4.9 GB  4.9 MB/s   7m18s[K[?25h[?2026l[?2026h[?25l[A[1Gpulling manifest [K
pulling 667b0c1932bc:  56% ▕██████████        ▏ 2.8 GB/4.9 GB  4.9 MB/s   7m18s[K[?25h[?2026l[?2026h[?25l[A[1Gpulling manifest [K
pulling 667b0c1932bc:  57% ▕██████████        ▏ 2.8 GB/4.9 GB  4.9 MB/s   7m18s[K[?25h[?2026l[?2026h[?25l[A[1Gpulling manifest [K
pulling 667b0c1932bc:  57% ▕██████████        ▏ 2.8 GB/4.9 GB  4.9 MB/s   7m17s[K[?25h[?2026l[?2026h[?25l[A[1Gpulling manifest [K
pulling 667b0c1932bc:  57% ▕██████████        ▏ 2.8 GB/4.9 GB  4.9 MB/s   7m17s[K[?25h[?2026l[?2026h[?25l[A[1Gpulling manifest [K
pulling 667b0c1932bc:  57% ▕██████████        ▏ 2.8 GB/4.9 GB  4.9 MB/s   7m17s[K[?25h[?2026l[?2026h[?25l[A[1Gpulling manifest [K
pulling 667b0c1932bc:  57% ▕██████████        ▏ 2.8 GB/4.9 GB  4.9 MB/s   7m17s[K[?25h[?2026l[?2026h[?25l[A[1Gpulling manifest [K
pulling 667b0c1932bc:  57% ▕██████████        ▏ 2.8 GB/4.9 GB  4.8 MB/s   7m23s[K[?25h[?2026l[?2026h[?25l[A[1Gpulling manifest [K
pulling 667b0c1932bc:  57% ▕██████████        ▏ 2.8 GB/4.9 GB  4.8 MB/s   7m22s[K[?25h[?2026l[?2026h[?25l[A[1Gpulling manifest [K
pulling 667b0c1932bc:  57% ▕██████████        ▏ 2.8 GB/4.9 GB  4.8 MB/s   7m22s[K[?25h[?2026l[?2026h[?25l[A[1Gpulling manifest [K
pulling 667b0c1932bc:  57% ▕██████████        ▏ 2.8 GB/4.9 GB  4.8 MB/s   7m22s[K[?25h[?2026l[?2026h[?25l[A[1Gpulling manifest [K
pulling 667b0c1932bc:  57% ▕██████████        ▏ 2.8 GB/4.9 GB  4.8 MB/s   7m22s[K[?25h[?2026l[?2026h[?25l[A[1Gpulling manifest [K
pulling 667b0c1932bc:  57% ▕██████████        ▏ 2.8 GB/4.9 GB  4.8 MB/s   7m22s[K[?25h[?2026l[?2026h[?25l[A[1Gpulling manifest [K
pulling 667b0c1932bc:  57% ▕██████████        ▏ 2.8 GB/4.9 GB  4.8 MB/s   7m22s[K[?25h[?2026l[?2026h[?25l[A[1Gpulling manifest [K
pulling 667b0c1932bc:  57% ▕██████████        ▏ 2.8 GB/4.9 GB  4.8 MB/s   7m22s[K[?25h[?2026l[?2026h[?25l[A[1Gpulling manifest [K
pulling 667b0c1932bc:  57% ▕██████████        ▏ 2.8 GB/4.9 GB  4.8 MB/s   7m22s[K[?25h[?2026l[?2026h[?25l[A[1Gpulling manifest [K
pulling 667b0c1932bc:  57% ▕██████████        ▏ 2.8 GB/4.9 GB  4.8 MB/s   7m22s[K[?25h[?2026l[?2026h[?25l[A[1Gpulling manifest [K
pulling 667b0c1932bc:  57% ▕██████████        ▏ 2.8 GB/4.9 GB  4.8 MB/s   7m22s[K[?25h[?2026l[?2026h[?25l[A[1Gpulling manifest [K
pulling 667b0c1932bc:  57% ▕██████████        ▏ 2.8 GB/4.9 GB  4.9 MB/s   7m19s[K[?25h[?2026l[?2026h[?25l[A[1Gpulling manifest [K
pulling 667b0c1932bc:  57% ▕██████████        ▏ 2.8 GB/4.9 GB  4.9 MB/s   7m19s[K[?25h[?2026l[?2026h[?25l[A[1Gpulling manifest [K
pulling 667b0c1932bc:  57% ▕██████████        ▏ 2.8 GB/4.9 GB  4.9 MB/s   7m19s[K[?25h[?2026l[?2026h[?25l[A[1Gpulling manifest [K
pulling 667b0c1932bc:  57% ▕██████████        ▏ 2.8 GB/4.9 GB  4.9 MB/s   7m19s[K[?25h[?2026l[?2026h[?25l[A[1Gpulling manifest [K
pulling 667b0c1932bc:  57% ▕██████████        ▏ 2.8 GB/4.9 GB  4.9 MB/s   7m19s[K[?25h[?2026l[?2026h[?25l[A[1Gpulling manifest [K
pulling 667b0c1932bc:  57% ▕██████████        ▏ 2.8 GB/4.9 GB  4.9 MB/s   7m19s[K[?25h[?2026l[?2026h[?25l[A[1Gpulling manifest [K
pulling 667b0c1932bc:  57% ▕██████████        ▏ 2.8 GB/4.9 GB  4.9 MB/s   7m19s[K[?25h[?2026l[?2026h[?25l[A[1Gpulling manifest [K
pulling 667b0c1932bc:  57% ▕██████████        ▏ 2.8 GB/4.9 GB  4.9 MB/s   7m18s[K[?25h[?2026l[?2026h[?25l[A[1Gpulling manifest [K
pulling 667b0c1932bc:  57% ▕██████████        ▏ 2.8 GB/4.9 GB  4.9 MB/s   7m18s[K[?25h[?2026l[?2026h[?25l[A[1Gpulling manifest [K
pulling 667b0c1932bc:  57% ▕██████████        ▏ 2.8 GB/4.9 GB  4.9 MB/s   7m18s[K[?25h[?2026l[?2026h[?25l[A[1Gpulling manifest [K
pulling 667b0c1932bc:  57% ▕██████████        ▏ 2.8 GB/4.9 GB  4.9 MB/s   7m17s[K[?25h[?2026l[?2026h[?25l[A[1Gpulling manifest [K
pulling 667b0c1932bc:  57% ▕██████████        ▏ 2.8 GB/4.9 GB  4.9 MB/s   7m17s[K[?25h[?2026l[?2026h[?25l[A[1Gpulling manifest [K
pulling 667b0c1932bc:  57% ▕██████████        ▏ 2.8 GB/4.9 GB  4.9 MB/s   7m17s[K[?25h[?2026l[?2026h[?25l[A[1Gpulling manifest [K
pulling 667b0c1932bc:  57% ▕██████████        ▏ 2.8 GB/4.9 GB  4.9 MB/s   7m17s[K[?25h[?2026l[?2026h[?25l[A[1Gpulling manifest [K
pulling 667b0c1932bc:  57% ▕██████████        ▏ 2.8 GB/4.9 GB  4.9 MB/s   7m17s[K[?25h[?2026l[?2026h[?25l[A[1Gpulling manifest [K
pulling 667b0c1932bc:  57% ▕██████████        ▏ 2.8 GB/4.9 GB  4.9 MB/s   7m17s[K[?25h[?2026l[?2026h[?25l[A[1Gpulling manifest [K
pulling 667b0c1932bc:  57% ▕██████████        ▏ 2.8 GB/4.9 GB  4.9 MB/s   7m16s[K[?25h[?2026l[?2026h[?25l[A[1Gpulling manifest [K
pulling 667b0c1932bc:  57% ▕██████████        ▏ 2.8 GB/4.9 GB  4.9 MB/s   7m16s[K[?25h[?2026l[?2026h[?25l[A[1Gpulling manifest [K
pulling 667b0c1932bc:  57% ▕██████████        ▏ 2.8 GB/4.9 GB  4.9 MB/s   7m16s[K[?25h[?2026l[?2026h[?25l[A[1Gpulling manifest [K
pulling 667b0c1932bc:  57% ▕██████████        ▏ 2.8 GB/4.9 GB  4.9 MB/s   7m16s[K[?25h[?2026l[?2026h[?25l[A[1Gpulling manifest [K
pulling 667b0c1932bc:  57% ▕██████████        ▏ 2.8 GB/4.9 GB  4.9 MB/s   7m13s[K[?25h[?2026l[?2026h[?25l[A[1Gpulling manifest [K
pulling 667b0c1932bc:  57% ▕██████████        ▏ 2.8 GB/4.9 GB  4.9 MB/s   7m12s[K[?25h[?2026l[?2026h[?25l[A[1Gpulling manifest [K
pulling 667b0c1932bc:  57% ▕██████████        ▏ 2.8 GB/4.9 GB  4.9 MB/s   7m12s[K[?25h[?2026l[?2026h[?25l[A[1Gpulling manifest [K
pulling 667b0c1932bc:  57% ▕██████████        ▏ 2.8 GB/4.9 GB  4.9 MB/s   7m12s[K[?25h[?2026l[?2026h[?25l[A[1Gpulling manifest [K
pulling 667b0c1932bc:  57% ▕██████████        ▏ 2.8 GB/4.9 GB  4.9 MB/s   7m12s[K[?25h[?2026l[?2026h[?25l[A[1Gpulling manifest [K
pulling 667b0c1932bc:  57% ▕██████████        ▏ 2.8 GB/4.9 GB  4.9 MB/s   7m12s[K[?25h[?2026l[?2026h[?25l[A[1Gpulling manifest [K
pulling 667b0c1932bc:  57% ▕██████████        ▏ 2.8 GB/4.9 GB  4.9 MB/s   7m12s[K[?25h[?2026l[?2026h[?25l[A[1Gpulling manifest [K
pulling 667b0c1932bc:  57% ▕██████████        ▏ 2.8 GB/4.9 GB  4.9 MB/s   7m12s[K[?25h[?2026l[?2026h[?25l[A[1Gpulling manifest [K
pulling 667b0c1932bc:  57% ▕██████████        ▏ 2.8 GB/4.9 GB  4.9 MB/s   7m12s[K[?25h[?2026l[?2026h[?25l[A[1Gpulling manifest [K
pulling 667b0c1932bc:  57% ▕██████████        ▏ 2.8 GB/4.9 GB  4.9 MB/s   7m12s[K[?25h[?2026l[?2026h[?25l[A[1Gpulling manifest [K
pulling 667b0c1932bc:  57% ▕██████████        ▏ 2.8 GB/4.9 GB  4.9 MB/s   7m11s[K[?25h[?2026l[?2026h[?25l[A[1Gpulling manifest [K
pulling 667b0c1932bc:  57% ▕██████████        ▏ 2.8 GB/4.9 GB  4.9 MB/s   7m10s[K[?25h[?2026l[?2026h[?25l[A[1Gpulling manifest [K
pulling 667b0c1932bc:  57% ▕██████████        ▏ 2.8 GB/4.9 GB  4.9 MB/s   7m10s[K[?25h[?2026l[?2026h[?25l[A[1Gpulling manifest [K
pulling 667b0c1932bc:  57% ▕██████████        ▏ 2.8 GB/4.9 GB  4.9 MB/s   7m10s[K[?25h[?2026l[?2026h[?25l[A[1Gpulling manifest [K
pulling 667b0c1932bc:  57% ▕██████████        ▏ 2.8 GB/4.9 GB  4.9 MB/s   7m10s[K[?25h[?2026l[?2026h[?25l[A[1Gpulling manifest [K
pulling 667b0c1932bc:  57% ▕██████████        ▏ 2.8 GB/4.9 GB  4.9 MB/s   7m10s[K[?25h[?2026l[?2026h[?25l[A[1Gpulling manifest [K
pulling 667b0c1932bc:  57% ▕██████████        ▏ 2.8 GB/4.9 GB  4.9 MB/s   7m10s[K[?25h[?2026l[?2026h[?25l[A[1Gpulling manifest [K
pulling 667b0c1932bc:  57% ▕██████████        ▏ 2.8 GB/4.9 GB  4.9 MB/s   7m10s[K[?25h[?2026l[?2026h[?25l[A[1Gpulling manifest [K
pulling 667b0c1932bc:  57% ▕██████████        ▏ 2.8 GB/4.9 GB  4.9 MB/s   7m10s[K[?25h[?2026l[?2026h[?25l[A[1Gpulling manifest [K
pulling 667b0c1932bc:  57% ▕██████████        ▏ 2.8 GB/4.9 GB  4.9 MB/s   7m10s[K[?25h[?2026l[?2026h[?25l[A[1Gpulling manifest [K
pulling 667b0c1932bc:  57% ▕██████████        ▏ 2.8 GB/4.9 GB  4.9 MB/s    7m8s[K[?25h[?2026l[?2026h[?25l[A[1Gpulling manifest [K
pulling 667b0c1932bc:  57% ▕██████████        ▏ 2.8 GB/4.9 GB  4.9 MB/s    7m8s[K[?25h[?2026l[?2026h[?25l[A[1Gpulling manifest [K
pulling 667b0c1932bc:  57% ▕██████████        ▏ 2.8 GB/4.9 GB  4.9 MB/s    7m8s[K[?25h[?2026l[?2026h[?25l[A[1Gpulling manifest [K
pulling 667b0c1932bc:  57% ▕██████████        ▏ 2.8 GB/4.9 GB  4.9 MB/s    7m8s[K[?25h[?2026l[?2026h[?25l[A[1Gpulling manifest [K
pulling 667b0c1932bc:  57% ▕██████████        ▏ 2.8 GB/4.9 GB  4.9 MB/s    7m8s[K[?25h[?2026l[?2026h[?25l[A[1Gpulling manifest [K
pulling 667b0c1932bc:  57% ▕██████████        ▏ 2.8 GB/4.9 GB  4.9 MB/s    7m8s[K[?25h[?2026l[?2026h[?25l[A[1Gpulling manifest [K
pulling 667b0c1932bc:  57% ▕██████████        ▏ 2.8 GB/4.9 GB  4.9 MB/s    7m7s[K[?25h[?2026l[?2026h[?25l[A[1Gpulling manifest [K
pulling 667b0c1932bc:  57% ▕██████████        ▏ 2.8 GB/4.9 GB  4.9 MB/s    7m7s[K[?25h[?2026l[?2026h[?25l[A[1Gpulling manifest [K
pulling 667b0c1932bc:  57% ▕██████████        ▏ 2.8 GB/4.9 GB  4.9 MB/s    7m7s[K[?25h[?2026l[?2026h[?25l[A[1Gpulling manifest [K
pulling 667b0c1932bc:  57% ▕██████████        ▏ 2.8 GB/4.9 GB  4.9 MB/s    7m7s[K[?25h[?2026l[?2026h[?25l[A[1Gpulling manifest [K
pulling 667b0c1932bc:  57% ▕██████████        ▏ 2.8 GB/4.9 GB  4.9 MB/s    7m7s[K[?25h[?2026l[?2026h[?25l[A[1Gpulling manifest [K
pulling 667b0c1932bc:  57% ▕██████████        ▏ 2.8 GB/4.9 GB  4.8 MB/s   7m17s[K[?25h[?2026l[?2026h[?25l[A[1Gpulling manifest [K
pulling 667b0c1932bc:  57% ▕██████████        ▏ 2.8 GB/4.9 GB  4.8 MB/s   7m16s[K[?25h[?2026l[?2026h[?25l[A[1Gpulling manifest [K
pulling 667b0c1932bc:  57% ▕██████████        ▏ 2.8 GB/4.9 GB  4.8 MB/s   7m16s[K[?25h[?2026l[?2026h[?25l[A[1Gpulling manifest [K
pulling 667b0c1932bc:  57% ▕██████████        ▏ 2.8 GB/4.9 GB  4.8 MB/s   7m16s[K[?25h[?2026l[?2026h[?25l[A[1Gpulling manifest [K
pulling 667b0c1932bc:  57% ▕██████████        ▏ 2.8 GB/4.9 GB  4.8 MB/s   7m16s[K[?25h[?2026l[?2026h[?25l[A[1Gpulling manifest [K
pulling 667b0c1932bc:  57% ▕██████████        ▏ 2.8 GB/4.9 GB  4.8 MB/s   7m16s[K[?25h[?2026l[?2026h[?25l[A[1Gpulling manifest [K
pulling 667b0c1932bc:  57% ▕██████████        ▏ 2.8 GB/4.9 GB  4.8 MB/s   7m16s[K[?25h[?2026l[?2026h[?25l[A[1Gpulling manifest [K
pulling 667b0c1932bc:  57% ▕██████████        ▏ 2.8 GB/4.9 GB  4.8 MB/s   7m16s[K[?25h[?2026l[?2026h[?25l[A[1Gpulling manifest [K
pulling 667b0c1932bc:  57% ▕██████████        ▏ 2.8 GB/4.9 GB  4.8 MB/s   7m16s[K[?25h[?2026l[?2026h[?25l[A[1Gpulling manifest [K
pulling 667b0c1932bc:  57% ▕██████████        ▏ 2.8 GB/4.9 GB  4.8 MB/s   7m16s[K[?25h[?2026l[?2026h[?25l[A[1Gpulling manifest [K
pulling 667b0c1932bc:  57% ▕██████████        ▏ 2.8 GB/4.9 GB  4.8 MB/s   7m14s[K[?25h[?2026l[?2026h[?25l[A[1Gpulling manifest [K
pulling 667b0c1932bc:  57% ▕██████████        ▏ 2.8 GB/4.9 GB  4.8 MB/s   7m14s[K[?25h[?2026l[?2026h[?25l[A[1Gpulling manifest [K
pulling 667b0c1932bc:  57% ▕██████████        ▏ 2.8 GB/4.9 GB  4.8 MB/s   7m14s[K[?25h[?2026l[?2026h[?25l[A[1Gpulling manifest [K
pulling 667b0c1932bc:  57% ▕██████████        ▏ 2.8 GB/4.9 GB  4.8 MB/s   7m14s[K[?25h[?2026l[?2026h[?25l[A[1Gpulling manifest [K
pulling 667b0c1932bc:  57% ▕██████████        ▏ 2.8 GB/4.9 GB  4.8 MB/s   7m14s[K[?25h[?2026l[?2026h[?25l[A[1Gpulling manifest [K
pulling 667b0c1932bc:  57% ▕██████████        ▏ 2.8 GB/4.9 GB  4.8 MB/s   7m14s[K[?25h[?2026l[?2026h[?25l[A[1Gpulling manifest [K
pulling 667b0c1932bc:  57% ▕██████████        ▏ 2.8 GB/4.9 GB  4.8 MB/s   7m14s[K[?25h[?2026l[?2026h[?25l[A[1Gpulling manifest [K
pulling 667b0c1932bc:  57% ▕██████████        ▏ 2.8 GB/4.9 GB  4.8 MB/s   7m14s[K[?25h[?2026l[?2026h[?25l[A[1Gpulling manifest [K
pulling 667b0c1932bc:  57% ▕██████████        ▏ 2.8 GB/4.9 GB  4.8 MB/s   7m14s[K[?25h[?2026l[?2026h[?25l[A[1Gpulling manifest [K
pulling 667b0c1932bc:  57% ▕██████████        ▏ 2.8 GB/4.9 GB  4.8 MB/s   7m13s[K[?25h[?2026l[?2026h[?25l[A[1Gpulling manifest [K
pulling 667b0c1932bc:  57% ▕██████████        ▏ 2.8 GB/4.9 GB  4.9 MB/s    7m9s[K[?25h[?2026l[?2026h[?25l[A[1Gpulling manifest [K
pulling 667b0c1932bc:  57% ▕██████████        ▏ 2.8 GB/4.9 GB  4.9 MB/s    7m9s[K[?25h[?2026l[?2026h[?25l[A[1Gpulling manifest [K
pulling 667b0c1932bc:  57% ▕██████████        ▏ 2.8 GB/4.9 GB  4.9 MB/s    7m9s[K[?25h[?2026l[?2026h[?25l[A[1Gpulling manifest [K
pulling 667b0c1932bc:  57% ▕██████████        ▏ 2.8 GB/4.9 GB  4.9 MB/s    7m9s[K[?25h[?2026l[?2026h[?25l[A[1Gpulling manifest [K
pulling 667b0c1932bc:  57% ▕██████████        ▏ 2.8 GB/4.9 GB  4.9 MB/s    7m9s[K[?25h[?2026l[?2026h[?25l[A[1Gpulling manifest [K
pulling 667b0c1932bc:  57% ▕██████████        ▏ 2.8 GB/4.9 GB  4.9 MB/s    7m8s[K[?25h[?2026l[?2026h[?25l[A[1Gpulling manifest [K
pulling 667b0c1932bc:  57% ▕██████████        ▏ 2.8 GB/4.9 GB  4.9 MB/s    7m8s[K[?25h[?2026l[?2026h[?25l[A[1Gpulling manifest [K
pulling 667b0c1932bc:  57% ▕██████████        ▏ 2.8 GB/4.9 GB  4.9 MB/s    7m8s[K[?25h[?2026l[?2026h[?25l[A[1Gpulling manifest [K
pulling 667b0c1932bc:  57% ▕██████████        ▏ 2.8 GB/4.9 GB  4.9 MB/s    7m8s[K[?25h[?2026l[?2026h[?25l[A[1Gpulling manifest [K
pulling 667b0c1932bc:  57% ▕██████████        ▏ 2.8 GB/4.9 GB  4.9 MB/s    7m8s[K[?25h[?2026l[?2026h[?25l[A[1Gpulling manifest [K
pulling 667b0c1932bc:  57% ▕██████████        ▏ 2.8 GB/4.9 GB  4.9 MB/s    7m4s[K[?25h[?2026l[?2026h[?25l[A[1Gpulling manifest [K
pulling 667b0c1932bc:  57% ▕██████████        ▏ 2.8 GB/4.9 GB  4.9 MB/s    7m4s[K[?25h[?2026l[?2026h[?25l[A[1Gpulling manifest [K
pulling 667b0c1932bc:  57% ▕██████████        ▏ 2.8 GB/4.9 GB  4.9 MB/s    7m4s[K[?25h[?2026l[?2026h[?25l[A[1Gpulling manifest [K
pulling 667b0c1932bc:  57% ▕██████████        ▏ 2.8 GB/4.9 GB  4.9 MB/s    7m4s[K[?25h[?2026l[?2026h[?25l[A[1Gpulling manifest [K
pulling 667b0c1932bc:  57% ▕██████████        ▏ 2.8 GB/4.9 GB  4.9 MB/s    7m4s[K[?25h[?2026l[?2026h[?25l[A[1Gpulling manifest [K
pulling 667b0c1932bc:  58% ▕██████████        ▏ 2.8 GB/4.9 GB  4.9 MB/s    7m4s[K[?25h[?2026l[?2026h[?25l[A[1Gpulling manifest [K
pulling 667b0c1932bc:  58% ▕██████████        ▏ 2.8 GB/4.9 GB  4.9 MB/s    7m3s[K[?25h[?2026l[?2026h[?25l[A[1Gpulling manifest [K
pulling 667b0c1932bc:  58% ▕██████████        ▏ 2.8 GB/4.9 GB  4.9 MB/s    7m3s[K[?25h[?2026l[?2026h[?25l[A[1Gpulling manifest [K
pulling 667b0c1932bc:  58% ▕██████████        ▏ 2.8 GB/4.9 GB  4.9 MB/s    7m3s[K[?25h[?2026l[?2026h[?25l[A[1Gpulling manifest [K
pulling 667b0c1932bc:  58% ▕██████████        ▏ 2.8 GB/4.9 GB  4.9 MB/s    7m3s[K[?25h[?2026l[?2026h[?25l[A[1Gpulling manifest [K
pulling 667b0c1932bc:  58% ▕██████████        ▏ 2.8 GB/4.9 GB  5.0 MB/s    7m1s[K[?25h[?2026l[?2026h[?25l[A[1Gpulling manifest [K
pulling 667b0c1932bc:  58% ▕██████████        ▏ 2.8 GB/4.9 GB  5.0 MB/s    7m1s[K[?25h[?2026l[?2026h[?25l[A[1Gpulling manifest [K
pulling 667b0c1932bc:  58% ▕██████████        ▏ 2.8 GB/4.9 GB  5.0 MB/s    7m1s[K[?25h[?2026l[?2026h[?25l[A[1Gpulling manifest [K
pulling 667b0c1932bc:  58% ▕██████████        ▏ 2.8 GB/4.9 GB  5.0 MB/s    7m0s[K[?25h[?2026l[?2026h[?25l[A[1Gpulling manifest [K
pulling 667b0c1932bc:  58% ▕██████████        ▏ 2.8 GB/4.9 GB  5.0 MB/s    7m0s[K[?25h[?2026l[?2026h[?25l[A[1Gpulling manifest [K
pulling 667b0c1932bc:  58% ▕██████████        ▏ 2.8 GB/4.9 GB  5.0 MB/s    7m0s[K[?25h[?2026l[?2026h[?25l[A[1Gpulling manifest [K
pulling 667b0c1932bc:  58% ▕██████████        ▏ 2.8 GB/4.9 GB  5.0 MB/s    7m0s[K[?25h[?2026l[?2026h[?25l[A[1Gpulling manifest [K
pulling 667b0c1932bc:  58% ▕██████████        ▏ 2.8 GB/4.9 GB  5.0 MB/s    7m0s[K[?25h[?2026l[?2026h[?25l[A[1Gpulling manifest [K
pulling 667b0c1932bc:  58% ▕██████████        ▏ 2.8 GB/4.9 GB  5.0 MB/s    7m0s[K[?25h[?2026l[?2026h[?25l[A[1Gpulling manifest [K
pulling 667b0c1932bc:  58% ▕██████████        ▏ 2.8 GB/4.9 GB  5.0 MB/s    7m0s[K[?25h[?2026l[?2026h[?25l[A[1Gpulling manifest [K
pulling 667b0c1932bc:  58% ▕██████████        ▏ 2.8 GB/4.9 GB  5.0 MB/s    7m0s[K[?25h[?2026l[?2026h[?25l[A[1Gpulling manifest [K
pulling 667b0c1932bc:  58% ▕██████████        ▏ 2.8 GB/4.9 GB  5.0 MB/s    7m0s[K[?25h[?2026l[?2026h[?25l[A[1Gpulling manifest [K
pulling 667b0c1932bc:  58% ▕██████████        ▏ 2.8 GB/4.9 GB  5.0 MB/s    7m0s[K[?25h[?2026l[?2026h[?25l[A[1Gpulling manifest [K
pulling 667b0c1932bc:  58% ▕██████████        ▏ 2.8 GB/4.9 GB  5.0 MB/s    7m0s[K[?25h[?2026l[?2026h[?25l[A[1Gpulling manifest [K
pulling 667b0c1932bc:  58% ▕██████████        ▏ 2.8 GB/4.9 GB  5.0 MB/s    7m0s[K[?25h[?2026l[?2026h[?25l[A[1Gpulling manifest [K
pulling 667b0c1932bc:  58% ▕██████████        ▏ 2.8 GB/4.9 GB  5.0 MB/s    7m0s[K[?25h[?2026l[?2026h[?25l[A[1Gpulling manifest [K
pulling 667b0c1932bc:  58% ▕██████████        ▏ 2.8 GB/4.9 GB  5.0 MB/s    7m0s[K[?25h[?2026l[?2026h[?25l[A[1Gpulling manifest [K
pulling 667b0c1932bc:  58% ▕██████████        ▏ 2.8 GB/4.9 GB  5.0 MB/s    7m0s[K[?25h[?2026l[?2026h[?25l[A[1Gpulling manifest [K
pulling 667b0c1932bc:  58% ▕██████████        ▏ 2.8 GB/4.9 GB  5.0 MB/s    7m0s[K[?25h[?2026l[?2026h[?25l[A[1Gpulling manifest [K
pulling 667b0c1932bc:  58% ▕██████████        ▏ 2.8 GB/4.9 GB  5.0 MB/s    7m0s[K[?25h[?2026l[?2026h[?25l[A[1Gpulling manifest [K
pulling 667b0c1932bc:  58% ▕██████████        ▏ 2.8 GB/4.9 GB  5.0 MB/s    7m0s[K[?25h[?2026l[?2026h[?25l[A[1Gpulling manifest [K
pulling 667b0c1932bc:  58% ▕██████████        ▏ 2.8 GB/4.9 GB  4.9 MB/s    7m5s[K[?25h[?2026l[?2026h[?25l[A[1Gpulling manifest [K
pulling 667b0c1932bc:  58% ▕██████████        ▏ 2.8 GB/4.9 GB  4.9 MB/s    7m5s[K[?25h[?2026l[?2026h[?25l[A[1Gpulling manifest [K
pulling 667b0c1932bc:  58% ▕██████████        ▏ 2.8 GB/4.9 GB  4.9 MB/s    7m5s[K[?25h[?2026l[?2026h[?25l[A[1Gpulling manifest [K
pulling 667b0c1932bc:  58% ▕██████████        ▏ 2.8 GB/4.9 GB  4.9 MB/s    7m5s[K[?25h[?2026l[?2026h[?25l[A[1Gpulling manifest [K
pulling 667b0c1932bc:  58% ▕██████████        ▏ 2.8 GB/4.9 GB  4.9 MB/s    7m5s[K[?25h[?2026l[?2026h[?25l[A[1Gpulling manifest [K
pulling 667b0c1932bc:  58% ▕██████████        ▏ 2.8 GB/4.9 GB  4.9 MB/s    7m5s[K[?25h[?2026l[?2026h[?25l[A[1Gpulling manifest [K
pulling 667b0c1932bc:  58% ▕██████████        ▏ 2.8 GB/4.9 GB  4.9 MB/s    7m5s[K[?25h[?2026l[?2026h[?25l[A[1Gpulling manifest [K
pulling 667b0c1932bc:  58% ▕██████████        ▏ 2.8 GB/4.9 GB  4.9 MB/s    7m5s[K[?25h[?2026l[?2026h[?25l[A[1Gpulling manifest [K
pulling 667b0c1932bc:  58% ▕██████████        ▏ 2.8 GB/4.9 GB  4.9 MB/s    7m5s[K[?25h[?2026l[?2026h[?25l[A[1Gpulling manifest [K
pulling 667b0c1932bc:  58% ▕██████████        ▏ 2.8 GB/4.9 GB  4.9 MB/s    7m5s[K[?25h[?2026l[?2026h[?25l[A[1Gpulling manifest [K
pulling 667b0c1932bc:  58% ▕██████████        ▏ 2.8 GB/4.9 GB  4.8 MB/s   7m11s[K[?25h[?2026l[?2026h[?25l[A[1Gpulling manifest [K
pulling 667b0c1932bc:  58% ▕██████████        ▏ 2.8 GB/4.9 GB  4.8 MB/s   7m11s[K[?25h[?2026l[?2026h[?25l[A[1Gpulling manifest [K
pulling 667b0c1932bc:  58% ▕██████████        ▏ 2.8 GB/4.9 GB  4.8 MB/s   7m11s[K[?25h[?2026l[?2026h[?25l[A[1Gpulling manifest [K
pulling 667b0c1932bc:  58% ▕██████████        ▏ 2.8 GB/4.9 GB  4.8 MB/s   7m11s[K[?25h[?2026l[?2026h[?25l[A[1Gpulling manifest [K
pulling 667b0c1932bc:  58% ▕██████████        ▏ 2.8 GB/4.9 GB  4.8 MB/s   7m11s[K[?25h[?2026l[?2026h[?25l[A[1Gpulling manifest [K
pulling 667b0c1932bc:  58% ▕██████████        ▏ 2.8 GB/4.9 GB  4.8 MB/s   7m11s[K[?25h[?2026l[?2026h[?25l[A[1Gpulling manifest [K
pulling 667b0c1932bc:  58% ▕██████████        ▏ 2.8 GB/4.9 GB  4.8 MB/s   7m11s[K[?25h[?2026l[?2026h[?25l[A[1Gpulling manifest [K
pulling 667b0c1932bc:  58% ▕██████████        ▏ 2.8 GB/4.9 GB  4.8 MB/s   7m11s[K[?25h[?2026l[?2026h[?25l[A[1Gpulling manifest [K
pulling 667b0c1932bc:  58% ▕██████████        ▏ 2.8 GB/4.9 GB  4.8 MB/s   7m10s[K[?25h[?2026l[?2026h[?25l[A[1Gpulling manifest [K
pulling 667b0c1932bc:  58% ▕██████████        ▏ 2.8 GB/4.9 GB  4.8 MB/s   7m10s[K[?25h[?2026l[?2026h[?25l[A[1Gpulling manifest [K
pulling 667b0c1932bc:  58% ▕██████████        ▏ 2.8 GB/4.9 GB  4.7 MB/s   7m21s[K[?25h[?2026l[?2026h[?25l[A[1Gpulling manifest [K
pulling 667b0c1932bc:  58% ▕██████████        ▏ 2.9 GB/4.9 GB  4.7 MB/s   7m21s[K[?25h[?2026l[?2026h[?25l[A[1Gpulling manifest [K
pulling 667b0c1932bc:  58% ▕██████████        ▏ 2.9 GB/4.9 GB  4.7 MB/s   7m21s[K[?25h[?2026l[?2026h[?25l[A[1Gpulling manifest [K
pulling 667b0c1932bc:  58% ▕██████████        ▏ 2.9 GB/4.9 GB  4.7 MB/s   7m21s[K[?25h[?2026l[?2026h[?25l[A[1Gpulling manifest [K
pulling 667b0c1932bc:  58% ▕██████████        ▏ 2.9 GB/4.9 GB  4.7 MB/s   7m20s[K[?25h[?2026l[?2026h[?25l[A[1Gpulling manifest [K
pulling 667b0c1932bc:  58% ▕██████████        ▏ 2.9 GB/4.9 GB  4.7 MB/s   7m20s[K[?25h[?2026l[?2026h[?25l[A[1Gpulling manifest [K
pulling 667b0c1932bc:  58% ▕██████████        ▏ 2.9 GB/4.9 GB  4.7 MB/s   7m20s[K[?25h[?2026l[?2026h[?25l[A[1Gpulling manifest [K
pulling 667b0c1932bc:  58% ▕██████████        ▏ 2.9 GB/4.9 GB  4.7 MB/s   7m20s[K[?25h[?2026l[?2026h[?25l[A[1Gpulling manifest [K
pulling 667b0c1932bc:  58% ▕██████████        ▏ 2.9 GB/4.9 GB  4.7 MB/s   7m20s[K[?25h[?2026l[?2026h[?25l[A[1Gpulling manifest [K
pulling 667b0c1932bc:  58% ▕██████████        ▏ 2.9 GB/4.9 GB  4.7 MB/s   7m20s[K[?25h[?2026l[?2026h[?25l[A[1Gpulling manifest [K
pulling 667b0c1932bc:  58% ▕██████████        ▏ 2.9 GB/4.9 GB  4.8 MB/s    7m7s[K[?25h[?2026l[?2026h[?25l[A[1Gpulling manifest [K
pulling 667b0c1932bc:  58% ▕██████████        ▏ 2.9 GB/4.9 GB  4.8 MB/s    7m7s[K[?25h[?2026l[?2026h[?25l[A[1Gpulling manifest [K
pulling 667b0c1932bc:  58% ▕██████████        ▏ 2.9 GB/4.9 GB  4.8 MB/s    7m7s[K[?25h[?2026l[?2026h[?25l[A[1Gpulling manifest [K
pulling 667b0c1932bc:  58% ▕██████████        ▏ 2.9 GB/4.9 GB  4.8 MB/s    7m7s[K[?25h[?2026l[?2026h[?25l[A[1Gpulling manifest [K
pulling 667b0c1932bc:  58% ▕██████████        ▏ 2.9 GB/4.9 GB  4.8 MB/s    7m7s[K[?25h[?2026l[?2026h[?25l[A[1Gpulling manifest [K
pulling 667b0c1932bc:  58% ▕██████████        ▏ 2.9 GB/4.9 GB  4.8 MB/s    7m7s[K[?25h[?2026l[?2026h[?25l[A[1Gpulling manifest [K
pulling 667b0c1932bc:  58% ▕██████████        ▏ 2.9 GB/4.9 GB  4.8 MB/s    7m6s[K[?25h[?2026l[?2026h[?25l[A[1Gpulling manifest [K
pulling 667b0c1932bc:  58% ▕██████████        ▏ 2.9 GB/4.9 GB  4.8 MB/s    7m6s[K[?25h[?2026l[?2026h[?25l[A[1Gpulling manifest [K
pulling 667b0c1932bc:  58% ▕██████████        ▏ 2.9 GB/4.9 GB  4.8 MB/s    7m6s[K[?25h[?2026l[?2026h[?25l[A[1Gpulling manifest [K
pulling 667b0c1932bc:  58% ▕██████████        ▏ 2.9 GB/4.9 GB  4.8 MB/s    7m6s[K[?25h[?2026l[?2026h[?25l[A[1Gpulling manifest [K
pulling 667b0c1932bc:  58% ▕██████████        ▏ 2.9 GB/4.9 GB  4.9 MB/s   6m58s[K[?25h[?2026l[?2026h[?25l[A[1Gpulling manifest [K
pulling 667b0c1932bc:  58% ▕██████████        ▏ 2.9 GB/4.9 GB  4.9 MB/s   6m58s[K[?25h[?2026l[?2026h[?25l[A[1Gpulling manifest [K
pulling 667b0c1932bc:  58% ▕██████████        ▏ 2.9 GB/4.9 GB  4.9 MB/s   6m58s[K[?25h[?2026l[?2026h[?25l[A[1Gpulling manifest [K
pulling 667b0c1932bc:  58% ▕██████████        ▏ 2.9 GB/4.9 GB  4.9 MB/s   6m58s[K[?25h[?2026l[?2026h[?25l[A[1Gpulling manifest [K
pulling 667b0c1932bc:  58% ▕██████████        ▏ 2.9 GB/4.9 GB  4.9 MB/s   6m58s[K[?25h[?2026l[?2026h[?25l[A[1Gpulling manifest [K
pulling 667b0c1932bc:  58% ▕██████████        ▏ 2.9 GB/4.9 GB  4.9 MB/s   6m58s[K[?25h[?2026l[?2026h[?25l[A[1Gpulling manifest [K
pulling 667b0c1932bc:  58% ▕██████████        ▏ 2.9 GB/4.9 GB  4.9 MB/s   6m58s[K[?25h[?2026l[?2026h[?25l[A[1Gpulling manifest [K
pulling 667b0c1932bc:  58% ▕██████████        ▏ 2.9 GB/4.9 GB  4.9 MB/s   6m57s[K[?25h[?2026l[?2026h[?25l[A[1Gpulling manifest [K
pulling 667b0c1932bc:  58% ▕██████████        ▏ 2.9 GB/4.9 GB  4.9 MB/s   6m57s[K[?25h[?2026l[?2026h[?25l[A[1Gpulling manifest [K
pulling 667b0c1932bc:  58% ▕██████████        ▏ 2.9 GB/4.9 GB  4.9 MB/s   6m57s[K[?25h[?2026l[?2026h[?25l[A[1Gpulling manifest [K
pulling 667b0c1932bc:  58% ▕██████████        ▏ 2.9 GB/4.9 GB  4.9 MB/s   6m57s[K[?25h[?2026l[?2026h[?25l[A[1Gpulling manifest [K
pulling 667b0c1932bc:  58% ▕██████████        ▏ 2.9 GB/4.9 GB  5.1 MB/s   6m43s[K[?25h[?2026l[?2026h[?25l[A[1Gpulling manifest [K
pulling 667b0c1932bc:  58% ▕██████████        ▏ 2.9 GB/4.9 GB  5.1 MB/s   6m43s[K[?25h[?2026l[?2026h[?25l[A[1Gpulling manifest [K
pulling 667b0c1932bc:  58% ▕██████████        ▏ 2.9 GB/4.9 GB  5.1 MB/s   6m43s[K[?25h[?2026l[?2026h[?25l[A[1Gpulling manifest [K
pulling 667b0c1932bc:  58% ▕██████████        ▏ 2.9 GB/4.9 GB  5.1 MB/s   6m43s[K[?25h[?2026l[?2026h[?25l[A[1Gpulling manifest [K
pulling 667b0c1932bc:  58% ▕██████████        ▏ 2.9 GB/4.9 GB  5.1 MB/s   6m43s[K[?25h[?2026l[?2026h[?25l[A[1Gpulling manifest [K
pulling 667b0c1932bc:  58% ▕██████████        ▏ 2.9 GB/4.9 GB  5.1 MB/s   6m42s[K[?25h[?2026l[?2026h[?25l[A[1Gpulling manifest [K
pulling 667b0c1932bc:  58% ▕██████████        ▏ 2.9 GB/4.9 GB  5.1 MB/s   6m42s[K[?25h[?2026l[?2026h[?25l[A[1Gpulling manifest [K
pulling 667b0c1932bc:  58% ▕██████████        ▏ 2.9 GB/4.9 GB  5.1 MB/s   6m42s[K[?25h[?2026l[?2026h[?25l[A[1Gpulling manifest [K
pulling 667b0c1932bc:  58% ▕██████████        ▏ 2.9 GB/4.9 GB  5.1 MB/s   6m42s[K[?25h[?2026l[?2026h[?25l[A[1Gpulling manifest [K
pulling 667b0c1932bc:  58% ▕██████████        ▏ 2.9 GB/4.9 GB  5.1 MB/s   6m42s[K[?25h[?2026l[?2026h[?25l[A[1Gpulling manifest [K
pulling 667b0c1932bc:  58% ▕██████████        ▏ 2.9 GB/4.9 GB  5.2 MB/s   6m32s[K[?25h[?2026l[?2026h[?25l[A[1Gpulling manifest [K
pulling 667b0c1932bc:  58% ▕██████████        ▏ 2.9 GB/4.9 GB  5.2 MB/s   6m32s[K[?25h[?2026l[?2026h[?25l[A[1Gpulling manifest [K
pulling 667b0c1932bc:  58% ▕██████████        ▏ 2.9 GB/4.9 GB  5.2 MB/s   6m32s[K[?25h[?2026l[?2026h[?25l[A[1Gpulling manifest [K
pulling 667b0c1932bc:  58% ▕██████████        ▏ 2.9 GB/4.9 GB  5.2 MB/s   6m32s[K[?25h[?2026l[?2026h[?25l[A[1Gpulling manifest [K
pulling 667b0c1932bc:  58% ▕██████████        ▏ 2.9 GB/4.9 GB  5.2 MB/s   6m32s[K[?25h[?2026l[?2026h[?25l[A[1Gpulling manifest [K
pulling 667b0c1932bc:  58% ▕██████████        ▏ 2.9 GB/4.9 GB  5.2 MB/s   6m32s[K[?25h[?2026l[?2026h[?25l[A[1Gpulling manifest [K
pulling 667b0c1932bc:  58% ▕██████████        ▏ 2.9 GB/4.9 GB  5.2 MB/s   6m32s[K[?25h[?2026l[?2026h[?25l[A[1Gpulling manifest [K
pulling 667b0c1932bc:  58% ▕██████████        ▏ 2.9 GB/4.9 GB  5.2 MB/s   6m32s[K[?25h[?2026l[?2026h[?25l[A[1Gpulling manifest [K
pulling 667b0c1932bc:  58% ▕██████████        ▏ 2.9 GB/4.9 GB  5.2 MB/s   6m32s[K[?25h[?2026l[?2026h[?25l[A[1Gpulling manifest [K
pulling 667b0c1932bc:  58% ▕██████████        ▏ 2.9 GB/4.9 GB  5.2 MB/s   6m32s[K[?25h[?2026l[?2026h[?25l[A[1Gpulling manifest [K
pulling 667b0c1932bc:  59% ▕██████████        ▏ 2.9 GB/4.9 GB  5.2 MB/s   6m32s[K[?25h[?2026l[?2026h[?25l[A[1Gpulling manifest [K
pulling 667b0c1932bc:  59% ▕██████████        ▏ 2.9 GB/4.9 GB  5.2 MB/s   6m32s[K[?25h[?2026l[?2026h[?25l[A[1Gpulling manifest [K
pulling 667b0c1932bc:  59% ▕██████████        ▏ 2.9 GB/4.9 GB  5.2 MB/s   6m32s[K[?25h[?2026l[?2026h[?25l[A[1Gpulling manifest [K
pulling 667b0c1932bc:  59% ▕██████████        ▏ 2.9 GB/4.9 GB  5.2 MB/s   6m32s[K[?25h[?2026l[?2026h[?25l[A[1Gpulling manifest [K
pulling 667b0c1932bc:  59% ▕██████████        ▏ 2.9 GB/4.9 GB  5.2 MB/s   6m32s[K[?25h[?2026l[?2026h[?25l[A[1Gpulling manifest [K
pulling 667b0c1932bc:  59% ▕██████████        ▏ 2.9 GB/4.9 GB  5.2 MB/s   6m32s[K[?25h[?2026l[?2026h[?25l[A[1Gpulling manifest [K
pulling 667b0c1932bc:  59% ▕██████████        ▏ 2.9 GB/4.9 GB  5.2 MB/s   6m32s[K[?25h[?2026l[?2026h[?25l[A[1Gpulling manifest [K
pulling 667b0c1932bc:  59% ▕██████████        ▏ 2.9 GB/4.9 GB  5.2 MB/s   6m32s[K[?25h[?2026l[?2026h[?25l[A[1Gpulling manifest [K
pulling 667b0c1932bc:  59% ▕██████████        ▏ 2.9 GB/4.9 GB  5.2 MB/s   6m32s[K[?25h[?2026l[?2026h[?25l[A[1Gpulling manifest [K
pulling 667b0c1932bc:  59% ▕██████████        ▏ 2.9 GB/4.9 GB  5.2 MB/s   6m32s[K[?25h[?2026l[?2026h[?25l[A[1Gpulling manifest [K
pulling 667b0c1932bc:  59% ▕██████████        ▏ 2.9 GB/4.9 GB  5.3 MB/s   6m27s[K[?25h[?2026l[?2026h[?25l[A[1Gpulling manifest [K
pulling 667b0c1932bc:  59% ▕██████████        ▏ 2.9 GB/4.9 GB  5.3 MB/s   6m27s[K[?25h[?2026l[?2026h[?25l[A[1Gpulling manifest [K
pulling 667b0c1932bc:  59% ▕██████████        ▏ 2.9 GB/4.9 GB  5.3 MB/s   6m27s[K[?25h[?2026l[?2026h[?25l[A[1Gpulling manifest [K
pulling 667b0c1932bc:  59% ▕██████████        ▏ 2.9 GB/4.9 GB  5.3 MB/s   6m27s[K[?25h[?2026l[?2026h[?25l[A[1Gpulling manifest [K
pulling 667b0c1932bc:  59% ▕██████████        ▏ 2.9 GB/4.9 GB  5.3 MB/s   6m27s[K[?25h[?2026l[?2026h[?25l[A[1Gpulling manifest [K
pulling 667b0c1932bc:  59% ▕██████████        ▏ 2.9 GB/4.9 GB  5.3 MB/s   6m27s[K[?25h[?2026l[?2026h[?25l[A[1Gpulling manifest [K
pulling 667b0c1932bc:  59% ▕██████████        ▏ 2.9 GB/4.9 GB  5.3 MB/s   6m27s[K[?25h[?2026l[?2026h[?25l[A[1Gpulling manifest [K
pulling 667b0c1932bc:  59% ▕██████████        ▏ 2.9 GB/4.9 GB  5.3 MB/s   6m27s[K[?25h[?2026l[?2026h[?25l[A[1Gpulling manifest [K
pulling 667b0c1932bc:  59% ▕██████████        ▏ 2.9 GB/4.9 GB  5.3 MB/s   6m27s[K[?25h[?2026l[?2026h[?25l[A[1Gpulling manifest [K
pulling 667b0c1932bc:  59% ▕██████████        ▏ 2.9 GB/4.9 GB  5.3 MB/s   6m27s[K[?25h[?2026l[?2026h[?25l[A[1Gpulling manifest [K
pulling 667b0c1932bc:  59% ▕██████████        ▏ 2.9 GB/4.9 GB  5.3 MB/s   6m27s[K[?25h[?2026l[?2026h[?25l[A[1Gpulling manifest [K
pulling 667b0c1932bc:  59% ▕██████████        ▏ 2.9 GB/4.9 GB  5.3 MB/s   6m21s[K[?25h[?2026l[?2026h[?25l[A[1Gpulling manifest [K
pulling 667b0c1932bc:  59% ▕██████████        ▏ 2.9 GB/4.9 GB  5.3 MB/s   6m21s[K[?25h[?2026l[?2026h[?25l[A[1Gpulling manifest [K
pulling 667b0c1932bc:  59% ▕██████████        ▏ 2.9 GB/4.9 GB  5.3 MB/s   6m21s[K[?25h[?2026l[?2026h[?25l[A[1Gpulling manifest [K
pulling 667b0c1932bc:  59% ▕██████████        ▏ 2.9 GB/4.9 GB  5.3 MB/s   6m21s[K[?25h[?2026l[?2026h[?25l[A[1Gpulling manifest [K
pulling 667b0c1932bc:  59% ▕██████████        ▏ 2.9 GB/4.9 GB  5.3 MB/s   6m21s[K[?25h[?2026l[?2026h[?25l[A[1Gpulling manifest [K
pulling 667b0c1932bc:  59% ▕██████████        ▏ 2.9 GB/4.9 GB  5.3 MB/s   6m21s[K[?25h[?2026l[?2026h[?25l[A[1Gpulling manifest [K
pulling 667b0c1932bc:  59% ▕██████████        ▏ 2.9 GB/4.9 GB  5.3 MB/s   6m21s[K[?25h[?2026l[?2026h[?25l[A[1Gpulling manifest [K
pulling 667b0c1932bc:  59% ▕██████████        ▏ 2.9 GB/4.9 GB  5.3 MB/s   6m21s[K[?25h[?2026l[?2026h[?25l[A[1Gpulling manifest [K
pulling 667b0c1932bc:  59% ▕██████████        ▏ 2.9 GB/4.9 GB  5.3 MB/s   6m21s[K[?25h[?2026l[?2026h[?25l[A[1Gpulling manifest [K
pulling 667b0c1932bc:  59% ▕██████████        ▏ 2.9 GB/4.9 GB  5.3 MB/s   6m21s[K[?25h[?2026l[?2026h[?25l[A[1Gpulling manifest [K
pulling 667b0c1932bc:  59% ▕██████████        ▏ 2.9 GB/4.9 GB  5.4 MB/s   6m16s[K[?25h[?2026l[?2026h[?25l[A[1Gpulling manifest [K
pulling 667b0c1932bc:  59% ▕██████████        ▏ 2.9 GB/4.9 GB  5.4 MB/s   6m16s[K[?25h[?2026l[?2026h[?25l[A[1Gpulling manifest [K
pulling 667b0c1932bc:  59% ▕██████████        ▏ 2.9 GB/4.9 GB  5.4 MB/s   6m16s[K[?25h[?2026l[?2026h[?25l[A[1Gpulling manifest [K
pulling 667b0c1932bc:  59% ▕██████████        ▏ 2.9 GB/4.9 GB  5.4 MB/s   6m16s[K[?25h[?2026l[?2026h[?25l[A[1Gpulling manifest [K
pulling 667b0c1932bc:  59% ▕██████████        ▏ 2.9 GB/4.9 GB  5.4 MB/s   6m16s[K[?25h[?2026l[?2026h[?25l[A[1Gpulling manifest [K
pulling 667b0c1932bc:  59% ▕██████████        ▏ 2.9 GB/4.9 GB  5.4 MB/s   6m16s[K[?25h[?2026l[?2026h[?25l[A[1Gpulling manifest [K
pulling 667b0c1932bc:  59% ▕██████████        ▏ 2.9 GB/4.9 GB  5.4 MB/s   6m16s[K[?25h[?2026l[?2026h[?25l[A[1Gpulling manifest [K
pulling 667b0c1932bc:  59% ▕██████████        ▏ 2.9 GB/4.9 GB  5.4 MB/s   6m16s[K[?25h[?2026l[?2026h[?25l[A[1Gpulling manifest [K
pulling 667b0c1932bc:  59% ▕██████████        ▏ 2.9 GB/4.9 GB  5.4 MB/s   6m16s[K[?25h[?2026l[?2026h[?25l[A[1Gpulling manifest [K
pulling 667b0c1932bc:  59% ▕██████████        ▏ 2.9 GB/4.9 GB  5.4 MB/s   6m15s[K[?25h[?2026l[?2026h[?25l[A[1Gpulling manifest [K
pulling 667b0c1932bc:  59% ▕██████████        ▏ 2.9 GB/4.9 GB  5.5 MB/s    6m6s[K[?25h[?2026l[?2026h[?25l[A[1Gpulling manifest [K
pulling 667b0c1932bc:  59% ▕██████████        ▏ 2.9 GB/4.9 GB  5.5 MB/s    6m6s[K[?25h[?2026l[?2026h[?25l[A[1Gpulling manifest [K
pulling 667b0c1932bc:  59% ▕██████████        ▏ 2.9 GB/4.9 GB  5.5 MB/s    6m6s[K[?25h[?2026l[?2026h[?25l[A[1Gpulling manifest [K
pulling 667b0c1932bc:  59% ▕██████████        ▏ 2.9 GB/4.9 GB  5.5 MB/s    6m6s[K[?25h[?2026l[?2026h[?25l[A[1Gpulling manifest [K
pulling 667b0c1932bc:  59% ▕██████████        ▏ 2.9 GB/4.9 GB  5.5 MB/s    6m6s[K[?25h[?2026l[?2026h[?25l[A[1Gpulling manifest [K
pulling 667b0c1932bc:  59% ▕██████████        ▏ 2.9 GB/4.9 GB  5.5 MB/s    6m6s[K[?25h[?2026l[?2026h[?25l[A[1Gpulling manifest [K
pulling 667b0c1932bc:  59% ▕██████████        ▏ 2.9 GB/4.9 GB  5.5 MB/s    6m6s[K[?25h[?2026l[?2026h[?25l[A[1Gpulling manifest [K
pulling 667b0c1932bc:  59% ▕██████████        ▏ 2.9 GB/4.9 GB  5.5 MB/s    6m5s[K[?25h[?2026l[?2026h[?25l[A[1Gpulling manifest [K
pulling 667b0c1932bc:  59% ▕██████████        ▏ 2.9 GB/4.9 GB  5.5 MB/s    6m5s[K[?25h[?2026l[?2026h[?25l[A[1Gpulling manifest [K
pulling 667b0c1932bc:  59% ▕██████████        ▏ 2.9 GB/4.9 GB  5.5 MB/s    6m5s[K[?25h[?2026l[?2026h[?25l[A[1Gpulling manifest [K
pulling 667b0c1932bc:  59% ▕██████████        ▏ 2.9 GB/4.9 GB  5.5 MB/s    6m6s[K[?25h[?2026l[?2026h[?25l[A[1Gpulling manifest [K
pulling 667b0c1932bc:  59% ▕██████████        ▏ 2.9 GB/4.9 GB  5.5 MB/s    6m6s[K[?25h[?2026l[?2026h[?25l[A[1Gpulling manifest [K
pulling 667b0c1932bc:  59% ▕██████████        ▏ 2.9 GB/4.9 GB  5.5 MB/s    6m6s[K[?25h[?2026l[?2026h[?25l[A[1Gpulling manifest [K
pulling 667b0c1932bc:  59% ▕██████████        ▏ 2.9 GB/4.9 GB  5.5 MB/s    6m6s[K[?25h[?2026l[?2026h[?25l[A[1Gpulling manifest [K
pulling 667b0c1932bc:  59% ▕██████████        ▏ 2.9 GB/4.9 GB  5.5 MB/s    6m6s[K[?25h[?2026l[?2026h[?25l[A[1Gpulling manifest [K
pulling 667b0c1932bc:  59% ▕██████████        ▏ 2.9 GB/4.9 GB  5.5 MB/s    6m6s[K[?25h[?2026l[?2026h[?25l[A[1Gpulling manifest [K
pulling 667b0c1932bc:  59% ▕██████████        ▏ 2.9 GB/4.9 GB  5.5 MB/s    6m5s[K[?25h[?2026l[?2026h[?25l[A[1Gpulling manifest [K
pulling 667b0c1932bc:  59% ▕██████████        ▏ 2.9 GB/4.9 GB  5.5 MB/s    6m5s[K[?25h[?2026l[?2026h[?25l[A[1Gpulling manifest [K
pulling 667b0c1932bc:  59% ▕██████████        ▏ 2.9 GB/4.9 GB  5.5 MB/s    6m5s[K[?25h[?2026l[?2026h[?25l[A[1Gpulling manifest [K
pulling 667b0c1932bc:  59% ▕██████████        ▏ 2.9 GB/4.9 GB  5.5 MB/s    6m5s[K[?25h[?2026l[?2026h[?25l[A[1Gpulling manifest [K
pulling 667b0c1932bc:  59% ▕██████████        ▏ 2.9 GB/4.9 GB  5.5 MB/s    6m7s[K[?25h[?2026l[?2026h[?25l[A[1Gpulling manifest [K
pulling 667b0c1932bc:  59% ▕██████████        ▏ 2.9 GB/4.9 GB  5.5 MB/s    6m7s[K[?25h[?2026l[?2026h[?25l[A[1Gpulling manifest [K
pulling 667b0c1932bc:  59% ▕██████████        ▏ 2.9 GB/4.9 GB  5.5 MB/s    6m7s[K[?25h[?2026l[?2026h[?25l[A[1Gpulling manifest [K
pulling 667b0c1932bc:  59% ▕██████████        ▏ 2.9 GB/4.9 GB  5.5 MB/s    6m7s[K[?25h[?2026l[?2026h[?25l[A[1Gpulling manifest [K
pulling 667b0c1932bc:  59% ▕██████████        ▏ 2.9 GB/4.9 GB  5.5 MB/s    6m6s[K[?25h[?2026l[?2026h[?25l[A[1Gpulling manifest [K
pulling 667b0c1932bc:  59% ▕██████████        ▏ 2.9 GB/4.9 GB  5.5 MB/s    6m6s[K[?25h[?2026l[?2026h[?25l[A[1Gpulling manifest [K
pulling 667b0c1932bc:  59% ▕██████████        ▏ 2.9 GB/4.9 GB  5.5 MB/s    6m6s[K[?25h[?2026l[?2026h[?25l[A[1Gpulling manifest [K
pulling 667b0c1932bc:  59% ▕██████████        ▏ 2.9 GB/4.9 GB  5.5 MB/s    6m6s[K[?25h[?2026l[?2026h[?25l[A[1Gpulling manifest [K
pulling 667b0c1932bc:  59% ▕██████████        ▏ 2.9 GB/4.9 GB  5.5 MB/s    6m6s[K[?25h[?2026l[?2026h[?25l[A[1Gpulling manifest [K
pulling 667b0c1932bc:  59% ▕██████████        ▏ 2.9 GB/4.9 GB  5.5 MB/s    6m6s[K[?25h[?2026l[?2026h[?25l[A[1Gpulling manifest [K
pulling 667b0c1932bc:  59% ▕██████████        ▏ 2.9 GB/4.9 GB  5.5 MB/s    6m6s[K[?25h[?2026l[?2026h[?25l[A[1Gpulling manifest [K
pulling 667b0c1932bc:  59% ▕██████████        ▏ 2.9 GB/4.9 GB  5.3 MB/s   6m20s[K[?25h[?2026l[?2026h[?25l[A[1Gpulling manifest [K
pulling 667b0c1932bc:  59% ▕██████████        ▏ 2.9 GB/4.9 GB  5.3 MB/s   6m20s[K[?25h[?2026l[?2026h[?25l[A[1Gpulling manifest [K
pulling 667b0c1932bc:  59% ▕██████████        ▏ 2.9 GB/4.9 GB  5.3 MB/s   6m20s[K[?25h[?2026l[?2026h[?25l[A[1Gpulling manifest [K
pulling 667b0c1932bc:  59% ▕██████████        ▏ 2.9 GB/4.9 GB  5.3 MB/s   6m20s[K[?25h[?2026l[?2026h[?25l[A[1Gpulling manifest [K
pulling 667b0c1932bc:  59% ▕██████████        ▏ 2.9 GB/4.9 GB  5.3 MB/s   6m20s[K[?25h[?2026l[?2026h[?25l[A[1Gpulling manifest [K
pulling 667b0c1932bc:  59% ▕██████████        ▏ 2.9 GB/4.9 GB  5.3 MB/s   6m20s[K[?25h[?2026l[?2026h[?25l[A[1Gpulling manifest [K
pulling 667b0c1932bc:  59% ▕██████████        ▏ 2.9 GB/4.9 GB  5.3 MB/s   6m19s[K[?25h[?2026l[?2026h[?25l[A[1Gpulling manifest [K
pulling 667b0c1932bc:  59% ▕██████████        ▏ 2.9 GB/4.9 GB  5.3 MB/s   6m19s[K[?25h[?2026l[?2026h[?25l[A[1Gpulling manifest [K
pulling 667b0c1932bc:  59% ▕██████████        ▏ 2.9 GB/4.9 GB  5.3 MB/s   6m19s[K[?25h[?2026l[?2026h[?25l[A[1Gpulling manifest [K
pulling 667b0c1932bc:  59% ▕██████████        ▏ 2.9 GB/4.9 GB  5.3 MB/s   6m19s[K[?25h[?2026l[?2026h[?25l[A[1Gpulling manifest [K
pulling 667b0c1932bc:  59% ▕██████████        ▏ 2.9 GB/4.9 GB  5.2 MB/s   6m24s[K[?25h[?2026l[?2026h[?25l[A[1Gpulling manifest [K
pulling 667b0c1932bc:  59% ▕██████████        ▏ 2.9 GB/4.9 GB  5.2 MB/s   6m24s[K[?25h[?2026l[?2026h[?25l[A[1Gpulling manifest [K
pulling 667b0c1932bc:  59% ▕██████████        ▏ 2.9 GB/4.9 GB  5.2 MB/s   6m24s[K[?25h[?2026l[?2026h[?25l[A[1Gpulling manifest [K
pulling 667b0c1932bc:  59% ▕██████████        ▏ 2.9 GB/4.9 GB  5.2 MB/s   6m24s[K[?25h[?2026l[?2026h[?25l[A[1Gpulling manifest [K
pulling 667b0c1932bc:  59% ▕██████████        ▏ 2.9 GB/4.9 GB  5.2 MB/s   6m24s[K[?25h[?2026l[?2026h[?25l[A[1Gpulling manifest [K
pulling 667b0c1932bc:  59% ▕██████████        ▏ 2.9 GB/4.9 GB  5.2 MB/s   6m24s[K[?25h[?2026l[?2026h[?25l[A[1Gpulling manifest [K
pulling 667b0c1932bc:  59% ▕██████████        ▏ 2.9 GB/4.9 GB  5.2 MB/s   6m24s[K[?25h[?2026l[?2026h[?25l[A[1Gpulling manifest [K
pulling 667b0c1932bc:  59% ▕██████████        ▏ 2.9 GB/4.9 GB  5.2 MB/s   6m24s[K[?25h[?2026l[?2026h[?25l[A[1Gpulling manifest [K
pulling 667b0c1932bc:  59% ▕██████████        ▏ 2.9 GB/4.9 GB  5.2 MB/s   6m24s[K[?25h[?2026l[?2026h[?25l[A[1Gpulling manifest [K
pulling 667b0c1932bc:  59% ▕██████████        ▏ 2.9 GB/4.9 GB  5.2 MB/s   6m23s[K[?25h[?2026l[?2026h[?25l[A[1Gpulling manifest [K
pulling 667b0c1932bc:  59% ▕██████████        ▏ 2.9 GB/4.9 GB  5.2 MB/s   6m20s[K[?25h[?2026l[?2026h[?25l[A[1Gpulling manifest [K
pulling 667b0c1932bc:  59% ▕██████████        ▏ 2.9 GB/4.9 GB  5.2 MB/s   6m20s[K[?25h[?2026l[?2026h[?25l[A[1Gpulling manifest [K
pulling 667b0c1932bc:  59% ▕██████████        ▏ 2.9 GB/4.9 GB  5.2 MB/s   6m20s[K[?25h[?2026l[?2026h[?25l[A[1Gpulling manifest [K
pulling 667b0c1932bc:  59% ▕██████████        ▏ 2.9 GB/4.9 GB  5.2 MB/s   6m20s[K[?25h[?2026l[?2026h[?25l[A[1Gpulling manifest [K
pulling 667b0c1932bc:  60% ▕██████████        ▏ 2.9 GB/4.9 GB  5.2 MB/s   6m20s[K[?25h[?2026l[?2026h[?25l[A[1Gpulling manifest [K
pulling 667b0c1932bc:  60% ▕██████████        ▏ 2.9 GB/4.9 GB  5.2 MB/s   6m19s[K[?25h[?2026l[?2026h[?25l[A[1Gpulling manifest [K
pulling 667b0c1932bc:  60% ▕██████████        ▏ 2.9 GB/4.9 GB  5.2 MB/s   6m19s[K[?25h[?2026l[?2026h[?25l[A[1Gpulling manifest [K
pulling 667b0c1932bc:  60% ▕██████████        ▏ 2.9 GB/4.9 GB  5.2 MB/s   6m19s[K[?25h[?2026l[?2026h[?25l[A[1Gpulling manifest [K
pulling 667b0c1932bc:  60% ▕██████████        ▏ 2.9 GB/4.9 GB  5.2 MB/s   6m19s[K[?25h[?2026l[?2026h[?25l[A[1Gpulling manifest [K
pulling 667b0c1932bc:  60% ▕██████████        ▏ 2.9 GB/4.9 GB  5.2 MB/s   6m19s[K[?25h[?2026l[?2026h[?25l[A[1Gpulling manifest [K
pulling 667b0c1932bc:  60% ▕██████████        ▏ 2.9 GB/4.9 GB  5.2 MB/s   6m21s[K[?25h[?2026l[?2026h[?25l[A[1Gpulling manifest [K
pulling 667b0c1932bc:  60% ▕██████████        ▏ 2.9 GB/4.9 GB  5.2 MB/s   6m20s[K[?25h[?2026l[?2026h[?25l[A[1Gpulling manifest [K
pulling 667b0c1932bc:  60% ▕██████████        ▏ 2.9 GB/4.9 GB  5.2 MB/s   6m20s[K[?25h[?2026l[?2026h[?25l[A[1Gpulling manifest [K
pulling 667b0c1932bc:  60% ▕██████████        ▏ 2.9 GB/4.9 GB  5.2 MB/s   6m20s[K[?25h[?2026l[?2026h[?25l[A[1Gpulling manifest [K
pulling 667b0c1932bc:  60% ▕██████████        ▏ 2.9 GB/4.9 GB  5.2 MB/s   6m20s[K[?25h[?2026l[?2026h[?25l[A[1Gpulling manifest [K
pulling 667b0c1932bc:  60% ▕██████████        ▏ 2.9 GB/4.9 GB  5.2 MB/s   6m20s[K[?25h[?2026l[?2026h[?25l[A[1Gpulling manifest [K
pulling 667b0c1932bc:  60% ▕██████████        ▏ 2.9 GB/4.9 GB  5.2 MB/s   6m20s[K[?25h[?2026l[?2026h[?25l[A[1Gpulling manifest [K
pulling 667b0c1932bc:  60% ▕██████████        ▏ 2.9 GB/4.9 GB  5.2 MB/s   6m20s[K[?25h[?2026l[?2026h[?25l[A[1Gpulling manifest [K
pulling 667b0c1932bc:  60% ▕██████████        ▏ 2.9 GB/4.9 GB  5.2 MB/s   6m20s[K[?25h[?2026l[?2026h[?25l[A[1Gpulling manifest [K
pulling 667b0c1932bc:  60% ▕██████████        ▏ 2.9 GB/4.9 GB  5.2 MB/s   6m20s[K[?25h[?2026l[?2026h[?25l[A[1Gpulling manifest [K
pulling 667b0c1932bc:  60% ▕██████████        ▏ 2.9 GB/4.9 GB  5.2 MB/s   6m21s[K[?25h[?2026l[?2026h[?25l[A[1Gpulling manifest [K
pulling 667b0c1932bc:  60% ▕██████████        ▏ 2.9 GB/4.9 GB  5.2 MB/s   6m21s[K[?25h[?2026l[?2026h[?25l[A[1Gpulling manifest [K
pulling 667b0c1932bc:  60% ▕██████████        ▏ 2.9 GB/4.9 GB  5.2 MB/s   6m21s[K[?25h[?2026l[?2026h[?25l[A[1Gpulling manifest [K
pulling 667b0c1932bc:  60% ▕██████████        ▏ 2.9 GB/4.9 GB  5.2 MB/s   6m20s[K[?25h[?2026l[?2026h[?25l[A[1Gpulling manifest [K
pulling 667b0c1932bc:  60% ▕██████████        ▏ 2.9 GB/4.9 GB  5.2 MB/s   6m20s[K[?25h[?2026l[?2026h[?25l[A[1Gpulling manifest [K
pulling 667b0c1932bc:  60% ▕██████████        ▏ 2.9 GB/4.9 GB  5.2 MB/s   6m20s[K[?25h[?2026l[?2026h[?25l[A[1Gpulling manifest [K
pulling 667b0c1932bc:  60% ▕██████████        ▏ 2.9 GB/4.9 GB  5.2 MB/s   6m20s[K[?25h[?2026l[?2026h[?25l[A[1Gpulling manifest [K
pulling 667b0c1932bc:  60% ▕██████████        ▏ 2.9 GB/4.9 GB  5.2 MB/s   6m20s[K[?25h[?2026l[?2026h[?25l[A[1Gpulling manifest [K
pulling 667b0c1932bc:  60% ▕██████████        ▏ 2.9 GB/4.9 GB  5.2 MB/s   6m20s[K[?25h[?2026l[?2026h[?25l[A[1Gpulling manifest [K
pulling 667b0c1932bc:  60% ▕██████████        ▏ 2.9 GB/4.9 GB  5.2 MB/s   6m20s[K[?25h[?2026l[?2026h[?25l[A[1Gpulling manifest [K
pulling 667b0c1932bc:  60% ▕██████████        ▏ 2.9 GB/4.9 GB  5.2 MB/s   6m20s[K[?25h[?2026l[?2026h[?25l[A[1Gpulling manifest [K
pulling 667b0c1932bc:  60% ▕██████████        ▏ 2.9 GB/4.9 GB  5.2 MB/s   6m22s[K[?25h[?2026l[?2026h[?25l[A[1Gpulling manifest [K
pulling 667b0c1932bc:  60% ▕██████████        ▏ 2.9 GB/4.9 GB  5.2 MB/s   6m22s[K[?25h[?2026l[?2026h[?25l[A[1Gpulling manifest [K
pulling 667b0c1932bc:  60% ▕██████████        ▏ 2.9 GB/4.9 GB  5.2 MB/s   6m22s[K[?25h[?2026l[?2026h[?25l[A[1Gpulling manifest [K
pulling 667b0c1932bc:  60% ▕██████████        ▏ 2.9 GB/4.9 GB  5.2 MB/s   6m22s[K[?25h[?2026l[?2026h[?25l[A[1Gpulling manifest [K
pulling 667b0c1932bc:  60% ▕██████████        ▏ 2.9 GB/4.9 GB  5.2 MB/s   6m22s[K[?25h[?2026l[?2026h[?25l[A[1Gpulling manifest [K
pulling 667b0c1932bc:  60% ▕██████████        ▏ 2.9 GB/4.9 GB  5.2 MB/s   6m22s[K[?25h[?2026l[?2026h[?25l[A[1Gpulling manifest [K
pulling 667b0c1932bc:  60% ▕██████████        ▏ 2.9 GB/4.9 GB  5.2 MB/s   6m21s[K[?25h[?2026l[?2026h[?25l[A[1Gpulling manifest [K
pulling 667b0c1932bc:  60% ▕██████████        ▏ 2.9 GB/4.9 GB  5.2 MB/s   6m21s[K[?25h[?2026l[?2026h[?25l[A[1Gpulling manifest [K
pulling 667b0c1932bc:  60% ▕██████████        ▏ 2.9 GB/4.9 GB  5.2 MB/s   6m21s[K[?25h[?2026l[?2026h[?25l[A[1Gpulling manifest [K
pulling 667b0c1932bc:  60% ▕██████████        ▏ 2.9 GB/4.9 GB  5.2 MB/s   6m21s[K[?25h[?2026l[?2026h[?25l[A[1Gpulling manifest [K
pulling 667b0c1932bc:  60% ▕██████████        ▏ 2.9 GB/4.9 GB  5.2 MB/s   6m22s[K[?25h[?2026l[?2026h[?25l[A[1Gpulling manifest [K
pulling 667b0c1932bc:  60% ▕██████████        ▏ 2.9 GB/4.9 GB  5.2 MB/s   6m22s[K[?25h[?2026l[?2026h[?25l[A[1Gpulling manifest [K
pulling 667b0c1932bc:  60% ▕██████████        ▏ 2.9 GB/4.9 GB  5.2 MB/s   6m22s[K[?25h[?2026l[?2026h[?25l[A[1Gpulling manifest [K
pulling 667b0c1932bc:  60% ▕██████████        ▏ 2.9 GB/4.9 GB  5.2 MB/s   6m22s[K[?25h[?2026l[?2026h[?25l[A[1Gpulling manifest [K
pulling 667b0c1932bc:  60% ▕██████████        ▏ 2.9 GB/4.9 GB  5.2 MB/s   6m22s[K[?25h[?2026l[?2026h[?25l[A[1Gpulling manifest [K
pulling 667b0c1932bc:  60% ▕██████████        ▏ 2.9 GB/4.9 GB  5.2 MB/s   6m22s[K[?25h[?2026l[?2026h[?25l[A[1Gpulling manifest [K
pulling 667b0c1932bc:  60% ▕██████████        ▏ 2.9 GB/4.9 GB  5.2 MB/s   6m22s[K[?25h[?2026l[?2026h[?25l[A[1Gpulling manifest [K
pulling 667b0c1932bc:  60% ▕██████████        ▏ 2.9 GB/4.9 GB  5.2 MB/s   6m22s[K[?25h[?2026l[?2026h[?25l[A[1Gpulling manifest [K
pulling 667b0c1932bc:  60% ▕██████████        ▏ 3.0 GB/4.9 GB  5.2 MB/s   6m22s[K[?25h[?2026l[?2026h[?25l[A[1Gpulling manifest [K
pulling 667b0c1932bc:  60% ▕██████████        ▏ 3.0 GB/4.9 GB  5.2 MB/s   6m21s[K[?25h[?2026l[?2026h[?25l[A[1Gpulling manifest [K
pulling 667b0c1932bc:  60% ▕██████████        ▏ 3.0 GB/4.9 GB  5.1 MB/s   6m23s[K[?25h[?2026l[?2026h[?25l[A[1Gpulling manifest [K
pulling 667b0c1932bc:  60% ▕██████████        ▏ 3.0 GB/4.9 GB  5.1 MB/s   6m23s[K[?25h[?2026l[?2026h[?25l[A[1Gpulling manifest [K
pulling 667b0c1932bc:  60% ▕██████████        ▏ 3.0 GB/4.9 GB  5.1 MB/s   6m23s[K[?25h[?2026l[?2026h[?25l[A[1Gpulling manifest [K
pulling 667b0c1932bc:  60% ▕██████████        ▏ 3.0 GB/4.9 GB  5.1 MB/s   6m23s[K[?25h[?2026l[?2026h[?25l[A[1Gpulling manifest [K
pulling 667b0c1932bc:  60% ▕██████████        ▏ 3.0 GB/4.9 GB  5.1 MB/s   6m23s[K[?25h[?2026l[?2026h[?25l[A[1Gpulling manifest [K
pulling 667b0c1932bc:  60% ▕██████████        ▏ 3.0 GB/4.9 GB  5.1 MB/s   6m22s[K[?25h[?2026l[?2026h[?25l[A[1Gpulling manifest [K
pulling 667b0c1932bc:  60% ▕██████████        ▏ 3.0 GB/4.9 GB  5.1 MB/s   6m22s[K[?25h[?2026l[?2026h[?25l[A[1Gpulling manifest [K
pulling 667b0c1932bc:  60% ▕██████████        ▏ 3.0 GB/4.9 GB  5.1 MB/s   6m22s[K[?25h[?2026l[?2026h[?25l[A[1Gpulling manifest [K
pulling 667b0c1932bc:  60% ▕██████████        ▏ 3.0 GB/4.9 GB  5.1 MB/s   6m22s[K[?25h[?2026l[?2026h[?25l[A[1Gpulling manifest [K
pulling 667b0c1932bc:  60% ▕██████████        ▏ 3.0 GB/4.9 GB  5.1 MB/s   6m22s[K[?25h[?2026l[?2026h[?25l[A[1Gpulling manifest [K
pulling 667b0c1932bc:  60% ▕██████████        ▏ 3.0 GB/4.9 GB  5.1 MB/s   6m24s[K[?25h[?2026l[?2026h[?25l[A[1Gpulling manifest [K
pulling 667b0c1932bc:  60% ▕██████████        ▏ 3.0 GB/4.9 GB  5.1 MB/s   6m24s[K[?25h[?2026l[?2026h[?25l[A[1Gpulling manifest [K
pulling 667b0c1932bc:  60% ▕██████████        ▏ 3.0 GB/4.9 GB  5.1 MB/s   6m24s[K[?25h[?2026l[?2026h[?25l[A[1Gpulling manifest [K
pulling 667b0c1932bc:  60% ▕██████████        ▏ 3.0 GB/4.9 GB  5.1 MB/s   6m24s[K[?25h[?2026l[?2026h[?25l[A[1Gpulling manifest [K
pulling 667b0c1932bc:  60% ▕██████████        ▏ 3.0 GB/4.9 GB  5.1 MB/s   6m24s[K[?25h[?2026l[?2026h[?25l[A[1Gpulling manifest [K
pulling 667b0c1932bc:  60% ▕██████████        ▏ 3.0 GB/4.9 GB  5.1 MB/s   6m23s[K[?25h[?2026l[?2026h[?25l[A[1Gpulling manifest [K
pulling 667b0c1932bc:  60% ▕██████████        ▏ 3.0 GB/4.9 GB  5.1 MB/s   6m23s[K[?25h[?2026l[?2026h[?25l[A[1Gpulling manifest [K
pulling 667b0c1932bc:  60% ▕██████████        ▏ 3.0 GB/4.9 GB  5.1 MB/s   6m23s[K[?25h[?2026l[?2026h[?25l[A[1Gpulling manifest [K
pulling 667b0c1932bc:  60% ▕██████████        ▏ 3.0 GB/4.9 GB  5.1 MB/s   6m23s[K[?25h[?2026l[?2026h[?25l[A[1Gpulling manifest [K
pulling 667b0c1932bc:  60% ▕██████████        ▏ 3.0 GB/4.9 GB  5.1 MB/s   6m23s[K[?25h[?2026l[?2026h[?25l[A[1Gpulling manifest [K
pulling 667b0c1932bc:  60% ▕██████████        ▏ 3.0 GB/4.9 GB  5.2 MB/s   6m17s[K[?25h[?2026l[?2026h[?25l[A[1Gpulling manifest [K
pulling 667b0c1932bc:  60% ▕██████████        ▏ 3.0 GB/4.9 GB  5.2 MB/s   6m17s[K[?25h[?2026l[?2026h[?25l[A[1Gpulling manifest [K
pulling 667b0c1932bc:  60% ▕██████████        ▏ 3.0 GB/4.9 GB  5.2 MB/s   6m17s[K[?25h[?2026l[?2026h[?25l[A[1Gpulling manifest [K
pulling 667b0c1932bc:  60% ▕██████████        ▏ 3.0 GB/4.9 GB  5.2 MB/s   6m17s[K[?25h[?2026l[?2026h[?25l[A[1Gpulling manifest [K
pulling 667b0c1932bc:  60% ▕██████████        ▏ 3.0 GB/4.9 GB  5.2 MB/s   6m17s[K[?25h[?2026l[?2026h[?25l[A[1Gpulling manifest [K
pulling 667b0c1932bc:  60% ▕██████████        ▏ 3.0 GB/4.9 GB  5.2 MB/s   6m16s[K[?25h[?2026l[?2026h[?25l[A[1Gpulling manifest [K
pulling 667b0c1932bc:  60% ▕██████████        ▏ 3.0 GB/4.9 GB  5.2 MB/s   6m16s[K[?25h[?2026l[?2026h[?25l[A[1Gpulling manifest [K
pulling 667b0c1932bc:  60% ▕██████████        ▏ 3.0 GB/4.9 GB  5.2 MB/s   6m16s[K[?25h[?2026l[?2026h[?25l[A[1Gpulling manifest [K
pulling 667b0c1932bc:  60% ▕██████████        ▏ 3.0 GB/4.9 GB  5.2 MB/s   6m16s[K[?25h[?2026l[?2026h[?25l[A[1Gpulling manifest [K
pulling 667b0c1932bc:  60% ▕██████████        ▏ 3.0 GB/4.9 GB  5.2 MB/s   6m16s[K[?25h[?2026l[?2026h[?25l[A[1Gpulling manifest [K
pulling 667b0c1932bc:  60% ▕██████████        ▏ 3.0 GB/4.9 GB  5.2 MB/s   6m16s[K[?25h[?2026l[?2026h[?25l[A[1Gpulling manifest [K
pulling 667b0c1932bc:  60% ▕██████████        ▏ 3.0 GB/4.9 GB  5.3 MB/s    6m7s[K[?25h[?2026l[?2026h[?25l[A[1Gpulling manifest [K
pulling 667b0c1932bc:  60% ▕██████████        ▏ 3.0 GB/4.9 GB  5.3 MB/s    6m7s[K[?25h[?2026l[?2026h[?25l[A[1Gpulling manifest [K
pulling 667b0c1932bc:  60% ▕██████████        ▏ 3.0 GB/4.9 GB  5.3 MB/s    6m6s[K[?25h[?2026l[?2026h[?25l[A[1Gpulling manifest [K
pulling 667b0c1932bc:  60% ▕██████████        ▏ 3.0 GB/4.9 GB  5.3 MB/s    6m6s[K[?25h[?2026l[?2026h[?25l[A[1Gpulling manifest [K
pulling 667b0c1932bc:  60% ▕██████████        ▏ 3.0 GB/4.9 GB  5.3 MB/s    6m6s[K[?25h[?2026l[?2026h[?25l[A[1Gpulling manifest [K
pulling 667b0c1932bc:  60% ▕██████████        ▏ 3.0 GB/4.9 GB  5.3 MB/s    6m6s[K[?25h[?2026l[?2026h[?25l[A[1Gpulling manifest [K
pulling 667b0c1932bc:  60% ▕██████████        ▏ 3.0 GB/4.9 GB  5.3 MB/s    6m6s[K[?25h[?2026l[?2026h[?25l[A[1Gpulling manifest [K
pulling 667b0c1932bc:  60% ▕██████████        ▏ 3.0 GB/4.9 GB  5.3 MB/s    6m6s[K[?25h[?2026l[?2026h[?25l[A[1Gpulling manifest [K
pulling 667b0c1932bc:  60% ▕██████████        ▏ 3.0 GB/4.9 GB  5.3 MB/s    6m6s[K[?25h[?2026l[?2026h[?25l[A[1Gpulling manifest [K
pulling 667b0c1932bc:  60% ▕██████████        ▏ 3.0 GB/4.9 GB  5.3 MB/s    6m6s[K[?25h[?2026l[?2026h[?25l[A[1Gpulling manifest [K
pulling 667b0c1932bc:  60% ▕██████████        ▏ 3.0 GB/4.9 GB  5.4 MB/s    6m1s[K[?25h[?2026l[?2026h[?25l[A[1Gpulling manifest [K
pulling 667b0c1932bc:  60% ▕██████████        ▏ 3.0 GB/4.9 GB  5.4 MB/s    6m1s[K[?25h[?2026l[?2026h[?25l[A[1Gpulling manifest [K
pulling 667b0c1932bc:  60% ▕██████████        ▏ 3.0 GB/4.9 GB  5.4 MB/s    6m1s[K[?25h[?2026l[?2026h[?25l[A[1Gpulling manifest [K
pulling 667b0c1932bc:  60% ▕██████████        ▏ 3.0 GB/4.9 GB  5.4 MB/s    6m1s[K[?25h[?2026l[?2026h[?25l[A[1Gpulling manifest [K
pulling 667b0c1932bc:  60% ▕██████████        ▏ 3.0 GB/4.9 GB  5.4 MB/s    6m1s[K[?25h[?2026l[?2026h[?25l[A[1Gpulling manifest [K
pulling 667b0c1932bc:  61% ▕██████████        ▏ 3.0 GB/4.9 GB  5.4 MB/s    6m0s[K[?25h[?2026l[?2026h[?25l[A[1Gpulling manifest [K
pulling 667b0c1932bc:  61% ▕██████████        ▏ 3.0 GB/4.9 GB  5.4 MB/s    6m0s[K[?25h[?2026l[?2026h[?25l[A[1Gpulling manifest [K
pulling 667b0c1932bc:  61% ▕██████████        ▏ 3.0 GB/4.9 GB  5.4 MB/s    6m0s[K[?25h[?2026l[?2026h[?25l[A[1Gpulling manifest [K
pulling 667b0c1932bc:  61% ▕██████████        ▏ 3.0 GB/4.9 GB  5.4 MB/s    6m0s[K[?25h[?2026l[?2026h[?25l[A[1Gpulling manifest [K
pulling 667b0c1932bc:  61% ▕██████████        ▏ 3.0 GB/4.9 GB  5.4 MB/s    6m0s[K[?25h[?2026l[?2026h[?25l[A[1Gpulling manifest [K
pulling 667b0c1932bc:  61% ▕██████████        ▏ 3.0 GB/4.9 GB  5.5 MB/s   5m53s[K[?25h[?2026l[?2026h[?25l[A[1Gpulling manifest [K
pulling 667b0c1932bc:  61% ▕██████████        ▏ 3.0 GB/4.9 GB  5.5 MB/s   5m53s[K[?25h[?2026l[?2026h[?25l[A[1Gpulling manifest [K
pulling 667b0c1932bc:  61% ▕██████████        ▏ 3.0 GB/4.9 GB  5.5 MB/s   5m53s[K[?25h[?2026l[?2026h[?25l[A[1Gpulling manifest [K
pulling 667b0c1932bc:  61% ▕██████████        ▏ 3.0 GB/4.9 GB  5.5 MB/s   5m53s[K[?25h[?2026l[?2026h[?25l[A[1Gpulling manifest [K
pulling 667b0c1932bc:  61% ▕██████████        ▏ 3.0 GB/4.9 GB  5.5 MB/s   5m53s[K[?25h[?2026l[?2026h[?25l[A[1Gpulling manifest [K
pulling 667b0c1932bc:  61% ▕██████████        ▏ 3.0 GB/4.9 GB  5.5 MB/s   5m53s[K[?25h[?2026l[?2026h[?25l[A[1Gpulling manifest [K
pulling 667b0c1932bc:  61% ▕██████████        ▏ 3.0 GB/4.9 GB  5.5 MB/s   5m53s[K[?25h[?2026l[?2026h[?25l[A[1Gpulling manifest [K
pulling 667b0c1932bc:  61% ▕██████████        ▏ 3.0 GB/4.9 GB  5.5 MB/s   5m53s[K[?25h[?2026l[?2026h[?25l[A[1Gpulling manifest [K
pulling 667b0c1932bc:  61% ▕██████████        ▏ 3.0 GB/4.9 GB  5.5 MB/s   5m53s[K[?25h[?2026l[?2026h[?25l[A[1Gpulling manifest [K
pulling 667b0c1932bc:  61% ▕██████████        ▏ 3.0 GB/4.9 GB  5.5 MB/s   5m53s[K[?25h[?2026l[?2026h[?25l[A[1Gpulling manifest [K
pulling 667b0c1932bc:  61% ▕██████████        ▏ 3.0 GB/4.9 GB  5.5 MB/s   5m48s[K[?25h[?2026l[?2026h[?25l[A[1Gpulling manifest [K
pulling 667b0c1932bc:  61% ▕██████████        ▏ 3.0 GB/4.9 GB  5.5 MB/s   5m48s[K[?25h[?2026l[?2026h[?25l[A[1Gpulling manifest [K
pulling 667b0c1932bc:  61% ▕██████████        ▏ 3.0 GB/4.9 GB  5.5 MB/s   5m48s[K[?25h[?2026l[?2026h[?25l[A[1Gpulling manifest [K
pulling 667b0c1932bc:  61% ▕██████████        ▏ 3.0 GB/4.9 GB  5.5 MB/s   5m48s[K[?25h[?2026l[?2026h[?25l[A[1Gpulling manifest [K
pulling 667b0c1932bc:  61% ▕██████████        ▏ 3.0 GB/4.9 GB  5.5 MB/s   5m48s[K[?25h[?2026l[?2026h[?25l[A[1Gpulling manifest [K
pulling 667b0c1932bc:  61% ▕██████████        ▏ 3.0 GB/4.9 GB  5.5 MB/s   5m48s[K[?25h[?2026l[?2026h[?25l[A[1Gpulling manifest [K
pulling 667b0c1932bc:  61% ▕██████████        ▏ 3.0 GB/4.9 GB  5.5 MB/s   5m48s[K[?25h[?2026l[?2026h[?25l[A[1Gpulling manifest [K
pulling 667b0c1932bc:  61% ▕██████████        ▏ 3.0 GB/4.9 GB  5.5 MB/s   5m47s[K[?25h[?2026l[?2026h[?25l[A[1Gpulling manifest [K
pulling 667b0c1932bc:  61% ▕██████████        ▏ 3.0 GB/4.9 GB  5.5 MB/s   5m47s[K[?25h[?2026l[?2026h[?25l[A[1Gpulling manifest [K
pulling 667b0c1932bc:  61% ▕██████████        ▏ 3.0 GB/4.9 GB  5.5 MB/s   5m47s[K[?25h[?2026l[?2026h[?25l[A[1Gpulling manifest [K
pulling 667b0c1932bc:  61% ▕██████████        ▏ 3.0 GB/4.9 GB  5.8 MB/s   5m33s[K[?25h[?2026l[?2026h[?25l[A[1Gpulling manifest [K
pulling 667b0c1932bc:  61% ▕██████████        ▏ 3.0 GB/4.9 GB  5.8 MB/s   5m33s[K[?25h[?2026l[?2026h[?25l[A[1Gpulling manifest [K
pulling 667b0c1932bc:  61% ▕██████████        ▏ 3.0 GB/4.9 GB  5.8 MB/s   5m33s[K[?25h[?2026l[?2026h[?25l[A[1Gpulling manifest [K
pulling 667b0c1932bc:  61% ▕██████████        ▏ 3.0 GB/4.9 GB  5.8 MB/s   5m32s[K[?25h[?2026l[?2026h[?25l[A[1Gpulling manifest [K
pulling 667b0c1932bc:  61% ▕██████████        ▏ 3.0 GB/4.9 GB  5.8 MB/s   5m32s[K[?25h[?2026l[?2026h[?25l[A[1Gpulling manifest [K
pulling 667b0c1932bc:  61% ▕██████████        ▏ 3.0 GB/4.9 GB  5.8 MB/s   5m32s[K[?25h[?2026l[?2026h[?25l[A[1Gpulling manifest [K
pulling 667b0c1932bc:  61% ▕██████████        ▏ 3.0 GB/4.9 GB  5.8 MB/s   5m32s[K[?25h[?2026l[?2026h[?25l[A[1Gpulling manifest [K
pulling 667b0c1932bc:  61% ▕██████████        ▏ 3.0 GB/4.9 GB  5.8 MB/s   5m32s[K[?25h[?2026l[?2026h[?25l[A[1Gpulling manifest [K
pulling 667b0c1932bc:  61% ▕██████████        ▏ 3.0 GB/4.9 GB  5.8 MB/s   5m32s[K[?25h[?2026l[?2026h[?25l[A[1Gpulling manifest [K
pulling 667b0c1932bc:  61% ▕██████████        ▏ 3.0 GB/4.9 GB  5.8 MB/s   5m32s[K[?25h[?2026l[?2026h[?25l[A[1Gpulling manifest [K
pulling 667b0c1932bc:  61% ▕██████████        ▏ 3.0 GB/4.9 GB  5.8 MB/s   5m32s[K[?25h[?2026l[?2026h[?25l[A[1Gpulling manifest [K
pulling 667b0c1932bc:  61% ▕██████████        ▏ 3.0 GB/4.9 GB  6.0 MB/s   5m20s[K[?25h[?2026l[?2026h[?25l[A[1Gpulling manifest [K
pulling 667b0c1932bc:  61% ▕██████████        ▏ 3.0 GB/4.9 GB  6.0 MB/s   5m20s[K[?25h[?2026l[?2026h[?25l[A[1Gpulling manifest [K
pulling 667b0c1932bc:  61% ▕██████████        ▏ 3.0 GB/4.9 GB  6.0 MB/s   5m20s[K[?25h[?2026l[?2026h[?25l[A[1Gpulling manifest [K
pulling 667b0c1932bc:  61% ▕██████████        ▏ 3.0 GB/4.9 GB  6.0 MB/s   5m19s[K[?25h[?2026l[?2026h[?25l[A[1Gpulling manifest [K
pulling 667b0c1932bc:  61% ▕██████████        ▏ 3.0 GB/4.9 GB  6.0 MB/s   5m19s[K[?25h[?2026l[?2026h[?25l[A[1Gpulling manifest [K
pulling 667b0c1932bc:  61% ▕██████████        ▏ 3.0 GB/4.9 GB  6.0 MB/s   5m19s[K[?25h[?2026l[?2026h[?25l[A[1Gpulling manifest [K
pulling 667b0c1932bc:  61% ▕██████████        ▏ 3.0 GB/4.9 GB  6.0 MB/s   5m19s[K[?25h[?2026l[?2026h[?25l[A[1Gpulling manifest [K
pulling 667b0c1932bc:  61% ▕██████████        ▏ 3.0 GB/4.9 GB  6.0 MB/s   5m19s[K[?25h[?2026l[?2026h[?25l[A[1Gpulling manifest [K
pulling 667b0c1932bc:  61% ▕██████████        ▏ 3.0 GB/4.9 GB  6.0 MB/s   5m19s[K[?25h[?2026l[?2026h[?25l[A[1Gpulling manifest [K
pulling 667b0c1932bc:  61% ▕██████████        ▏ 3.0 GB/4.9 GB  6.0 MB/s   5m19s[K[?25h[?2026l[?2026h[?25l[A[1Gpulling manifest [K
pulling 667b0c1932bc:  61% ▕██████████        ▏ 3.0 GB/4.9 GB  6.1 MB/s   5m13s[K[?25h[?2026l[?2026h[?25l[A[1Gpulling manifest [K
pulling 667b0c1932bc:  61% ▕██████████        ▏ 3.0 GB/4.9 GB  6.1 MB/s   5m13s[K[?25h[?2026l[?2026h[?25l[A[1Gpulling manifest [K
pulling 667b0c1932bc:  61% ▕███████████       ▏ 3.0 GB/4.9 GB  6.1 MB/s   5m13s[K[?25h[?2026l[?2026h[?25l[A[1Gpulling manifest [K
pulling 667b0c1932bc:  61% ▕███████████       ▏ 3.0 GB/4.9 GB  6.1 MB/s   5m13s[K[?25h[?2026l[?2026h[?25l[A[1Gpulling manifest [K
pulling 667b0c1932bc:  61% ▕███████████       ▏ 3.0 GB/4.9 GB  6.1 MB/s   5m12s[K[?25h[?2026l[?2026h[?25l[A[1Gpulling manifest [K
pulling 667b0c1932bc:  61% ▕███████████       ▏ 3.0 GB/4.9 GB  6.1 MB/s   5m12s[K[?25h[?2026l[?2026h[?25l[A[1Gpulling manifest [K
pulling 667b0c1932bc:  61% ▕███████████       ▏ 3.0 GB/4.9 GB  6.1 MB/s   5m12s[K[?25h[?2026l[?2026h[?25l[A[1Gpulling manifest [K
pulling 667b0c1932bc:  61% ▕███████████       ▏ 3.0 GB/4.9 GB  6.1 MB/s   5m12s[K[?25h[?2026l[?2026h[?25l[A[1Gpulling manifest [K
pulling 667b0c1932bc:  61% ▕███████████       ▏ 3.0 GB/4.9 GB  6.1 MB/s   5m12s[K[?25h[?2026l[?2026h[?25l[A[1Gpulling manifest [K
pulling 667b0c1932bc:  61% ▕███████████       ▏ 3.0 GB/4.9 GB  6.1 MB/s   5m12s[K[?25h[?2026l[?2026h[?25l[A[1Gpulling manifest [K
pulling 667b0c1932bc:  61% ▕███████████       ▏ 3.0 GB/4.9 GB  6.2 MB/s    5m8s[K[?25h[?2026l[?2026h[?25l[A[1Gpulling manifest [K
pulling 667b0c1932bc:  61% ▕███████████       ▏ 3.0 GB/4.9 GB  6.2 MB/s    5m8s[K[?25h[?2026l[?2026h[?25l[A[1Gpulling manifest [K
pulling 667b0c1932bc:  61% ▕███████████       ▏ 3.0 GB/4.9 GB  6.2 MB/s    5m7s[K[?25h[?2026l[?2026h[?25l[A[1Gpulling manifest [K
pulling 667b0c1932bc:  61% ▕███████████       ▏ 3.0 GB/4.9 GB  6.2 MB/s    5m7s[K[?25h[?2026l[?2026h[?25l[A[1Gpulling manifest [K
pulling 667b0c1932bc:  61% ▕███████████       ▏ 3.0 GB/4.9 GB  6.2 MB/s    5m7s[K[?25h[?2026l[?2026h[?25l[A[1Gpulling manifest [K
pulling 667b0c1932bc:  61% ▕███████████       ▏ 3.0 GB/4.9 GB  6.2 MB/s    5m7s[K[?25h[?2026l[?2026h[?25l[A[1Gpulling manifest [K
pulling 667b0c1932bc:  61% ▕███████████       ▏ 3.0 GB/4.9 GB  6.2 MB/s    5m7s[K[?25h[?2026l[?2026h[?25l[A[1Gpulling manifest [K
pulling 667b0c1932bc:  61% ▕███████████       ▏ 3.0 GB/4.9 GB  6.2 MB/s    5m7s[K[?25h[?2026l[?2026h[?25l[A[1Gpulling manifest [K
pulling 667b0c1932bc:  61% ▕███████████       ▏ 3.0 GB/4.9 GB  6.2 MB/s    5m7s[K[?25h[?2026l[?2026h[?25l[A[1Gpulling manifest [K
pulling 667b0c1932bc:  61% ▕███████████       ▏ 3.0 GB/4.9 GB  6.2 MB/s    5m7s[K[?25h[?2026l[?2026h[?25l[A[1Gpulling manifest [K
pulling 667b0c1932bc:  61% ▕███████████       ▏ 3.0 GB/4.9 GB  6.3 MB/s   4m59s[K[?25h[?2026l[?2026h[?25l[A[1Gpulling manifest [K
pulling 667b0c1932bc:  61% ▕███████████       ▏ 3.0 GB/4.9 GB  6.3 MB/s   4m59s[K[?25h[?2026l[?2026h[?25l[A[1Gpulling manifest [K
pulling 667b0c1932bc:  61% ▕███████████       ▏ 3.0 GB/4.9 GB  6.3 MB/s   4m59s[K[?25h[?2026l[?2026h[?25l[A[1Gpulling manifest [K
pulling 667b0c1932bc:  61% ▕███████████       ▏ 3.0 GB/4.9 GB  6.3 MB/s   4m59s[K[?25h[?2026l[?2026h[?25l[A[1Gpulling manifest [K
pulling 667b0c1932bc:  61% ▕███████████       ▏ 3.0 GB/4.9 GB  6.3 MB/s   4m59s[K[?25h[?2026l[?2026h[?25l[A[1Gpulling manifest [K
pulling 667b0c1932bc:  61% ▕███████████       ▏ 3.0 GB/4.9 GB  6.3 MB/s   4m59s[K[?25h[?2026l[?2026h[?25l[A[1Gpulling manifest [K
pulling 667b0c1932bc:  61% ▕███████████       ▏ 3.0 GB/4.9 GB  6.3 MB/s   4m59s[K[?25h[?2026l[?2026h[?25l[A[1Gpulling manifest [K
pulling 667b0c1932bc:  61% ▕███████████       ▏ 3.0 GB/4.9 GB  6.3 MB/s   4m59s[K[?25h[?2026l[?2026h[?25l[A[1Gpulling manifest [K
pulling 667b0c1932bc:  61% ▕███████████       ▏ 3.0 GB/4.9 GB  6.3 MB/s   4m58s[K[?25h[?2026l[?2026h[?25l[A[1Gpulling manifest [K
pulling 667b0c1932bc:  61% ▕███████████       ▏ 3.0 GB/4.9 GB  6.3 MB/s   4m58s[K[?25h[?2026l[?2026h[?25l[A[1Gpulling manifest [K
pulling 667b0c1932bc:  62% ▕███████████       ▏ 3.0 GB/4.9 GB  6.4 MB/s   4m55s[K[?25h[?2026l[?2026h[?25l[A[1Gpulling manifest [K
pulling 667b0c1932bc:  62% ▕███████████       ▏ 3.0 GB/4.9 GB  6.4 MB/s   4m55s[K[?25h[?2026l[?2026h[?25l[A[1Gpulling manifest [K
pulling 667b0c1932bc:  62% ▕███████████       ▏ 3.0 GB/4.9 GB  6.4 MB/s   4m55s[K[?25h[?2026l[?2026h[?25l[A[1Gpulling manifest [K
pulling 667b0c1932bc:  62% ▕███████████       ▏ 3.0 GB/4.9 GB  6.4 MB/s   4m55s[K[?25h[?2026l[?2026h[?25l[A[1Gpulling manifest [K
pulling 667b0c1932bc:  62% ▕███████████       ▏ 3.0 GB/4.9 GB  6.4 MB/s   4m55s[K[?25h[?2026l[?2026h[?25l[A[1Gpulling manifest [K
pulling 667b0c1932bc:  62% ▕███████████       ▏ 3.0 GB/4.9 GB  6.4 MB/s   4m55s[K[?25h[?2026l[?2026h[?25l[A[1Gpulling manifest [K
pulling 667b0c1932bc:  62% ▕███████████       ▏ 3.0 GB/4.9 GB  6.4 MB/s   4m55s[K[?25h[?2026l[?2026h[?25l[A[1Gpulling manifest [K
pulling 667b0c1932bc:  62% ▕███████████       ▏ 3.0 GB/4.9 GB  6.4 MB/s   4m54s[K[?25h[?2026l[?2026h[?25l[A[1Gpulling manifest [K
pulling 667b0c1932bc:  62% ▕███████████       ▏ 3.0 GB/4.9 GB  6.4 MB/s   4m54s[K[?25h[?2026l[?2026h[?25l[A[1Gpulling manifest [K
pulling 667b0c1932bc:  62% ▕███████████       ▏ 3.0 GB/4.9 GB  6.4 MB/s   4m54s[K[?25h[?2026l[?2026h[?25l[A[1Gpulling manifest [K
pulling 667b0c1932bc:  62% ▕███████████       ▏ 3.0 GB/4.9 GB  6.4 MB/s   4m54s[K[?25h[?2026l[?2026h[?25l[A[1Gpulling manifest [K
pulling 667b0c1932bc:  62% ▕███████████       ▏ 3.0 GB/4.9 GB  6.4 MB/s   4m57s[K[?25h[?2026l[?2026h[?25l[A[1Gpulling manifest [K
pulling 667b0c1932bc:  62% ▕███████████       ▏ 3.0 GB/4.9 GB  6.4 MB/s   4m56s[K[?25h[?2026l[?2026h[?25l[A[1Gpulling manifest [K
pulling 667b0c1932bc:  62% ▕███████████       ▏ 3.0 GB/4.9 GB  6.4 MB/s   4m56s[K[?25h[?2026l[?2026h[?25l[A[1Gpulling manifest [K
pulling 667b0c1932bc:  62% ▕███████████       ▏ 3.0 GB/4.9 GB  6.4 MB/s   4m56s[K[?25h[?2026l[?2026h[?25l[A[1Gpulling manifest [K
pulling 667b0c1932bc:  62% ▕███████████       ▏ 3.0 GB/4.9 GB  6.4 MB/s   4m56s[K[?25h[?2026l[?2026h[?25l[A[1Gpulling manifest [K
pulling 667b0c1932bc:  62% ▕███████████       ▏ 3.0 GB/4.9 GB  6.4 MB/s   4m56s[K[?25h[?2026l[?2026h[?25l[A[1Gpulling manifest [K
pulling 667b0c1932bc:  62% ▕███████████       ▏ 3.0 GB/4.9 GB  6.4 MB/s   4m56s[K[?25h[?2026l[?2026h[?25l[A[1Gpulling manifest [K
pulling 667b0c1932bc:  62% ▕███████████       ▏ 3.0 GB/4.9 GB  6.4 MB/s   4m56s[K[?25h[?2026l[?2026h[?25l[A[1Gpulling manifest [K
pulling 667b0c1932bc:  62% ▕███████████       ▏ 3.0 GB/4.9 GB  6.4 MB/s   4m56s[K[?25h[?2026l[?2026h[?25l[A[1Gpulling manifest [K
pulling 667b0c1932bc:  62% ▕███████████       ▏ 3.0 GB/4.9 GB  6.4 MB/s   4m56s[K[?25h[?2026l[?2026h[?25l[A[1Gpulling manifest [K
pulling 667b0c1932bc:  62% ▕███████████       ▏ 3.0 GB/4.9 GB  6.4 MB/s   4m54s[K[?25h[?2026l[?2026h[?25l[A[1Gpulling manifest [K
pulling 667b0c1932bc:  62% ▕███████████       ▏ 3.0 GB/4.9 GB  6.4 MB/s   4m54s[K[?25h[?2026l[?2026h[?25l[A[1Gpulling manifest [K
pulling 667b0c1932bc:  62% ▕███████████       ▏ 3.0 GB/4.9 GB  6.4 MB/s   4m54s[K[?25h[?2026l[?2026h[?25l[A[1Gpulling manifest [K
pulling 667b0c1932bc:  62% ▕███████████       ▏ 3.0 GB/4.9 GB  6.4 MB/s   4m54s[K[?25h[?2026l[?2026h[?25l[A[1Gpulling manifest [K
pulling 667b0c1932bc:  62% ▕███████████       ▏ 3.0 GB/4.9 GB  6.4 MB/s   4m54s[K[?25h[?2026l[?2026h[?25l[A[1Gpulling manifest [K
pulling 667b0c1932bc:  62% ▕███████████       ▏ 3.0 GB/4.9 GB  6.4 MB/s   4m54s[K[?25h[?2026l[?2026h[?25l[A[1Gpulling manifest [K
pulling 667b0c1932bc:  62% ▕███████████       ▏ 3.0 GB/4.9 GB  6.4 MB/s   4m53s[K[?25h[?2026l[?2026h[?25l[A[1Gpulling manifest [K
pulling 667b0c1932bc:  62% ▕███████████       ▏ 3.0 GB/4.9 GB  6.4 MB/s   4m53s[K[?25h[?2026l[?2026h[?25l[A[1Gpulling manifest [K
pulling 667b0c1932bc:  62% ▕███████████       ▏ 3.0 GB/4.9 GB  6.4 MB/s   4m53s[K[?25h[?2026l[?2026h[?25l[A[1Gpulling manifest [K
pulling 667b0c1932bc:  62% ▕███████████       ▏ 3.0 GB/4.9 GB  6.4 MB/s   4m53s[K[?25h[?2026l[?2026h[?25l[A[1Gpulling manifest [K
pulling 667b0c1932bc:  62% ▕███████████       ▏ 3.0 GB/4.9 GB  6.6 MB/s   4m45s[K[?25h[?2026l[?2026h[?25l[A[1Gpulling manifest [K
pulling 667b0c1932bc:  62% ▕███████████       ▏ 3.0 GB/4.9 GB  6.6 MB/s   4m45s[K[?25h[?2026l[?2026h[?25l[A[1Gpulling manifest [K
pulling 667b0c1932bc:  62% ▕███████████       ▏ 3.0 GB/4.9 GB  6.6 MB/s   4m45s[K[?25h[?2026l[?2026h[?25l[A[1Gpulling manifest [K
pulling 667b0c1932bc:  62% ▕███████████       ▏ 3.0 GB/4.9 GB  6.6 MB/s   4m44s[K[?25h[?2026l[?2026h[?25l[A[1Gpulling manifest [K
pulling 667b0c1932bc:  62% ▕███████████       ▏ 3.0 GB/4.9 GB  6.6 MB/s   4m44s[K[?25h[?2026l[?2026h[?25l[A[1Gpulling manifest [K
pulling 667b0c1932bc:  62% ▕███████████       ▏ 3.0 GB/4.9 GB  6.6 MB/s   4m44s[K[?25h[?2026l[?2026h[?25l[A[1Gpulling manifest [K
pulling 667b0c1932bc:  62% ▕███████████       ▏ 3.0 GB/4.9 GB  6.6 MB/s   4m44s[K[?25h[?2026l[?2026h[?25l[A[1Gpulling manifest [K
pulling 667b0c1932bc:  62% ▕███████████       ▏ 3.0 GB/4.9 GB  6.6 MB/s   4m44s[K[?25h[?2026l[?2026h[?25l[A[1Gpulling manifest [K
pulling 667b0c1932bc:  62% ▕███████████       ▏ 3.1 GB/4.9 GB  6.6 MB/s   4m44s[K[?25h[?2026l[?2026h[?25l[A[1Gpulling manifest [K
pulling 667b0c1932bc:  62% ▕███████████       ▏ 3.1 GB/4.9 GB  6.6 MB/s   4m44s[K[?25h[?2026l[?2026h[?25l[A[1Gpulling manifest [K
pulling 667b0c1932bc:  62% ▕███████████       ▏ 3.1 GB/4.9 GB  6.5 MB/s   4m46s[K[?25h[?2026l[?2026h[?25l[A[1Gpulling manifest [K
pulling 667b0c1932bc:  62% ▕███████████       ▏ 3.1 GB/4.9 GB  6.5 MB/s   4m46s[K[?25h[?2026l[?2026h[?25l[A[1Gpulling manifest [K
pulling 667b0c1932bc:  62% ▕███████████       ▏ 3.1 GB/4.9 GB  6.5 MB/s   4m46s[K[?25h[?2026l[?2026h[?25l[A[1Gpulling manifest [K
pulling 667b0c1932bc:  62% ▕███████████       ▏ 3.1 GB/4.9 GB  6.5 MB/s   4m46s[K[?25h[?2026l[?2026h[?25l[A[1Gpulling manifest [K
pulling 667b0c1932bc:  62% ▕███████████       ▏ 3.1 GB/4.9 GB  6.5 MB/s   4m46s[K[?25h[?2026l[?2026h[?25l[A[1Gpulling manifest [K
pulling 667b0c1932bc:  62% ▕███████████       ▏ 3.1 GB/4.9 GB  6.5 MB/s   4m46s[K[?25h[?2026l[?2026h[?25l[A[1Gpulling manifest [K
pulling 667b0c1932bc:  62% ▕███████████       ▏ 3.1 GB/4.9 GB  6.5 MB/s   4m46s[K[?25h[?2026l[?2026h[?25l[A[1Gpulling manifest [K
pulling 667b0c1932bc:  62% ▕███████████       ▏ 3.1 GB/4.9 GB  6.5 MB/s   4m46s[K[?25h[?2026l[?2026h[?25l[A[1Gpulling manifest [K
pulling 667b0c1932bc:  62% ▕███████████       ▏ 3.1 GB/4.9 GB  6.5 MB/s   4m46s[K[?25h[?2026l[?2026h[?25l[A[1Gpulling manifest [K
pulling 667b0c1932bc:  62% ▕███████████       ▏ 3.1 GB/4.9 GB  6.5 MB/s   4m46s[K[?25h[?2026l[?2026h[?25l[A[1Gpulling manifest [K
pulling 667b0c1932bc:  62% ▕███████████       ▏ 3.1 GB/4.9 GB  6.5 MB/s   4m46s[K[?25h[?2026l[?2026h[?25l[A[1Gpulling manifest [K
pulling 667b0c1932bc:  62% ▕███████████       ▏ 3.1 GB/4.9 GB  6.5 MB/s   4m46s[K[?25h[?2026l[?2026h[?25l[A[1Gpulling manifest [K
pulling 667b0c1932bc:  62% ▕███████████       ▏ 3.1 GB/4.9 GB  6.5 MB/s   4m46s[K[?25h[?2026l[?2026h[?25l[A[1Gpulling manifest [K
pulling 667b0c1932bc:  62% ▕███████████       ▏ 3.1 GB/4.9 GB  6.5 MB/s   4m46s[K[?25h[?2026l[?2026h[?25l[A[1Gpulling manifest [K
pulling 667b0c1932bc:  62% ▕███████████       ▏ 3.1 GB/4.9 GB  6.5 MB/s   4m45s[K[?25h[?2026l[?2026h[?25l[A[1Gpulling manifest [K
pulling 667b0c1932bc:  62% ▕███████████       ▏ 3.1 GB/4.9 GB  6.5 MB/s   4m45s[K[?25h[?2026l[?2026h[?25l[A[1Gpulling manifest [K
pulling 667b0c1932bc:  62% ▕███████████       ▏ 3.1 GB/4.9 GB  6.5 MB/s   4m45s[K[?25h[?2026l[?2026h[?25l[A[1Gpulling manifest [K
pulling 667b0c1932bc:  62% ▕███████████       ▏ 3.1 GB/4.9 GB  6.5 MB/s   4m45s[K[?25h[?2026l[?2026h[?25l[A[1Gpulling manifest [K
pulling 667b0c1932bc:  62% ▕███████████       ▏ 3.1 GB/4.9 GB  6.5 MB/s   4m45s[K[?25h[?2026l[?2026h[?25l[A[1Gpulling manifest [K
pulling 667b0c1932bc:  62% ▕███████████       ▏ 3.1 GB/4.9 GB  6.5 MB/s   4m45s[K[?25h[?2026l[?2026h[?25l[A[1Gpulling manifest [K
pulling 667b0c1932bc:  62% ▕███████████       ▏ 3.1 GB/4.9 GB  6.5 MB/s   4m45s[K[?25h[?2026l[?2026h[?25l[A[1Gpulling manifest [K
pulling 667b0c1932bc:  62% ▕███████████       ▏ 3.1 GB/4.9 GB  6.6 MB/s   4m39s[K[?25h[?2026l[?2026h[?25l[A[1Gpulling manifest [K
pulling 667b0c1932bc:  62% ▕███████████       ▏ 3.1 GB/4.9 GB  6.6 MB/s   4m39s[K[?25h[?2026l[?2026h[?25l[A[1Gpulling manifest [K
pulling 667b0c1932bc:  62% ▕███████████       ▏ 3.1 GB/4.9 GB  6.6 MB/s   4m39s[K[?25h[?2026l[?2026h[?25l[A[1Gpulling manifest [K
pulling 667b0c1932bc:  62% ▕███████████       ▏ 3.1 GB/4.9 GB  6.6 MB/s   4m38s[K[?25h[?2026l[?2026h[?25l[A[1Gpulling manifest [K
pulling 667b0c1932bc:  62% ▕███████████       ▏ 3.1 GB/4.9 GB  6.6 MB/s   4m38s[K[?25h[?2026l[?2026h[?25l[A[1Gpulling manifest [K
pulling 667b0c1932bc:  62% ▕███████████       ▏ 3.1 GB/4.9 GB  6.6 MB/s   4m38s[K[?25h[?2026l[?2026h[?25l[A[1Gpulling manifest [K
pulling 667b0c1932bc:  62% ▕███████████       ▏ 3.1 GB/4.9 GB  6.6 MB/s   4m38s[K[?25h[?2026l[?2026h[?25l[A[1Gpulling manifest [K
pulling 667b0c1932bc:  62% ▕███████████       ▏ 3.1 GB/4.9 GB  6.6 MB/s   4m38s[K[?25h[?2026l[?2026h[?25l[A[1Gpulling manifest [K
pulling 667b0c1932bc:  62% ▕███████████       ▏ 3.1 GB/4.9 GB  6.6 MB/s   4m38s[K[?25h[?2026l[?2026h[?25l[A[1Gpulling manifest [K
pulling 667b0c1932bc:  62% ▕███████████       ▏ 3.1 GB/4.9 GB  6.6 MB/s   4m38s[K[?25h[?2026l[?2026h[?25l[A[1Gpulling manifest [K
pulling 667b0c1932bc:  62% ▕███████████       ▏ 3.1 GB/4.9 GB  6.8 MB/s   4m33s[K[?25h[?2026l[?2026h[?25l[A[1Gpulling manifest [K
pulling 667b0c1932bc:  62% ▕███████████       ▏ 3.1 GB/4.9 GB  6.8 MB/s   4m33s[K[?25h[?2026l[?2026h[?25l[A[1Gpulling manifest [K
pulling 667b0c1932bc:  62% ▕███████████       ▏ 3.1 GB/4.9 GB  6.8 MB/s   4m33s[K[?25h[?2026l[?2026h[?25l[A[1Gpulling manifest [K
pulling 667b0c1932bc:  63% ▕███████████       ▏ 3.1 GB/4.9 GB  6.8 MB/s   4m33s[K[?25h[?2026l[?2026h[?25l[A[1Gpulling manifest [K
pulling 667b0c1932bc:  63% ▕███████████       ▏ 3.1 GB/4.9 GB  6.8 MB/s   4m33s[K[?25h[?2026l[?2026h[?25l[A[1Gpulling manifest [K
pulling 667b0c1932bc:  63% ▕███████████       ▏ 3.1 GB/4.9 GB  6.8 MB/s   4m33s[K[?25h[?2026l[?2026h[?25l[A[1Gpulling manifest [K
pulling 667b0c1932bc:  63% ▕███████████       ▏ 3.1 GB/4.9 GB  6.8 MB/s   4m32s[K[?25h[?2026l[?2026h[?25l[A[1Gpulling manifest [K
pulling 667b0c1932bc:  63% ▕███████████       ▏ 3.1 GB/4.9 GB  6.8 MB/s   4m32s[K[?25h[?2026l[?2026h[?25l[A[1Gpulling manifest [K
pulling 667b0c1932bc:  63% ▕███████████       ▏ 3.1 GB/4.9 GB  6.8 MB/s   4m32s[K[?25h[?2026l[?2026h[?25l[A[1Gpulling manifest [K
pulling 667b0c1932bc:  63% ▕███████████       ▏ 3.1 GB/4.9 GB  6.8 MB/s   4m32s[K[?25h[?2026l[?2026h[?25l[A[1Gpulling manifest [K
pulling 667b0c1932bc:  63% ▕███████████       ▏ 3.1 GB/4.9 GB  6.7 MB/s   4m33s[K[?25h[?2026l[?2026h[?25l[A[1Gpulling manifest [K
pulling 667b0c1932bc:  63% ▕███████████       ▏ 3.1 GB/4.9 GB  6.7 MB/s   4m32s[K[?25h[?2026l[?2026h[?25l[A[1Gpulling manifest [K
pulling 667b0c1932bc:  63% ▕███████████       ▏ 3.1 GB/4.9 GB  6.7 MB/s   4m32s[K[?25h[?2026l[?2026h[?25l[A[1Gpulling manifest [K
pulling 667b0c1932bc:  63% ▕███████████       ▏ 3.1 GB/4.9 GB  6.7 MB/s   4m32s[K[?25h[?2026l[?2026h[?25l[A[1Gpulling manifest [K
pulling 667b0c1932bc:  63% ▕███████████       ▏ 3.1 GB/4.9 GB  6.7 MB/s   4m32s[K[?25h[?2026l[?2026h[?25l[A[1Gpulling manifest [K
pulling 667b0c1932bc:  63% ▕███████████       ▏ 3.1 GB/4.9 GB  6.7 MB/s   4m32s[K[?25h[?2026l[?2026h[?25l[A[1Gpulling manifest [K
pulling 667b0c1932bc:  63% ▕███████████       ▏ 3.1 GB/4.9 GB  6.7 MB/s   4m32s[K[?25h[?2026l[?2026h[?25l[A[1Gpulling manifest [K
pulling 667b0c1932bc:  63% ▕███████████       ▏ 3.1 GB/4.9 GB  6.7 MB/s   4m32s[K[?25h[?2026l[?2026h[?25l[A[1Gpulling manifest [K
pulling 667b0c1932bc:  63% ▕███████████       ▏ 3.1 GB/4.9 GB  6.7 MB/s   4m32s[K[?25h[?2026l[?2026h[?25l[A[1Gpulling manifest [K
pulling 667b0c1932bc:  63% ▕███████████       ▏ 3.1 GB/4.9 GB  6.7 MB/s   4m31s[K[?25h[?2026l[?2026h[?25l[A[1Gpulling manifest [K
pulling 667b0c1932bc:  63% ▕███████████       ▏ 3.1 GB/4.9 GB  6.8 MB/s   4m28s[K[?25h[?2026l[?2026h[?25l[A[1Gpulling manifest [K
pulling 667b0c1932bc:  63% ▕███████████       ▏ 3.1 GB/4.9 GB  6.8 MB/s   4m28s[K[?25h[?2026l[?2026h[?25l[A[1Gpulling manifest [K
pulling 667b0c1932bc:  63% ▕███████████       ▏ 3.1 GB/4.9 GB  6.8 MB/s   4m28s[K[?25h[?2026l[?2026h[?25l[A[1Gpulling manifest [K
pulling 667b0c1932bc:  63% ▕███████████       ▏ 3.1 GB/4.9 GB  6.8 MB/s   4m28s[K[?25h[?2026l[?2026h[?25l[A[1Gpulling manifest [K
pulling 667b0c1932bc:  63% ▕███████████       ▏ 3.1 GB/4.9 GB  6.8 MB/s   4m28s[K[?25h[?2026l[?2026h[?25l[A[1Gpulling manifest [K
pulling 667b0c1932bc:  63% ▕███████████       ▏ 3.1 GB/4.9 GB  6.8 MB/s   4m27s[K[?25h[?2026l[?2026h[?25l[A[1Gpulling manifest [K
pulling 667b0c1932bc:  63% ▕███████████       ▏ 3.1 GB/4.9 GB  6.8 MB/s   4m27s[K[?25h[?2026l[?2026h[?25l[A[1Gpulling manifest [K
pulling 667b0c1932bc:  63% ▕███████████       ▏ 3.1 GB/4.9 GB  6.8 MB/s   4m27s[K[?25h[?2026l[?2026h[?25l[A[1Gpulling manifest [K
pulling 667b0c1932bc:  63% ▕███████████       ▏ 3.1 GB/4.9 GB  6.8 MB/s   4m27s[K[?25h[?2026l[?2026h[?25l[A[1Gpulling manifest [K
pulling 667b0c1932bc:  63% ▕███████████       ▏ 3.1 GB/4.9 GB  6.8 MB/s   4m27s[K[?25h[?2026l[?2026h[?25l[A[1Gpulling manifest [K
pulling 667b0c1932bc:  63% ▕███████████       ▏ 3.1 GB/4.9 GB  7.1 MB/s   4m16s[K[?25h[?2026l[?2026h[?25l[A[1Gpulling manifest [K
pulling 667b0c1932bc:  63% ▕███████████       ▏ 3.1 GB/4.9 GB  7.1 MB/s   4m16s[K[?25h[?2026l[?2026h[?25l[A[1Gpulling manifest [K
pulling 667b0c1932bc:  63% ▕███████████       ▏ 3.1 GB/4.9 GB  7.1 MB/s   4m16s[K[?25h[?2026l[?2026h[?25l[A[1Gpulling manifest [K
pulling 667b0c1932bc:  63% ▕███████████       ▏ 3.1 GB/4.9 GB  7.1 MB/s   4m16s[K[?25h[?2026l[?2026h[?25l[A[1Gpulling manifest [K
pulling 667b0c1932bc:  63% ▕███████████       ▏ 3.1 GB/4.9 GB  7.1 MB/s   4m15s[K[?25h[?2026l[?2026h[?25l[A[1Gpulling manifest [K
pulling 667b0c1932bc:  63% ▕███████████       ▏ 3.1 GB/4.9 GB  7.1 MB/s   4m15s[K[?25h[?2026l[?2026h[?25l[A[1Gpulling manifest [K
pulling 667b0c1932bc:  63% ▕███████████       ▏ 3.1 GB/4.9 GB  7.1 MB/s   4m15s[K[?25h[?2026l[?2026h[?25l[A[1Gpulling manifest [K
pulling 667b0c1932bc:  63% ▕███████████       ▏ 3.1 GB/4.9 GB  7.1 MB/s   4m15s[K[?25h[?2026l[?2026h[?25l[A[1Gpulling manifest [K
pulling 667b0c1932bc:  63% ▕███████████       ▏ 3.1 GB/4.9 GB  7.1 MB/s   4m15s[K[?25h[?2026l[?2026h[?25l[A[1Gpulling manifest [K
pulling 667b0c1932bc:  63% ▕███████████       ▏ 3.1 GB/4.9 GB  7.1 MB/s   4m15s[K[?25h[?2026l[?2026h[?25l[A[1Gpulling manifest [K
pulling 667b0c1932bc:  63% ▕███████████       ▏ 3.1 GB/4.9 GB  7.1 MB/s   4m15s[K[?25h[?2026l[?2026h[?25l[A[1Gpulling manifest [K
pulling 667b0c1932bc:  63% ▕███████████       ▏ 3.1 GB/4.9 GB  7.3 MB/s    4m8s[K[?25h[?2026l[?2026h[?25l[A[1Gpulling manifest [K
pulling 667b0c1932bc:  63% ▕███████████       ▏ 3.1 GB/4.9 GB  7.3 MB/s    4m8s[K[?25h[?2026l[?2026h[?25l[A[1Gpulling manifest [K
pulling 667b0c1932bc:  63% ▕███████████       ▏ 3.1 GB/4.9 GB  7.3 MB/s    4m8s[K[?25h[?2026l[?2026h[?25l[A[1Gpulling manifest [K
pulling 667b0c1932bc:  63% ▕███████████       ▏ 3.1 GB/4.9 GB  7.3 MB/s    4m8s[K[?25h[?2026l[?2026h[?25l[A[1Gpulling manifest [K
pulling 667b0c1932bc:  63% ▕███████████       ▏ 3.1 GB/4.9 GB  7.3 MB/s    4m8s[K[?25h[?2026l[?2026h[?25l[A[1Gpulling manifest [K
pulling 667b0c1932bc:  63% ▕███████████       ▏ 3.1 GB/4.9 GB  7.3 MB/s    4m8s[K[?25h[?2026l[?2026h[?25l[A[1Gpulling manifest [K
pulling 667b0c1932bc:  63% ▕███████████       ▏ 3.1 GB/4.9 GB  7.3 MB/s    4m7s[K[?25h[?2026l[?2026h[?25l[A[1Gpulling manifest [K
pulling 667b0c1932bc:  63% ▕███████████       ▏ 3.1 GB/4.9 GB  7.3 MB/s    4m7s[K[?25h[?2026l[?2026h[?25l[A[1Gpulling manifest [K
pulling 667b0c1932bc:  63% ▕███████████       ▏ 3.1 GB/4.9 GB  7.3 MB/s    4m7s[K[?25h[?2026l[?2026h[?25l[A[1Gpulling manifest [K
pulling 667b0c1932bc:  63% ▕███████████       ▏ 3.1 GB/4.9 GB  7.3 MB/s    4m7s[K[?25h[?2026l[?2026h[?25l[A[1Gpulling manifest [K
pulling 667b0c1932bc:  63% ▕███████████       ▏ 3.1 GB/4.9 GB  7.3 MB/s    4m8s[K[?25h[?2026l[?2026h[?25l[A[1Gpulling manifest [K
pulling 667b0c1932bc:  63% ▕███████████       ▏ 3.1 GB/4.9 GB  7.3 MB/s    4m8s[K[?25h[?2026l[?2026h[?25l[A[1Gpulling manifest [K
pulling 667b0c1932bc:  63% ▕███████████       ▏ 3.1 GB/4.9 GB  7.3 MB/s    4m8s[K[?25h[?2026l[?2026h[?25l[A[1Gpulling manifest [K
pulling 667b0c1932bc:  63% ▕███████████       ▏ 3.1 GB/4.9 GB  7.3 MB/s    4m8s[K[?25h[?2026l[?2026h[?25l[A[1Gpulling manifest [K
pulling 667b0c1932bc:  63% ▕███████████       ▏ 3.1 GB/4.9 GB  7.3 MB/s    4m8s[K[?25h[?2026l[?2026h[?25l[A[1Gpulling manifest [K
pulling 667b0c1932bc:  63% ▕███████████       ▏ 3.1 GB/4.9 GB  7.3 MB/s    4m7s[K[?25h[?2026l[?2026h[?25l[A[1Gpulling manifest [K
pulling 667b0c1932bc:  63% ▕███████████       ▏ 3.1 GB/4.9 GB  7.3 MB/s    4m7s[K[?25h[?2026l[?2026h[?25l[A[1Gpulling manifest [K
pulling 667b0c1932bc:  63% ▕███████████       ▏ 3.1 GB/4.9 GB  7.3 MB/s    4m7s[K[?25h[?2026l[?2026h[?25l[A[1Gpulling manifest [K
pulling 667b0c1932bc:  63% ▕███████████       ▏ 3.1 GB/4.9 GB  7.3 MB/s    4m7s[K[?25h[?2026l[?2026h[?25l[A[1Gpulling manifest [K
pulling 667b0c1932bc:  63% ▕███████████       ▏ 3.1 GB/4.9 GB  7.3 MB/s    4m7s[K[?25h[?2026l[?2026h[?25l[A[1Gpulling manifest [K
pulling 667b0c1932bc:  63% ▕███████████       ▏ 3.1 GB/4.9 GB  7.3 MB/s    4m7s[K[?25h[?2026l[?2026h[?25l[A[1Gpulling manifest [K
pulling 667b0c1932bc:  63% ▕███████████       ▏ 3.1 GB/4.9 GB  7.3 MB/s    4m7s[K[?25h[?2026l[?2026h[?25l[A[1Gpulling manifest [K
pulling 667b0c1932bc:  63% ▕███████████       ▏ 3.1 GB/4.9 GB  7.3 MB/s    4m7s[K[?25h[?2026l[?2026h[?25l[A[1Gpulling manifest [K
pulling 667b0c1932bc:  63% ▕███████████       ▏ 3.1 GB/4.9 GB  7.3 MB/s    4m7s[K[?25h[?2026l[?2026h[?25l[A[1Gpulling manifest [K
pulling 667b0c1932bc:  63% ▕███████████       ▏ 3.1 GB/4.9 GB  7.3 MB/s    4m6s[K[?25h[?2026l[?2026h[?25l[A[1Gpulling manifest [K
pulling 667b0c1932bc:  63% ▕███████████       ▏ 3.1 GB/4.9 GB  7.3 MB/s    4m6s[K[?25h[?2026l[?2026h[?25l[A[1Gpulling manifest [K
pulling 667b0c1932bc:  63% ▕███████████       ▏ 3.1 GB/4.9 GB  7.3 MB/s    4m6s[K[?25h[?2026l[?2026h[?25l[A[1Gpulling manifest [K
pulling 667b0c1932bc:  63% ▕███████████       ▏ 3.1 GB/4.9 GB  7.3 MB/s    4m6s[K[?25h[?2026l[?2026h[?25l[A[1Gpulling manifest [K
pulling 667b0c1932bc:  63% ▕███████████       ▏ 3.1 GB/4.9 GB  7.3 MB/s    4m6s[K[?25h[?2026l[?2026h[?25l[A[1Gpulling manifest [K
pulling 667b0c1932bc:  63% ▕███████████       ▏ 3.1 GB/4.9 GB  7.3 MB/s    4m6s[K[?25h[?2026l[?2026h[?25l[A[1Gpulling manifest [K
pulling 667b0c1932bc:  63% ▕███████████       ▏ 3.1 GB/4.9 GB  7.3 MB/s    4m7s[K[?25h[?2026l[?2026h[?25l[A[1Gpulling manifest [K
pulling 667b0c1932bc:  63% ▕███████████       ▏ 3.1 GB/4.9 GB  7.3 MB/s    4m7s[K[?25h[?2026l[?2026h[?25l[A[1Gpulling manifest [K
pulling 667b0c1932bc:  64% ▕███████████       ▏ 3.1 GB/4.9 GB  7.3 MB/s    4m7s[K[?25h[?2026l[?2026h[?25l[A[1Gpulling manifest [K
pulling 667b0c1932bc:  64% ▕███████████       ▏ 3.1 GB/4.9 GB  7.3 MB/s    4m7s[K[?25h[?2026l[?2026h[?25l[A[1Gpulling manifest [K
pulling 667b0c1932bc:  64% ▕███████████       ▏ 3.1 GB/4.9 GB  7.3 MB/s    4m6s[K[?25h[?2026l[?2026h[?25l[A[1Gpulling manifest [K
pulling 667b0c1932bc:  64% ▕███████████       ▏ 3.1 GB/4.9 GB  7.3 MB/s    4m6s[K[?25h[?2026l[?2026h[?25l[A[1Gpulling manifest [K
pulling 667b0c1932bc:  64% ▕███████████       ▏ 3.1 GB/4.9 GB  7.3 MB/s    4m6s[K[?25h[?2026l[?2026h[?25l[A[1Gpulling manifest [K
pulling 667b0c1932bc:  64% ▕███████████       ▏ 3.1 GB/4.9 GB  7.3 MB/s    4m6s[K[?25h[?2026l[?2026h[?25l[A[1Gpulling manifest [K
pulling 667b0c1932bc:  64% ▕███████████       ▏ 3.1 GB/4.9 GB  7.3 MB/s    4m6s[K[?25h[?2026l[?2026h[?25l[A[1Gpulling manifest [K
pulling 667b0c1932bc:  64% ▕███████████       ▏ 3.1 GB/4.9 GB  7.3 MB/s    4m6s[K[?25h[?2026l[?2026h[?25l[A[1Gpulling manifest [K
pulling 667b0c1932bc:  64% ▕███████████       ▏ 3.1 GB/4.9 GB  7.2 MB/s    4m9s[K[?25h[?2026l[?2026h[?25l[A[1Gpulling manifest [K
pulling 667b0c1932bc:  64% ▕███████████       ▏ 3.1 GB/4.9 GB  7.2 MB/s    4m9s[K[?25h[?2026l[?2026h[?25l[A[1Gpulling manifest [K
pulling 667b0c1932bc:  64% ▕███████████       ▏ 3.1 GB/4.9 GB  7.2 MB/s    4m9s[K[?25h[?2026l[?2026h[?25l[A[1Gpulling manifest [K
pulling 667b0c1932bc:  64% ▕███████████       ▏ 3.1 GB/4.9 GB  7.2 MB/s    4m9s[K[?25h[?2026l[?2026h[?25l[A[1Gpulling manifest [K
pulling 667b0c1932bc:  64% ▕███████████       ▏ 3.1 GB/4.9 GB  7.2 MB/s    4m9s[K[?25h[?2026l[?2026h[?25l[A[1Gpulling manifest [K
pulling 667b0c1932bc:  64% ▕███████████       ▏ 3.1 GB/4.9 GB  7.2 MB/s    4m9s[K[?25h[?2026l[?2026h[?25l[A[1Gpulling manifest [K
pulling 667b0c1932bc:  64% ▕███████████       ▏ 3.1 GB/4.9 GB  7.2 MB/s    4m9s[K[?25h[?2026l[?2026h[?25l[A[1Gpulling manifest [K
pulling 667b0c1932bc:  64% ▕███████████       ▏ 3.1 GB/4.9 GB  7.2 MB/s    4m8s[K[?25h[?2026l[?2026h[?25l[A[1Gpulling manifest [K
pulling 667b0c1932bc:  64% ▕███████████       ▏ 3.1 GB/4.9 GB  7.2 MB/s    4m8s[K[?25h[?2026l[?2026h[?25l[A[1Gpulling manifest [K
pulling 667b0c1932bc:  64% ▕███████████       ▏ 3.1 GB/4.9 GB  7.2 MB/s    4m8s[K[?25h[?2026l[?2026h[?25l[A[1Gpulling manifest [K
pulling 667b0c1932bc:  64% ▕███████████       ▏ 3.1 GB/4.9 GB  7.2 MB/s    4m8s[K[?25h[?2026l[?2026h[?25l[A[1Gpulling manifest [K
pulling 667b0c1932bc:  64% ▕███████████       ▏ 3.1 GB/4.9 GB  7.1 MB/s   4m12s[K[?25h[?2026l[?2026h[?25l[A[1Gpulling manifest [K
pulling 667b0c1932bc:  64% ▕███████████       ▏ 3.1 GB/4.9 GB  7.1 MB/s   4m12s[K[?25h[?2026l[?2026h[?25l[A[1Gpulling manifest [K
pulling 667b0c1932bc:  64% ▕███████████       ▏ 3.1 GB/4.9 GB  7.1 MB/s   4m12s[K[?25h[?2026l[?2026h[?25l[A[1Gpulling manifest [K
pulling 667b0c1932bc:  64% ▕███████████       ▏ 3.1 GB/4.9 GB  7.1 MB/s   4m12s[K[?25h[?2026l[?2026h[?25l[A[1Gpulling manifest [K
pulling 667b0c1932bc:  64% ▕███████████       ▏ 3.1 GB/4.9 GB  7.1 MB/s   4m12s[K[?25h[?2026l[?2026h[?25l[A[1Gpulling manifest [K
pulling 667b0c1932bc:  64% ▕███████████       ▏ 3.1 GB/4.9 GB  7.1 MB/s   4m12s[K[?25h[?2026l[?2026h[?25l[A[1Gpulling manifest [K
pulling 667b0c1932bc:  64% ▕███████████       ▏ 3.1 GB/4.9 GB  7.1 MB/s   4m11s[K[?25h[?2026l[?2026h[?25l[A[1Gpulling manifest [K
pulling 667b0c1932bc:  64% ▕███████████       ▏ 3.1 GB/4.9 GB  7.1 MB/s   4m11s[K[?25h[?2026l[?2026h[?25l[A[1Gpulling manifest [K
pulling 667b0c1932bc:  64% ▕███████████       ▏ 3.1 GB/4.9 GB  7.1 MB/s   4m11s[K[?25h[?2026l[?2026h[?25l[A[1Gpulling manifest [K
pulling 667b0c1932bc:  64% ▕███████████       ▏ 3.1 GB/4.9 GB  7.1 MB/s   4m11s[K[?25h[?2026l[?2026h[?25l[A[1Gpulling manifest [K
pulling 667b0c1932bc:  64% ▕███████████       ▏ 3.1 GB/4.9 GB  7.0 MB/s   4m15s[K[?25h[?2026l[?2026h[?25l[A[1Gpulling manifest [K
pulling 667b0c1932bc:  64% ▕███████████       ▏ 3.1 GB/4.9 GB  7.0 MB/s   4m15s[K[?25h[?2026l[?2026h[?25l[A[1Gpulling manifest [K
pulling 667b0c1932bc:  64% ▕███████████       ▏ 3.1 GB/4.9 GB  7.0 MB/s   4m15s[K[?25h[?2026l[?2026h[?25l[A[1Gpulling manifest [K
pulling 667b0c1932bc:  64% ▕███████████       ▏ 3.1 GB/4.9 GB  7.0 MB/s   4m15s[K[?25h[?2026l[?2026h[?25l[A[1Gpulling manifest [K
pulling 667b0c1932bc:  64% ▕███████████       ▏ 3.1 GB/4.9 GB  7.0 MB/s   4m15s[K[?25h[?2026l[?2026h[?25l[A[1Gpulling manifest [K
pulling 667b0c1932bc:  64% ▕███████████       ▏ 3.1 GB/4.9 GB  7.0 MB/s   4m15s[K[?25h[?2026l[?2026h[?25l[A[1Gpulling manifest [K
pulling 667b0c1932bc:  64% ▕███████████       ▏ 3.1 GB/4.9 GB  7.0 MB/s   4m14s[K[?25h[?2026l[?2026h[?25l[A[1Gpulling manifest [K
pulling 667b0c1932bc:  64% ▕███████████       ▏ 3.1 GB/4.9 GB  7.0 MB/s   4m14s[K[?25h[?2026l[?2026h[?25l[A[1Gpulling manifest [K
pulling 667b0c1932bc:  64% ▕███████████       ▏ 3.1 GB/4.9 GB  7.0 MB/s   4m14s[K[?25h[?2026l[?2026h[?25l[A[1Gpulling manifest [K
pulling 667b0c1932bc:  64% ▕███████████       ▏ 3.1 GB/4.9 GB  7.0 MB/s   4m14s[K[?25h[?2026l[?2026h[?25l[A[1Gpulling manifest [K
pulling 667b0c1932bc:  64% ▕███████████       ▏ 3.1 GB/4.9 GB  6.9 MB/s   4m18s[K[?25h[?2026l[?2026h[?25l[A[1Gpulling manifest [K
pulling 667b0c1932bc:  64% ▕███████████       ▏ 3.2 GB/4.9 GB  6.9 MB/s   4m18s[K[?25h[?2026l[?2026h[?25l[A[1Gpulling manifest [K
pulling 667b0c1932bc:  64% ▕███████████       ▏ 3.2 GB/4.9 GB  6.9 MB/s   4m18s[K[?25h[?2026l[?2026h[?25l[A[1Gpulling manifest [K
pulling 667b0c1932bc:  64% ▕███████████       ▏ 3.2 GB/4.9 GB  6.9 MB/s   4m18s[K[?25h[?2026l[?2026h[?25l[A[1Gpulling manifest [K
pulling 667b0c1932bc:  64% ▕███████████       ▏ 3.2 GB/4.9 GB  6.9 MB/s   4m18s[K[?25h[?2026l[?2026h[?25l[A[1Gpulling manifest [K
pulling 667b0c1932bc:  64% ▕███████████       ▏ 3.2 GB/4.9 GB  6.9 MB/s   4m17s[K[?25h[?2026l[?2026h[?25l[A[1Gpulling manifest [K
pulling 667b0c1932bc:  64% ▕███████████       ▏ 3.2 GB/4.9 GB  6.9 MB/s   4m17s[K[?25h[?2026l[?2026h[?25l[A[1Gpulling manifest [K
pulling 667b0c1932bc:  64% ▕███████████       ▏ 3.2 GB/4.9 GB  6.9 MB/s   4m17s[K[?25h[?2026l[?2026h[?25l[A[1Gpulling manifest [K
pulling 667b0c1932bc:  64% ▕███████████       ▏ 3.2 GB/4.9 GB  6.9 MB/s   4m17s[K[?25h[?2026l[?2026h[?25l[A[1Gpulling manifest [K
pulling 667b0c1932bc:  64% ▕███████████       ▏ 3.2 GB/4.9 GB  6.9 MB/s   4m17s[K[?25h[?2026l[?2026h[?25l[A[1Gpulling manifest [K
pulling 667b0c1932bc:  64% ▕███████████       ▏ 3.2 GB/4.9 GB  6.8 MB/s   4m20s[K[?25h[?2026l[?2026h[?25l[A[1Gpulling manifest [K
pulling 667b0c1932bc:  64% ▕███████████       ▏ 3.2 GB/4.9 GB  6.8 MB/s   4m20s[K[?25h[?2026l[?2026h[?25l[A[1Gpulling manifest [K
pulling 667b0c1932bc:  64% ▕███████████       ▏ 3.2 GB/4.9 GB  6.8 MB/s   4m20s[K[?25h[?2026l[?2026h[?25l[A[1Gpulling manifest [K
pulling 667b0c1932bc:  64% ▕███████████       ▏ 3.2 GB/4.9 GB  6.8 MB/s   4m20s[K[?25h[?2026l[?2026h[?25l[A[1Gpulling manifest [K
pulling 667b0c1932bc:  64% ▕███████████       ▏ 3.2 GB/4.9 GB  6.8 MB/s   4m20s[K[?25h[?2026l[?2026h[?25l[A[1Gpulling manifest [K
pulling 667b0c1932bc:  64% ▕███████████       ▏ 3.2 GB/4.9 GB  6.8 MB/s   4m20s[K[?25h[?2026l[?2026h[?25l[A[1Gpulling manifest [K
pulling 667b0c1932bc:  64% ▕███████████       ▏ 3.2 GB/4.9 GB  6.8 MB/s   4m19s[K[?25h[?2026l[?2026h[?25l[A[1Gpulling manifest [K
pulling 667b0c1932bc:  64% ▕███████████       ▏ 3.2 GB/4.9 GB  6.8 MB/s   4m19s[K[?25h[?2026l[?2026h[?25l[A[1Gpulling manifest [K
pulling 667b0c1932bc:  64% ▕███████████       ▏ 3.2 GB/4.9 GB  6.8 MB/s   4m19s[K[?25h[?2026l[?2026h[?25l[A[1Gpulling manifest [K
pulling 667b0c1932bc:  64% ▕███████████       ▏ 3.2 GB/4.9 GB  6.8 MB/s   4m19s[K[?25h[?2026l[?2026h[?25l[A[1Gpulling manifest [K
pulling 667b0c1932bc:  64% ▕███████████       ▏ 3.2 GB/4.9 GB  6.6 MB/s   4m26s[K[?25h[?2026l[?2026h[?25l[A[1Gpulling manifest [K
pulling 667b0c1932bc:  64% ▕███████████       ▏ 3.2 GB/4.9 GB  6.6 MB/s   4m26s[K[?25h[?2026l[?2026h[?25l[A[1Gpulling manifest [K
pulling 667b0c1932bc:  64% ▕███████████       ▏ 3.2 GB/4.9 GB  6.6 MB/s   4m26s[K[?25h[?2026l[?2026h[?25l[A[1Gpulling manifest [K
pulling 667b0c1932bc:  64% ▕███████████       ▏ 3.2 GB/4.9 GB  6.6 MB/s   4m25s[K[?25h[?2026l[?2026h[?25l[A[1Gpulling manifest [K
pulling 667b0c1932bc:  64% ▕███████████       ▏ 3.2 GB/4.9 GB  6.6 MB/s   4m25s[K[?25h[?2026l[?2026h[?25l[A[1Gpulling manifest [K
pulling 667b0c1932bc:  64% ▕███████████       ▏ 3.2 GB/4.9 GB  6.6 MB/s   4m25s[K[?25h[?2026l[?2026h[?25l[A[1Gpulling manifest [K
pulling 667b0c1932bc:  64% ▕███████████       ▏ 3.2 GB/4.9 GB  6.6 MB/s   4m25s[K[?25h[?2026l[?2026h[?25l[A[1Gpulling manifest [K
pulling 667b0c1932bc:  64% ▕███████████       ▏ 3.2 GB/4.9 GB  6.6 MB/s   4m25s[K[?25h[?2026l[?2026h[?25l[A[1Gpulling manifest [K
pulling 667b0c1932bc:  64% ▕███████████       ▏ 3.2 GB/4.9 GB  6.6 MB/s   4m25s[K[?25h[?2026l[?2026h[?25l[A[1Gpulling manifest [K
pulling 667b0c1932bc:  64% ▕███████████       ▏ 3.2 GB/4.9 GB  6.6 MB/s   4m25s[K[?25h[?2026l[?2026h[?25l[A[1Gpulling manifest [K
pulling 667b0c1932bc:  64% ▕███████████       ▏ 3.2 GB/4.9 GB  6.6 MB/s   4m25s[K[?25h[?2026l[?2026h[?25l[A[1Gpulling manifest [K
pulling 667b0c1932bc:  64% ▕███████████       ▏ 3.2 GB/4.9 GB  6.6 MB/s   4m24s[K[?25h[?2026l[?2026h[?25l[A[1Gpulling manifest [K
pulling 667b0c1932bc:  64% ▕███████████       ▏ 3.2 GB/4.9 GB  6.6 MB/s   4m24s[K[?25h[?2026l[?2026h[?25l[A[1Gpulling manifest [K
pulling 667b0c1932bc:  64% ▕███████████       ▏ 3.2 GB/4.9 GB  6.6 MB/s   4m24s[K[?25h[?2026l[?2026h[?25l[A[1Gpulling manifest [K
pulling 667b0c1932bc:  64% ▕███████████       ▏ 3.2 GB/4.9 GB  6.6 MB/s   4m24s[K[?25h[?2026l[?2026h[?25l[A[1Gpulling manifest [K
pulling 667b0c1932bc:  64% ▕███████████       ▏ 3.2 GB/4.9 GB  6.6 MB/s   4m24s[K[?25h[?2026l[?2026h[?25l[A[1Gpulling manifest [K
pulling 667b0c1932bc:  64% ▕███████████       ▏ 3.2 GB/4.9 GB  6.6 MB/s   4m24s[K[?25h[?2026l[?2026h[?25l[A[1Gpulling manifest [K
pulling 667b0c1932bc:  64% ▕███████████       ▏ 3.2 GB/4.9 GB  6.6 MB/s   4m24s[K[?25h[?2026l[?2026h[?25l[A[1Gpulling manifest [K
pulling 667b0c1932bc:  65% ▕███████████       ▏ 3.2 GB/4.9 GB  6.6 MB/s   4m24s[K[?25h[?2026l[?2026h[?25l[A[1Gpulling manifest [K
pulling 667b0c1932bc:  65% ▕███████████       ▏ 3.2 GB/4.9 GB  6.6 MB/s   4m24s[K[?25h[?2026l[?2026h[?25l[A[1Gpulling manifest [K
pulling 667b0c1932bc:  65% ▕███████████       ▏ 3.2 GB/4.9 GB  6.6 MB/s   4m23s[K[?25h[?2026l[?2026h[?25l[A[1Gpulling manifest [K
pulling 667b0c1932bc:  65% ▕███████████       ▏ 3.2 GB/4.9 GB  6.6 MB/s   4m24s[K[?25h[?2026l[?2026h[?25l[A[1Gpulling manifest [K
pulling 667b0c1932bc:  65% ▕███████████       ▏ 3.2 GB/4.9 GB  6.6 MB/s   4m24s[K[?25h[?2026l[?2026h[?25l[A[1Gpulling manifest [K
pulling 667b0c1932bc:  65% ▕███████████       ▏ 3.2 GB/4.9 GB  6.6 MB/s   4m24s[K[?25h[?2026l[?2026h[?25l[A[1Gpulling manifest [K
pulling 667b0c1932bc:  65% ▕███████████       ▏ 3.2 GB/4.9 GB  6.6 MB/s   4m23s[K[?25h[?2026l[?2026h[?25l[A[1Gpulling manifest [K
pulling 667b0c1932bc:  65% ▕███████████       ▏ 3.2 GB/4.9 GB  6.6 MB/s   4m23s[K[?25h[?2026l[?2026h[?25l[A[1Gpulling manifest [K
pulling 667b0c1932bc:  65% ▕███████████       ▏ 3.2 GB/4.9 GB  6.6 MB/s   4m23s[K[?25h[?2026l[?2026h[?25l[A[1Gpulling manifest [K
pulling 667b0c1932bc:  65% ▕███████████       ▏ 3.2 GB/4.9 GB  6.6 MB/s   4m23s[K[?25h[?2026l[?2026h[?25l[A[1Gpulling manifest [K
pulling 667b0c1932bc:  65% ▕███████████       ▏ 3.2 GB/4.9 GB  6.6 MB/s   4m23s[K[?25h[?2026l[?2026h[?25l[A[1Gpulling manifest [K
pulling 667b0c1932bc:  65% ▕███████████       ▏ 3.2 GB/4.9 GB  6.6 MB/s   4m23s[K[?25h[?2026l[?2026h[?25l[A[1Gpulling manifest [K
pulling 667b0c1932bc:  65% ▕███████████       ▏ 3.2 GB/4.9 GB  6.6 MB/s   4m23s[K[?25h[?2026l[?2026h[?25l[A[1Gpulling manifest [K
pulling 667b0c1932bc:  65% ▕███████████       ▏ 3.2 GB/4.9 GB  6.7 MB/s   4m20s[K[?25h[?2026l[?2026h[?25l[A[1Gpulling manifest [K
pulling 667b0c1932bc:  65% ▕███████████       ▏ 3.2 GB/4.9 GB  6.7 MB/s   4m20s[K[?25h[?2026l[?2026h[?25l[A[1Gpulling manifest [K
pulling 667b0c1932bc:  65% ▕███████████       ▏ 3.2 GB/4.9 GB  6.7 MB/s   4m20s[K[?25h[?2026l[?2026h[?25l[A[1Gpulling manifest [K
pulling 667b0c1932bc:  65% ▕███████████       ▏ 3.2 GB/4.9 GB  6.7 MB/s   4m20s[K[?25h[?2026l[?2026h[?25l[A[1Gpulling manifest [K
pulling 667b0c1932bc:  65% ▕███████████       ▏ 3.2 GB/4.9 GB  6.7 MB/s   4m20s[K[?25h[?2026l[?2026h[?25l[A[1Gpulling manifest [K
pulling 667b0c1932bc:  65% ▕███████████       ▏ 3.2 GB/4.9 GB  6.7 MB/s   4m20s[K[?25h[?2026l[?2026h[?25l[A[1Gpulling manifest [K
pulling 667b0c1932bc:  65% ▕███████████       ▏ 3.2 GB/4.9 GB  6.7 MB/s   4m20s[K[?25h[?2026l[?2026h[?25l[A[1Gpulling manifest [K
pulling 667b0c1932bc:  65% ▕███████████       ▏ 3.2 GB/4.9 GB  6.7 MB/s   4m19s[K[?25h[?2026l[?2026h[?25l[A[1Gpulling manifest [K
pulling 667b0c1932bc:  65% ▕███████████       ▏ 3.2 GB/4.9 GB  6.7 MB/s   4m19s[K[?25h[?2026l[?2026h[?25l[A[1Gpulling manifest [K
pulling 667b0c1932bc:  65% ▕███████████       ▏ 3.2 GB/4.9 GB  6.7 MB/s   4m19s[K[?25h[?2026l[?2026h[?25l[A[1Gpulling manifest [K
pulling 667b0c1932bc:  65% ▕███████████       ▏ 3.2 GB/4.9 GB  6.7 MB/s   4m18s[K[?25h[?2026l[?2026h[?25l[A[1Gpulling manifest [K
pulling 667b0c1932bc:  65% ▕███████████       ▏ 3.2 GB/4.9 GB  6.7 MB/s   4m18s[K[?25h[?2026l[?2026h[?25l[A[1Gpulling manifest [K
pulling 667b0c1932bc:  65% ▕███████████       ▏ 3.2 GB/4.9 GB  6.7 MB/s   4m18s[K[?25h[?2026l[?2026h[?25l[A[1Gpulling manifest [K
pulling 667b0c1932bc:  65% ▕███████████       ▏ 3.2 GB/4.9 GB  6.7 MB/s   4m18s[K[?25h[?2026l[?2026h[?25l[A[1Gpulling manifest [K
pulling 667b0c1932bc:  65% ▕███████████       ▏ 3.2 GB/4.9 GB  6.7 MB/s   4m18s[K[?25h[?2026l[?2026h[?25l[A[1Gpulling manifest [K
pulling 667b0c1932bc:  65% ▕███████████       ▏ 3.2 GB/4.9 GB  6.7 MB/s   4m18s[K[?25h[?2026l[?2026h[?25l[A[1Gpulling manifest [K
pulling 667b0c1932bc:  65% ▕███████████       ▏ 3.2 GB/4.9 GB  6.7 MB/s   4m17s[K[?25h[?2026l[?2026h[?25l[A[1Gpulling manifest [K
pulling 667b0c1932bc:  65% ▕███████████       ▏ 3.2 GB/4.9 GB  6.7 MB/s   4m17s[K[?25h[?2026l[?2026h[?25l[A[1Gpulling manifest [K
pulling 667b0c1932bc:  65% ▕███████████       ▏ 3.2 GB/4.9 GB  6.7 MB/s   4m17s[K[?25h[?2026l[?2026h[?25l[A[1Gpulling manifest [K
pulling 667b0c1932bc:  65% ▕███████████       ▏ 3.2 GB/4.9 GB  6.7 MB/s   4m17s[K[?25h[?2026l[?2026h[?25l[A[1Gpulling manifest [K
pulling 667b0c1932bc:  65% ▕███████████       ▏ 3.2 GB/4.9 GB  6.7 MB/s   4m16s[K[?25h[?2026l[?2026h[?25l[A[1Gpulling manifest [K
pulling 667b0c1932bc:  65% ▕███████████       ▏ 3.2 GB/4.9 GB  6.7 MB/s   4m16s[K[?25h[?2026l[?2026h[?25l[A[1Gpulling manifest [K
pulling 667b0c1932bc:  65% ▕███████████       ▏ 3.2 GB/4.9 GB  6.7 MB/s   4m16s[K[?25h[?2026l[?2026h[?25l[A[1Gpulling manifest [K
pulling 667b0c1932bc:  65% ▕███████████       ▏ 3.2 GB/4.9 GB  6.7 MB/s   4m16s[K[?25h[?2026l[?2026h[?25l[A[1Gpulling manifest [K
pulling 667b0c1932bc:  65% ▕███████████       ▏ 3.2 GB/4.9 GB  6.7 MB/s   4m16s[K[?25h[?2026l[?2026h[?25l[A[1Gpulling manifest [K
pulling 667b0c1932bc:  65% ▕███████████       ▏ 3.2 GB/4.9 GB  6.7 MB/s   4m16s[K[?25h[?2026l[?2026h[?25l[A[1Gpulling manifest [K
pulling 667b0c1932bc:  65% ▕███████████       ▏ 3.2 GB/4.9 GB  6.7 MB/s   4m16s[K[?25h[?2026l[?2026h[?25l[A[1Gpulling manifest [K
pulling 667b0c1932bc:  65% ▕███████████       ▏ 3.2 GB/4.9 GB  6.7 MB/s   4m15s[K[?25h[?2026l[?2026h[?25l[A[1Gpulling manifest [K
pulling 667b0c1932bc:  65% ▕███████████       ▏ 3.2 GB/4.9 GB  6.7 MB/s   4m15s[K[?25h[?2026l[?2026h[?25l[A[1Gpulling manifest [K
pulling 667b0c1932bc:  65% ▕███████████       ▏ 3.2 GB/4.9 GB  6.7 MB/s   4m15s[K[?25h[?2026l[?2026h[?25l[A[1Gpulling manifest [K
pulling 667b0c1932bc:  65% ▕███████████       ▏ 3.2 GB/4.9 GB  6.7 MB/s   4m15s[K[?25h[?2026l[?2026h[?25l[A[1Gpulling manifest [K
pulling 667b0c1932bc:  65% ▕███████████       ▏ 3.2 GB/4.9 GB  6.9 MB/s    4m9s[K[?25h[?2026l[?2026h[?25l[A[1Gpulling manifest [K
pulling 667b0c1932bc:  65% ▕███████████       ▏ 3.2 GB/4.9 GB  6.9 MB/s    4m9s[K[?25h[?2026l[?2026h[?25l[A[1Gpulling manifest [K
pulling 667b0c1932bc:  65% ▕███████████       ▏ 3.2 GB/4.9 GB  6.9 MB/s    4m9s[K[?25h[?2026l[?2026h[?25l[A[1Gpulling manifest [K
pulling 667b0c1932bc:  65% ▕███████████       ▏ 3.2 GB/4.9 GB  6.9 MB/s    4m9s[K[?25h[?2026l[?2026h[?25l[A[1Gpulling manifest [K
pulling 667b0c1932bc:  65% ▕███████████       ▏ 3.2 GB/4.9 GB  6.9 MB/s    4m9s[K[?25h[?2026l[?2026h[?25l[A[1Gpulling manifest [K
pulling 667b0c1932bc:  65% ▕███████████       ▏ 3.2 GB/4.9 GB  6.9 MB/s    4m9s[K[?25h[?2026l[?2026h[?25l[A[1Gpulling manifest [K
pulling 667b0c1932bc:  65% ▕███████████       ▏ 3.2 GB/4.9 GB  6.9 MB/s    4m9s[K[?25h[?2026l[?2026h[?25l[A[1Gpulling manifest [K
pulling 667b0c1932bc:  65% ▕███████████       ▏ 3.2 GB/4.9 GB  6.9 MB/s    4m9s[K[?25h[?2026l[?2026h[?25l[A[1Gpulling manifest [K
pulling 667b0c1932bc:  65% ▕███████████       ▏ 3.2 GB/4.9 GB  6.9 MB/s    4m9s[K[?25h[?2026l[?2026h[?25l[A[1Gpulling manifest [K
pulling 667b0c1932bc:  65% ▕███████████       ▏ 3.2 GB/4.9 GB  6.9 MB/s    4m8s[K[?25h[?2026l[?2026h[?25l[A[1Gpulling manifest [K
pulling 667b0c1932bc:  65% ▕███████████       ▏ 3.2 GB/4.9 GB  6.9 MB/s    4m8s[K[?25h[?2026l[?2026h[?25l[A[1Gpulling manifest [K
pulling 667b0c1932bc:  65% ▕███████████       ▏ 3.2 GB/4.9 GB  6.9 MB/s    4m8s[K[?25h[?2026l[?2026h[?25l[A[1Gpulling manifest [K
pulling 667b0c1932bc:  65% ▕███████████       ▏ 3.2 GB/4.9 GB  6.9 MB/s    4m8s[K[?25h[?2026l[?2026h[?25l[A[1Gpulling manifest [K
pulling 667b0c1932bc:  65% ▕███████████       ▏ 3.2 GB/4.9 GB  6.9 MB/s    4m8s[K[?25h[?2026l[?2026h[?25l[A[1Gpulling manifest [K
pulling 667b0c1932bc:  65% ▕███████████       ▏ 3.2 GB/4.9 GB  6.9 MB/s    4m8s[K[?25h[?2026l[?2026h[?25l[A[1Gpulling manifest [K
pulling 667b0c1932bc:  65% ▕███████████       ▏ 3.2 GB/4.9 GB  6.9 MB/s    4m8s[K[?25h[?2026l[?2026h[?25l[A[1Gpulling manifest [K
pulling 667b0c1932bc:  65% ▕███████████       ▏ 3.2 GB/4.9 GB  6.9 MB/s    4m8s[K[?25h[?2026l[?2026h[?25l[A[1Gpulling manifest [K
pulling 667b0c1932bc:  65% ▕███████████       ▏ 3.2 GB/4.9 GB  6.9 MB/s    4m7s[K[?25h[?2026l[?2026h[?25l[A[1Gpulling manifest [K
pulling 667b0c1932bc:  65% ▕███████████       ▏ 3.2 GB/4.9 GB  6.9 MB/s    4m7s[K[?25h[?2026l[?2026h[?25l[A[1Gpulling manifest [K
pulling 667b0c1932bc:  65% ▕███████████       ▏ 3.2 GB/4.9 GB  6.9 MB/s    4m7s[K[?25h[?2026l[?2026h[?25l[A[1Gpulling manifest [K
pulling 667b0c1932bc:  65% ▕███████████       ▏ 3.2 GB/4.9 GB  6.9 MB/s    4m5s[K[?25h[?2026l[?2026h[?25l[A[1Gpulling manifest [K
pulling 667b0c1932bc:  65% ▕███████████       ▏ 3.2 GB/4.9 GB  6.9 MB/s    4m5s[K[?25h[?2026l[?2026h[?25l[A[1Gpulling manifest [K
pulling 667b0c1932bc:  65% ▕███████████       ▏ 3.2 GB/4.9 GB  6.9 MB/s    4m5s[K[?25h[?2026l[?2026h[?25l[A[1Gpulling manifest [K
pulling 667b0c1932bc:  65% ▕███████████       ▏ 3.2 GB/4.9 GB  6.9 MB/s    4m5s[K[?25h[?2026l[?2026h[?25l[A[1Gpulling manifest [K
pulling 667b0c1932bc:  65% ▕███████████       ▏ 3.2 GB/4.9 GB  6.9 MB/s    4m5s[K[?25h[?2026l[?2026h[?25l[A[1Gpulling manifest [K
pulling 667b0c1932bc:  65% ▕███████████       ▏ 3.2 GB/4.9 GB  6.9 MB/s    4m5s[K[?25h[?2026l[?2026h[?25l[A[1Gpulling manifest [K
pulling 667b0c1932bc:  66% ▕███████████       ▏ 3.2 GB/4.9 GB  6.9 MB/s    4m5s[K[?25h[?2026l[?2026h[?25l[A[1Gpulling manifest [K
pulling 667b0c1932bc:  66% ▕███████████       ▏ 3.2 GB/4.9 GB  6.9 MB/s    4m5s[K[?25h[?2026l[?2026h[?25l[A[1Gpulling manifest [K
pulling 667b0c1932bc:  66% ▕███████████       ▏ 3.2 GB/4.9 GB  6.9 MB/s    4m4s[K[?25h[?2026l[?2026h[?25l[A[1Gpulling manifest [K
pulling 667b0c1932bc:  66% ▕███████████       ▏ 3.2 GB/4.9 GB  6.9 MB/s    4m4s[K[?25h[?2026l[?2026h[?25l[A[1Gpulling manifest [K
pulling 667b0c1932bc:  66% ▕███████████       ▏ 3.2 GB/4.9 GB  7.1 MB/s   3m58s[K[?25h[?2026l[?2026h[?25l[A[1Gpulling manifest [K
pulling 667b0c1932bc:  66% ▕███████████       ▏ 3.2 GB/4.9 GB  7.1 MB/s   3m58s[K[?25h[?2026l[?2026h[?25l[A[1Gpulling manifest [K
pulling 667b0c1932bc:  66% ▕███████████       ▏ 3.2 GB/4.9 GB  7.1 MB/s   3m58s[K[?25h[?2026l[?2026h[?25l[A[1Gpulling manifest [K
pulling 667b0c1932bc:  66% ▕███████████       ▏ 3.2 GB/4.9 GB  7.1 MB/s   3m58s[K[?25h[?2026l[?2026h[?25l[A[1Gpulling manifest [K
pulling 667b0c1932bc:  66% ▕███████████       ▏ 3.2 GB/4.9 GB  7.1 MB/s   3m57s[K[?25h[?2026l[?2026h[?25l[A[1Gpulling manifest [K
pulling 667b0c1932bc:  66% ▕███████████       ▏ 3.2 GB/4.9 GB  7.1 MB/s   3m57s[K[?25h[?2026l[?2026h[?25l[A[1Gpulling manifest [K
pulling 667b0c1932bc:  66% ▕███████████       ▏ 3.2 GB/4.9 GB  7.1 MB/s   3m57s[K[?25h[?2026l[?2026h[?25l[A[1Gpulling manifest [K
pulling 667b0c1932bc:  66% ▕███████████       ▏ 3.2 GB/4.9 GB  7.1 MB/s   3m57s[K[?25h[?2026l[?2026h[?25l[A[1Gpulling manifest [K
pulling 667b0c1932bc:  66% ▕███████████       ▏ 3.2 GB/4.9 GB  7.1 MB/s   3m57s[K[?25h[?2026l[?2026h[?25l[A[1Gpulling manifest [K
pulling 667b0c1932bc:  66% ▕███████████       ▏ 3.2 GB/4.9 GB  7.1 MB/s   3m57s[K[?25h[?2026l[?2026h[?25l[A[1Gpulling manifest [K
pulling 667b0c1932bc:  66% ▕███████████       ▏ 3.2 GB/4.9 GB  7.1 MB/s   3m56s[K[?25h[?2026l[?2026h[?25l[A[1Gpulling manifest [K
pulling 667b0c1932bc:  66% ▕███████████       ▏ 3.2 GB/4.9 GB  7.1 MB/s   3m55s[K[?25h[?2026l[?2026h[?25l[A[1Gpulling manifest [K
pulling 667b0c1932bc:  66% ▕███████████       ▏ 3.2 GB/4.9 GB  7.1 MB/s   3m55s[K[?25h[?2026l[?2026h[?25l[A[1Gpulling manifest [K
pulling 667b0c1932bc:  66% ▕███████████       ▏ 3.2 GB/4.9 GB  7.1 MB/s   3m55s[K[?25h[?2026l[?2026h[?25l[A[1Gpulling manifest [K
pulling 667b0c1932bc:  66% ▕███████████       ▏ 3.2 GB/4.9 GB  7.1 MB/s   3m55s[K[?25h[?2026l[?2026h[?25l[A[1Gpulling manifest [K
pulling 667b0c1932bc:  66% ▕███████████       ▏ 3.2 GB/4.9 GB  7.1 MB/s   3m55s[K[?25h[?2026l[?2026h[?25l[A[1Gpulling manifest [K
pulling 667b0c1932bc:  66% ▕███████████       ▏ 3.2 GB/4.9 GB  7.1 MB/s   3m55s[K[?25h[?2026l[?2026h[?25l[A[1Gpulling manifest [K
pulling 667b0c1932bc:  66% ▕███████████       ▏ 3.2 GB/4.9 GB  7.1 MB/s   3m55s[K[?25h[?2026l[?2026h[?25l[A[1Gpulling manifest [K
pulling 667b0c1932bc:  66% ▕███████████       ▏ 3.2 GB/4.9 GB  7.1 MB/s   3m55s[K[?25h[?2026l[?2026h[?25l[A[1Gpulling manifest [K
pulling 667b0c1932bc:  66% ▕███████████       ▏ 3.2 GB/4.9 GB  7.1 MB/s   3m55s[K[?25h[?2026l[?2026h[?25l[A[1Gpulling manifest [K
pulling 667b0c1932bc:  66% ▕███████████       ▏ 3.2 GB/4.9 GB  7.1 MB/s   3m55s[K[?25h[?2026l[?2026h[?25l[A[1Gpulling manifest [K
pulling 667b0c1932bc:  66% ▕███████████       ▏ 3.2 GB/4.9 GB  7.2 MB/s   3m51s[K[?25h[?2026l[?2026h[?25l[A[1Gpulling manifest [K
pulling 667b0c1932bc:  66% ▕███████████       ▏ 3.2 GB/4.9 GB  7.2 MB/s   3m51s[K[?25h[?2026l[?2026h[?25l[A[1Gpulling manifest [K
pulling 667b0c1932bc:  66% ▕███████████       ▏ 3.2 GB/4.9 GB  7.2 MB/s   3m51s[K[?25h[?2026l[?2026h[?25l[A[1Gpulling manifest [K
pulling 667b0c1932bc:  66% ▕███████████       ▏ 3.2 GB/4.9 GB  7.2 MB/s   3m51s[K[?25h[?2026l[?2026h[?25l[A[1Gpulling manifest [K
pulling 667b0c1932bc:  66% ▕███████████       ▏ 3.2 GB/4.9 GB  7.2 MB/s   3m51s[K[?25h[?2026l[?2026h[?25l[A[1Gpulling manifest [K
pulling 667b0c1932bc:  66% ▕███████████       ▏ 3.2 GB/4.9 GB  7.2 MB/s   3m51s[K[?25h[?2026l[?2026h[?25l[A[1Gpulling manifest [K
pulling 667b0c1932bc:  66% ▕███████████       ▏ 3.2 GB/4.9 GB  7.2 MB/s   3m51s[K[?25h[?2026l[?2026h[?25l[A[1Gpulling manifest [K
pulling 667b0c1932bc:  66% ▕███████████       ▏ 3.2 GB/4.9 GB  7.2 MB/s   3m51s[K[?25h[?2026l[?2026h[?25l[A[1Gpulling manifest [K
pulling 667b0c1932bc:  66% ▕███████████       ▏ 3.2 GB/4.9 GB  7.2 MB/s   3m51s[K[?25h[?2026l[?2026h[?25l[A[1Gpulling manifest [K
pulling 667b0c1932bc:  66% ▕███████████       ▏ 3.2 GB/4.9 GB  7.2 MB/s   3m50s[K[?25h[?2026l[?2026h[?25l[A[1Gpulling manifest [K
pulling 667b0c1932bc:  66% ▕███████████       ▏ 3.2 GB/4.9 GB  7.2 MB/s   3m51s[K[?25h[?2026l[?2026h[?25l[A[1Gpulling manifest [K
pulling 667b0c1932bc:  66% ▕███████████       ▏ 3.2 GB/4.9 GB  7.2 MB/s   3m51s[K[?25h[?2026l[?2026h[?25l[A[1Gpulling manifest [K
pulling 667b0c1932bc:  66% ▕███████████       ▏ 3.3 GB/4.9 GB  7.2 MB/s   3m51s[K[?25h[?2026l[?2026h[?25l[A[1Gpulling manifest [K
pulling 667b0c1932bc:  66% ▕███████████       ▏ 3.3 GB/4.9 GB  7.2 MB/s   3m51s[K[?25h[?2026l[?2026h[?25l[A[1Gpulling manifest [K
pulling 667b0c1932bc:  66% ▕███████████       ▏ 3.3 GB/4.9 GB  7.2 MB/s   3m51s[K[?25h[?2026l[?2026h[?25l[A[1Gpulling manifest [K
pulling 667b0c1932bc:  66% ▕███████████       ▏ 3.3 GB/4.9 GB  7.2 MB/s   3m51s[K[?25h[?2026l[?2026h[?25l[A[1Gpulling manifest [K
pulling 667b0c1932bc:  66% ▕███████████       ▏ 3.3 GB/4.9 GB  7.2 MB/s   3m51s[K[?25h[?2026l[?2026h[?25l[A[1Gpulling manifest [K
pulling 667b0c1932bc:  66% ▕███████████       ▏ 3.3 GB/4.9 GB  7.2 MB/s   3m50s[K[?25h[?2026l[?2026h[?25l[A[1Gpulling manifest [K
pulling 667b0c1932bc:  66% ▕███████████       ▏ 3.3 GB/4.9 GB  7.2 MB/s   3m50s[K[?25h[?2026l[?2026h[?25l[A[1Gpulling manifest [K
pulling 667b0c1932bc:  66% ▕███████████       ▏ 3.3 GB/4.9 GB  7.2 MB/s   3m50s[K[?25h[?2026l[?2026h[?25l[A[1Gpulling manifest [K
pulling 667b0c1932bc:  66% ▕███████████       ▏ 3.3 GB/4.9 GB  7.3 MB/s   3m48s[K[?25h[?2026l[?2026h[?25l[A[1Gpulling manifest [K
pulling 667b0c1932bc:  66% ▕███████████       ▏ 3.3 GB/4.9 GB  7.3 MB/s   3m48s[K[?25h[?2026l[?2026h[?25l[A[1Gpulling manifest [K
pulling 667b0c1932bc:  66% ▕███████████       ▏ 3.3 GB/4.9 GB  7.3 MB/s   3m48s[K[?25h[?2026l[?2026h[?25l[A[1Gpulling manifest [K
pulling 667b0c1932bc:  66% ▕███████████       ▏ 3.3 GB/4.9 GB  7.3 MB/s   3m48s[K[?25h[?2026l[?2026h[?25l[A[1Gpulling manifest [K
pulling 667b0c1932bc:  66% ▕███████████       ▏ 3.3 GB/4.9 GB  7.3 MB/s   3m48s[K[?25h[?2026l[?2026h[?25l[A[1Gpulling manifest [K
pulling 667b0c1932bc:  66% ▕███████████       ▏ 3.3 GB/4.9 GB  7.3 MB/s   3m48s[K[?25h[?2026l[?2026h[?25l[A[1Gpulling manifest [K
pulling 667b0c1932bc:  66% ▕███████████       ▏ 3.3 GB/4.9 GB  7.3 MB/s   3m48s[K[?25h[?2026l[?2026h[?25l[A[1Gpulling manifest [K
pulling 667b0c1932bc:  66% ▕███████████       ▏ 3.3 GB/4.9 GB  7.3 MB/s   3m47s[K[?25h[?2026l[?2026h[?25l[A[1Gpulling manifest [K
pulling 667b0c1932bc:  66% ▕███████████       ▏ 3.3 GB/4.9 GB  7.3 MB/s   3m47s[K[?25h[?2026l[?2026h[?25l[A[1Gpulling manifest [K
pulling 667b0c1932bc:  66% ▕███████████       ▏ 3.3 GB/4.9 GB  7.3 MB/s   3m47s[K[?25h[?2026l[?2026h[?25l[A[1Gpulling manifest [K
pulling 667b0c1932bc:  66% ▕███████████       ▏ 3.3 GB/4.9 GB  7.4 MB/s   3m43s[K[?25h[?2026l[?2026h[?25l[A[1Gpulling manifest [K
pulling 667b0c1932bc:  66% ▕███████████       ▏ 3.3 GB/4.9 GB  7.4 MB/s   3m43s[K[?25h[?2026l[?2026h[?25l[A[1Gpulling manifest [K
pulling 667b0c1932bc:  66% ▕███████████       ▏ 3.3 GB/4.9 GB  7.4 MB/s   3m43s[K[?25h[?2026l[?2026h[?25l[A[1Gpulling manifest [K
pulling 667b0c1932bc:  66% ▕███████████       ▏ 3.3 GB/4.9 GB  7.4 MB/s   3m43s[K[?25h[?2026l[?2026h[?25l[A[1Gpulling manifest [K
pulling 667b0c1932bc:  66% ▕███████████       ▏ 3.3 GB/4.9 GB  7.4 MB/s   3m43s[K[?25h[?2026l[?2026h[?25l[A[1Gpulling manifest [K
pulling 667b0c1932bc:  66% ▕███████████       ▏ 3.3 GB/4.9 GB  7.4 MB/s   3m43s[K[?25h[?2026l[?2026h[?25l[A[1Gpulling manifest [K
pulling 667b0c1932bc:  66% ▕███████████       ▏ 3.3 GB/4.9 GB  7.4 MB/s   3m43s[K[?25h[?2026l[?2026h[?25l[A[1Gpulling manifest [K
pulling 667b0c1932bc:  66% ▕███████████       ▏ 3.3 GB/4.9 GB  7.4 MB/s   3m43s[K[?25h[?2026l[?2026h[?25l[A[1Gpulling manifest [K
pulling 667b0c1932bc:  66% ▕███████████       ▏ 3.3 GB/4.9 GB  7.4 MB/s   3m42s[K[?25h[?2026l[?2026h[?25l[A[1Gpulling manifest [K
pulling 667b0c1932bc:  66% ▕███████████       ▏ 3.3 GB/4.9 GB  7.4 MB/s   3m42s[K[?25h[?2026l[?2026h[?25l[A[1Gpulling manifest [K
pulling 667b0c1932bc:  66% ▕███████████       ▏ 3.3 GB/4.9 GB  7.3 MB/s   3m44s[K[?25h[?2026l[?2026h[?25l[A[1Gpulling manifest [K
pulling 667b0c1932bc:  66% ▕███████████       ▏ 3.3 GB/4.9 GB  7.3 MB/s   3m44s[K[?25h[?2026l[?2026h[?25l[A[1Gpulling manifest [K
pulling 667b0c1932bc:  66% ▕███████████       ▏ 3.3 GB/4.9 GB  7.3 MB/s   3m44s[K[?25h[?2026l[?2026h[?25l[A[1Gpulling manifest [K
pulling 667b0c1932bc:  67% ▕███████████       ▏ 3.3 GB/4.9 GB  7.3 MB/s   3m44s[K[?25h[?2026l[?2026h[?25l[A[1Gpulling manifest [K
pulling 667b0c1932bc:  67% ▕███████████       ▏ 3.3 GB/4.9 GB  7.3 MB/s   3m44s[K[?25h[?2026l[?2026h[?25l[A[1Gpulling manifest [K
pulling 667b0c1932bc:  67% ▕███████████       ▏ 3.3 GB/4.9 GB  7.3 MB/s   3m44s[K[?25h[?2026l[?2026h[?25l[A[1Gpulling manifest [K
pulling 667b0c1932bc:  67% ▕███████████       ▏ 3.3 GB/4.9 GB  7.3 MB/s   3m44s[K[?25h[?2026l[?2026h[?25l[A[1Gpulling manifest [K
pulling 667b0c1932bc:  67% ▕███████████       ▏ 3.3 GB/4.9 GB  7.3 MB/s   3m44s[K[?25h[?2026l[?2026h[?25l[A[1Gpulling manifest [K
pulling 667b0c1932bc:  67% ▕███████████       ▏ 3.3 GB/4.9 GB  7.3 MB/s   3m44s[K[?25h[?2026l[?2026h[?25l[A[1Gpulling manifest [K
pulling 667b0c1932bc:  67% ▕███████████       ▏ 3.3 GB/4.9 GB  7.3 MB/s   3m44s[K[?25h[?2026l[?2026h[?25l[A[1Gpulling manifest [K
pulling 667b0c1932bc:  67% ▕███████████       ▏ 3.3 GB/4.9 GB  7.3 MB/s   3m44s[K[?25h[?2026l[?2026h[?25l[A[1Gpulling manifest [K
pulling 667b0c1932bc:  67% ▕███████████       ▏ 3.3 GB/4.9 GB  7.3 MB/s   3m44s[K[?25h[?2026l[?2026h[?25l[A[1Gpulling manifest [K
pulling 667b0c1932bc:  67% ▕███████████       ▏ 3.3 GB/4.9 GB  7.3 MB/s   3m44s[K[?25h[?2026l[?2026h[?25l[A[1Gpulling manifest [K
pulling 667b0c1932bc:  67% ▕███████████       ▏ 3.3 GB/4.9 GB  7.3 MB/s   3m44s[K[?25h[?2026l[?2026h[?25l[A[1Gpulling manifest [K
pulling 667b0c1932bc:  67% ▕███████████       ▏ 3.3 GB/4.9 GB  7.3 MB/s   3m44s[K[?25h[?2026l[?2026h[?25l[A[1Gpulling manifest [K
pulling 667b0c1932bc:  67% ▕███████████       ▏ 3.3 GB/4.9 GB  7.3 MB/s   3m44s[K[?25h[?2026l[?2026h[?25l[A[1Gpulling manifest [K
pulling 667b0c1932bc:  67% ▕████████████      ▏ 3.3 GB/4.9 GB  7.3 MB/s   3m43s[K[?25h[?2026l[?2026h[?25l[A[1Gpulling manifest [K
pulling 667b0c1932bc:  67% ▕████████████      ▏ 3.3 GB/4.9 GB  7.3 MB/s   3m43s[K[?25h[?2026l[?2026h[?25l[A[1Gpulling manifest [K
pulling 667b0c1932bc:  67% ▕████████████      ▏ 3.3 GB/4.9 GB  7.3 MB/s   3m43s[K[?25h[?2026l[?2026h[?25l[A[1Gpulling manifest [K
pulling 667b0c1932bc:  67% ▕████████████      ▏ 3.3 GB/4.9 GB  7.3 MB/s   3m43s[K[?25h[?2026l[?2026h[?25l[A[1Gpulling manifest [K
pulling 667b0c1932bc:  67% ▕████████████      ▏ 3.3 GB/4.9 GB  7.3 MB/s   3m43s[K[?25h[?2026l[?2026h[?25l[A[1Gpulling manifest [K
pulling 667b0c1932bc:  67% ▕████████████      ▏ 3.3 GB/4.9 GB  7.3 MB/s   3m44s[K[?25h[?2026l[?2026h[?25l[A[1Gpulling manifest [K
pulling 667b0c1932bc:  67% ▕████████████      ▏ 3.3 GB/4.9 GB  7.3 MB/s   3m44s[K[?25h[?2026l[?2026h[?25l[A[1Gpulling manifest [K
pulling 667b0c1932bc:  67% ▕████████████      ▏ 3.3 GB/4.9 GB  7.3 MB/s   3m44s[K[?25h[?2026l[?2026h[?25l[A[1Gpulling manifest [K
pulling 667b0c1932bc:  67% ▕████████████      ▏ 3.3 GB/4.9 GB  7.3 MB/s   3m44s[K[?25h[?2026l[?2026h[?25l[A[1Gpulling manifest [K
pulling 667b0c1932bc:  67% ▕████████████      ▏ 3.3 GB/4.9 GB  7.3 MB/s   3m44s[K[?25h[?2026l[?2026h[?25l[A[1Gpulling manifest [K
pulling 667b0c1932bc:  67% ▕████████████      ▏ 3.3 GB/4.9 GB  7.3 MB/s   3m43s[K[?25h[?2026l[?2026h[?25l[A[1Gpulling manifest [K
pulling 667b0c1932bc:  67% ▕████████████      ▏ 3.3 GB/4.9 GB  7.3 MB/s   3m43s[K[?25h[?2026l[?2026h[?25l[A[1Gpulling manifest [K
pulling 667b0c1932bc:  67% ▕████████████      ▏ 3.3 GB/4.9 GB  7.3 MB/s   3m43s[K[?25h[?2026l[?2026h[?25l[A[1Gpulling manifest [K
pulling 667b0c1932bc:  67% ▕████████████      ▏ 3.3 GB/4.9 GB  7.3 MB/s   3m43s[K[?25h[?2026l[?2026h[?25l[A[1Gpulling manifest [K
pulling 667b0c1932bc:  67% ▕████████████      ▏ 3.3 GB/4.9 GB  7.3 MB/s   3m43s[K[?25h[?2026l[?2026h[?25l[A[1Gpulling manifest [K
pulling 667b0c1932bc:  67% ▕████████████      ▏ 3.3 GB/4.9 GB  7.2 MB/s   3m45s[K[?25h[?2026l[?2026h[?25l[A[1Gpulling manifest [K
pulling 667b0c1932bc:  67% ▕████████████      ▏ 3.3 GB/4.9 GB  7.2 MB/s   3m45s[K[?25h[?2026l[?2026h[?25l[A[1Gpulling manifest [K
pulling 667b0c1932bc:  67% ▕████████████      ▏ 3.3 GB/4.9 GB  7.2 MB/s   3m45s[K[?25h[?2026l[?2026h[?25l[A[1Gpulling manifest [K
pulling 667b0c1932bc:  67% ▕████████████      ▏ 3.3 GB/4.9 GB  7.2 MB/s   3m45s[K[?25h[?2026l[?2026h[?25l[A[1Gpulling manifest [K
pulling 667b0c1932bc:  67% ▕████████████      ▏ 3.3 GB/4.9 GB  7.2 MB/s   3m44s[K[?25h[?2026l[?2026h[?25l[A[1Gpulling manifest [K
pulling 667b0c1932bc:  67% ▕████████████      ▏ 3.3 GB/4.9 GB  7.2 MB/s   3m44s[K[?25h[?2026l[?2026h[?25l[A[1Gpulling manifest [K
pulling 667b0c1932bc:  67% ▕████████████      ▏ 3.3 GB/4.9 GB  7.2 MB/s   3m44s[K[?25h[?2026l[?2026h[?25l[A[1Gpulling manifest [K
pulling 667b0c1932bc:  67% ▕████████████      ▏ 3.3 GB/4.9 GB  7.2 MB/s   3m44s[K[?25h[?2026l[?2026h[?25l[A[1Gpulling manifest [K
pulling 667b0c1932bc:  67% ▕████████████      ▏ 3.3 GB/4.9 GB  7.2 MB/s   3m44s[K[?25h[?2026l[?2026h[?25l[A[1Gpulling manifest [K
pulling 667b0c1932bc:  67% ▕████████████      ▏ 3.3 GB/4.9 GB  7.2 MB/s   3m44s[K[?25h[?2026l[?2026h[?25l[A[1Gpulling manifest [K
pulling 667b0c1932bc:  67% ▕████████████      ▏ 3.3 GB/4.9 GB  7.3 MB/s   3m43s[K[?25h[?2026l[?2026h[?25l[A[1Gpulling manifest [K
pulling 667b0c1932bc:  67% ▕████████████      ▏ 3.3 GB/4.9 GB  7.3 MB/s   3m43s[K[?25h[?2026l[?2026h[?25l[A[1Gpulling manifest [K
pulling 667b0c1932bc:  67% ▕████████████      ▏ 3.3 GB/4.9 GB  7.3 MB/s   3m43s[K[?25h[?2026l[?2026h[?25l[A[1Gpulling manifest [K
pulling 667b0c1932bc:  67% ▕████████████      ▏ 3.3 GB/4.9 GB  7.3 MB/s   3m43s[K[?25h[?2026l[?2026h[?25l[A[1Gpulling manifest [K
pulling 667b0c1932bc:  67% ▕████████████      ▏ 3.3 GB/4.9 GB  7.3 MB/s   3m42s[K[?25h[?2026l[?2026h[?25l[A[1Gpulling manifest [K
pulling 667b0c1932bc:  67% ▕████████████      ▏ 3.3 GB/4.9 GB  7.3 MB/s   3m42s[K[?25h[?2026l[?2026h[?25l[A[1Gpulling manifest [K
pulling 667b0c1932bc:  67% ▕████████████      ▏ 3.3 GB/4.9 GB  7.3 MB/s   3m42s[K[?25h[?2026l[?2026h[?25l[A[1Gpulling manifest [K
pulling 667b0c1932bc:  67% ▕████████████      ▏ 3.3 GB/4.9 GB  7.3 MB/s   3m42s[K[?25h[?2026l[?2026h[?25l[A[1Gpulling manifest [K
pulling 667b0c1932bc:  67% ▕████████████      ▏ 3.3 GB/4.9 GB  7.3 MB/s   3m42s[K[?25h[?2026l[?2026h[?25l[A[1Gpulling manifest [K
pulling 667b0c1932bc:  67% ▕████████████      ▏ 3.3 GB/4.9 GB  7.3 MB/s   3m42s[K[?25h[?2026l[?2026h[?25l[A[1Gpulling manifest [K
pulling 667b0c1932bc:  67% ▕████████████      ▏ 3.3 GB/4.9 GB  7.2 MB/s   3m42s[K[?25h[?2026l[?2026h[?25l[A[1Gpulling manifest [K
pulling 667b0c1932bc:  67% ▕████████████      ▏ 3.3 GB/4.9 GB  7.2 MB/s   3m42s[K[?25h[?2026l[?2026h[?25l[A[1Gpulling manifest [K
pulling 667b0c1932bc:  67% ▕████████████      ▏ 3.3 GB/4.9 GB  7.2 MB/s   3m42s[K[?25h[?2026l[?2026h[?25l[A[1Gpulling manifest [K
pulling 667b0c1932bc:  67% ▕████████████      ▏ 3.3 GB/4.9 GB  7.2 MB/s   3m42s[K[?25h[?2026l[?2026h[?25l[A[1Gpulling manifest [K
pulling 667b0c1932bc:  67% ▕████████████      ▏ 3.3 GB/4.9 GB  7.2 MB/s   3m42s[K[?25h[?2026l[?2026h[?25l[A[1Gpulling manifest [K
pulling 667b0c1932bc:  67% ▕████████████      ▏ 3.3 GB/4.9 GB  7.2 MB/s   3m42s[K[?25h[?2026l[?2026h[?25l[A[1Gpulling manifest [K
pulling 667b0c1932bc:  67% ▕████████████      ▏ 3.3 GB/4.9 GB  7.2 MB/s   3m42s[K[?25h[?2026l[?2026h[?25l[A[1Gpulling manifest [K
pulling 667b0c1932bc:  67% ▕████████████      ▏ 3.3 GB/4.9 GB  7.2 MB/s   3m42s[K[?25h[?2026l[?2026h[?25l[A[1Gpulling manifest [K
pulling 667b0c1932bc:  67% ▕████████████      ▏ 3.3 GB/4.9 GB  7.2 MB/s   3m42s[K[?25h[?2026l[?2026h[?25l[A[1Gpulling manifest [K
pulling 667b0c1932bc:  67% ▕████████████      ▏ 3.3 GB/4.9 GB  7.2 MB/s   3m41s[K[?25h[?2026l[?2026h[?25l[A[1Gpulling manifest [K
pulling 667b0c1932bc:  67% ▕████████████      ▏ 3.3 GB/4.9 GB  7.2 MB/s   3m41s[K[?25h[?2026l[?2026h[?25l[A[1Gpulling manifest [K
pulling 667b0c1932bc:  67% ▕████████████      ▏ 3.3 GB/4.9 GB  7.2 MB/s   3m43s[K[?25h[?2026l[?2026h[?25l[A[1Gpulling manifest [K
pulling 667b0c1932bc:  67% ▕████████████      ▏ 3.3 GB/4.9 GB  7.2 MB/s   3m43s[K[?25h[?2026l[?2026h[?25l[A[1Gpulling manifest [K
pulling 667b0c1932bc:  67% ▕████████████      ▏ 3.3 GB/4.9 GB  7.2 MB/s   3m43s[K[?25h[?2026l[?2026h[?25l[A[1Gpulling manifest [K
pulling 667b0c1932bc:  67% ▕████████████      ▏ 3.3 GB/4.9 GB  7.2 MB/s   3m43s[K[?25h[?2026l[?2026h[?25l[A[1Gpulling manifest [K
pulling 667b0c1932bc:  67% ▕████████████      ▏ 3.3 GB/4.9 GB  7.2 MB/s   3m43s[K[?25h[?2026l[?2026h[?25l[A[1Gpulling manifest [K
pulling 667b0c1932bc:  67% ▕████████████      ▏ 3.3 GB/4.9 GB  7.2 MB/s   3m43s[K[?25h[?2026l[?2026h[?25l[A[1Gpulling manifest [K
pulling 667b0c1932bc:  67% ▕████████████      ▏ 3.3 GB/4.9 GB  7.2 MB/s   3m42s[K[?25h[?2026l[?2026h[?25l[A[1Gpulling manifest [K
pulling 667b0c1932bc:  67% ▕████████████      ▏ 3.3 GB/4.9 GB  7.2 MB/s   3m42s[K[?25h[?2026l[?2026h[?25l[A[1Gpulling manifest [K
pulling 667b0c1932bc:  67% ▕████████████      ▏ 3.3 GB/4.9 GB  7.2 MB/s   3m42s[K[?25h[?2026l[?2026h[?25l[A[1Gpulling manifest [K
pulling 667b0c1932bc:  67% ▕████████████      ▏ 3.3 GB/4.9 GB  7.2 MB/s   3m42s[K[?25h[?2026l[?2026h[?25l[A[1Gpulling manifest [K
pulling 667b0c1932bc:  68% ▕████████████      ▏ 3.3 GB/4.9 GB  7.2 MB/s   3m41s[K[?25h[?2026l[?2026h[?25l[A[1Gpulling manifest [K
pulling 667b0c1932bc:  68% ▕████████████      ▏ 3.3 GB/4.9 GB  7.2 MB/s   3m41s[K[?25h[?2026l[?2026h[?25l[A[1Gpulling manifest [K
pulling 667b0c1932bc:  68% ▕████████████      ▏ 3.3 GB/4.9 GB  7.2 MB/s   3m41s[K[?25h[?2026l[?2026h[?25l[A[1Gpulling manifest [K
pulling 667b0c1932bc:  68% ▕████████████      ▏ 3.3 GB/4.9 GB  7.2 MB/s   3m41s[K[?25h[?2026l[?2026h[?25l[A[1Gpulling manifest [K
pulling 667b0c1932bc:  68% ▕████████████      ▏ 3.3 GB/4.9 GB  7.2 MB/s   3m41s[K[?25h[?2026l[?2026h[?25l[A[1Gpulling manifest [K
pulling 667b0c1932bc:  68% ▕████████████      ▏ 3.3 GB/4.9 GB  7.2 MB/s   3m41s[K[?25h[?2026l[?2026h[?25l[A[1Gpulling manifest [K
pulling 667b0c1932bc:  68% ▕████████████      ▏ 3.3 GB/4.9 GB  7.2 MB/s   3m41s[K[?25h[?2026l[?2026h[?25l[A[1Gpulling manifest [K
pulling 667b0c1932bc:  68% ▕████████████      ▏ 3.3 GB/4.9 GB  7.2 MB/s   3m40s[K[?25h[?2026l[?2026h[?25l[A[1Gpulling manifest [K
pulling 667b0c1932bc:  68% ▕████████████      ▏ 3.3 GB/4.9 GB  7.2 MB/s   3m40s[K[?25h[?2026l[?2026h[?25l[A[1Gpulling manifest [K
pulling 667b0c1932bc:  68% ▕████████████      ▏ 3.3 GB/4.9 GB  7.2 MB/s   3m40s[K[?25h[?2026l[?2026h[?25l[A[1Gpulling manifest [K
pulling 667b0c1932bc:  68% ▕████████████      ▏ 3.3 GB/4.9 GB  7.2 MB/s   3m41s[K[?25h[?2026l[?2026h[?25l[A[1Gpulling manifest [K
pulling 667b0c1932bc:  68% ▕████████████      ▏ 3.3 GB/4.9 GB  7.2 MB/s   3m40s[K[?25h[?2026l[?2026h[?25l[A[1Gpulling manifest [K
pulling 667b0c1932bc:  68% ▕████████████      ▏ 3.3 GB/4.9 GB  7.2 MB/s   3m40s[K[?25h[?2026l[?2026h[?25l[A[1Gpulling manifest [K
pulling 667b0c1932bc:  68% ▕████████████      ▏ 3.3 GB/4.9 GB  7.2 MB/s   3m40s[K[?25h[?2026l[?2026h[?25l[A[1Gpulling manifest [K
pulling 667b0c1932bc:  68% ▕████████████      ▏ 3.3 GB/4.9 GB  7.2 MB/s   3m40s[K[?25h[?2026l[?2026h[?25l[A[1Gpulling manifest [K
pulling 667b0c1932bc:  68% ▕████████████      ▏ 3.3 GB/4.9 GB  7.2 MB/s   3m40s[K[?25h[?2026l[?2026h[?25l[A[1Gpulling manifest [K
pulling 667b0c1932bc:  68% ▕████████████      ▏ 3.3 GB/4.9 GB  7.2 MB/s   3m40s[K[?25h[?2026l[?2026h[?25l[A[1Gpulling manifest [K
pulling 667b0c1932bc:  68% ▕████████████      ▏ 3.3 GB/4.9 GB  7.2 MB/s   3m40s[K[?25h[?2026l[?2026h[?25l[A[1Gpulling manifest [K
pulling 667b0c1932bc:  68% ▕████████████      ▏ 3.3 GB/4.9 GB  7.2 MB/s   3m40s[K[?25h[?2026l[?2026h[?25l[A[1Gpulling manifest [K
pulling 667b0c1932bc:  68% ▕████████████      ▏ 3.3 GB/4.9 GB  7.2 MB/s   3m40s[K[?25h[?2026l[?2026h[?25l[A[1Gpulling manifest [K
pulling 667b0c1932bc:  68% ▕████████████      ▏ 3.3 GB/4.9 GB  7.3 MB/s   3m37s[K[?25h[?2026l[?2026h[?25l[A[1Gpulling manifest [K
pulling 667b0c1932bc:  68% ▕████████████      ▏ 3.3 GB/4.9 GB  7.3 MB/s   3m37s[K[?25h[?2026l[?2026h[?25l[A[1Gpulling manifest [K
pulling 667b0c1932bc:  68% ▕████████████      ▏ 3.3 GB/4.9 GB  7.3 MB/s   3m37s[K[?25h[?2026l[?2026h[?25l[A[1Gpulling manifest [K
pulling 667b0c1932bc:  68% ▕████████████      ▏ 3.3 GB/4.9 GB  7.3 MB/s   3m37s[K[?25h[?2026l[?2026h[?25l[A[1Gpulling manifest [K
pulling 667b0c1932bc:  68% ▕████████████      ▏ 3.3 GB/4.9 GB  7.3 MB/s   3m37s[K[?25h[?2026l[?2026h[?25l[A[1Gpulling manifest [K
pulling 667b0c1932bc:  68% ▕████████████      ▏ 3.3 GB/4.9 GB  7.3 MB/s   3m37s[K[?25h[?2026l[?2026h[?25l[A[1Gpulling manifest [K
pulling 667b0c1932bc:  68% ▕████████████      ▏ 3.3 GB/4.9 GB  7.3 MB/s   3m37s[K[?25h[?2026l[?2026h[?25l[A[1Gpulling manifest [K
pulling 667b0c1932bc:  68% ▕████████████      ▏ 3.3 GB/4.9 GB  7.3 MB/s   3m37s[K[?25h[?2026l[?2026h[?25l[A[1Gpulling manifest [K
pulling 667b0c1932bc:  68% ▕████████████      ▏ 3.3 GB/4.9 GB  7.3 MB/s   3m36s[K[?25h[?2026l[?2026h[?25l[A[1Gpulling manifest [K
pulling 667b0c1932bc:  68% ▕████████████      ▏ 3.3 GB/4.9 GB  7.3 MB/s   3m36s[K[?25h[?2026l[?2026h[?25l[A[1Gpulling manifest [K
pulling 667b0c1932bc:  68% ▕████████████      ▏ 3.3 GB/4.9 GB  7.3 MB/s   3m34s[K[?25h[?2026l[?2026h[?25l[A[1Gpulling manifest [K
pulling 667b0c1932bc:  68% ▕████████████      ▏ 3.3 GB/4.9 GB  7.3 MB/s   3m34s[K[?25h[?2026l[?2026h[?25l[A[1Gpulling manifest [K
pulling 667b0c1932bc:  68% ▕████████████      ▏ 3.3 GB/4.9 GB  7.3 MB/s   3m34s[K[?25h[?2026l[?2026h[?25l[A[1Gpulling manifest [K
pulling 667b0c1932bc:  68% ▕████████████      ▏ 3.3 GB/4.9 GB  7.3 MB/s   3m34s[K[?25h[?2026l[?2026h[?25l[A[1Gpulling manifest [K
pulling 667b0c1932bc:  68% ▕████████████      ▏ 3.3 GB/4.9 GB  7.3 MB/s   3m34s[K[?25h[?2026l[?2026h[?25l[A[1Gpulling manifest [K
pulling 667b0c1932bc:  68% ▕████████████      ▏ 3.3 GB/4.9 GB  7.3 MB/s   3m34s[K[?25h[?2026l[?2026h[?25l[A[1Gpulling manifest [K
pulling 667b0c1932bc:  68% ▕████████████      ▏ 3.3 GB/4.9 GB  7.3 MB/s   3m34s[K[?25h[?2026l[?2026h[?25l[A[1Gpulling manifest [K
pulling 667b0c1932bc:  68% ▕████████████      ▏ 3.3 GB/4.9 GB  7.3 MB/s   3m34s[K[?25h[?2026l[?2026h[?25l[A[1Gpulling manifest [K
pulling 667b0c1932bc:  68% ▕████████████      ▏ 3.3 GB/4.9 GB  7.3 MB/s   3m34s[K[?25h[?2026l[?2026h[?25l[A[1Gpulling manifest [K
pulling 667b0c1932bc:  68% ▕████████████      ▏ 3.3 GB/4.9 GB  7.3 MB/s   3m34s[K[?25h[?2026l[?2026h[?25l[A[1Gpulling manifest [K
pulling 667b0c1932bc:  68% ▕████████████      ▏ 3.3 GB/4.9 GB  7.3 MB/s   3m34s[K[?25h[?2026l[?2026h[?25l[A[1Gpulling manifest [K
pulling 667b0c1932bc:  68% ▕████████████      ▏ 3.4 GB/4.9 GB  7.3 MB/s   3m35s[K[?25h[?2026l[?2026h[?25l[A[1Gpulling manifest [K
pulling 667b0c1932bc:  68% ▕████████████      ▏ 3.4 GB/4.9 GB  7.3 MB/s   3m35s[K[?25h[?2026l[?2026h[?25l[A[1Gpulling manifest [K
pulling 667b0c1932bc:  68% ▕████████████      ▏ 3.4 GB/4.9 GB  7.3 MB/s   3m35s[K[?25h[?2026l[?2026h[?25l[A[1Gpulling manifest [K
pulling 667b0c1932bc:  68% ▕████████████      ▏ 3.4 GB/4.9 GB  7.3 MB/s   3m35s[K[?25h[?2026l[?2026h[?25l[A[1Gpulling manifest [K
pulling 667b0c1932bc:  68% ▕████████████      ▏ 3.4 GB/4.9 GB  7.3 MB/s   3m35s[K[?25h[?2026l[?2026h[?25l[A[1Gpulling manifest [K
pulling 667b0c1932bc:  68% ▕████████████      ▏ 3.4 GB/4.9 GB  7.3 MB/s   3m35s[K[?25h[?2026l[?2026h[?25l[A[1Gpulling manifest [K
pulling 667b0c1932bc:  68% ▕████████████      ▏ 3.4 GB/4.9 GB  7.3 MB/s   3m35s[K[?25h[?2026l[?2026h[?25l[A[1Gpulling manifest [K
pulling 667b0c1932bc:  68% ▕████████████      ▏ 3.4 GB/4.9 GB  7.3 MB/s   3m35s[K[?25h[?2026l[?2026h[?25l[A[1Gpulling manifest [K
pulling 667b0c1932bc:  68% ▕████████████      ▏ 3.4 GB/4.9 GB  7.3 MB/s   3m35s[K[?25h[?2026l[?2026h[?25l[A[1Gpulling manifest [K
pulling 667b0c1932bc:  68% ▕████████████      ▏ 3.4 GB/4.9 GB  7.3 MB/s   3m34s[K[?25h[?2026l[?2026h[?25l[A[1Gpulling manifest [K
pulling 667b0c1932bc:  68% ▕████████████      ▏ 3.4 GB/4.9 GB  7.4 MB/s   3m32s[K[?25h[?2026l[?2026h[?25l[A[1Gpulling manifest [K
pulling 667b0c1932bc:  68% ▕████████████      ▏ 3.4 GB/4.9 GB  7.4 MB/s   3m32s[K[?25h[?2026l[?2026h[?25l[A[1Gpulling manifest [K
pulling 667b0c1932bc:  68% ▕████████████      ▏ 3.4 GB/4.9 GB  7.4 MB/s   3m31s[K[?25h[?2026l[?2026h[?25l[A[1Gpulling manifest [K
pulling 667b0c1932bc:  68% ▕████████████      ▏ 3.4 GB/4.9 GB  7.4 MB/s   3m31s[K[?25h[?2026l[?2026h[?25l[A[1Gpulling manifest [K
pulling 667b0c1932bc:  68% ▕████████████      ▏ 3.4 GB/4.9 GB  7.4 MB/s   3m31s[K[?25h[?2026l[?2026h[?25l[A[1Gpulling manifest [K
pulling 667b0c1932bc:  68% ▕████████████      ▏ 3.4 GB/4.9 GB  7.4 MB/s   3m31s[K[?25h[?2026l[?2026h[?25l[A[1Gpulling manifest [K
pulling 667b0c1932bc:  68% ▕████████████      ▏ 3.4 GB/4.9 GB  7.4 MB/s   3m31s[K[?25h[?2026l[?2026h[?25l[A[1Gpulling manifest [K
pulling 667b0c1932bc:  68% ▕████████████      ▏ 3.4 GB/4.9 GB  7.4 MB/s   3m31s[K[?25h[?2026l[?2026h[?25l[A[1Gpulling manifest [K
pulling 667b0c1932bc:  68% ▕████████████      ▏ 3.4 GB/4.9 GB  7.4 MB/s   3m31s[K[?25h[?2026l[?2026h[?25l[A[1Gpulling manifest [K
pulling 667b0c1932bc:  68% ▕████████████      ▏ 3.4 GB/4.9 GB  7.4 MB/s   3m31s[K[?25h[?2026l[?2026h[?25l[A[1Gpulling manifest [K
pulling 667b0c1932bc:  68% ▕████████████      ▏ 3.4 GB/4.9 GB  7.3 MB/s   3m32s[K[?25h[?2026l[?2026h[?25l[A[1Gpulling manifest [K
pulling 667b0c1932bc:  68% ▕████████████      ▏ 3.4 GB/4.9 GB  7.3 MB/s   3m32s[K[?25h[?2026l[?2026h[?25l[A[1Gpulling manifest [K
pulling 667b0c1932bc:  68% ▕████████████      ▏ 3.4 GB/4.9 GB  7.3 MB/s   3m32s[K[?25h[?2026l[?2026h[?25l[A[1Gpulling manifest [K
pulling 667b0c1932bc:  68% ▕████████████      ▏ 3.4 GB/4.9 GB  7.3 MB/s   3m32s[K[?25h[?2026l[?2026h[?25l[A[1Gpulling manifest [K
pulling 667b0c1932bc:  68% ▕████████████      ▏ 3.4 GB/4.9 GB  7.3 MB/s   3m32s[K[?25h[?2026l[?2026h[?25l[A[1Gpulling manifest [K
pulling 667b0c1932bc:  68% ▕████████████      ▏ 3.4 GB/4.9 GB  7.3 MB/s   3m32s[K[?25h[?2026l[?2026h[?25l[A[1Gpulling manifest [K
pulling 667b0c1932bc:  68% ▕████████████      ▏ 3.4 GB/4.9 GB  7.3 MB/s   3m32s[K[?25h[?2026l[?2026h[?25l[A[1Gpulling manifest [K
pulling 667b0c1932bc:  68% ▕████████████      ▏ 3.4 GB/4.9 GB  7.3 MB/s   3m32s[K[?25h[?2026l[?2026h[?25l[A[1Gpulling manifest [K
pulling 667b0c1932bc:  69% ▕████████████      ▏ 3.4 GB/4.9 GB  7.3 MB/s   3m31s[K[?25h[?2026l[?2026h[?25l[A[1Gpulling manifest [K
pulling 667b0c1932bc:  69% ▕████████████      ▏ 3.4 GB/4.9 GB  7.3 MB/s   3m31s[K[?25h[?2026l[?2026h[?25l[A[1Gpulling manifest [K
pulling 667b0c1932bc:  69% ▕████████████      ▏ 3.4 GB/4.9 GB  7.3 MB/s   3m31s[K[?25h[?2026l[?2026h[?25l[A[1Gpulling manifest [K
pulling 667b0c1932bc:  69% ▕████████████      ▏ 3.4 GB/4.9 GB  7.3 MB/s   3m31s[K[?25h[?2026l[?2026h[?25l[A[1Gpulling manifest [K
pulling 667b0c1932bc:  69% ▕████████████      ▏ 3.4 GB/4.9 GB  7.3 MB/s   3m31s[K[?25h[?2026l[?2026h[?25l[A[1Gpulling manifest [K
pulling 667b0c1932bc:  69% ▕████████████      ▏ 3.4 GB/4.9 GB  7.3 MB/s   3m31s[K[?25h[?2026l[?2026h[?25l[A[1Gpulling manifest [K
pulling 667b0c1932bc:  69% ▕████████████      ▏ 3.4 GB/4.9 GB  7.3 MB/s   3m31s[K[?25h[?2026l[?2026h[?25l[A[1Gpulling manifest [K
pulling 667b0c1932bc:  69% ▕████████████      ▏ 3.4 GB/4.9 GB  7.3 MB/s   3m31s[K[?25h[?2026l[?2026h[?25l[A[1Gpulling manifest [K
pulling 667b0c1932bc:  69% ▕████████████      ▏ 3.4 GB/4.9 GB  7.3 MB/s   3m30s[K[?25h[?2026l[?2026h[?25l[A[1Gpulling manifest [K
pulling 667b0c1932bc:  69% ▕████████████      ▏ 3.4 GB/4.9 GB  7.3 MB/s   3m30s[K[?25h[?2026l[?2026h[?25l[A[1Gpulling manifest [K
pulling 667b0c1932bc:  69% ▕████████████      ▏ 3.4 GB/4.9 GB  7.3 MB/s   3m30s[K[?25h[?2026l[?2026h[?25l[A[1Gpulling manifest [K
pulling 667b0c1932bc:  69% ▕████████████      ▏ 3.4 GB/4.9 GB  7.3 MB/s   3m30s[K[?25h[?2026l[?2026h[?25l[A[1Gpulling manifest [K
pulling 667b0c1932bc:  69% ▕████████████      ▏ 3.4 GB/4.9 GB  7.3 MB/s   3m29s[K[?25h[?2026l[?2026h[?25l[A[1Gpulling manifest [K
pulling 667b0c1932bc:  69% ▕████████████      ▏ 3.4 GB/4.9 GB  7.3 MB/s   3m29s[K[?25h[?2026l[?2026h[?25l[A[1Gpulling manifest [K
pulling 667b0c1932bc:  69% ▕████████████      ▏ 3.4 GB/4.9 GB  7.3 MB/s   3m29s[K[?25h[?2026l[?2026h[?25l[A[1Gpulling manifest [K
pulling 667b0c1932bc:  69% ▕████████████      ▏ 3.4 GB/4.9 GB  7.3 MB/s   3m29s[K[?25h[?2026l[?2026h[?25l[A[1Gpulling manifest [K
pulling 667b0c1932bc:  69% ▕████████████      ▏ 3.4 GB/4.9 GB  7.3 MB/s   3m29s[K[?25h[?2026l[?2026h[?25l[A[1Gpulling manifest [K
pulling 667b0c1932bc:  69% ▕████████████      ▏ 3.4 GB/4.9 GB  7.3 MB/s   3m29s[K[?25h[?2026l[?2026h[?25l[A[1Gpulling manifest [K
pulling 667b0c1932bc:  69% ▕████████████      ▏ 3.4 GB/4.9 GB  7.3 MB/s   3m29s[K[?25h[?2026l[?2026h[?25l[A[1Gpulling manifest [K
pulling 667b0c1932bc:  69% ▕████████████      ▏ 3.4 GB/4.9 GB  7.3 MB/s   3m29s[K[?25h[?2026l[?2026h[?25l[A[1Gpulling manifest [K
pulling 667b0c1932bc:  69% ▕████████████      ▏ 3.4 GB/4.9 GB  7.3 MB/s   3m29s[K[?25h[?2026l[?2026h[?25l[A[1Gpulling manifest [K
pulling 667b0c1932bc:  69% ▕████████████      ▏ 3.4 GB/4.9 GB  7.3 MB/s   3m29s[K[?25h[?2026l[?2026h[?25l[A[1Gpulling manifest [K
pulling 667b0c1932bc:  69% ▕████████████      ▏ 3.4 GB/4.9 GB  7.3 MB/s   3m28s[K[?25h[?2026l[?2026h[?25l[A[1Gpulling manifest [K
pulling 667b0c1932bc:  69% ▕████████████      ▏ 3.4 GB/4.9 GB  7.2 MB/s   3m31s[K[?25h[?2026l[?2026h[?25l[A[1Gpulling manifest [K
pulling 667b0c1932bc:  69% ▕████████████      ▏ 3.4 GB/4.9 GB  7.2 MB/s   3m31s[K[?25h[?2026l[?2026h[?25l[A[1Gpulling manifest [K
pulling 667b0c1932bc:  69% ▕████████████      ▏ 3.4 GB/4.9 GB  7.2 MB/s   3m31s[K[?25h[?2026l[?2026h[?25l[A[1Gpulling manifest [K
pulling 667b0c1932bc:  69% ▕████████████      ▏ 3.4 GB/4.9 GB  7.2 MB/s   3m31s[K[?25h[?2026l[?2026h[?25l[A[1Gpulling manifest [K
pulling 667b0c1932bc:  69% ▕████████████      ▏ 3.4 GB/4.9 GB  7.2 MB/s   3m31s[K[?25h[?2026l[?2026h[?25l[A[1Gpulling manifest [K
pulling 667b0c1932bc:  69% ▕████████████      ▏ 3.4 GB/4.9 GB  7.2 MB/s   3m31s[K[?25h[?2026l[?2026h[?25l[A[1Gpulling manifest [K
pulling 667b0c1932bc:  69% ▕████████████      ▏ 3.4 GB/4.9 GB  7.2 MB/s   3m31s[K[?25h[?2026l[?2026h[?25l[A[1Gpulling manifest [K
pulling 667b0c1932bc:  69% ▕████████████      ▏ 3.4 GB/4.9 GB  7.2 MB/s   3m30s[K[?25h[?2026l[?2026h[?25l[A[1Gpulling manifest [K
pulling 667b0c1932bc:  69% ▕████████████      ▏ 3.4 GB/4.9 GB  7.2 MB/s   3m30s[K[?25h[?2026l[?2026h[?25l[A[1Gpulling manifest [K
pulling 667b0c1932bc:  69% ▕████████████      ▏ 3.4 GB/4.9 GB  7.2 MB/s   3m30s[K[?25h[?2026l[?2026h[?25l[A[1Gpulling manifest [K
pulling 667b0c1932bc:  69% ▕████████████      ▏ 3.4 GB/4.9 GB  7.2 MB/s   3m30s[K[?25h[?2026l[?2026h[?25l[A[1Gpulling manifest [K
pulling 667b0c1932bc:  69% ▕████████████      ▏ 3.4 GB/4.9 GB  7.2 MB/s   3m30s[K[?25h[?2026l[?2026h[?25l[A[1Gpulling manifest [K
pulling 667b0c1932bc:  69% ▕████████████      ▏ 3.4 GB/4.9 GB  7.2 MB/s   3m30s[K[?25h[?2026l[?2026h[?25l[A[1Gpulling manifest [K
pulling 667b0c1932bc:  69% ▕████████████      ▏ 3.4 GB/4.9 GB  7.2 MB/s   3m30s[K[?25h[?2026l[?2026h[?25l[A[1Gpulling manifest [K
pulling 667b0c1932bc:  69% ▕████████████      ▏ 3.4 GB/4.9 GB  7.2 MB/s   3m30s[K[?25h[?2026l[?2026h[?25l[A[1Gpulling manifest [K
pulling 667b0c1932bc:  69% ▕████████████      ▏ 3.4 GB/4.9 GB  7.2 MB/s   3m30s[K[?25h[?2026l[?2026h[?25l[A[1Gpulling manifest [K
pulling 667b0c1932bc:  69% ▕████████████      ▏ 3.4 GB/4.9 GB  7.2 MB/s   3m30s[K[?25h[?2026l[?2026h[?25l[A[1Gpulling manifest [K
pulling 667b0c1932bc:  69% ▕████████████      ▏ 3.4 GB/4.9 GB  7.2 MB/s   3m30s[K[?25h[?2026l[?2026h[?25l[A[1Gpulling manifest [K
pulling 667b0c1932bc:  69% ▕████████████      ▏ 3.4 GB/4.9 GB  7.2 MB/s   3m30s[K[?25h[?2026l[?2026h[?25l[A[1Gpulling manifest [K
pulling 667b0c1932bc:  69% ▕████████████      ▏ 3.4 GB/4.9 GB  7.2 MB/s   3m30s[K[?25h[?2026l[?2026h[?25l[A[1Gpulling manifest [K
pulling 667b0c1932bc:  69% ▕████████████      ▏ 3.4 GB/4.9 GB  7.1 MB/s   3m33s[K[?25h[?2026l[?2026h[?25l[A[1Gpulling manifest [K
pulling 667b0c1932bc:  69% ▕████████████      ▏ 3.4 GB/4.9 GB  7.1 MB/s   3m33s[K[?25h[?2026l[?2026h[?25l[A[1Gpulling manifest [K
pulling 667b0c1932bc:  69% ▕████████████      ▏ 3.4 GB/4.9 GB  7.1 MB/s   3m33s[K[?25h[?2026l[?2026h[?25l[A[1Gpulling manifest [K
pulling 667b0c1932bc:  69% ▕████████████      ▏ 3.4 GB/4.9 GB  7.1 MB/s   3m33s[K[?25h[?2026l[?2026h[?25l[A[1Gpulling manifest [K
pulling 667b0c1932bc:  69% ▕████████████      ▏ 3.4 GB/4.9 GB  7.1 MB/s   3m32s[K[?25h[?2026l[?2026h[?25l[A[1Gpulling manifest [K
pulling 667b0c1932bc:  69% ▕████████████      ▏ 3.4 GB/4.9 GB  7.1 MB/s   3m32s[K[?25h[?2026l[?2026h[?25l[A[1Gpulling manifest [K
pulling 667b0c1932bc:  69% ▕████████████      ▏ 3.4 GB/4.9 GB  7.1 MB/s   3m32s[K[?25h[?2026l[?2026h[?25l[A[1Gpulling manifest [K
pulling 667b0c1932bc:  69% ▕████████████      ▏ 3.4 GB/4.9 GB  7.1 MB/s   3m32s[K[?25h[?2026l[?2026h[?25l[A[1Gpulling manifest [K
pulling 667b0c1932bc:  69% ▕████████████      ▏ 3.4 GB/4.9 GB  7.1 MB/s   3m32s[K[?25h[?2026l[?2026h[?25l[A[1Gpulling manifest [K
pulling 667b0c1932bc:  69% ▕████████████      ▏ 3.4 GB/4.9 GB  7.1 MB/s   3m32s[K[?25h[?2026l[?2026h[?25l[A[1Gpulling manifest [K
pulling 667b0c1932bc:  69% ▕████████████      ▏ 3.4 GB/4.9 GB  7.0 MB/s   3m35s[K[?25h[?2026l[?2026h[?25l[A[1Gpulling manifest [K
pulling 667b0c1932bc:  69% ▕████████████      ▏ 3.4 GB/4.9 GB  7.0 MB/s   3m35s[K[?25h[?2026l[?2026h[?25l[A[1Gpulling manifest [K
pulling 667b0c1932bc:  69% ▕████████████      ▏ 3.4 GB/4.9 GB  7.0 MB/s   3m35s[K[?25h[?2026l[?2026h[?25l[A[1Gpulling manifest [K
pulling 667b0c1932bc:  69% ▕████████████      ▏ 3.4 GB/4.9 GB  7.0 MB/s   3m35s[K[?25h[?2026l[?2026h[?25l[A[1Gpulling manifest [K
pulling 667b0c1932bc:  69% ▕████████████      ▏ 3.4 GB/4.9 GB  7.0 MB/s   3m34s[K[?25h[?2026l[?2026h[?25l[A[1Gpulling manifest [K
pulling 667b0c1932bc:  69% ▕████████████      ▏ 3.4 GB/4.9 GB  7.0 MB/s   3m34s[K[?25h[?2026l[?2026h[?25l[A[1Gpulling manifest [K
pulling 667b0c1932bc:  69% ▕████████████      ▏ 3.4 GB/4.9 GB  7.0 MB/s   3m34s[K[?25h[?2026l[?2026h[?25l[A[1Gpulling manifest [K
pulling 667b0c1932bc:  69% ▕████████████      ▏ 3.4 GB/4.9 GB  7.0 MB/s   3m34s[K[?25h[?2026l[?2026h[?25l[A[1Gpulling manifest [K
pulling 667b0c1932bc:  69% ▕████████████      ▏ 3.4 GB/4.9 GB  7.0 MB/s   3m34s[K[?25h[?2026l[?2026h[?25l[A[1Gpulling manifest [K
pulling 667b0c1932bc:  69% ▕████████████      ▏ 3.4 GB/4.9 GB  7.0 MB/s   3m34s[K[?25h[?2026l[?2026h[?25l[A[1Gpulling manifest [K
pulling 667b0c1932bc:  69% ▕████████████      ▏ 3.4 GB/4.9 GB  7.0 MB/s   3m35s[K[?25h[?2026l[?2026h[?25l[A[1Gpulling manifest [K
pulling 667b0c1932bc:  69% ▕████████████      ▏ 3.4 GB/4.9 GB  7.0 MB/s   3m35s[K[?25h[?2026l[?2026h[?25l[A[1Gpulling manifest [K
pulling 667b0c1932bc:  69% ▕████████████      ▏ 3.4 GB/4.9 GB  7.0 MB/s   3m35s[K[?25h[?2026l[?2026h[?25l[A[1Gpulling manifest [K
pulling 667b0c1932bc:  69% ▕████████████      ▏ 3.4 GB/4.9 GB  7.0 MB/s   3m35s[K[?25h[?2026l[?2026h[?25l[A[1Gpulling manifest [K
pulling 667b0c1932bc:  69% ▕████████████      ▏ 3.4 GB/4.9 GB  7.0 MB/s   3m35s[K[?25h[?2026l[?2026h[?25l[A[1Gpulling manifest [K
pulling 667b0c1932bc:  69% ▕████████████      ▏ 3.4 GB/4.9 GB  7.0 MB/s   3m35s[K[?25h[?2026l[?2026h[?25l[A[1Gpulling manifest [K
pulling 667b0c1932bc:  69% ▕████████████      ▏ 3.4 GB/4.9 GB  7.0 MB/s   3m34s[K[?25h[?2026l[?2026h[?25l[A[1Gpulling manifest [K
pulling 667b0c1932bc:  69% ▕████████████      ▏ 3.4 GB/4.9 GB  7.0 MB/s   3m34s[K[?25h[?2026l[?2026h[?25l[A[1Gpulling manifest [K
pulling 667b0c1932bc:  69% ▕████████████      ▏ 3.4 GB/4.9 GB  7.0 MB/s   3m34s[K[?25h[?2026l[?2026h[?25l[A[1Gpulling manifest [K
pulling 667b0c1932bc:  69% ▕████████████      ▏ 3.4 GB/4.9 GB  7.0 MB/s   3m34s[K[?25h[?2026l[?2026h[?25l[A[1Gpulling manifest [K
pulling 667b0c1932bc:  69% ▕████████████      ▏ 3.4 GB/4.9 GB  7.0 MB/s   3m34s[K[?25h[?2026l[?2026h[?25l[A[1Gpulling manifest [K
pulling 667b0c1932bc:  69% ▕████████████      ▏ 3.4 GB/4.9 GB  6.8 MB/s   3m41s[K[?25h[?2026l[?2026h[?25l[A[1Gpulling manifest [K
pulling 667b0c1932bc:  70% ▕████████████      ▏ 3.4 GB/4.9 GB  6.8 MB/s   3m41s[K[?25h[?2026l[?2026h[?25l[A[1Gpulling manifest [K
pulling 667b0c1932bc:  70% ▕████████████      ▏ 3.4 GB/4.9 GB  6.8 MB/s   3m41s[K[?25h[?2026l[?2026h[?25l[A[1Gpulling manifest [K
pulling 667b0c1932bc:  70% ▕████████████      ▏ 3.4 GB/4.9 GB  6.8 MB/s   3m41s[K[?25h[?2026l[?2026h[?25l[A[1Gpulling manifest [K
pulling 667b0c1932bc:  70% ▕████████████      ▏ 3.4 GB/4.9 GB  6.8 MB/s   3m40s[K[?25h[?2026l[?2026h[?25l[A[1Gpulling manifest [K
pulling 667b0c1932bc:  70% ▕████████████      ▏ 3.4 GB/4.9 GB  6.8 MB/s   3m40s[K[?25h[?2026l[?2026h[?25l[A[1Gpulling manifest [K
pulling 667b0c1932bc:  70% ▕████████████      ▏ 3.4 GB/4.9 GB  6.8 MB/s   3m40s[K[?25h[?2026l[?2026h[?25l[A[1Gpulling manifest [K
pulling 667b0c1932bc:  70% ▕████████████      ▏ 3.4 GB/4.9 GB  6.8 MB/s   3m40s[K[?25h[?2026l[?2026h[?25l[A[1Gpulling manifest [K
pulling 667b0c1932bc:  70% ▕████████████      ▏ 3.4 GB/4.9 GB  6.8 MB/s   3m40s[K[?25h[?2026l[?2026h[?25l[A[1Gpulling manifest [K
pulling 667b0c1932bc:  70% ▕████████████      ▏ 3.4 GB/4.9 GB  6.8 MB/s   3m40s[K[?25h[?2026l[?2026h[?25l[A[1Gpulling manifest [K
pulling 667b0c1932bc:  70% ▕████████████      ▏ 3.4 GB/4.9 GB  6.7 MB/s   3m41s[K[?25h[?2026l[?2026h[?25l[A[1Gpulling manifest [K
pulling 667b0c1932bc:  70% ▕████████████      ▏ 3.4 GB/4.9 GB  6.7 MB/s   3m41s[K[?25h[?2026l[?2026h[?25l[A[1Gpulling manifest [K
pulling 667b0c1932bc:  70% ▕████████████      ▏ 3.4 GB/4.9 GB  6.7 MB/s   3m41s[K[?25h[?2026l[?2026h[?25l[A[1Gpulling manifest [K
pulling 667b0c1932bc:  70% ▕████████████      ▏ 3.4 GB/4.9 GB  6.7 MB/s   3m41s[K[?25h[?2026l[?2026h[?25l[A[1Gpulling manifest [K
pulling 667b0c1932bc:  70% ▕████████████      ▏ 3.4 GB/4.9 GB  6.7 MB/s   3m41s[K[?25h[?2026l[?2026h[?25l[A[1Gpulling manifest [K
pulling 667b0c1932bc:  70% ▕████████████      ▏ 3.4 GB/4.9 GB  6.7 MB/s   3m41s[K[?25h[?2026l[?2026h[?25l[A[1Gpulling manifest [K
pulling 667b0c1932bc:  70% ▕████████████      ▏ 3.4 GB/4.9 GB  6.7 MB/s   3m41s[K[?25h[?2026l[?2026h[?25l[A[1Gpulling manifest [K
pulling 667b0c1932bc:  70% ▕████████████      ▏ 3.4 GB/4.9 GB  6.7 MB/s   3m41s[K[?25h[?2026l[?2026h[?25l[A[1Gpulling manifest [K
pulling 667b0c1932bc:  70% ▕████████████      ▏ 3.4 GB/4.9 GB  6.7 MB/s   3m41s[K[?25h[?2026l[?2026h[?25l[A[1Gpulling manifest [K
pulling 667b0c1932bc:  70% ▕████████████      ▏ 3.4 GB/4.9 GB  6.7 MB/s   3m41s[K[?25h[?2026l[?2026h[?25l[A[1Gpulling manifest [K
pulling 667b0c1932bc:  70% ▕████████████      ▏ 3.4 GB/4.9 GB  6.6 MB/s   3m46s[K[?25h[?2026l[?2026h[?25l[A[1Gpulling manifest [K
pulling 667b0c1932bc:  70% ▕████████████      ▏ 3.4 GB/4.9 GB  6.6 MB/s   3m46s[K[?25h[?2026l[?2026h[?25l[A[1Gpulling manifest [K
pulling 667b0c1932bc:  70% ▕████████████      ▏ 3.4 GB/4.9 GB  6.6 MB/s   3m46s[K[?25h[?2026l[?2026h[?25l[A[1Gpulling manifest [K
pulling 667b0c1932bc:  70% ▕████████████      ▏ 3.4 GB/4.9 GB  6.6 MB/s   3m46s[K[?25h[?2026l[?2026h[?25l[A[1Gpulling manifest [K
pulling 667b0c1932bc:  70% ▕████████████      ▏ 3.4 GB/4.9 GB  6.6 MB/s   3m45s[K[?25h[?2026l[?2026h[?25l[A[1Gpulling manifest [K
pulling 667b0c1932bc:  70% ▕████████████      ▏ 3.4 GB/4.9 GB  6.6 MB/s   3m45s[K[?25h[?2026l[?2026h[?25l[A[1Gpulling manifest [K
pulling 667b0c1932bc:  70% ▕████████████      ▏ 3.4 GB/4.9 GB  6.6 MB/s   3m45s[K[?25h[?2026l[?2026h[?25l[A[1Gpulling manifest [K
pulling 667b0c1932bc:  70% ▕████████████      ▏ 3.4 GB/4.9 GB  6.6 MB/s   3m45s[K[?25h[?2026l[?2026h[?25l[A[1Gpulling manifest [K
pulling 667b0c1932bc:  70% ▕████████████      ▏ 3.4 GB/4.9 GB  6.6 MB/s   3m45s[K[?25h[?2026l[?2026h[?25l[A[1Gpulling manifest [K
pulling 667b0c1932bc:  70% ▕████████████      ▏ 3.4 GB/4.9 GB  6.6 MB/s   3m45s[K[?25h[?2026l[?2026h[?25l[A[1Gpulling manifest [K
pulling 667b0c1932bc:  70% ▕████████████      ▏ 3.4 GB/4.9 GB  6.5 MB/s   3m49s[K[?25h[?2026l[?2026h[?25l[A[1Gpulling manifest [K
pulling 667b0c1932bc:  70% ▕████████████      ▏ 3.4 GB/4.9 GB  6.5 MB/s   3m49s[K[?25h[?2026l[?2026h[?25l[A[1Gpulling manifest [K
pulling 667b0c1932bc:  70% ▕████████████      ▏ 3.4 GB/4.9 GB  6.5 MB/s   3m49s[K[?25h[?2026l[?2026h[?25l[A[1Gpulling manifest [K
pulling 667b0c1932bc:  70% ▕████████████      ▏ 3.4 GB/4.9 GB  6.5 MB/s   3m49s[K[?25h[?2026l[?2026h[?25l[A[1Gpulling manifest [K
pulling 667b0c1932bc:  70% ▕████████████      ▏ 3.4 GB/4.9 GB  6.5 MB/s   3m49s[K[?25h[?2026l[?2026h[?25l[A[1Gpulling manifest [K
pulling 667b0c1932bc:  70% ▕████████████      ▏ 3.4 GB/4.9 GB  6.5 MB/s   3m49s[K[?25h[?2026l[?2026h[?25l[A[1Gpulling manifest [K
pulling 667b0c1932bc:  70% ▕████████████      ▏ 3.4 GB/4.9 GB  6.5 MB/s   3m49s[K[?25h[?2026l[?2026h[?25l[A[1Gpulling manifest [K
pulling 667b0c1932bc:  70% ▕████████████      ▏ 3.4 GB/4.9 GB  6.5 MB/s   3m49s[K[?25h[?2026l[?2026h[?25l[A[1Gpulling manifest [K
pulling 667b0c1932bc:  70% ▕████████████      ▏ 3.4 GB/4.9 GB  6.5 MB/s   3m49s[K[?25h[?2026l[?2026h[?25l[A[1Gpulling manifest [K
pulling 667b0c1932bc:  70% ▕████████████      ▏ 3.4 GB/4.9 GB  6.5 MB/s   3m49s[K[?25h[?2026l[?2026h[?25l[A[1Gpulling manifest [K
pulling 667b0c1932bc:  70% ▕████████████      ▏ 3.4 GB/4.9 GB  6.3 MB/s   3m53s[K[?25h[?2026l[?2026h[?25l[A[1Gpulling manifest [K
pulling 667b0c1932bc:  70% ▕████████████      ▏ 3.4 GB/4.9 GB  6.3 MB/s   3m53s[K[?25h[?2026l[?2026h[?25l[A[1Gpulling manifest [K
pulling 667b0c1932bc:  70% ▕████████████      ▏ 3.4 GB/4.9 GB  6.3 MB/s   3m52s[K[?25h[?2026l[?2026h[?25l[A[1Gpulling manifest [K
pulling 667b0c1932bc:  70% ▕████████████      ▏ 3.4 GB/4.9 GB  6.3 MB/s   3m52s[K[?25h[?2026l[?2026h[?25l[A[1Gpulling manifest [K
pulling 667b0c1932bc:  70% ▕████████████      ▏ 3.4 GB/4.9 GB  6.3 MB/s   3m52s[K[?25h[?2026l[?2026h[?25l[A[1Gpulling manifest [K
pulling 667b0c1932bc:  70% ▕████████████      ▏ 3.4 GB/4.9 GB  6.3 MB/s   3m52s[K[?25h[?2026l[?2026h[?25l[A[1Gpulling manifest [K
pulling 667b0c1932bc:  70% ▕████████████      ▏ 3.4 GB/4.9 GB  6.3 MB/s   3m52s[K[?25h[?2026l[?2026h[?25l[A[1Gpulling manifest [K
pulling 667b0c1932bc:  70% ▕████████████      ▏ 3.4 GB/4.9 GB  6.3 MB/s   3m52s[K[?25h[?2026l[?2026h[?25l[A[1Gpulling manifest [K
pulling 667b0c1932bc:  70% ▕████████████      ▏ 3.4 GB/4.9 GB  6.3 MB/s   3m52s[K[?25h[?2026l[?2026h[?25l[A[1Gpulling manifest [K
pulling 667b0c1932bc:  70% ▕████████████      ▏ 3.4 GB/4.9 GB  6.3 MB/s   3m52s[K[?25h[?2026l[?2026h[?25l[A[1Gpulling manifest [K
pulling 667b0c1932bc:  70% ▕████████████      ▏ 3.4 GB/4.9 GB  6.3 MB/s   3m52s[K[?25h[?2026l[?2026h[?25l[A[1Gpulling manifest [K
pulling 667b0c1932bc:  70% ▕████████████      ▏ 3.5 GB/4.9 GB  6.2 MB/s   3m55s[K[?25h[?2026l[?2026h[?25l[A[1Gpulling manifest [K
pulling 667b0c1932bc:  70% ▕████████████      ▏ 3.5 GB/4.9 GB  6.2 MB/s   3m55s[K[?25h[?2026l[?2026h[?25l[A[1Gpulling manifest [K
pulling 667b0c1932bc:  70% ▕████████████      ▏ 3.5 GB/4.9 GB  6.2 MB/s   3m55s[K[?25h[?2026l[?2026h[?25l[A[1Gpulling manifest [K
pulling 667b0c1932bc:  70% ▕████████████      ▏ 3.5 GB/4.9 GB  6.2 MB/s   3m55s[K[?25h[?2026l[?2026h[?25l[A[1Gpulling manifest [K
pulling 667b0c1932bc:  70% ▕████████████      ▏ 3.5 GB/4.9 GB  6.2 MB/s   3m55s[K[?25h[?2026l[?2026h[?25l[A[1Gpulling manifest [K
pulling 667b0c1932bc:  70% ▕████████████      ▏ 3.5 GB/4.9 GB  6.2 MB/s   3m54s[K[?25h[?2026l[?2026h[?25l[A[1Gpulling manifest [K
pulling 667b0c1932bc:  70% ▕████████████      ▏ 3.5 GB/4.9 GB  6.2 MB/s   3m54s[K[?25h[?2026l[?2026h[?25l[A[1Gpulling manifest [K
pulling 667b0c1932bc:  70% ▕████████████      ▏ 3.5 GB/4.9 GB  6.2 MB/s   3m54s[K[?25h[?2026l[?2026h[?25l[A[1Gpulling manifest [K
pulling 667b0c1932bc:  70% ▕████████████      ▏ 3.5 GB/4.9 GB  6.2 MB/s   3m54s[K[?25h[?2026l[?2026h[?25l[A[1Gpulling manifest [K
pulling 667b0c1932bc:  70% ▕████████████      ▏ 3.5 GB/4.9 GB  6.2 MB/s   3m54s[K[?25h[?2026l[?2026h[?25l[A[1Gpulling manifest [K
pulling 667b0c1932bc:  70% ▕████████████      ▏ 3.5 GB/4.9 GB  6.2 MB/s   3m57s[K[?25h[?2026l[?2026h[?25l[A[1Gpulling manifest [K
pulling 667b0c1932bc:  70% ▕████████████      ▏ 3.5 GB/4.9 GB  6.2 MB/s   3m57s[K[?25h[?2026l[?2026h[?25l[A[1Gpulling manifest [K
pulling 667b0c1932bc:  70% ▕████████████      ▏ 3.5 GB/4.9 GB  6.2 MB/s   3m57s[K[?25h[?2026l[?2026h[?25l[A[1Gpulling manifest [K
pulling 667b0c1932bc:  70% ▕████████████      ▏ 3.5 GB/4.9 GB  6.2 MB/s   3m57s[K[?25h[?2026l[?2026h[?25l[A[1Gpulling manifest [K
pulling 667b0c1932bc:  70% ▕████████████      ▏ 3.5 GB/4.9 GB  6.2 MB/s   3m57s[K[?25h[?2026l[?2026h[?25l[A[1Gpulling manifest [K
pulling 667b0c1932bc:  70% ▕████████████      ▏ 3.5 GB/4.9 GB  6.2 MB/s   3m57s[K[?25h[?2026l[?2026h[?25l[A[1Gpulling manifest [K
pulling 667b0c1932bc:  70% ▕████████████      ▏ 3.5 GB/4.9 GB  6.2 MB/s   3m57s[K[?25h[?2026l[?2026h[?25l[A[1Gpulling manifest [K
pulling 667b0c1932bc:  70% ▕████████████      ▏ 3.5 GB/4.9 GB  6.2 MB/s   3m56s[K[?25h[?2026l[?2026h[?25l[A[1Gpulling manifest [K
pulling 667b0c1932bc:  70% ▕████████████      ▏ 3.5 GB/4.9 GB  6.2 MB/s   3m56s[K[?25h[?2026l[?2026h[?25l[A[1Gpulling manifest [K
pulling 667b0c1932bc:  70% ▕████████████      ▏ 3.5 GB/4.9 GB  6.2 MB/s   3m56s[K[?25h[?2026l[?2026h[?25l[A[1Gpulling manifest [K
pulling 667b0c1932bc:  70% ▕████████████      ▏ 3.5 GB/4.9 GB  6.1 MB/s   3m57s[K[?25h[?2026l[?2026h[?25l[A[1Gpulling manifest [K
pulling 667b0c1932bc:  70% ▕████████████      ▏ 3.5 GB/4.9 GB  6.1 MB/s   3m57s[K[?25h[?2026l[?2026h[?25l[A[1Gpulling manifest [K
pulling 667b0c1932bc:  70% ▕████████████      ▏ 3.5 GB/4.9 GB  6.1 MB/s   3m56s[K[?25h[?2026l[?2026h[?25l[A[1Gpulling manifest [K
pulling 667b0c1932bc:  70% ▕████████████      ▏ 3.5 GB/4.9 GB  6.1 MB/s   3m56s[K[?25h[?2026l[?2026h[?25l[A[1Gpulling manifest [K
pulling 667b0c1932bc:  70% ▕████████████      ▏ 3.5 GB/4.9 GB  6.1 MB/s   3m56s[K[?25h[?2026l[?2026h[?25l[A[1Gpulling manifest [K
pulling 667b0c1932bc:  70% ▕████████████      ▏ 3.5 GB/4.9 GB  6.1 MB/s   3m56s[K[?25h[?2026l[?2026h[?25l[A[1Gpulling manifest [K
pulling 667b0c1932bc:  70% ▕████████████      ▏ 3.5 GB/4.9 GB  6.1 MB/s   3m56s[K[?25h[?2026l[?2026h[?25l[A[1Gpulling manifest [K
pulling 667b0c1932bc:  70% ▕████████████      ▏ 3.5 GB/4.9 GB  6.1 MB/s   3m56s[K[?25h[?2026l[?2026h[?25l[A[1Gpulling manifest [K
pulling 667b0c1932bc:  70% ▕████████████      ▏ 3.5 GB/4.9 GB  6.1 MB/s   3m56s[K[?25h[?2026l[?2026h[?25l[A[1Gpulling manifest [K
pulling 667b0c1932bc:  70% ▕████████████      ▏ 3.5 GB/4.9 GB  6.1 MB/s   3m56s[K[?25h[?2026l[?2026h[?25l[A[1Gpulling manifest [K
pulling 667b0c1932bc:  70% ▕████████████      ▏ 3.5 GB/4.9 GB  6.2 MB/s   3m55s[K[?25h[?2026l[?2026h[?25l[A[1Gpulling manifest [K
pulling 667b0c1932bc:  70% ▕████████████      ▏ 3.5 GB/4.9 GB  6.2 MB/s   3m55s[K[?25h[?2026l[?2026h[?25l[A[1Gpulling manifest [K
pulling 667b0c1932bc:  71% ▕████████████      ▏ 3.5 GB/4.9 GB  6.2 MB/s   3m55s[K[?25h[?2026l[?2026h[?25l[A[1Gpulling manifest [K
pulling 667b0c1932bc:  71% ▕████████████      ▏ 3.5 GB/4.9 GB  6.2 MB/s   3m55s[K[?25h[?2026l[?2026h[?25l[A[1Gpulling manifest [K
pulling 667b0c1932bc:  71% ▕████████████      ▏ 3.5 GB/4.9 GB  6.2 MB/s   3m55s[K[?25h[?2026l[?2026h[?25l[A[1Gpulling manifest [K
pulling 667b0c1932bc:  71% ▕████████████      ▏ 3.5 GB/4.9 GB  6.2 MB/s   3m55s[K[?25h[?2026l[?2026h[?25l[A[1Gpulling manifest [K
pulling 667b0c1932bc:  71% ▕████████████      ▏ 3.5 GB/4.9 GB  6.2 MB/s   3m55s[K[?25h[?2026l[?2026h[?25l[A[1Gpulling manifest [K
pulling 667b0c1932bc:  71% ▕████████████      ▏ 3.5 GB/4.9 GB  6.2 MB/s   3m55s[K[?25h[?2026l[?2026h[?25l[A[1Gpulling manifest [K
pulling 667b0c1932bc:  71% ▕████████████      ▏ 3.5 GB/4.9 GB  6.2 MB/s   3m55s[K[?25h[?2026l[?2026h[?25l[A[1Gpulling manifest [K
pulling 667b0c1932bc:  71% ▕████████████      ▏ 3.5 GB/4.9 GB  6.2 MB/s   3m55s[K[?25h[?2026l[?2026h[?25l[A[1Gpulling manifest [K
pulling 667b0c1932bc:  71% ▕████████████      ▏ 3.5 GB/4.9 GB  6.1 MB/s   3m57s[K[?25h[?2026l[?2026h[?25l[A[1Gpulling manifest [K
pulling 667b0c1932bc:  71% ▕████████████      ▏ 3.5 GB/4.9 GB  6.1 MB/s   3m57s[K[?25h[?2026l[?2026h[?25l[A[1Gpulling manifest [K
pulling 667b0c1932bc:  71% ▕████████████      ▏ 3.5 GB/4.9 GB  6.1 MB/s   3m57s[K[?25h[?2026l[?2026h[?25l[A[1Gpulling manifest [K
pulling 667b0c1932bc:  71% ▕████████████      ▏ 3.5 GB/4.9 GB  6.1 MB/s   3m57s[K[?25h[?2026l[?2026h[?25l[A[1Gpulling manifest [K
pulling 667b0c1932bc:  71% ▕████████████      ▏ 3.5 GB/4.9 GB  6.1 MB/s   3m57s[K[?25h[?2026l[?2026h[?25l[A[1Gpulling manifest [K
pulling 667b0c1932bc:  71% ▕████████████      ▏ 3.5 GB/4.9 GB  6.1 MB/s   3m57s[K[?25h[?2026l[?2026h[?25l[A[1Gpulling manifest [K
pulling 667b0c1932bc:  71% ▕████████████      ▏ 3.5 GB/4.9 GB  6.1 MB/s   3m57s[K[?25h[?2026l[?2026h[?25l[A[1Gpulling manifest [K
pulling 667b0c1932bc:  71% ▕████████████      ▏ 3.5 GB/4.9 GB  6.1 MB/s   3m56s[K[?25h[?2026l[?2026h[?25l[A[1Gpulling manifest [K
pulling 667b0c1932bc:  71% ▕████████████      ▏ 3.5 GB/4.9 GB  6.1 MB/s   3m56s[K[?25h[?2026l[?2026h[?25l[A[1Gpulling manifest [K
pulling 667b0c1932bc:  71% ▕████████████      ▏ 3.5 GB/4.9 GB  6.1 MB/s   3m56s[K[?25h[?2026l[?2026h[?25l[A[1Gpulling manifest [K
pulling 667b0c1932bc:  71% ▕████████████      ▏ 3.5 GB/4.9 GB  6.1 MB/s   3m56s[K[?25h[?2026l[?2026h[?25l[A[1Gpulling manifest [K
pulling 667b0c1932bc:  71% ▕████████████      ▏ 3.5 GB/4.9 GB  6.0 MB/s    4m0s[K[?25h[?2026l[?2026h[?25l[A[1Gpulling manifest [K
pulling 667b0c1932bc:  71% ▕████████████      ▏ 3.5 GB/4.9 GB  6.0 MB/s    4m0s[K[?25h[?2026l[?2026h[?25l[A[1Gpulling manifest [K
pulling 667b0c1932bc:  71% ▕████████████      ▏ 3.5 GB/4.9 GB  6.0 MB/s   3m59s[K[?25h[?2026l[?2026h[?25l[A[1Gpulling manifest [K
pulling 667b0c1932bc:  71% ▕████████████      ▏ 3.5 GB/4.9 GB  6.0 MB/s   3m59s[K[?25h[?2026l[?2026h[?25l[A[1Gpulling manifest [K
pulling 667b0c1932bc:  71% ▕████████████      ▏ 3.5 GB/4.9 GB  6.0 MB/s   3m59s[K[?25h[?2026l[?2026h[?25l[A[1Gpulling manifest [K
pulling 667b0c1932bc:  71% ▕████████████      ▏ 3.5 GB/4.9 GB  6.0 MB/s   3m59s[K[?25h[?2026l[?2026h[?25l[A[1Gpulling manifest [K
pulling 667b0c1932bc:  71% ▕████████████      ▏ 3.5 GB/4.9 GB  6.0 MB/s   3m59s[K[?25h[?2026l[?2026h[?25l[A[1Gpulling manifest [K
pulling 667b0c1932bc:  71% ▕████████████      ▏ 3.5 GB/4.9 GB  6.0 MB/s   3m59s[K[?25h[?2026l[?2026h[?25l[A[1Gpulling manifest [K
pulling 667b0c1932bc:  71% ▕████████████      ▏ 3.5 GB/4.9 GB  6.0 MB/s   3m59s[K[?25h[?2026l[?2026h[?25l[A[1Gpulling manifest [K
pulling 667b0c1932bc:  71% ▕████████████      ▏ 3.5 GB/4.9 GB  6.0 MB/s   3m59s[K[?25h[?2026l[?2026h[?25l[A[1Gpulling manifest [K
pulling 667b0c1932bc:  71% ▕████████████      ▏ 3.5 GB/4.9 GB  6.2 MB/s   3m52s[K[?25h[?2026l[?2026h[?25l[A[1Gpulling manifest [K
pulling 667b0c1932bc:  71% ▕████████████      ▏ 3.5 GB/4.9 GB  6.2 MB/s   3m52s[K[?25h[?2026l[?2026h[?25l[A[1Gpulling manifest [K
pulling 667b0c1932bc:  71% ▕████████████      ▏ 3.5 GB/4.9 GB  6.2 MB/s   3m52s[K[?25h[?2026l[?2026h[?25l[A[1Gpulling manifest [K
pulling 667b0c1932bc:  71% ▕████████████      ▏ 3.5 GB/4.9 GB  6.2 MB/s   3m51s[K[?25h[?2026l[?2026h[?25l[A[1Gpulling manifest [K
pulling 667b0c1932bc:  71% ▕████████████      ▏ 3.5 GB/4.9 GB  6.2 MB/s   3m51s[K[?25h[?2026l[?2026h[?25l[A[1Gpulling manifest [K
pulling 667b0c1932bc:  71% ▕████████████      ▏ 3.5 GB/4.9 GB  6.2 MB/s   3m51s[K[?25h[?2026l[?2026h[?25l[A[1Gpulling manifest [K
pulling 667b0c1932bc:  71% ▕████████████      ▏ 3.5 GB/4.9 GB  6.2 MB/s   3m51s[K[?25h[?2026l[?2026h[?25l[A[1Gpulling manifest [K
pulling 667b0c1932bc:  71% ▕████████████      ▏ 3.5 GB/4.9 GB  6.2 MB/s   3m51s[K[?25h[?2026l[?2026h[?25l[A[1Gpulling manifest [K
pulling 667b0c1932bc:  71% ▕████████████      ▏ 3.5 GB/4.9 GB  6.2 MB/s   3m51s[K[?25h[?2026l[?2026h[?25l[A[1Gpulling manifest [K
pulling 667b0c1932bc:  71% ▕████████████      ▏ 3.5 GB/4.9 GB  6.2 MB/s   3m51s[K[?25h[?2026l[?2026h[?25l[A[1Gpulling manifest [K
pulling 667b0c1932bc:  71% ▕████████████      ▏ 3.5 GB/4.9 GB  6.4 MB/s   3m43s[K[?25h[?2026l[?2026h[?25l[A[1Gpulling manifest [K
pulling 667b0c1932bc:  71% ▕████████████      ▏ 3.5 GB/4.9 GB  6.4 MB/s   3m43s[K[?25h[?2026l[?2026h[?25l[A[1Gpulling manifest [K
pulling 667b0c1932bc:  71% ▕████████████      ▏ 3.5 GB/4.9 GB  6.4 MB/s   3m43s[K[?25h[?2026l[?2026h[?25l[A[1Gpulling manifest [K
pulling 667b0c1932bc:  71% ▕████████████      ▏ 3.5 GB/4.9 GB  6.4 MB/s   3m43s[K[?25h[?2026l[?2026h[?25l[A[1Gpulling manifest [K
pulling 667b0c1932bc:  71% ▕████████████      ▏ 3.5 GB/4.9 GB  6.4 MB/s   3m42s[K[?25h[?2026l[?2026h[?25l[A[1Gpulling manifest [K
pulling 667b0c1932bc:  71% ▕████████████      ▏ 3.5 GB/4.9 GB  6.4 MB/s   3m42s[K[?25h[?2026l[?2026h[?25l[A[1Gpulling manifest [K
pulling 667b0c1932bc:  71% ▕████████████      ▏ 3.5 GB/4.9 GB  6.4 MB/s   3m42s[K[?25h[?2026l[?2026h[?25l[A[1Gpulling manifest [K
pulling 667b0c1932bc:  71% ▕████████████      ▏ 3.5 GB/4.9 GB  6.4 MB/s   3m42s[K[?25h[?2026l[?2026h[?25l[A[1Gpulling manifest [K
pulling 667b0c1932bc:  71% ▕████████████      ▏ 3.5 GB/4.9 GB  6.4 MB/s   3m42s[K[?25h[?2026l[?2026h[?25l[A[1Gpulling manifest [K
pulling 667b0c1932bc:  71% ▕████████████      ▏ 3.5 GB/4.9 GB  6.4 MB/s   3m42s[K[?25h[?2026l[?2026h[?25l[A[1Gpulling manifest [K
pulling 667b0c1932bc:  71% ▕████████████      ▏ 3.5 GB/4.9 GB  6.5 MB/s   3m39s[K[?25h[?2026l[?2026h[?25l[A[1Gpulling manifest [K
pulling 667b0c1932bc:  71% ▕████████████      ▏ 3.5 GB/4.9 GB  6.5 MB/s   3m39s[K[?25h[?2026l[?2026h[?25l[A[1Gpulling manifest [K
pulling 667b0c1932bc:  71% ▕████████████      ▏ 3.5 GB/4.9 GB  6.5 MB/s   3m38s[K[?25h[?2026l[?2026h[?25l[A[1Gpulling manifest [K
pulling 667b0c1932bc:  71% ▕████████████      ▏ 3.5 GB/4.9 GB  6.5 MB/s   3m38s[K[?25h[?2026l[?2026h[?25l[A[1Gpulling manifest [K
pulling 667b0c1932bc:  71% ▕████████████      ▏ 3.5 GB/4.9 GB  6.5 MB/s   3m38s[K[?25h[?2026l[?2026h[?25l[A[1Gpulling manifest [K
pulling 667b0c1932bc:  71% ▕████████████      ▏ 3.5 GB/4.9 GB  6.5 MB/s   3m38s[K[?25h[?2026l[?2026h[?25l[A[1Gpulling manifest [K
pulling 667b0c1932bc:  71% ▕████████████      ▏ 3.5 GB/4.9 GB  6.5 MB/s   3m38s[K[?25h[?2026l[?2026h[?25l[A[1Gpulling manifest [K
pulling 667b0c1932bc:  71% ▕████████████      ▏ 3.5 GB/4.9 GB  6.5 MB/s   3m38s[K[?25h[?2026l[?2026h[?25l[A[1Gpulling manifest [K
pulling 667b0c1932bc:  71% ▕████████████      ▏ 3.5 GB/4.9 GB  6.5 MB/s   3m38s[K[?25h[?2026l[?2026h[?25l[A[1Gpulling manifest [K
pulling 667b0c1932bc:  71% ▕████████████      ▏ 3.5 GB/4.9 GB  6.5 MB/s   3m38s[K[?25h[?2026l[?2026h[?25l[A[1Gpulling manifest [K
pulling 667b0c1932bc:  71% ▕████████████      ▏ 3.5 GB/4.9 GB  6.5 MB/s   3m36s[K[?25h[?2026l[?2026h[?25l[A[1Gpulling manifest [K
pulling 667b0c1932bc:  71% ▕████████████      ▏ 3.5 GB/4.9 GB  6.5 MB/s   3m36s[K[?25h[?2026l[?2026h[?25l[A[1Gpulling manifest [K
pulling 667b0c1932bc:  71% ▕████████████      ▏ 3.5 GB/4.9 GB  6.5 MB/s   3m36s[K[?25h[?2026l[?2026h[?25l[A[1Gpulling manifest [K
pulling 667b0c1932bc:  71% ▕████████████      ▏ 3.5 GB/4.9 GB  6.5 MB/s   3m36s[K[?25h[?2026l[?2026h[?25l[A[1Gpulling manifest [K
pulling 667b0c1932bc:  71% ▕████████████      ▏ 3.5 GB/4.9 GB  6.5 MB/s   3m36s[K[?25h[?2026l[?2026h[?25l[A[1Gpulling manifest [K
pulling 667b0c1932bc:  71% ▕████████████      ▏ 3.5 GB/4.9 GB  6.5 MB/s   3m36s[K[?25h[?2026l[?2026h[?25l[A[1Gpulling manifest [K
pulling 667b0c1932bc:  71% ▕████████████      ▏ 3.5 GB/4.9 GB  6.5 MB/s   3m36s[K[?25h[?2026l[?2026h[?25l[A[1Gpulling manifest [K
pulling 667b0c1932bc:  71% ▕████████████      ▏ 3.5 GB/4.9 GB  6.5 MB/s   3m36s[K[?25h[?2026l[?2026h[?25l[A[1Gpulling manifest [K
pulling 667b0c1932bc:  71% ▕████████████      ▏ 3.5 GB/4.9 GB  6.5 MB/s   3m35s[K[?25h[?2026l[?2026h[?25l[A[1Gpulling manifest [K
pulling 667b0c1932bc:  71% ▕████████████      ▏ 3.5 GB/4.9 GB  6.5 MB/s   3m35s[K[?25h[?2026l[?2026h[?25l[A[1Gpulling manifest [K
pulling 667b0c1932bc:  71% ▕████████████      ▏ 3.5 GB/4.9 GB  6.5 MB/s   3m35s[K[?25h[?2026l[?2026h[?25l[A[1Gpulling manifest [K
pulling 667b0c1932bc:  71% ▕████████████      ▏ 3.5 GB/4.9 GB  6.7 MB/s   3m28s[K[?25h[?2026l[?2026h[?25l[A[1Gpulling manifest [K
pulling 667b0c1932bc:  71% ▕████████████      ▏ 3.5 GB/4.9 GB  6.7 MB/s   3m28s[K[?25h[?2026l[?2026h[?25l[A[1Gpulling manifest [K
pulling 667b0c1932bc:  71% ▕████████████      ▏ 3.5 GB/4.9 GB  6.7 MB/s   3m28s[K[?25h[?2026l[?2026h[?25l[A[1Gpulling manifest [K
pulling 667b0c1932bc:  72% ▕████████████      ▏ 3.5 GB/4.9 GB  6.7 MB/s   3m28s[K[?25h[?2026l[?2026h[?25l[A[1Gpulling manifest [K
pulling 667b0c1932bc:  72% ▕████████████      ▏ 3.5 GB/4.9 GB  6.7 MB/s   3m27s[K[?25h[?2026l[?2026h[?25l[A[1Gpulling manifest [K
pulling 667b0c1932bc:  72% ▕████████████      ▏ 3.5 GB/4.9 GB  6.7 MB/s   3m27s[K[?25h[?2026l[?2026h[?25l[A[1Gpulling manifest [K
pulling 667b0c1932bc:  72% ▕████████████      ▏ 3.5 GB/4.9 GB  6.7 MB/s   3m27s[K[?25h[?2026l[?2026h[?25l[A[1Gpulling manifest [K
pulling 667b0c1932bc:  72% ▕████████████      ▏ 3.5 GB/4.9 GB  6.7 MB/s   3m27s[K[?25h[?2026l[?2026h[?25l[A[1Gpulling manifest [K
pulling 667b0c1932bc:  72% ▕████████████      ▏ 3.5 GB/4.9 GB  6.7 MB/s   3m27s[K[?25h[?2026l[?2026h[?25l[A[1Gpulling manifest [K
pulling 667b0c1932bc:  72% ▕████████████      ▏ 3.5 GB/4.9 GB  6.7 MB/s   3m27s[K[?25h[?2026l[?2026h[?25l[A[1Gpulling manifest [K
pulling 667b0c1932bc:  72% ▕████████████      ▏ 3.5 GB/4.9 GB  6.9 MB/s   3m23s[K[?25h[?2026l[?2026h[?25l[A[1Gpulling manifest [K
pulling 667b0c1932bc:  72% ▕████████████      ▏ 3.5 GB/4.9 GB  6.9 MB/s   3m23s[K[?25h[?2026l[?2026h[?25l[A[1Gpulling manifest [K
pulling 667b0c1932bc:  72% ▕████████████      ▏ 3.5 GB/4.9 GB  6.9 MB/s   3m23s[K[?25h[?2026l[?2026h[?25l[A[1Gpulling manifest [K
pulling 667b0c1932bc:  72% ▕████████████      ▏ 3.5 GB/4.9 GB  6.9 MB/s   3m23s[K[?25h[?2026l[?2026h[?25l[A[1Gpulling manifest [K
pulling 667b0c1932bc:  72% ▕████████████      ▏ 3.5 GB/4.9 GB  6.9 MB/s   3m23s[K[?25h[?2026l[?2026h[?25l[A[1Gpulling manifest [K
pulling 667b0c1932bc:  72% ▕████████████      ▏ 3.5 GB/4.9 GB  6.9 MB/s   3m23s[K[?25h[?2026l[?2026h[?25l[A[1Gpulling manifest [K
pulling 667b0c1932bc:  72% ▕████████████      ▏ 3.5 GB/4.9 GB  6.9 MB/s   3m22s[K[?25h[?2026l[?2026h[?25l[A[1Gpulling manifest [K
pulling 667b0c1932bc:  72% ▕████████████      ▏ 3.5 GB/4.9 GB  6.9 MB/s   3m22s[K[?25h[?2026l[?2026h[?25l[A[1Gpulling manifest [K
pulling 667b0c1932bc:  72% ▕████████████      ▏ 3.5 GB/4.9 GB  6.9 MB/s   3m22s[K[?25h[?2026l[?2026h[?25l[A[1Gpulling manifest [K
pulling 667b0c1932bc:  72% ▕████████████      ▏ 3.5 GB/4.9 GB  6.9 MB/s   3m22s[K[?25h[?2026l[?2026h[?25l[A[1Gpulling manifest [K
pulling 667b0c1932bc:  72% ▕████████████      ▏ 3.5 GB/4.9 GB  6.8 MB/s   3m23s[K[?25h[?2026l[?2026h[?25l[A[1Gpulling manifest [K
pulling 667b0c1932bc:  72% ▕████████████      ▏ 3.5 GB/4.9 GB  6.8 MB/s   3m23s[K[?25h[?2026l[?2026h[?25l[A[1Gpulling manifest [K
pulling 667b0c1932bc:  72% ▕████████████      ▏ 3.5 GB/4.9 GB  6.8 MB/s   3m23s[K[?25h[?2026l[?2026h[?25l[A[1Gpulling manifest [K
pulling 667b0c1932bc:  72% ▕████████████      ▏ 3.5 GB/4.9 GB  6.8 MB/s   3m23s[K[?25h[?2026l[?2026h[?25l[A[1Gpulling manifest [K
pulling 667b0c1932bc:  72% ▕████████████      ▏ 3.5 GB/4.9 GB  6.8 MB/s   3m23s[K[?25h[?2026l[?2026h[?25l[A[1Gpulling manifest [K
pulling 667b0c1932bc:  72% ▕████████████      ▏ 3.5 GB/4.9 GB  6.8 MB/s   3m23s[K[?25h[?2026l[?2026h[?25l[A[1Gpulling manifest [K
pulling 667b0c1932bc:  72% ▕████████████      ▏ 3.5 GB/4.9 GB  6.8 MB/s   3m23s[K[?25h[?2026l[?2026h[?25l[A[1Gpulling manifest [K
pulling 667b0c1932bc:  72% ▕████████████      ▏ 3.5 GB/4.9 GB  6.8 MB/s   3m22s[K[?25h[?2026l[?2026h[?25l[A[1Gpulling manifest [K
pulling 667b0c1932bc:  72% ▕████████████      ▏ 3.5 GB/4.9 GB  6.8 MB/s   3m22s[K[?25h[?2026l[?2026h[?25l[A[1Gpulling manifest [K
pulling 667b0c1932bc:  72% ▕████████████      ▏ 3.5 GB/4.9 GB  6.8 MB/s   3m22s[K[?25h[?2026l[?2026h[?25l[A[1Gpulling manifest [K
pulling 667b0c1932bc:  72% ▕████████████      ▏ 3.5 GB/4.9 GB  7.0 MB/s   3m18s[K[?25h[?2026l[?2026h[?25l[A[1Gpulling manifest [K
pulling 667b0c1932bc:  72% ▕████████████      ▏ 3.5 GB/4.9 GB  7.0 MB/s   3m18s[K[?25h[?2026l[?2026h[?25l[A[1Gpulling manifest [K
pulling 667b0c1932bc:  72% ▕████████████      ▏ 3.5 GB/4.9 GB  7.0 MB/s   3m18s[K[?25h[?2026l[?2026h[?25l[A[1Gpulling manifest [K
pulling 667b0c1932bc:  72% ▕████████████      ▏ 3.5 GB/4.9 GB  7.0 MB/s   3m18s[K[?25h[?2026l[?2026h[?25l[A[1Gpulling manifest [K
pulling 667b0c1932bc:  72% ▕████████████      ▏ 3.5 GB/4.9 GB  7.0 MB/s   3m18s[K[?25h[?2026l[?2026h[?25l[A[1Gpulling manifest [K
pulling 667b0c1932bc:  72% ▕████████████      ▏ 3.5 GB/4.9 GB  7.0 MB/s   3m18s[K[?25h[?2026l[?2026h[?25l[A[1Gpulling manifest [K
pulling 667b0c1932bc:  72% ▕████████████      ▏ 3.5 GB/4.9 GB  7.0 MB/s   3m18s[K[?25h[?2026l[?2026h[?25l[A[1Gpulling manifest [K
pulling 667b0c1932bc:  72% ▕████████████      ▏ 3.5 GB/4.9 GB  7.0 MB/s   3m18s[K[?25h[?2026l[?2026h[?25l[A[1Gpulling manifest [K
pulling 667b0c1932bc:  72% ▕████████████      ▏ 3.5 GB/4.9 GB  7.0 MB/s   3m18s[K[?25h[?2026l[?2026h[?25l[A[1Gpulling manifest [K
pulling 667b0c1932bc:  72% ▕████████████      ▏ 3.5 GB/4.9 GB  7.0 MB/s   3m17s[K[?25h[?2026l[?2026h[?25l[A[1Gpulling manifest [K
pulling 667b0c1932bc:  72% ▕████████████      ▏ 3.5 GB/4.9 GB  7.0 MB/s   3m16s[K[?25h[?2026l[?2026h[?25l[A[1Gpulling manifest [K
pulling 667b0c1932bc:  72% ▕████████████      ▏ 3.5 GB/4.9 GB  7.0 MB/s   3m16s[K[?25h[?2026l[?2026h[?25l[A[1Gpulling manifest [K
pulling 667b0c1932bc:  72% ▕████████████      ▏ 3.5 GB/4.9 GB  7.0 MB/s   3m16s[K[?25h[?2026l[?2026h[?25l[A[1Gpulling manifest [K
pulling 667b0c1932bc:  72% ▕████████████      ▏ 3.5 GB/4.9 GB  7.0 MB/s   3m16s[K[?25h[?2026l[?2026h[?25l[A[1Gpulling manifest [K
pulling 667b0c1932bc:  72% ▕████████████      ▏ 3.5 GB/4.9 GB  7.0 MB/s   3m16s[K[?25h[?2026l[?2026h[?25l[A[1Gpulling manifest [K
pulling 667b0c1932bc:  72% ▕████████████      ▏ 3.5 GB/4.9 GB  7.0 MB/s   3m15s[K[?25h[?2026l[?2026h[?25l[A[1Gpulling manifest [K
pulling 667b0c1932bc:  72% ▕████████████      ▏ 3.5 GB/4.9 GB  7.0 MB/s   3m15s[K[?25h[?2026l[?2026h[?25l[A[1Gpulling manifest [K
pulling 667b0c1932bc:  72% ▕████████████      ▏ 3.5 GB/4.9 GB  7.0 MB/s   3m15s[K[?25h[?2026l[?2026h[?25l[A[1Gpulling manifest [K
pulling 667b0c1932bc:  72% ▕████████████      ▏ 3.5 GB/4.9 GB  7.0 MB/s   3m15s[K[?25h[?2026l[?2026h[?25l[A[1Gpulling manifest [K
pulling 667b0c1932bc:  72% ▕████████████      ▏ 3.5 GB/4.9 GB  7.0 MB/s   3m15s[K[?25h[?2026l[?2026h[?25l[A[1Gpulling manifest [K
pulling 667b0c1932bc:  72% ▕████████████      ▏ 3.5 GB/4.9 GB  7.0 MB/s   3m15s[K[?25h[?2026l[?2026h[?25l[A[1Gpulling manifest [K
pulling 667b0c1932bc:  72% ▕████████████      ▏ 3.6 GB/4.9 GB  7.0 MB/s   3m17s[K[?25h[?2026l[?2026h[?25l[A[1Gpulling manifest [K
pulling 667b0c1932bc:  72% ▕████████████      ▏ 3.6 GB/4.9 GB  7.0 MB/s   3m16s[K[?25h[?2026l[?2026h[?25l[A[1Gpulling manifest [K
pulling 667b0c1932bc:  72% ▕████████████      ▏ 3.6 GB/4.9 GB  7.0 MB/s   3m16s[K[?25h[?2026l[?2026h[?25l[A[1Gpulling manifest [K
pulling 667b0c1932bc:  72% ▕████████████      ▏ 3.6 GB/4.9 GB  7.0 MB/s   3m16s[K[?25h[?2026l[?2026h[?25l[A[1Gpulling manifest [K
pulling 667b0c1932bc:  72% ▕████████████      ▏ 3.6 GB/4.9 GB  7.0 MB/s   3m16s[K[?25h[?2026l[?2026h[?25l[A[1Gpulling manifest [K
pulling 667b0c1932bc:  72% ▕████████████      ▏ 3.6 GB/4.9 GB  7.0 MB/s   3m16s[K[?25h[?2026l[?2026h[?25l[A[1Gpulling manifest [K
pulling 667b0c1932bc:  72% ▕█████████████     ▏ 3.6 GB/4.9 GB  7.0 MB/s   3m16s[K[?25h[?2026l[?2026h[?25l[A[1Gpulling manifest [K
pulling 667b0c1932bc:  72% ▕█████████████     ▏ 3.6 GB/4.9 GB  7.0 MB/s   3m16s[K[?25h[?2026l[?2026h[?25l[A[1Gpulling manifest [K
pulling 667b0c1932bc:  72% ▕█████████████     ▏ 3.6 GB/4.9 GB  7.0 MB/s   3m16s[K[?25h[?2026l[?2026h[?25l[A[1Gpulling manifest [K
pulling 667b0c1932bc:  72% ▕█████████████     ▏ 3.6 GB/4.9 GB  7.0 MB/s   3m16s[K[?25h[?2026l[?2026h[?25l[A[1Gpulling manifest [K
pulling 667b0c1932bc:  72% ▕█████████████     ▏ 3.6 GB/4.9 GB  6.9 MB/s   3m18s[K[?25h[?2026l[?2026h[?25l[A[1Gpulling manifest [K
pulling 667b0c1932bc:  72% ▕█████████████     ▏ 3.6 GB/4.9 GB  6.9 MB/s   3m18s[K[?25h[?2026l[?2026h[?25l[A[1Gpulling manifest [K
pulling 667b0c1932bc:  72% ▕█████████████     ▏ 3.6 GB/4.9 GB  6.9 MB/s   3m18s[K[?25h[?2026l[?2026h[?25l[A[1Gpulling manifest [K
pulling 667b0c1932bc:  72% ▕█████████████     ▏ 3.6 GB/4.9 GB  6.9 MB/s   3m18s[K[?25h[?2026l[?2026h[?25l[A[1Gpulling manifest [K
pulling 667b0c1932bc:  72% ▕█████████████     ▏ 3.6 GB/4.9 GB  6.9 MB/s   3m18s[K[?25h[?2026l[?2026h[?25l[A[1Gpulling manifest [K
pulling 667b0c1932bc:  72% ▕█████████████     ▏ 3.6 GB/4.9 GB  6.9 MB/s   3m18s[K[?25h[?2026l[?2026h[?25l[A[1Gpulling manifest [K
pulling 667b0c1932bc:  72% ▕█████████████     ▏ 3.6 GB/4.9 GB  6.9 MB/s   3m18s[K[?25h[?2026l[?2026h[?25l[A[1Gpulling manifest [K
pulling 667b0c1932bc:  72% ▕█████████████     ▏ 3.6 GB/4.9 GB  6.9 MB/s   3m18s[K[?25h[?2026l[?2026h[?25l[A[1Gpulling manifest [K
pulling 667b0c1932bc:  72% ▕█████████████     ▏ 3.6 GB/4.9 GB  6.9 MB/s   3m18s[K[?25h[?2026l[?2026h[?25l[A[1Gpulling manifest [K
pulling 667b0c1932bc:  72% ▕█████████████     ▏ 3.6 GB/4.9 GB  6.9 MB/s   3m18s[K[?25h[?2026l[?2026h[?25l[A[1Gpulling manifest [K
pulling 667b0c1932bc:  72% ▕█████████████     ▏ 3.6 GB/4.9 GB  6.7 MB/s   3m23s[K[?25h[?2026l[?2026h[?25l[A[1Gpulling manifest [K
pulling 667b0c1932bc:  72% ▕█████████████     ▏ 3.6 GB/4.9 GB  6.7 MB/s   3m23s[K[?25h[?2026l[?2026h[?25l[A[1Gpulling manifest [K
pulling 667b0c1932bc:  72% ▕█████████████     ▏ 3.6 GB/4.9 GB  6.7 MB/s   3m23s[K[?25h[?2026l[?2026h[?25l[A[1Gpulling manifest [K
pulling 667b0c1932bc:  72% ▕█████████████     ▏ 3.6 GB/4.9 GB  6.7 MB/s   3m23s[K[?25h[?2026l[?2026h[?25l[A[1Gpulling manifest [K
pulling 667b0c1932bc:  72% ▕█████████████     ▏ 3.6 GB/4.9 GB  6.7 MB/s   3m23s[K[?25h[?2026l[?2026h[?25l[A[1Gpulling manifest [K
pulling 667b0c1932bc:  72% ▕█████████████     ▏ 3.6 GB/4.9 GB  6.7 MB/s   3m23s[K[?25h[?2026l[?2026h[?25l[A[1Gpulling manifest [K
pulling 667b0c1932bc:  72% ▕█████████████     ▏ 3.6 GB/4.9 GB  6.7 MB/s   3m22s[K[?25h[?2026l[?2026h[?25l[A[1Gpulling manifest [K
pulling 667b0c1932bc:  72% ▕█████████████     ▏ 3.6 GB/4.9 GB  6.7 MB/s   3m22s[K[?25h[?2026l[?2026h[?25l[A[1Gpulling manifest [K
pulling 667b0c1932bc:  72% ▕█████████████     ▏ 3.6 GB/4.9 GB  6.7 MB/s   3m22s[K[?25h[?2026l[?2026h[?25l[A[1Gpulling manifest [K
pulling 667b0c1932bc:  72% ▕█████████████     ▏ 3.6 GB/4.9 GB  6.7 MB/s   3m22s[K[?25h[?2026l[?2026h[?25l[A[1Gpulling manifest [K
pulling 667b0c1932bc:  72% ▕█████████████     ▏ 3.6 GB/4.9 GB  6.4 MB/s   3m31s[K[?25h[?2026l[?2026h[?25l[A[1Gpulling manifest [K
pulling 667b0c1932bc:  72% ▕█████████████     ▏ 3.6 GB/4.9 GB  6.4 MB/s   3m31s[K[?25h[?2026l[?2026h[?25l[A[1Gpulling manifest [K
pulling 667b0c1932bc:  72% ▕█████████████     ▏ 3.6 GB/4.9 GB  6.4 MB/s   3m31s[K[?25h[?2026l[?2026h[?25l[A[1Gpulling manifest [K
pulling 667b0c1932bc:  73% ▕█████████████     ▏ 3.6 GB/4.9 GB  6.4 MB/s   3m30s[K[?25h[?2026l[?2026h[?25l[A[1Gpulling manifest [K
pulling 667b0c1932bc:  73% ▕█████████████     ▏ 3.6 GB/4.9 GB  6.4 MB/s   3m30s[K[?25h[?2026l[?2026h[?25l[A[1Gpulling manifest [K
pulling 667b0c1932bc:  73% ▕█████████████     ▏ 3.6 GB/4.9 GB  6.4 MB/s   3m30s[K[?25h[?2026l[?2026h[?25l[A[1Gpulling manifest [K
pulling 667b0c1932bc:  73% ▕█████████████     ▏ 3.6 GB/4.9 GB  6.4 MB/s   3m30s[K[?25h[?2026l[?2026h[?25l[A[1Gpulling manifest [K
pulling 667b0c1932bc:  73% ▕█████████████     ▏ 3.6 GB/4.9 GB  6.4 MB/s   3m30s[K[?25h[?2026l[?2026h[?25l[A[1Gpulling manifest [K
pulling 667b0c1932bc:  73% ▕█████████████     ▏ 3.6 GB/4.9 GB  6.4 MB/s   3m30s[K[?25h[?2026l[?2026h[?25l[A[1Gpulling manifest [K
pulling 667b0c1932bc:  73% ▕█████████████     ▏ 3.6 GB/4.9 GB  6.4 MB/s   3m30s[K[?25h[?2026l[?2026h[?25l[A[1Gpulling manifest [K
pulling 667b0c1932bc:  73% ▕█████████████     ▏ 3.6 GB/4.9 GB  6.0 MB/s   3m43s[K[?25h[?2026l[?2026h[?25l[A[1Gpulling manifest [K
pulling 667b0c1932bc:  73% ▕█████████████     ▏ 3.6 GB/4.9 GB  6.0 MB/s   3m43s[K[?25h[?2026l[?2026h[?25l[A[1Gpulling manifest [K
pulling 667b0c1932bc:  73% ▕█████████████     ▏ 3.6 GB/4.9 GB  6.0 MB/s   3m43s[K[?25h[?2026l[?2026h[?25l[A[1Gpulling manifest [K
pulling 667b0c1932bc:  73% ▕█████████████     ▏ 3.6 GB/4.9 GB  6.0 MB/s   3m42s[K[?25h[?2026l[?2026h[?25l[A[1Gpulling manifest [K
pulling 667b0c1932bc:  73% ▕█████████████     ▏ 3.6 GB/4.9 GB  6.0 MB/s   3m42s[K[?25h[?2026l[?2026h[?25l[A[1Gpulling manifest [K
pulling 667b0c1932bc:  73% ▕█████████████     ▏ 3.6 GB/4.9 GB  6.0 MB/s   3m42s[K[?25h[?2026l[?2026h[?25l[A[1Gpulling manifest [K
pulling 667b0c1932bc:  73% ▕█████████████     ▏ 3.6 GB/4.9 GB  6.0 MB/s   3m42s[K[?25h[?2026l[?2026h[?25l[A[1Gpulling manifest [K
pulling 667b0c1932bc:  73% ▕█████████████     ▏ 3.6 GB/4.9 GB  6.0 MB/s   3m42s[K[?25h[?2026l[?2026h[?25l[A[1Gpulling manifest [K
pulling 667b0c1932bc:  73% ▕█████████████     ▏ 3.6 GB/4.9 GB  6.0 MB/s   3m42s[K[?25h[?2026l[?2026h[?25l[A[1Gpulling manifest [K
pulling 667b0c1932bc:  73% ▕█████████████     ▏ 3.6 GB/4.9 GB  6.0 MB/s   3m42s[K[?25h[?2026l[?2026h[?25l[A[1Gpulling manifest [K
pulling 667b0c1932bc:  73% ▕█████████████     ▏ 3.6 GB/4.9 GB  6.0 MB/s   3m42s[K[?25h[?2026l[?2026h[?25l[A[1Gpulling manifest [K
pulling 667b0c1932bc:  73% ▕█████████████     ▏ 3.6 GB/4.9 GB  5.7 MB/s   3m54s[K[?25h[?2026l[?2026h[?25l[A[1Gpulling manifest [K
pulling 667b0c1932bc:  73% ▕█████████████     ▏ 3.6 GB/4.9 GB  5.7 MB/s   3m54s[K[?25h[?2026l[?2026h[?25l[A[1Gpulling manifest [K
pulling 667b0c1932bc:  73% ▕█████████████     ▏ 3.6 GB/4.9 GB  5.7 MB/s   3m54s[K[?25h[?2026l[?2026h[?25l[A[1Gpulling manifest [K
pulling 667b0c1932bc:  73% ▕█████████████     ▏ 3.6 GB/4.9 GB  5.7 MB/s   3m54s[K[?25h[?2026l[?2026h[?25l[A[1Gpulling manifest [K
pulling 667b0c1932bc:  73% ▕█████████████     ▏ 3.6 GB/4.9 GB  5.7 MB/s   3m54s[K[?25h[?2026l[?2026h[?25l[A[1Gpulling manifest [K
pulling 667b0c1932bc:  73% ▕█████████████     ▏ 3.6 GB/4.9 GB  5.7 MB/s   3m54s[K[?25h[?2026l[?2026h[?25l[A[1Gpulling manifest [K
pulling 667b0c1932bc:  73% ▕█████████████     ▏ 3.6 GB/4.9 GB  5.7 MB/s   3m54s[K[?25h[?2026l[?2026h[?25l[A[1Gpulling manifest [K
pulling 667b0c1932bc:  73% ▕█████████████     ▏ 3.6 GB/4.9 GB  5.7 MB/s   3m54s[K[?25h[?2026l[?2026h[?25l[A[1Gpulling manifest [K
pulling 667b0c1932bc:  73% ▕█████████████     ▏ 3.6 GB/4.9 GB  5.7 MB/s   3m54s[K[?25h[?2026l[?2026h[?25l[A[1Gpulling manifest [K
pulling 667b0c1932bc:  73% ▕█████████████     ▏ 3.6 GB/4.9 GB  5.7 MB/s   3m54s[K[?25h[?2026l[?2026h[?25l[A[1Gpulling manifest [K
pulling 667b0c1932bc:  73% ▕█████████████     ▏ 3.6 GB/4.9 GB  5.5 MB/s    4m3s[K[?25h[?2026l[?2026h[?25l[A[1Gpulling manifest [K
pulling 667b0c1932bc:  73% ▕█████████████     ▏ 3.6 GB/4.9 GB  5.5 MB/s    4m3s[K[?25h[?2026l[?2026h[?25l[A[1Gpulling manifest [K
pulling 667b0c1932bc:  73% ▕█████████████     ▏ 3.6 GB/4.9 GB  5.5 MB/s    4m3s[K[?25h[?2026l[?2026h[?25l[A[1Gpulling manifest [K
pulling 667b0c1932bc:  73% ▕█████████████     ▏ 3.6 GB/4.9 GB  5.5 MB/s    4m3s[K[?25h[?2026l[?2026h[?25l[A[1Gpulling manifest [K
pulling 667b0c1932bc:  73% ▕█████████████     ▏ 3.6 GB/4.9 GB  5.5 MB/s    4m3s[K[?25h[?2026l[?2026h[?25l[A[1Gpulling manifest [K
pulling 667b0c1932bc:  73% ▕█████████████     ▏ 3.6 GB/4.9 GB  5.5 MB/s    4m3s[K[?25h[?2026l[?2026h[?25l[A[1Gpulling manifest [K
pulling 667b0c1932bc:  73% ▕█████████████     ▏ 3.6 GB/4.9 GB  5.5 MB/s    4m3s[K[?25h[?2026l[?2026h[?25l[A[1Gpulling manifest [K
pulling 667b0c1932bc:  73% ▕█████████████     ▏ 3.6 GB/4.9 GB  5.5 MB/s    4m3s[K[?25h[?2026l[?2026h[?25l[A[1Gpulling manifest [K
pulling 667b0c1932bc:  73% ▕█████████████     ▏ 3.6 GB/4.9 GB  5.5 MB/s    4m3s[K[?25h[?2026l[?2026h[?25l[A[1Gpulling manifest [K
pulling 667b0c1932bc:  73% ▕█████████████     ▏ 3.6 GB/4.9 GB  5.5 MB/s    4m3s[K[?25h[?2026l[?2026h[?25l[A[1Gpulling manifest [K
pulling 667b0c1932bc:  73% ▕█████████████     ▏ 3.6 GB/4.9 GB  5.2 MB/s   4m15s[K[?25h[?2026l[?2026h[?25l[A[1Gpulling manifest [K
pulling 667b0c1932bc:  73% ▕█████████████     ▏ 3.6 GB/4.9 GB  5.2 MB/s   4m15s[K[?25h[?2026l[?2026h[?25l[A[1Gpulling manifest [K
pulling 667b0c1932bc:  73% ▕█████████████     ▏ 3.6 GB/4.9 GB  5.2 MB/s   4m15s[K[?25h[?2026l[?2026h[?25l[A[1Gpulling manifest [K
pulling 667b0c1932bc:  73% ▕█████████████     ▏ 3.6 GB/4.9 GB  5.2 MB/s   4m14s[K[?25h[?2026l[?2026h[?25l[A[1Gpulling manifest [K
pulling 667b0c1932bc:  73% ▕█████████████     ▏ 3.6 GB/4.9 GB  5.2 MB/s   4m14s[K[?25h[?2026l[?2026h[?25l[A[1Gpulling manifest [K
pulling 667b0c1932bc:  73% ▕█████████████     ▏ 3.6 GB/4.9 GB  5.2 MB/s   4m14s[K[?25h[?2026l[?2026h[?25l[A[1Gpulling manifest [K
pulling 667b0c1932bc:  73% ▕█████████████     ▏ 3.6 GB/4.9 GB  5.2 MB/s   4m14s[K[?25h[?2026l[?2026h[?25l[A[1Gpulling manifest [K
pulling 667b0c1932bc:  73% ▕█████████████     ▏ 3.6 GB/4.9 GB  5.2 MB/s   4m14s[K[?25h[?2026l[?2026h[?25l[A[1Gpulling manifest [K
pulling 667b0c1932bc:  73% ▕█████████████     ▏ 3.6 GB/4.9 GB  5.2 MB/s   4m14s[K[?25h[?2026l[?2026h[?25l[A[1Gpulling manifest [K
pulling 667b0c1932bc:  73% ▕█████████████     ▏ 3.6 GB/4.9 GB  5.2 MB/s   4m14s[K[?25h[?2026l[?2026h[?25l[A[1Gpulling manifest [K
pulling 667b0c1932bc:  73% ▕█████████████     ▏ 3.6 GB/4.9 GB  5.0 MB/s   4m27s[K[?25h[?2026l[?2026h[?25l[A[1Gpulling manifest [K
pulling 667b0c1932bc:  73% ▕█████████████     ▏ 3.6 GB/4.9 GB  5.0 MB/s   4m27s[K[?25h[?2026l[?2026h[?25l[A[1Gpulling manifest [K
pulling 667b0c1932bc:  73% ▕█████████████     ▏ 3.6 GB/4.9 GB  5.0 MB/s   4m27s[K[?25h[?2026l[?2026h[?25l[A[1Gpulling manifest [K
pulling 667b0c1932bc:  73% ▕█████████████     ▏ 3.6 GB/4.9 GB  5.0 MB/s   4m27s[K[?25h[?2026l[?2026h[?25l[A[1Gpulling manifest [K
pulling 667b0c1932bc:  73% ▕█████████████     ▏ 3.6 GB/4.9 GB  5.0 MB/s   4m27s[K[?25h[?2026l[?2026h[?25l[A[1Gpulling manifest [K
pulling 667b0c1932bc:  73% ▕█████████████     ▏ 3.6 GB/4.9 GB  5.0 MB/s   4m26s[K[?25h[?2026l[?2026h[?25l[A[1Gpulling manifest [K
pulling 667b0c1932bc:  73% ▕█████████████     ▏ 3.6 GB/4.9 GB  5.0 MB/s   4m26s[K[?25h[?2026l[?2026h[?25l[A[1Gpulling manifest [K
pulling 667b0c1932bc:  73% ▕█████████████     ▏ 3.6 GB/4.9 GB  5.0 MB/s   4m26s[K[?25h[?2026l[?2026h[?25l[A[1Gpulling manifest [K
pulling 667b0c1932bc:  73% ▕█████████████     ▏ 3.6 GB/4.9 GB  5.0 MB/s   4m26s[K[?25h[?2026l[?2026h[?25l[A[1Gpulling manifest [K
pulling 667b0c1932bc:  73% ▕█████████████     ▏ 3.6 GB/4.9 GB  5.0 MB/s   4m26s[K[?25h[?2026l[?2026h[?25l[A[1Gpulling manifest [K
pulling 667b0c1932bc:  73% ▕█████████████     ▏ 3.6 GB/4.9 GB  4.7 MB/s   4m41s[K[?25h[?2026l[?2026h[?25l[A[1Gpulling manifest [K
pulling 667b0c1932bc:  73% ▕█████████████     ▏ 3.6 GB/4.9 GB  4.7 MB/s   4m41s[K[?25h[?2026l[?2026h[?25l[A[1Gpulling manifest [K
pulling 667b0c1932bc:  73% ▕█████████████     ▏ 3.6 GB/4.9 GB  4.7 MB/s   4m40s[K[?25h[?2026l[?2026h[?25l[A[1Gpulling manifest [K
pulling 667b0c1932bc:  73% ▕█████████████     ▏ 3.6 GB/4.9 GB  4.7 MB/s   4m40s[K[?25h[?2026l[?2026h[?25l[A[1Gpulling manifest [K
pulling 667b0c1932bc:  73% ▕█████████████     ▏ 3.6 GB/4.9 GB  4.7 MB/s   4m40s[K[?25h[?2026l[?2026h[?25l[A[1Gpulling manifest [K
pulling 667b0c1932bc:  73% ▕█████████████     ▏ 3.6 GB/4.9 GB  4.7 MB/s   4m40s[K[?25h[?2026l[?2026h[?25l[A[1Gpulling manifest [K
pulling 667b0c1932bc:  73% ▕█████████████     ▏ 3.6 GB/4.9 GB  4.7 MB/s   4m40s[K[?25h[?2026l[?2026h[?25l[A[1Gpulling manifest [K
pulling 667b0c1932bc:  73% ▕█████████████     ▏ 3.6 GB/4.9 GB  4.7 MB/s   4m40s[K[?25h[?2026l[?2026h[?25l[A[1Gpulling manifest [K
pulling 667b0c1932bc:  73% ▕█████████████     ▏ 3.6 GB/4.9 GB  4.7 MB/s   4m40s[K[?25h[?2026l[?2026h[?25l[A[1Gpulling manifest [K
pulling 667b0c1932bc:  73% ▕█████████████     ▏ 3.6 GB/4.9 GB  4.7 MB/s   4m40s[K[?25h[?2026l[?2026h[?25l[A[1Gpulling manifest [K
pulling 667b0c1932bc:  73% ▕█████████████     ▏ 3.6 GB/4.9 GB  4.7 MB/s   4m40s[K[?25h[?2026l[?2026h[?25l[A[1Gpulling manifest [K
pulling 667b0c1932bc:  73% ▕█████████████     ▏ 3.6 GB/4.9 GB  4.4 MB/s    5m0s[K[?25h[?2026l[?2026h[?25l[A[1Gpulling manifest [K
pulling 667b0c1932bc:  73% ▕█████████████     ▏ 3.6 GB/4.9 GB  4.4 MB/s    5m0s[K[?25h[?2026l[?2026h[?25l[A[1Gpulling manifest [K
pulling 667b0c1932bc:  73% ▕█████████████     ▏ 3.6 GB/4.9 GB  4.4 MB/s    5m0s[K[?25h[?2026l[?2026h[?25l[A[1Gpulling manifest [K
pulling 667b0c1932bc:  73% ▕█████████████     ▏ 3.6 GB/4.9 GB  4.4 MB/s    5m0s[K[?25h[?2026l[?2026h[?25l[A[1Gpulling manifest [K
pulling 667b0c1932bc:  73% ▕█████████████     ▏ 3.6 GB/4.9 GB  4.4 MB/s    5m0s[K[?25h[?2026l[?2026h[?25l[A[1Gpulling manifest [K
pulling 667b0c1932bc:  73% ▕█████████████     ▏ 3.6 GB/4.9 GB  4.4 MB/s    5m0s[K[?25h[?2026l[?2026h[?25l[A[1Gpulling manifest [K
pulling 667b0c1932bc:  73% ▕█████████████     ▏ 3.6 GB/4.9 GB  4.4 MB/s    5m0s[K[?25h[?2026l[?2026h[?25l[A[1Gpulling manifest [K
pulling 667b0c1932bc:  73% ▕█████████████     ▏ 3.6 GB/4.9 GB  4.4 MB/s    5m0s[K[?25h[?2026l[?2026h[?25l[A[1Gpulling manifest [K
pulling 667b0c1932bc:  73% ▕█████████████     ▏ 3.6 GB/4.9 GB  4.4 MB/s   4m59s[K[?25h[?2026l[?2026h[?25l[A[1Gpulling manifest [K
pulling 667b0c1932bc:  73% ▕█████████████     ▏ 3.6 GB/4.9 GB  4.4 MB/s   4m59s[K[?25h[?2026l[?2026h[?25l[A[1Gpulling manifest [K
pulling 667b0c1932bc:  73% ▕█████████████     ▏ 3.6 GB/4.9 GB  4.3 MB/s    5m4s[K[?25h[?2026l[?2026h[?25l[A[1Gpulling manifest [K
pulling 667b0c1932bc:  73% ▕█████████████     ▏ 3.6 GB/4.9 GB  4.3 MB/s    5m4s[K[?25h[?2026l[?2026h[?25l[A[1Gpulling manifest [K
pulling 667b0c1932bc:  73% ▕█████████████     ▏ 3.6 GB/4.9 GB  4.3 MB/s    5m4s[K[?25h[?2026l[?2026h[?25l[A[1Gpulling manifest [K
pulling 667b0c1932bc:  73% ▕█████████████     ▏ 3.6 GB/4.9 GB  4.3 MB/s    5m3s[K[?25h[?2026l[?2026h[?25l[A[1Gpulling manifest [K
pulling 667b0c1932bc:  73% ▕█████████████     ▏ 3.6 GB/4.9 GB  4.3 MB/s    5m3s[K[?25h[?2026l[?2026h[?25l[A[1Gpulling manifest [K
pulling 667b0c1932bc:  73% ▕█████████████     ▏ 3.6 GB/4.9 GB  4.3 MB/s    5m3s[K[?25h[?2026l[?2026h[?25l[A[1Gpulling manifest [K
pulling 667b0c1932bc:  73% ▕█████████████     ▏ 3.6 GB/4.9 GB  4.3 MB/s    5m3s[K[?25h[?2026l[?2026h[?25l[A[1Gpulling manifest [K
pulling 667b0c1932bc:  73% ▕█████████████     ▏ 3.6 GB/4.9 GB  4.3 MB/s    5m3s[K[?25h[?2026l[?2026h[?25l[A[1Gpulling manifest [K
pulling 667b0c1932bc:  73% ▕█████████████     ▏ 3.6 GB/4.9 GB  4.3 MB/s    5m3s[K[?25h[?2026l[?2026h[?25l[A[1Gpulling manifest [K
pulling 667b0c1932bc:  73% ▕█████████████     ▏ 3.6 GB/4.9 GB  4.3 MB/s    5m3s[K[?25h[?2026l[?2026h[?25l[A[1Gpulling manifest [K
pulling 667b0c1932bc:  73% ▕█████████████     ▏ 3.6 GB/4.9 GB  4.3 MB/s    5m3s[K[?25h[?2026l[?2026h[?25l[A[1Gpulling manifest [K
pulling 667b0c1932bc:  73% ▕█████████████     ▏ 3.6 GB/4.9 GB  4.3 MB/s    5m3s[K[?25h[?2026l[?2026h[?25l[A[1Gpulling manifest [K
pulling 667b0c1932bc:  73% ▕█████████████     ▏ 3.6 GB/4.9 GB  4.3 MB/s    5m3s[K[?25h[?2026l[?2026h[?25l[A[1Gpulling manifest [K
pulling 667b0c1932bc:  73% ▕█████████████     ▏ 3.6 GB/4.9 GB  4.3 MB/s    5m3s[K[?25h[?2026l[?2026h[?25l[A[1Gpulling manifest [K
pulling 667b0c1932bc:  73% ▕█████████████     ▏ 3.6 GB/4.9 GB  4.3 MB/s    5m3s[K[?25h[?2026l[?2026h[?25l[A[1Gpulling manifest [K
pulling 667b0c1932bc:  73% ▕█████████████     ▏ 3.6 GB/4.9 GB  4.3 MB/s    5m3s[K[?25h[?2026l[?2026h[?25l[A[1Gpulling manifest [K
pulling 667b0c1932bc:  73% ▕█████████████     ▏ 3.6 GB/4.9 GB  4.3 MB/s    5m3s[K[?25h[?2026l[?2026h[?25l[A[1Gpulling manifest [K
pulling 667b0c1932bc:  73% ▕█████████████     ▏ 3.6 GB/4.9 GB  4.3 MB/s    5m3s[K[?25h[?2026l[?2026h[?25l[A[1Gpulling manifest [K
pulling 667b0c1932bc:  73% ▕█████████████     ▏ 3.6 GB/4.9 GB  4.3 MB/s    5m3s[K[?25h[?2026l[?2026h[?25l[A[1Gpulling manifest [K
pulling 667b0c1932bc:  73% ▕█████████████     ▏ 3.6 GB/4.9 GB  4.3 MB/s    5m3s[K[?25h[?2026l[?2026h[?25l[A[1Gpulling manifest [K
pulling 667b0c1932bc:  73% ▕█████████████     ▏ 3.6 GB/4.9 GB  4.3 MB/s    5m3s[K[?25h[?2026l[?2026h[?25l[A[1Gpulling manifest [K
pulling 667b0c1932bc:  73% ▕█████████████     ▏ 3.6 GB/4.9 GB  4.3 MB/s    5m3s[K[?25h[?2026l[?2026h[?25l[A[1Gpulling manifest [K
pulling 667b0c1932bc:  73% ▕█████████████     ▏ 3.6 GB/4.9 GB  4.3 MB/s    5m3s[K[?25h[?2026l[?2026h[?25l[A[1Gpulling manifest [K
pulling 667b0c1932bc:  73% ▕█████████████     ▏ 3.6 GB/4.9 GB  4.3 MB/s    5m3s[K[?25h[?2026l[?2026h[?25l[A[1Gpulling manifest [K
pulling 667b0c1932bc:  73% ▕█████████████     ▏ 3.6 GB/4.9 GB  4.3 MB/s    5m2s[K[?25h[?2026l[?2026h[?25l[A[1Gpulling manifest [K
pulling 667b0c1932bc:  73% ▕█████████████     ▏ 3.6 GB/4.9 GB  4.3 MB/s    5m2s[K[?25h[?2026l[?2026h[?25l[A[1Gpulling manifest [K
pulling 667b0c1932bc:  73% ▕█████████████     ▏ 3.6 GB/4.9 GB  4.3 MB/s    5m2s[K[?25h[?2026l[?2026h[?25l[A[1Gpulling manifest [K
pulling 667b0c1932bc:  73% ▕█████████████     ▏ 3.6 GB/4.9 GB  4.3 MB/s    5m2s[K[?25h[?2026l[?2026h[?25l[A[1Gpulling manifest [K
pulling 667b0c1932bc:  73% ▕█████████████     ▏ 3.6 GB/4.9 GB  4.3 MB/s    5m2s[K[?25h[?2026l[?2026h[?25l[A[1Gpulling manifest [K
pulling 667b0c1932bc:  73% ▕█████████████     ▏ 3.6 GB/4.9 GB  4.3 MB/s    5m2s[K[?25h[?2026l[?2026h[?25l[A[1Gpulling manifest [K
pulling 667b0c1932bc:  73% ▕█████████████     ▏ 3.6 GB/4.9 GB  4.3 MB/s    5m5s[K[?25h[?2026l[?2026h[?25l[A[1Gpulling manifest [K
pulling 667b0c1932bc:  73% ▕█████████████     ▏ 3.6 GB/4.9 GB  4.3 MB/s    5m5s[K[?25h[?2026l[?2026h[?25l[A[1Gpulling manifest [K
pulling 667b0c1932bc:  73% ▕█████████████     ▏ 3.6 GB/4.9 GB  4.3 MB/s    5m5s[K[?25h[?2026l[?2026h[?25l[A[1Gpulling manifest [K
pulling 667b0c1932bc:  73% ▕█████████████     ▏ 3.6 GB/4.9 GB  4.3 MB/s    5m5s[K[?25h[?2026l[?2026h[?25l[A[1Gpulling manifest [K
pulling 667b0c1932bc:  73% ▕█████████████     ▏ 3.6 GB/4.9 GB  4.3 MB/s    5m5s[K[?25h[?2026l[?2026h[?25l[A[1Gpulling manifest [K
pulling 667b0c1932bc:  73% ▕█████████████     ▏ 3.6 GB/4.9 GB  4.3 MB/s    5m5s[K[?25h[?2026l[?2026h[?25l[A[1Gpulling manifest [K
pulling 667b0c1932bc:  73% ▕█████████████     ▏ 3.6 GB/4.9 GB  4.3 MB/s    5m5s[K[?25h[?2026l[?2026h[?25l[A[1Gpulling manifest [K
pulling 667b0c1932bc:  73% ▕█████████████     ▏ 3.6 GB/4.9 GB  4.3 MB/s    5m5s[K[?25h[?2026l[?2026h[?25l[A[1Gpulling manifest [K
pulling 667b0c1932bc:  74% ▕█████████████     ▏ 3.6 GB/4.9 GB  4.3 MB/s    5m4s[K[?25h[?2026l[?2026h[?25l[A[1Gpulling manifest [K
pulling 667b0c1932bc:  74% ▕█████████████     ▏ 3.6 GB/4.9 GB  4.3 MB/s    5m4s[K[?25h[?2026l[?2026h[?25l[A[1Gpulling manifest [K
pulling 667b0c1932bc:  74% ▕█████████████     ▏ 3.6 GB/4.9 GB  4.3 MB/s    5m4s[K[?25h[?2026l[?2026h[?25l[A[1Gpulling manifest [K
pulling 667b0c1932bc:  74% ▕█████████████     ▏ 3.6 GB/4.9 GB  4.3 MB/s    5m1s[K[?25h[?2026l[?2026h[?25l[A[1Gpulling manifest [K
pulling 667b0c1932bc:  74% ▕█████████████     ▏ 3.6 GB/4.9 GB  4.3 MB/s    5m1s[K[?25h[?2026l[?2026h[?25l[A[1Gpulling manifest [K
pulling 667b0c1932bc:  74% ▕█████████████     ▏ 3.6 GB/4.9 GB  4.3 MB/s    5m1s[K[?25h[?2026l[?2026h[?25l[A[1Gpulling manifest [K
pulling 667b0c1932bc:  74% ▕█████████████     ▏ 3.6 GB/4.9 GB  4.3 MB/s    5m1s[K[?25h[?2026l[?2026h[?25l[A[1Gpulling manifest [K
pulling 667b0c1932bc:  74% ▕█████████████     ▏ 3.6 GB/4.9 GB  4.3 MB/s    5m1s[K[?25h[?2026l[?2026h[?25l[A[1Gpulling manifest [K
pulling 667b0c1932bc:  74% ▕█████████████     ▏ 3.6 GB/4.9 GB  4.3 MB/s    5m1s[K[?25h[?2026l[?2026h[?25l[A[1Gpulling manifest [K
pulling 667b0c1932bc:  74% ▕█████████████     ▏ 3.6 GB/4.9 GB  4.3 MB/s    5m1s[K[?25h[?2026l[?2026h[?25l[A[1Gpulling manifest [K
pulling 667b0c1932bc:  74% ▕█████████████     ▏ 3.6 GB/4.9 GB  4.3 MB/s    5m0s[K[?25h[?2026l[?2026h[?25l[A[1Gpulling manifest [K
pulling 667b0c1932bc:  74% ▕█████████████     ▏ 3.6 GB/4.9 GB  4.3 MB/s    5m0s[K[?25h[?2026l[?2026h[?25l[A[1Gpulling manifest [K
pulling 667b0c1932bc:  74% ▕█████████████     ▏ 3.6 GB/4.9 GB  4.3 MB/s    5m0s[K[?25h[?2026l[?2026h[?25l[A[1Gpulling manifest [K
pulling 667b0c1932bc:  74% ▕█████████████     ▏ 3.6 GB/4.9 GB  4.4 MB/s   4m57s[K[?25h[?2026l[?2026h[?25l[A[1Gpulling manifest [K
pulling 667b0c1932bc:  74% ▕█████████████     ▏ 3.6 GB/4.9 GB  4.4 MB/s   4m57s[K[?25h[?2026l[?2026h[?25l[A[1Gpulling manifest [K
pulling 667b0c1932bc:  74% ▕█████████████     ▏ 3.6 GB/4.9 GB  4.4 MB/s   4m57s[K[?25h[?2026l[?2026h[?25l[A[1Gpulling manifest [K
pulling 667b0c1932bc:  74% ▕█████████████     ▏ 3.6 GB/4.9 GB  4.4 MB/s   4m57s[K[?25h[?2026l[?2026h[?25l[A[1Gpulling manifest [K
pulling 667b0c1932bc:  74% ▕█████████████     ▏ 3.6 GB/4.9 GB  4.4 MB/s   4m57s[K[?25h[?2026l[?2026h[?25l[A[1Gpulling manifest [K
pulling 667b0c1932bc:  74% ▕█████████████     ▏ 3.6 GB/4.9 GB  4.4 MB/s   4m57s[K[?25h[?2026l[?2026h[?25l[A[1Gpulling manifest [K
pulling 667b0c1932bc:  74% ▕█████████████     ▏ 3.6 GB/4.9 GB  4.4 MB/s   4m57s[K[?25h[?2026l[?2026h[?25l[A[1Gpulling manifest [K
pulling 667b0c1932bc:  74% ▕█████████████     ▏ 3.6 GB/4.9 GB  4.4 MB/s   4m57s[K[?25h[?2026l[?2026h[?25l[A[1Gpulling manifest [K
pulling 667b0c1932bc:  74% ▕█████████████     ▏ 3.6 GB/4.9 GB  4.4 MB/s   4m57s[K[?25h[?2026l[?2026h[?25l[A[1Gpulling manifest [K
pulling 667b0c1932bc:  74% ▕█████████████     ▏ 3.6 GB/4.9 GB  4.4 MB/s   4m57s[K[?25h[?2026l[?2026h[?25l[A[1Gpulling manifest [K
pulling 667b0c1932bc:  74% ▕█████████████     ▏ 3.6 GB/4.9 GB  4.4 MB/s   4m54s[K[?25h[?2026l[?2026h[?25l[A[1Gpulling manifest [K
pulling 667b0c1932bc:  74% ▕█████████████     ▏ 3.6 GB/4.9 GB  4.4 MB/s   4m54s[K[?25h[?2026l[?2026h[?25l[A[1Gpulling manifest [K
pulling 667b0c1932bc:  74% ▕█████████████     ▏ 3.6 GB/4.9 GB  4.4 MB/s   4m54s[K[?25h[?2026l[?2026h[?25l[A[1Gpulling manifest [K
pulling 667b0c1932bc:  74% ▕█████████████     ▏ 3.6 GB/4.9 GB  4.4 MB/s   4m54s[K[?25h[?2026l[?2026h[?25l[A[1Gpulling manifest [K
pulling 667b0c1932bc:  74% ▕█████████████     ▏ 3.6 GB/4.9 GB  4.4 MB/s   4m54s[K[?25h[?2026l[?2026h[?25l[A[1Gpulling manifest [K
pulling 667b0c1932bc:  74% ▕█████████████     ▏ 3.6 GB/4.9 GB  4.4 MB/s   4m53s[K[?25h[?2026l[?2026h[?25l[A[1Gpulling manifest [K
pulling 667b0c1932bc:  74% ▕█████████████     ▏ 3.6 GB/4.9 GB  4.4 MB/s   4m53s[K[?25h[?2026l[?2026h[?25l[A[1Gpulling manifest [K
pulling 667b0c1932bc:  74% ▕█████████████     ▏ 3.6 GB/4.9 GB  4.4 MB/s   4m53s[K[?25h[?2026l[?2026h[?25l[A[1Gpulling manifest [K
pulling 667b0c1932bc:  74% ▕█████████████     ▏ 3.6 GB/4.9 GB  4.4 MB/s   4m53s[K[?25h[?2026l[?2026h[?25l[A[1Gpulling manifest [K
pulling 667b0c1932bc:  74% ▕█████████████     ▏ 3.6 GB/4.9 GB  4.4 MB/s   4m53s[K[?25h[?2026l[?2026h[?25l[A[1Gpulling manifest [K
pulling 667b0c1932bc:  74% ▕█████████████     ▏ 3.6 GB/4.9 GB  4.5 MB/s   4m48s[K[?25h[?2026l[?2026h[?25l[A[1Gpulling manifest [K
pulling 667b0c1932bc:  74% ▕█████████████     ▏ 3.6 GB/4.9 GB  4.5 MB/s   4m48s[K[?25h[?2026l[?2026h[?25l[A[1Gpulling manifest [K
pulling 667b0c1932bc:  74% ▕█████████████     ▏ 3.6 GB/4.9 GB  4.5 MB/s   4m48s[K[?25h[?2026l[?2026h[?25l[A[1Gpulling manifest [K
pulling 667b0c1932bc:  74% ▕█████████████     ▏ 3.6 GB/4.9 GB  4.5 MB/s   4m48s[K[?25h[?2026l[?2026h[?25l[A[1Gpulling manifest [K
pulling 667b0c1932bc:  74% ▕█████████████     ▏ 3.6 GB/4.9 GB  4.5 MB/s   4m48s[K[?25h[?2026l[?2026h[?25l[A[1Gpulling manifest [K
pulling 667b0c1932bc:  74% ▕█████████████     ▏ 3.6 GB/4.9 GB  4.5 MB/s   4m48s[K[?25h[?2026l[?2026h[?25l[A[1Gpulling manifest [K
pulling 667b0c1932bc:  74% ▕█████████████     ▏ 3.6 GB/4.9 GB  4.5 MB/s   4m48s[K[?25h[?2026l[?2026h[?25l[A[1Gpulling manifest [K
pulling 667b0c1932bc:  74% ▕█████████████     ▏ 3.6 GB/4.9 GB  4.5 MB/s   4m47s[K[?25h[?2026l[?2026h[?25l[A[1Gpulling manifest [K
pulling 667b0c1932bc:  74% ▕█████████████     ▏ 3.6 GB/4.9 GB  4.5 MB/s   4m47s[K[?25h[?2026l[?2026h[?25l[A[1Gpulling manifest [K
pulling 667b0c1932bc:  74% ▕█████████████     ▏ 3.6 GB/4.9 GB  4.5 MB/s   4m47s[K[?25h[?2026l[?2026h[?25l[A[1Gpulling manifest [K
pulling 667b0c1932bc:  74% ▕█████████████     ▏ 3.6 GB/4.9 GB  4.5 MB/s   4m42s[K[?25h[?2026l[?2026h[?25l[A[1Gpulling manifest [K
pulling 667b0c1932bc:  74% ▕█████████████     ▏ 3.6 GB/4.9 GB  4.5 MB/s   4m42s[K[?25h[?2026l[?2026h[?25l[A[1Gpulling manifest [K
pulling 667b0c1932bc:  74% ▕█████████████     ▏ 3.6 GB/4.9 GB  4.5 MB/s   4m42s[K[?25h[?2026l[?2026h[?25l[A[1Gpulling manifest [K
pulling 667b0c1932bc:  74% ▕█████████████     ▏ 3.6 GB/4.9 GB  4.5 MB/s   4m42s[K[?25h[?2026l[?2026h[?25l[A[1Gpulling manifest [K
pulling 667b0c1932bc:  74% ▕█████████████     ▏ 3.6 GB/4.9 GB  4.5 MB/s   4m42s[K[?25h[?2026l[?2026h[?25l[A[1Gpulling manifest [K
pulling 667b0c1932bc:  74% ▕█████████████     ▏ 3.6 GB/4.9 GB  4.5 MB/s   4m42s[K[?25h[?2026l[?2026h[?25l[A[1Gpulling manifest [K
pulling 667b0c1932bc:  74% ▕█████████████     ▏ 3.6 GB/4.9 GB  4.5 MB/s   4m42s[K[?25h[?2026l[?2026h[?25l[A[1Gpulling manifest [K
pulling 667b0c1932bc:  74% ▕█████████████     ▏ 3.6 GB/4.9 GB  4.5 MB/s   4m41s[K[?25h[?2026l[?2026h[?25l[A[1Gpulling manifest [K
pulling 667b0c1932bc:  74% ▕█████████████     ▏ 3.6 GB/4.9 GB  4.5 MB/s   4m41s[K[?25h[?2026l[?2026h[?25l[A[1Gpulling manifest [K
pulling 667b0c1932bc:  74% ▕█████████████     ▏ 3.6 GB/4.9 GB  4.5 MB/s   4m41s[K[?25h[?2026l[?2026h[?25l[A[1Gpulling manifest [K
pulling 667b0c1932bc:  74% ▕█████████████     ▏ 3.6 GB/4.9 GB  4.5 MB/s   4m41s[K[?25h[?2026l[?2026h[?25l[A[1Gpulling manifest [K
pulling 667b0c1932bc:  74% ▕█████████████     ▏ 3.6 GB/4.9 GB  4.5 MB/s   4m41s[K[?25h[?2026l[?2026h[?25l[A[1Gpulling manifest [K
pulling 667b0c1932bc:  74% ▕█████████████     ▏ 3.6 GB/4.9 GB  4.5 MB/s   4m41s[K[?25h[?2026l[?2026h[?25l[A[1Gpulling manifest [K
pulling 667b0c1932bc:  74% ▕█████████████     ▏ 3.6 GB/4.9 GB  4.5 MB/s   4m41s[K[?25h[?2026l[?2026h[?25l[A[1Gpulling manifest [K
pulling 667b0c1932bc:  74% ▕█████████████     ▏ 3.6 GB/4.9 GB  4.5 MB/s   4m41s[K[?25h[?2026l[?2026h[?25l[A[1Gpulling manifest [K
pulling 667b0c1932bc:  74% ▕█████████████     ▏ 3.6 GB/4.9 GB  4.5 MB/s   4m40s[K[?25h[?2026l[?2026h[?25l[A[1Gpulling manifest [K
pulling 667b0c1932bc:  74% ▕█████████████     ▏ 3.6 GB/4.9 GB  4.5 MB/s   4m40s[K[?25h[?2026l[?2026h[?25l[A[1Gpulling manifest [K
pulling 667b0c1932bc:  74% ▕█████████████     ▏ 3.6 GB/4.9 GB  4.5 MB/s   4m40s[K[?25h[?2026l[?2026h[?25l[A[1Gpulling manifest [K
pulling 667b0c1932bc:  74% ▕█████████████     ▏ 3.6 GB/4.9 GB  4.5 MB/s   4m40s[K[?25h[?2026l[?2026h[?25l[A[1Gpulling manifest [K
pulling 667b0c1932bc:  74% ▕█████████████     ▏ 3.6 GB/4.9 GB  4.5 MB/s   4m40s[K[?25h[?2026l[?2026h[?25l[A[1Gpulling manifest [K
pulling 667b0c1932bc:  74% ▕█████████████     ▏ 3.6 GB/4.9 GB  4.5 MB/s   4m40s[K[?25h[?2026l[?2026h[?25l[A[1Gpulling manifest [K
pulling 667b0c1932bc:  74% ▕█████████████     ▏ 3.6 GB/4.9 GB  4.5 MB/s   4m41s[K[?25h[?2026l[?2026h[?25l[A[1Gpulling manifest [K
pulling 667b0c1932bc:  74% ▕█████████████     ▏ 3.6 GB/4.9 GB  4.5 MB/s   4m41s[K[?25h[?2026l[?2026h[?25l[A[1Gpulling manifest [K
pulling 667b0c1932bc:  74% ▕█████████████     ▏ 3.6 GB/4.9 GB  4.5 MB/s   4m41s[K[?25h[?2026l[?2026h[?25l[A[1Gpulling manifest [K
pulling 667b0c1932bc:  74% ▕█████████████     ▏ 3.6 GB/4.9 GB  4.5 MB/s   4m41s[K[?25h[?2026l[?2026h[?25l[A[1Gpulling manifest [K
pulling 667b0c1932bc:  74% ▕█████████████     ▏ 3.6 GB/4.9 GB  4.5 MB/s   4m41s[K[?25h[?2026l[?2026h[?25l[A[1Gpulling manifest [K
pulling 667b0c1932bc:  74% ▕█████████████     ▏ 3.6 GB/4.9 GB  4.5 MB/s   4m41s[K[?25h[?2026l[?2026h[?25l[A[1Gpulling manifest [K
pulling 667b0c1932bc:  74% ▕█████████████     ▏ 3.6 GB/4.9 GB  4.5 MB/s   4m41s[K[?25h[?2026l[?2026h[?25l[A[1Gpulling manifest [K
pulling 667b0c1932bc:  74% ▕█████████████     ▏ 3.6 GB/4.9 GB  4.5 MB/s   4m41s[K[?25h[?2026l[?2026h[?25l[A[1Gpulling manifest [K
pulling 667b0c1932bc:  74% ▕█████████████     ▏ 3.6 GB/4.9 GB  4.5 MB/s   4m40s[K[?25h[?2026l[?2026h[?25l[A[1Gpulling manifest [K
pulling 667b0c1932bc:  74% ▕█████████████     ▏ 3.7 GB/4.9 GB  4.5 MB/s   4m40s[K[?25h[?2026l[?2026h[?25l[A[1Gpulling manifest [K
pulling 667b0c1932bc:  74% ▕█████████████     ▏ 3.7 GB/4.9 GB  4.6 MB/s   4m38s[K[?25h[?2026l[?2026h[?25l[A[1Gpulling manifest [K
pulling 667b0c1932bc:  74% ▕█████████████     ▏ 3.7 GB/4.9 GB  4.6 MB/s   4m38s[K[?25h[?2026l[?2026h[?25l[A[1Gpulling manifest [K
pulling 667b0c1932bc:  74% ▕█████████████     ▏ 3.7 GB/4.9 GB  4.6 MB/s   4m37s[K[?25h[?2026l[?2026h[?25l[A[1Gpulling manifest [K
pulling 667b0c1932bc:  74% ▕█████████████     ▏ 3.7 GB/4.9 GB  4.6 MB/s   4m37s[K[?25h[?2026l[?2026h[?25l[A[1Gpulling manifest [K
pulling 667b0c1932bc:  74% ▕█████████████     ▏ 3.7 GB/4.9 GB  4.6 MB/s   4m37s[K[?25h[?2026l[?2026h[?25l[A[1Gpulling manifest [K
pulling 667b0c1932bc:  74% ▕█████████████     ▏ 3.7 GB/4.9 GB  4.6 MB/s   4m37s[K[?25h[?2026l[?2026h[?25l[A[1Gpulling manifest [K
pulling 667b0c1932bc:  74% ▕█████████████     ▏ 3.7 GB/4.9 GB  4.6 MB/s   4m37s[K[?25h[?2026l[?2026h[?25l[A[1Gpulling manifest [K
pulling 667b0c1932bc:  74% ▕█████████████     ▏ 3.7 GB/4.9 GB  4.6 MB/s   4m37s[K[?25h[?2026l[?2026h[?25l[A[1Gpulling manifest [K
pulling 667b0c1932bc:  74% ▕█████████████     ▏ 3.7 GB/4.9 GB  4.6 MB/s   4m37s[K[?25h[?2026l[?2026h[?25l[A[1Gpulling manifest [K
pulling 667b0c1932bc:  74% ▕█████████████     ▏ 3.7 GB/4.9 GB  4.6 MB/s   4m37s[K[?25h[?2026l[?2026h[?25l[A[1Gpulling manifest [K
pulling 667b0c1932bc:  74% ▕█████████████     ▏ 3.7 GB/4.9 GB  4.6 MB/s   4m33s[K[?25h[?2026l[?2026h[?25l[A[1Gpulling manifest [K
pulling 667b0c1932bc:  74% ▕█████████████     ▏ 3.7 GB/4.9 GB  4.6 MB/s   4m33s[K[?25h[?2026l[?2026h[?25l[A[1Gpulling manifest [K
pulling 667b0c1932bc:  74% ▕█████████████     ▏ 3.7 GB/4.9 GB  4.6 MB/s   4m33s[K[?25h[?2026l[?2026h[?25l[A[1Gpulling manifest [K
pulling 667b0c1932bc:  74% ▕█████████████     ▏ 3.7 GB/4.9 GB  4.6 MB/s   4m33s[K[?25h[?2026l[?2026h[?25l[A[1Gpulling manifest [K
pulling 667b0c1932bc:  74% ▕█████████████     ▏ 3.7 GB/4.9 GB  4.6 MB/s   4m33s[K[?25h[?2026l[?2026h[?25l[A[1Gpulling manifest [K
pulling 667b0c1932bc:  74% ▕█████████████     ▏ 3.7 GB/4.9 GB  4.6 MB/s   4m33s[K[?25h[?2026l[?2026h[?25l[A[1Gpulling manifest [K
pulling 667b0c1932bc:  74% ▕█████████████     ▏ 3.7 GB/4.9 GB  4.6 MB/s   4m32s[K[?25h[?2026l[?2026h[?25l[A[1Gpulling manifest [K
pulling 667b0c1932bc:  74% ▕█████████████     ▏ 3.7 GB/4.9 GB  4.6 MB/s   4m32s[K[?25h[?2026l[?2026h[?25l[A[1Gpulling manifest [K
pulling 667b0c1932bc:  74% ▕█████████████     ▏ 3.7 GB/4.9 GB  4.6 MB/s   4m32s[K[?25h[?2026l[?2026h[?25l[A[1Gpulling manifest [K
pulling 667b0c1932bc:  74% ▕█████████████     ▏ 3.7 GB/4.9 GB  4.6 MB/s   4m32s[K[?25h[?2026l[?2026h[?25l[A[1Gpulling manifest [K
pulling 667b0c1932bc:  74% ▕█████████████     ▏ 3.7 GB/4.9 GB  4.6 MB/s   4m34s[K[?25h[?2026l[?2026h[?25l[A[1Gpulling manifest [K
pulling 667b0c1932bc:  74% ▕█████████████     ▏ 3.7 GB/4.9 GB  4.6 MB/s   4m34s[K[?25h[?2026l[?2026h[?25l[A[1Gpulling manifest [K
pulling 667b0c1932bc:  74% ▕█████████████     ▏ 3.7 GB/4.9 GB  4.6 MB/s   4m34s[K[?25h[?2026l[?2026h[?25l[A[1Gpulling manifest [K
pulling 667b0c1932bc:  74% ▕█████████████     ▏ 3.7 GB/4.9 GB  4.6 MB/s   4m34s[K[?25h[?2026l[?2026h[?25l[A[1Gpulling manifest [K
pulling 667b0c1932bc:  74% ▕█████████████     ▏ 3.7 GB/4.9 GB  4.6 MB/s   4m34s[K[?25h[?2026l[?2026h[?25l[A[1Gpulling manifest [K
pulling 667b0c1932bc:  74% ▕█████████████     ▏ 3.7 GB/4.9 GB  4.6 MB/s   4m34s[K[?25h[?2026l[?2026h[?25l[A[1Gpulling manifest [K
pulling 667b0c1932bc:  74% ▕█████████████     ▏ 3.7 GB/4.9 GB  4.6 MB/s   4m33s[K[?25h[?2026l[?2026h[?25l[A[1Gpulling manifest [K
pulling 667b0c1932bc:  74% ▕█████████████     ▏ 3.7 GB/4.9 GB  4.6 MB/s   4m33s[K[?25h[?2026l[?2026h[?25l[A[1Gpulling manifest [K
pulling 667b0c1932bc:  74% ▕█████████████     ▏ 3.7 GB/4.9 GB  4.6 MB/s   4m33s[K[?25h[?2026l[?2026h[?25l[A[1Gpulling manifest [K
pulling 667b0c1932bc:  74% ▕█████████████     ▏ 3.7 GB/4.9 GB  4.6 MB/s   4m33s[K[?25h[?2026l[?2026h[?25l[A[1Gpulling manifest [K
pulling 667b0c1932bc:  74% ▕█████████████     ▏ 3.7 GB/4.9 GB  4.6 MB/s   4m33s[K[?25h[?2026l[?2026h[?25l[A[1Gpulling manifest [K
pulling 667b0c1932bc:  74% ▕█████████████     ▏ 3.7 GB/4.9 GB  4.5 MB/s   4m38s[K[?25h[?2026l[?2026h[?25l[A[1Gpulling manifest [K
pulling 667b0c1932bc:  74% ▕█████████████     ▏ 3.7 GB/4.9 GB  4.5 MB/s   4m38s[K[?25h[?2026l[?2026h[?25l[A[1Gpulling manifest [K
pulling 667b0c1932bc:  74% ▕█████████████     ▏ 3.7 GB/4.9 GB  4.5 MB/s   4m38s[K[?25h[?2026l[?2026h[?25l[A[1Gpulling manifest [K
pulling 667b0c1932bc:  74% ▕█████████████     ▏ 3.7 GB/4.9 GB  4.5 MB/s   4m37s[K[?25h[?2026l[?2026h[?25l[A[1Gpulling manifest [K
pulling 667b0c1932bc:  74% ▕█████████████     ▏ 3.7 GB/4.9 GB  4.5 MB/s   4m37s[K[?25h[?2026l[?2026h[?25l[A[1Gpulling manifest [K
pulling 667b0c1932bc:  74% ▕█████████████     ▏ 3.7 GB/4.9 GB  4.5 MB/s   4m37s[K[?25h[?2026l[?2026h[?25l[A[1Gpulling manifest [K
pulling 667b0c1932bc:  75% ▕█████████████     ▏ 3.7 GB/4.9 GB  4.5 MB/s   4m37s[K[?25h[?2026l[?2026h[?25l[A[1Gpulling manifest [K
pulling 667b0c1932bc:  75% ▕█████████████     ▏ 3.7 GB/4.9 GB  4.5 MB/s   4m37s[K[?25h[?2026l[?2026h[?25l[A[1Gpulling manifest [K
pulling 667b0c1932bc:  75% ▕█████████████     ▏ 3.7 GB/4.9 GB  4.5 MB/s   4m37s[K[?25h[?2026l[?2026h[?25l[A[1Gpulling manifest [K
pulling 667b0c1932bc:  75% ▕█████████████     ▏ 3.7 GB/4.9 GB  4.5 MB/s   4m37s[K[?25h[?2026l[?2026h[?25l[A[1Gpulling manifest [K
pulling 667b0c1932bc:  75% ▕█████████████     ▏ 3.7 GB/4.9 GB  4.5 MB/s   4m39s[K[?25h[?2026l[?2026h[?25l[A[1Gpulling manifest [K
pulling 667b0c1932bc:  75% ▕█████████████     ▏ 3.7 GB/4.9 GB  4.5 MB/s   4m39s[K[?25h[?2026l[?2026h[?25l[A[1Gpulling manifest [K
pulling 667b0c1932bc:  75% ▕█████████████     ▏ 3.7 GB/4.9 GB  4.5 MB/s   4m39s[K[?25h[?2026l[?2026h[?25l[A[1Gpulling manifest [K
pulling 667b0c1932bc:  75% ▕█████████████     ▏ 3.7 GB/4.9 GB  4.5 MB/s   4m39s[K[?25h[?2026l[?2026h[?25l[A[1Gpulling manifest [K
pulling 667b0c1932bc:  75% ▕█████████████     ▏ 3.7 GB/4.9 GB  4.5 MB/s   4m39s[K[?25h[?2026l[?2026h[?25l[A[1Gpulling manifest [K
pulling 667b0c1932bc:  75% ▕█████████████     ▏ 3.7 GB/4.9 GB  4.5 MB/s   4m39s[K[?25h[?2026l[?2026h[?25l[A[1Gpulling manifest [K
pulling 667b0c1932bc:  75% ▕█████████████     ▏ 3.7 GB/4.9 GB  4.5 MB/s   4m38s[K[?25h[?2026l[?2026h[?25l[A[1Gpulling manifest [K
pulling 667b0c1932bc:  75% ▕█████████████     ▏ 3.7 GB/4.9 GB  4.5 MB/s   4m38s[K[?25h[?2026l[?2026h[?25l[A[1Gpulling manifest [K
pulling 667b0c1932bc:  75% ▕█████████████     ▏ 3.7 GB/4.9 GB  4.5 MB/s   4m38s[K[?25h[?2026l[?2026h[?25l[A[1Gpulling manifest [K
pulling 667b0c1932bc:  75% ▕█████████████     ▏ 3.7 GB/4.9 GB  4.5 MB/s   4m38s[K[?25h[?2026l[?2026h[?25l[A[1Gpulling manifest [K
pulling 667b0c1932bc:  75% ▕█████████████     ▏ 3.7 GB/4.9 GB  4.4 MB/s   4m44s[K[?25h[?2026l[?2026h[?25l[A[1Gpulling manifest [K
pulling 667b0c1932bc:  75% ▕█████████████     ▏ 3.7 GB/4.9 GB  4.4 MB/s   4m44s[K[?25h[?2026l[?2026h[?25l[A[1Gpulling manifest [K
pulling 667b0c1932bc:  75% ▕█████████████     ▏ 3.7 GB/4.9 GB  4.4 MB/s   4m44s[K[?25h[?2026l[?2026h[?25l[A[1Gpulling manifest [K
pulling 667b0c1932bc:  75% ▕█████████████     ▏ 3.7 GB/4.9 GB  4.4 MB/s   4m44s[K[?25h[?2026l[?2026h[?25l[A[1Gpulling manifest [K
pulling 667b0c1932bc:  75% ▕█████████████     ▏ 3.7 GB/4.9 GB  4.4 MB/s   4m44s[K[?25h[?2026l[?2026h[?25l[A[1Gpulling manifest [K
pulling 667b0c1932bc:  75% ▕█████████████     ▏ 3.7 GB/4.9 GB  4.4 MB/s   4m44s[K[?25h[?2026l[?2026h[?25l[A[1Gpulling manifest [K
pulling 667b0c1932bc:  75% ▕█████████████     ▏ 3.7 GB/4.9 GB  4.4 MB/s   4m44s[K[?25h[?2026l[?2026h[?25l[A[1Gpulling manifest [K
pulling 667b0c1932bc:  75% ▕█████████████     ▏ 3.7 GB/4.9 GB  4.4 MB/s   4m44s[K[?25h[?2026l[?2026h[?25l[A[1Gpulling manifest [K
pulling 667b0c1932bc:  75% ▕█████████████     ▏ 3.7 GB/4.9 GB  4.4 MB/s   4m43s[K[?25h[?2026l[?2026h[?25l[A[1Gpulling manifest [K
pulling 667b0c1932bc:  75% ▕█████████████     ▏ 3.7 GB/4.9 GB  4.4 MB/s   4m43s[K[?25h[?2026l[?2026h[?25l[A[1Gpulling manifest [K
pulling 667b0c1932bc:  75% ▕█████████████     ▏ 3.7 GB/4.9 GB  4.4 MB/s   4m42s[K[?25h[?2026l[?2026h[?25l[A[1Gpulling manifest [K
pulling 667b0c1932bc:  75% ▕█████████████     ▏ 3.7 GB/4.9 GB  4.4 MB/s   4m42s[K[?25h[?2026l[?2026h[?25l[A[1Gpulling manifest [K
pulling 667b0c1932bc:  75% ▕█████████████     ▏ 3.7 GB/4.9 GB  4.4 MB/s   4m42s[K[?25h[?2026l[?2026h[?25l[A[1Gpulling manifest [K
pulling 667b0c1932bc:  75% ▕█████████████     ▏ 3.7 GB/4.9 GB  4.4 MB/s   4m42s[K[?25h[?2026l[?2026h[?25l[A[1Gpulling manifest [K
pulling 667b0c1932bc:  75% ▕█████████████     ▏ 3.7 GB/4.9 GB  4.4 MB/s   4m42s[K[?25h[?2026l[?2026h[?25l[A[1Gpulling manifest [K
pulling 667b0c1932bc:  75% ▕█████████████     ▏ 3.7 GB/4.9 GB  4.4 MB/s   4m42s[K[?25h[?2026l[?2026h[?25l[A[1Gpulling manifest [K
pulling 667b0c1932bc:  75% ▕█████████████     ▏ 3.7 GB/4.9 GB  4.4 MB/s   4m42s[K[?25h[?2026l[?2026h[?25l[A[1Gpulling manifest [K
pulling 667b0c1932bc:  75% ▕█████████████     ▏ 3.7 GB/4.9 GB  4.4 MB/s   4m42s[K[?25h[?2026l[?2026h[?25l[A[1Gpulling manifest [K
pulling 667b0c1932bc:  75% ▕█████████████     ▏ 3.7 GB/4.9 GB  4.4 MB/s   4m42s[K[?25h[?2026l[?2026h[?25l[A[1Gpulling manifest [K
pulling 667b0c1932bc:  75% ▕█████████████     ▏ 3.7 GB/4.9 GB  4.4 MB/s   4m41s[K[?25h[?2026l[?2026h[?25l[A[1Gpulling manifest [K
pulling 667b0c1932bc:  75% ▕█████████████     ▏ 3.7 GB/4.9 GB  4.4 MB/s   4m40s[K[?25h[?2026l[?2026h[?25l[A[1Gpulling manifest [K
pulling 667b0c1932bc:  75% ▕█████████████     ▏ 3.7 GB/4.9 GB  4.4 MB/s   4m39s[K[?25h[?2026l[?2026h[?25l[A[1Gpulling manifest [K
pulling 667b0c1932bc:  75% ▕█████████████     ▏ 3.7 GB/4.9 GB  4.4 MB/s   4m39s[K[?25h[?2026l[?2026h[?25l[A[1Gpulling manifest [K
pulling 667b0c1932bc:  75% ▕█████████████     ▏ 3.7 GB/4.9 GB  4.4 MB/s   4m39s[K[?25h[?2026l[?2026h[?25l[A[1Gpulling manifest [K
pulling 667b0c1932bc:  75% ▕█████████████     ▏ 3.7 GB/4.9 GB  4.4 MB/s   4m39s[K[?25h[?2026l[?2026h[?25l[A[1Gpulling manifest [K
pulling 667b0c1932bc:  75% ▕█████████████     ▏ 3.7 GB/4.9 GB  4.4 MB/s   4m39s[K[?25h[?2026l[?2026h[?25l[A[1Gpulling manifest [K
pulling 667b0c1932bc:  75% ▕█████████████     ▏ 3.7 GB/4.9 GB  4.4 MB/s   4m39s[K[?25h[?2026l[?2026h[?25l[A[1Gpulling manifest [K
pulling 667b0c1932bc:  75% ▕█████████████     ▏ 3.7 GB/4.9 GB  4.4 MB/s   4m39s[K[?25h[?2026l[?2026h[?25l[A[1Gpulling manifest [K
pulling 667b0c1932bc:  75% ▕█████████████     ▏ 3.7 GB/4.9 GB  4.4 MB/s   4m39s[K[?25h[?2026l[?2026h[?25l[A[1Gpulling manifest [K
pulling 667b0c1932bc:  75% ▕█████████████     ▏ 3.7 GB/4.9 GB  4.4 MB/s   4m39s[K[?25h[?2026l[?2026h[?25l[A[1Gpulling manifest [K
pulling 667b0c1932bc:  75% ▕█████████████     ▏ 3.7 GB/4.9 GB  4.4 MB/s   4m39s[K[?25h[?2026l[?2026h[?25l[A[1Gpulling manifest [K
pulling 667b0c1932bc:  75% ▕█████████████     ▏ 3.7 GB/4.9 GB  4.5 MB/s   4m35s[K[?25h[?2026l[?2026h[?25l[A[1Gpulling manifest [K
pulling 667b0c1932bc:  75% ▕█████████████     ▏ 3.7 GB/4.9 GB  4.5 MB/s   4m35s[K[?25h[?2026l[?2026h[?25l[A[1Gpulling manifest [K
pulling 667b0c1932bc:  75% ▕█████████████     ▏ 3.7 GB/4.9 GB  4.5 MB/s   4m35s[K[?25h[?2026l[?2026h[?25l[A[1Gpulling manifest [K
pulling 667b0c1932bc:  75% ▕█████████████     ▏ 3.7 GB/4.9 GB  4.5 MB/s   4m35s[K[?25h[?2026l[?2026h[?25l[A[1Gpulling manifest [K
pulling 667b0c1932bc:  75% ▕█████████████     ▏ 3.7 GB/4.9 GB  4.5 MB/s   4m35s[K[?25h[?2026l[?2026h[?25l[A[1Gpulling manifest [K
pulling 667b0c1932bc:  75% ▕█████████████     ▏ 3.7 GB/4.9 GB  4.5 MB/s   4m34s[K[?25h[?2026l[?2026h[?25l[A[1Gpulling manifest [K
pulling 667b0c1932bc:  75% ▕█████████████     ▏ 3.7 GB/4.9 GB  4.5 MB/s   4m34s[K[?25h[?2026l[?2026h[?25l[A[1Gpulling manifest [K
pulling 667b0c1932bc:  75% ▕█████████████     ▏ 3.7 GB/4.9 GB  4.5 MB/s   4m34s[K[?25h[?2026l[?2026h[?25l[A[1Gpulling manifest [K
pulling 667b0c1932bc:  75% ▕█████████████     ▏ 3.7 GB/4.9 GB  4.5 MB/s   4m34s[K[?25h[?2026l[?2026h[?25l[A[1Gpulling manifest [K
pulling 667b0c1932bc:  75% ▕█████████████     ▏ 3.7 GB/4.9 GB  4.5 MB/s   4m34s[K[?25h[?2026l[?2026h[?25l[A[1Gpulling manifest [K
pulling 667b0c1932bc:  75% ▕█████████████     ▏ 3.7 GB/4.9 GB  4.5 MB/s   4m33s[K[?25h[?2026l[?2026h[?25l[A[1Gpulling manifest [K
pulling 667b0c1932bc:  75% ▕█████████████     ▏ 3.7 GB/4.9 GB  4.5 MB/s   4m33s[K[?25h[?2026l[?2026h[?25l[A[1Gpulling manifest [K
pulling 667b0c1932bc:  75% ▕█████████████     ▏ 3.7 GB/4.9 GB  4.5 MB/s   4m33s[K[?25h[?2026l[?2026h[?25l[A[1Gpulling manifest [K
pulling 667b0c1932bc:  75% ▕█████████████     ▏ 3.7 GB/4.9 GB  4.5 MB/s   4m33s[K[?25h[?2026l[?2026h[?25l[A[1Gpulling manifest [K
pulling 667b0c1932bc:  75% ▕█████████████     ▏ 3.7 GB/4.9 GB  4.5 MB/s   4m33s[K[?25h[?2026l[?2026h[?25l[A[1Gpulling manifest [K
pulling 667b0c1932bc:  75% ▕█████████████     ▏ 3.7 GB/4.9 GB  4.5 MB/s   4m33s[K[?25h[?2026l[?2026h[?25l[A[1Gpulling manifest [K
pulling 667b0c1932bc:  75% ▕█████████████     ▏ 3.7 GB/4.9 GB  4.5 MB/s   4m33s[K[?25h[?2026l[?2026h[?25l[A[1Gpulling manifest [K
pulling 667b0c1932bc:  75% ▕█████████████     ▏ 3.7 GB/4.9 GB  4.5 MB/s   4m33s[K[?25h[?2026l[?2026h[?25l[A[1Gpulling manifest [K
pulling 667b0c1932bc:  75% ▕█████████████     ▏ 3.7 GB/4.9 GB  4.5 MB/s   4m32s[K[?25h[?2026l[?2026h[?25l[A[1Gpulling manifest [K
pulling 667b0c1932bc:  75% ▕█████████████     ▏ 3.7 GB/4.9 GB  4.5 MB/s   4m32s[K[?25h[?2026l[?2026h[?25l[A[1Gpulling manifest [K
pulling 667b0c1932bc:  75% ▕█████████████     ▏ 3.7 GB/4.9 GB  4.4 MB/s   4m36s[K[?25h[?2026l[?2026h[?25l[A[1Gpulling manifest [K
pulling 667b0c1932bc:  75% ▕█████████████     ▏ 3.7 GB/4.9 GB  4.4 MB/s   4m36s[K[?25h[?2026l[?2026h[?25l[A[1Gpulling manifest [K
pulling 667b0c1932bc:  75% ▕█████████████     ▏ 3.7 GB/4.9 GB  4.4 MB/s   4m35s[K[?25h[?2026l[?2026h[?25l[A[1Gpulling manifest [K
pulling 667b0c1932bc:  75% ▕█████████████     ▏ 3.7 GB/4.9 GB  4.4 MB/s   4m35s[K[?25h[?2026l[?2026h[?25l[A[1Gpulling manifest [K
pulling 667b0c1932bc:  75% ▕█████████████     ▏ 3.7 GB/4.9 GB  4.4 MB/s   4m35s[K[?25h[?2026l[?2026h[?25l[A[1Gpulling manifest [K
pulling 667b0c1932bc:  75% ▕█████████████     ▏ 3.7 GB/4.9 GB  4.4 MB/s   4m35s[K[?25h[?2026l[?2026h[?25l[A[1Gpulling manifest [K
pulling 667b0c1932bc:  75% ▕█████████████     ▏ 3.7 GB/4.9 GB  4.4 MB/s   4m35s[K[?25h[?2026l[?2026h[?25l[A[1Gpulling manifest [K
pulling 667b0c1932bc:  75% ▕█████████████     ▏ 3.7 GB/4.9 GB  4.4 MB/s   4m35s[K[?25h[?2026l[?2026h[?25l[A[1Gpulling manifest [K
pulling 667b0c1932bc:  75% ▕█████████████     ▏ 3.7 GB/4.9 GB  4.4 MB/s   4m35s[K[?25h[?2026l[?2026h[?25l[A[1Gpulling manifest [K
pulling 667b0c1932bc:  75% ▕█████████████     ▏ 3.7 GB/4.9 GB  4.4 MB/s   4m35s[K[?25h[?2026l[?2026h[?25l[A[1Gpulling manifest [K
pulling 667b0c1932bc:  75% ▕█████████████     ▏ 3.7 GB/4.9 GB  4.5 MB/s   4m33s[K[?25h[?2026l[?2026h[?25l[A[1Gpulling manifest [K
pulling 667b0c1932bc:  75% ▕█████████████     ▏ 3.7 GB/4.9 GB  4.5 MB/s   4m33s[K[?25h[?2026l[?2026h[?25l[A[1Gpulling manifest [K
pulling 667b0c1932bc:  75% ▕█████████████     ▏ 3.7 GB/4.9 GB  4.5 MB/s   4m33s[K[?25h[?2026l[?2026h[?25l[A[1Gpulling manifest [K
pulling 667b0c1932bc:  75% ▕█████████████     ▏ 3.7 GB/4.9 GB  4.5 MB/s   4m33s[K[?25h[?2026l[?2026h[?25l[A[1Gpulling manifest [K
pulling 667b0c1932bc:  75% ▕█████████████     ▏ 3.7 GB/4.9 GB  4.5 MB/s   4m33s[K[?25h[?2026l[?2026h[?25l[A[1Gpulling manifest [K
pulling 667b0c1932bc:  75% ▕█████████████     ▏ 3.7 GB/4.9 GB  4.5 MB/s   4m33s[K[?25h[?2026l[?2026h[?25l[A[1Gpulling manifest [K
pulling 667b0c1932bc:  75% ▕█████████████     ▏ 3.7 GB/4.9 GB  4.5 MB/s   4m33s[K[?25h[?2026l[?2026h[?25l[A[1Gpulling manifest [K
pulling 667b0c1932bc:  75% ▕█████████████     ▏ 3.7 GB/4.9 GB  4.5 MB/s   4m32s[K[?25h[?2026l[?2026h[?25l[A[1Gpulling manifest [K
pulling 667b0c1932bc:  75% ▕█████████████     ▏ 3.7 GB/4.9 GB  4.5 MB/s   4m32s[K[?25h[?2026l[?2026h[?25l[A[1Gpulling manifest [K
pulling 667b0c1932bc:  75% ▕█████████████     ▏ 3.7 GB/4.9 GB  4.5 MB/s   4m32s[K[?25h[?2026l[?2026h[?25l[A[1Gpulling manifest [K
pulling 667b0c1932bc:  75% ▕█████████████     ▏ 3.7 GB/4.9 GB  4.6 MB/s   4m26s[K[?25h[?2026l[?2026h[?25l[A[1Gpulling manifest [K
pulling 667b0c1932bc:  75% ▕█████████████     ▏ 3.7 GB/4.9 GB  4.6 MB/s   4m26s[K[?25h[?2026l[?2026h[?25l[A[1Gpulling manifest [K
pulling 667b0c1932bc:  75% ▕█████████████     ▏ 3.7 GB/4.9 GB  4.6 MB/s   4m26s[K[?25h[?2026l[?2026h[?25l[A[1Gpulling manifest [K
pulling 667b0c1932bc:  75% ▕█████████████     ▏ 3.7 GB/4.9 GB  4.6 MB/s   4m26s[K[?25h[?2026l[?2026h[?25l[A[1Gpulling manifest [K
pulling 667b0c1932bc:  75% ▕█████████████     ▏ 3.7 GB/4.9 GB  4.6 MB/s   4m26s[K[?25h[?2026l[?2026h[?25l[A[1Gpulling manifest [K
pulling 667b0c1932bc:  75% ▕█████████████     ▏ 3.7 GB/4.9 GB  4.6 MB/s   4m26s[K[?25h[?2026l[?2026h[?25l[A[1Gpulling manifest [K
pulling 667b0c1932bc:  75% ▕█████████████     ▏ 3.7 GB/4.9 GB  4.6 MB/s   4m26s[K[?25h[?2026l[?2026h[?25l[A[1Gpulling manifest [K
pulling 667b0c1932bc:  75% ▕█████████████     ▏ 3.7 GB/4.9 GB  4.6 MB/s   4m26s[K[?25h[?2026l[?2026h[?25l[A[1Gpulling manifest [K
pulling 667b0c1932bc:  75% ▕█████████████     ▏ 3.7 GB/4.9 GB  4.6 MB/s   4m26s[K[?25h[?2026l[?2026h[?25l[A[1Gpulling manifest [K
pulling 667b0c1932bc:  75% ▕█████████████     ▏ 3.7 GB/4.9 GB  4.6 MB/s   4m26s[K[?25h[?2026l[?2026h[?25l[A[1Gpulling manifest [K
pulling 667b0c1932bc:  75% ▕█████████████     ▏ 3.7 GB/4.9 GB  4.6 MB/s   4m25s[K[?25h[?2026l[?2026h[?25l[A[1Gpulling manifest [K
pulling 667b0c1932bc:  75% ▕█████████████     ▏ 3.7 GB/4.9 GB  4.6 MB/s   4m21s[K[?25h[?2026l[?2026h[?25l[A[1Gpulling manifest [K
pulling 667b0c1932bc:  75% ▕█████████████     ▏ 3.7 GB/4.9 GB  4.6 MB/s   4m21s[K[?25h[?2026l[?2026h[?25l[A[1Gpulling manifest [K
pulling 667b0c1932bc:  75% ▕█████████████     ▏ 3.7 GB/4.9 GB  4.6 MB/s   4m21s[K[?25h[?2026l[?2026h[?25l[A[1Gpulling manifest [K
pulling 667b0c1932bc:  75% ▕█████████████     ▏ 3.7 GB/4.9 GB  4.6 MB/s   4m21s[K[?25h[?2026l[?2026h[?25l[A[1Gpulling manifest [K
pulling 667b0c1932bc:  75% ▕█████████████     ▏ 3.7 GB/4.9 GB  4.6 MB/s   4m21s[K[?25h[?2026l[?2026h[?25l[A[1Gpulling manifest [K
pulling 667b0c1932bc:  75% ▕█████████████     ▏ 3.7 GB/4.9 GB  4.6 MB/s   4m21s[K[?25h[?2026l[?2026h[?25l[A[1Gpulling manifest [K
pulling 667b0c1932bc:  75% ▕█████████████     ▏ 3.7 GB/4.9 GB  4.6 MB/s   4m20s[K[?25h[?2026l[?2026h[?25l[A[1Gpulling manifest [K
pulling 667b0c1932bc:  75% ▕█████████████     ▏ 3.7 GB/4.9 GB  4.6 MB/s   4m20s[K[?25h[?2026l[?2026h[?25l[A[1Gpulling manifest [K
pulling 667b0c1932bc:  75% ▕█████████████     ▏ 3.7 GB/4.9 GB  4.6 MB/s   4m20s[K[?25h[?2026l[?2026h[?25l[A[1Gpulling manifest [K
pulling 667b0c1932bc:  75% ▕█████████████     ▏ 3.7 GB/4.9 GB  4.6 MB/s   4m20s[K[?25h[?2026l[?2026h[?25l[A[1Gpulling manifest [K
pulling 667b0c1932bc:  75% ▕█████████████     ▏ 3.7 GB/4.9 GB  4.7 MB/s   4m17s[K[?25h[?2026l[?2026h[?25l[A[1Gpulling manifest [K
pulling 667b0c1932bc:  75% ▕█████████████     ▏ 3.7 GB/4.9 GB  4.7 MB/s   4m17s[K[?25h[?2026l[?2026h[?25l[A[1Gpulling manifest [K
pulling 667b0c1932bc:  76% ▕█████████████     ▏ 3.7 GB/4.9 GB  4.7 MB/s   4m17s[K[?25h[?2026l[?2026h[?25l[A[1Gpulling manifest [K
pulling 667b0c1932bc:  76% ▕█████████████     ▏ 3.7 GB/4.9 GB  4.7 MB/s   4m17s[K[?25h[?2026l[?2026h[?25l[A[1Gpulling manifest [K
pulling 667b0c1932bc:  76% ▕█████████████     ▏ 3.7 GB/4.9 GB  4.7 MB/s   4m16s[K[?25h[?2026l[?2026h[?25l[A[1Gpulling manifest [K
pulling 667b0c1932bc:  76% ▕█████████████     ▏ 3.7 GB/4.9 GB  4.7 MB/s   4m16s[K[?25h[?2026l[?2026h[?25l[A[1Gpulling manifest [K
pulling 667b0c1932bc:  76% ▕█████████████     ▏ 3.7 GB/4.9 GB  4.7 MB/s   4m16s[K[?25h[?2026l[?2026h[?25l[A[1Gpulling manifest [K
pulling 667b0c1932bc:  76% ▕█████████████     ▏ 3.7 GB/4.9 GB  4.7 MB/s   4m16s[K[?25h[?2026l[?2026h[?25l[A[1Gpulling manifest [K
pulling 667b0c1932bc:  76% ▕█████████████     ▏ 3.7 GB/4.9 GB  4.7 MB/s   4m16s[K[?25h[?2026l[?2026h[?25l[A[1Gpulling manifest [K
pulling 667b0c1932bc:  76% ▕█████████████     ▏ 3.7 GB/4.9 GB  4.7 MB/s   4m16s[K[?25h[?2026l[?2026h[?25l[A[1Gpulling manifest [K
pulling 667b0c1932bc:  76% ▕█████████████     ▏ 3.7 GB/4.9 GB  4.6 MB/s   4m20s[K[?25h[?2026l[?2026h[?25l[A[1Gpulling manifest [K
pulling 667b0c1932bc:  76% ▕█████████████     ▏ 3.7 GB/4.9 GB  4.6 MB/s   4m20s[K[?25h[?2026l[?2026h[?25l[A[1Gpulling manifest [K
pulling 667b0c1932bc:  76% ▕█████████████     ▏ 3.7 GB/4.9 GB  4.6 MB/s   4m20s[K[?25h[?2026l[?2026h[?25l[A[1Gpulling manifest [K
pulling 667b0c1932bc:  76% ▕█████████████     ▏ 3.7 GB/4.9 GB  4.6 MB/s   4m20s[K[?25h[?2026l[?2026h[?25l[A[1Gpulling manifest [K
pulling 667b0c1932bc:  76% ▕█████████████     ▏ 3.7 GB/4.9 GB  4.6 MB/s   4m20s[K[?25h[?2026l[?2026h[?25l[A[1Gpulling manifest [K
pulling 667b0c1932bc:  76% ▕█████████████     ▏ 3.7 GB/4.9 GB  4.6 MB/s   4m19s[K[?25h[?2026l[?2026h[?25l[A[1Gpulling manifest [K
pulling 667b0c1932bc:  76% ▕█████████████     ▏ 3.7 GB/4.9 GB  4.6 MB/s   4m19s[K[?25h[?2026l[?2026h[?25l[A[1Gpulling manifest [K
pulling 667b0c1932bc:  76% ▕█████████████     ▏ 3.7 GB/4.9 GB  4.6 MB/s   4m19s[K[?25h[?2026l[?2026h[?25l[A[1Gpulling manifest [K
pulling 667b0c1932bc:  76% ▕█████████████     ▏ 3.7 GB/4.9 GB  4.6 MB/s   4m19s[K[?25h[?2026l[?2026h[?25l[A[1Gpulling manifest [K
pulling 667b0c1932bc:  76% ▕█████████████     ▏ 3.7 GB/4.9 GB  4.6 MB/s   4m19s[K[?25h[?2026l[?2026h[?25l[A[1Gpulling manifest [K
pulling 667b0c1932bc:  76% ▕█████████████     ▏ 3.7 GB/4.9 GB  4.6 MB/s   4m19s[K[?25h[?2026l[?2026h[?25l[A[1Gpulling manifest [K
pulling 667b0c1932bc:  76% ▕█████████████     ▏ 3.7 GB/4.9 GB  4.6 MB/s   4m19s[K[?25h[?2026l[?2026h[?25l[A[1Gpulling manifest [K
pulling 667b0c1932bc:  76% ▕█████████████     ▏ 3.7 GB/4.9 GB  4.6 MB/s   4m19s[K[?25h[?2026l[?2026h[?25l[A[1Gpulling manifest [K
pulling 667b0c1932bc:  76% ▕█████████████     ▏ 3.7 GB/4.9 GB  4.6 MB/s   4m19s[K[?25h[?2026l[?2026h[?25l[A[1Gpulling manifest [K
pulling 667b0c1932bc:  76% ▕█████████████     ▏ 3.7 GB/4.9 GB  4.6 MB/s   4m19s[K[?25h[?2026l[?2026h[?25l[A[1Gpulling manifest [K
pulling 667b0c1932bc:  76% ▕█████████████     ▏ 3.7 GB/4.9 GB  4.6 MB/s   4m19s[K[?25h[?2026l[?2026h[?25l[A[1Gpulling manifest [K
pulling 667b0c1932bc:  76% ▕█████████████     ▏ 3.7 GB/4.9 GB  4.6 MB/s   4m19s[K[?25h[?2026l[?2026h[?25l[A[1Gpulling manifest [K
pulling 667b0c1932bc:  76% ▕█████████████     ▏ 3.7 GB/4.9 GB  4.6 MB/s   4m18s[K[?25h[?2026l[?2026h[?25l[A[1Gpulling manifest [K
pulling 667b0c1932bc:  76% ▕█████████████     ▏ 3.7 GB/4.9 GB  4.6 MB/s   4m18s[K[?25h[?2026l[?2026h[?25l[A[1Gpulling manifest [K
pulling 667b0c1932bc:  76% ▕█████████████     ▏ 3.7 GB/4.9 GB  4.6 MB/s   4m18s[K[?25h[?2026l[?2026h[?25l[A[1Gpulling manifest [K
pulling 667b0c1932bc:  76% ▕█████████████     ▏ 3.7 GB/4.9 GB  4.6 MB/s   4m17s[K[?25h[?2026l[?2026h[?25l[A[1Gpulling manifest [K
pulling 667b0c1932bc:  76% ▕█████████████     ▏ 3.7 GB/4.9 GB  4.6 MB/s   4m17s[K[?25h[?2026l[?2026h[?25l[A[1Gpulling manifest [K
pulling 667b0c1932bc:  76% ▕█████████████     ▏ 3.7 GB/4.9 GB  4.6 MB/s   4m17s[K[?25h[?2026l[?2026h[?25l[A[1Gpulling manifest [K
pulling 667b0c1932bc:  76% ▕█████████████     ▏ 3.7 GB/4.9 GB  4.6 MB/s   4m17s[K[?25h[?2026l[?2026h[?25l[A[1Gpulling manifest [K
pulling 667b0c1932bc:  76% ▕█████████████     ▏ 3.7 GB/4.9 GB  4.6 MB/s   4m16s[K[?25h[?2026l[?2026h[?25l[A[1Gpulling manifest [K
pulling 667b0c1932bc:  76% ▕█████████████     ▏ 3.7 GB/4.9 GB  4.6 MB/s   4m16s[K[?25h[?2026l[?2026h[?25l[A[1Gpulling manifest [K
pulling 667b0c1932bc:  76% ▕█████████████     ▏ 3.7 GB/4.9 GB  4.6 MB/s   4m16s[K[?25h[?2026l[?2026h[?25l[A[1Gpulling manifest [K
pulling 667b0c1932bc:  76% ▕█████████████     ▏ 3.7 GB/4.9 GB  4.6 MB/s   4m16s[K[?25h[?2026l[?2026h[?25l[A[1Gpulling manifest [K
pulling 667b0c1932bc:  76% ▕█████████████     ▏ 3.7 GB/4.9 GB  4.6 MB/s   4m16s[K[?25h[?2026l[?2026h[?25l[A[1Gpulling manifest [K
pulling 667b0c1932bc:  76% ▕█████████████     ▏ 3.7 GB/4.9 GB  4.6 MB/s   4m16s[K[?25h[?2026l[?2026h[?25l[A[1Gpulling manifest [K
pulling 667b0c1932bc:  76% ▕█████████████     ▏ 3.7 GB/4.9 GB  4.6 MB/s   4m16s[K[?25h[?2026l[?2026h[?25l[A[1Gpulling manifest [K
pulling 667b0c1932bc:  76% ▕█████████████     ▏ 3.7 GB/4.9 GB  4.6 MB/s   4m17s[K[?25h[?2026l[?2026h[?25l[A[1Gpulling manifest [K
pulling 667b0c1932bc:  76% ▕█████████████     ▏ 3.7 GB/4.9 GB  4.6 MB/s   4m16s[K[?25h[?2026l[?2026h[?25l[A[1Gpulling manifest [K
pulling 667b0c1932bc:  76% ▕█████████████     ▏ 3.7 GB/4.9 GB  4.6 MB/s   4m16s[K[?25h[?2026l[?2026h[?25l[A[1Gpulling manifest [K
pulling 667b0c1932bc:  76% ▕█████████████     ▏ 3.7 GB/4.9 GB  4.6 MB/s   4m16s[K[?25h[?2026l[?2026h[?25l[A[1Gpulling manifest [K
pulling 667b0c1932bc:  76% ▕█████████████     ▏ 3.7 GB/4.9 GB  4.6 MB/s   4m16s[K[?25h[?2026l[?2026h[?25l[A[1Gpulling manifest [K
pulling 667b0c1932bc:  76% ▕█████████████     ▏ 3.7 GB/4.9 GB  4.6 MB/s   4m16s[K[?25h[?2026l[?2026h[?25l[A[1Gpulling manifest [K
pulling 667b0c1932bc:  76% ▕█████████████     ▏ 3.7 GB/4.9 GB  4.6 MB/s   4m16s[K[?25h[?2026l[?2026h[?25l[A[1Gpulling manifest [K
pulling 667b0c1932bc:  76% ▕█████████████     ▏ 3.7 GB/4.9 GB  4.6 MB/s   4m16s[K[?25h[?2026l[?2026h[?25l[A[1Gpulling manifest [K
pulling 667b0c1932bc:  76% ▕█████████████     ▏ 3.7 GB/4.9 GB  4.6 MB/s   4m16s[K[?25h[?2026l[?2026h[?25l[A[1Gpulling manifest [K
pulling 667b0c1932bc:  76% ▕█████████████     ▏ 3.7 GB/4.9 GB  4.6 MB/s   4m16s[K[?25h[?2026l[?2026h[?25l[A[1Gpulling manifest [K
pulling 667b0c1932bc:  76% ▕█████████████     ▏ 3.7 GB/4.9 GB  4.7 MB/s   4m14s[K[?25h[?2026l[?2026h[?25l[A[1Gpulling manifest [K
pulling 667b0c1932bc:  76% ▕█████████████     ▏ 3.7 GB/4.9 GB  4.7 MB/s   4m14s[K[?25h[?2026l[?2026h[?25l[A[1Gpulling manifest [K
pulling 667b0c1932bc:  76% ▕█████████████     ▏ 3.7 GB/4.9 GB  4.7 MB/s   4m14s[K[?25h[?2026l[?2026h[?25l[A[1Gpulling manifest [K
pulling 667b0c1932bc:  76% ▕█████████████     ▏ 3.7 GB/4.9 GB  4.7 MB/s   4m14s[K[?25h[?2026l[?2026h[?25l[A[1Gpulling manifest [K
pulling 667b0c1932bc:  76% ▕█████████████     ▏ 3.7 GB/4.9 GB  4.7 MB/s   4m14s[K[?25h[?2026l[?2026h[?25l[A[1Gpulling manifest [K
pulling 667b0c1932bc:  76% ▕█████████████     ▏ 3.7 GB/4.9 GB  4.7 MB/s   4m13s[K[?25h[?2026l[?2026h[?25l[A[1Gpulling manifest [K
pulling 667b0c1932bc:  76% ▕█████████████     ▏ 3.7 GB/4.9 GB  4.7 MB/s   4m13s[K[?25h[?2026l[?2026h[?25l[A[1Gpulling manifest [K
pulling 667b0c1932bc:  76% ▕█████████████     ▏ 3.7 GB/4.9 GB  4.7 MB/s   4m13s[K[?25h[?2026l[?2026h[?25l[A[1Gpulling manifest [K
pulling 667b0c1932bc:  76% ▕█████████████     ▏ 3.7 GB/4.9 GB  4.7 MB/s   4m13s[K[?25h[?2026l[?2026h[?25l[A[1Gpulling manifest [K
pulling 667b0c1932bc:  76% ▕█████████████     ▏ 3.7 GB/4.9 GB  4.7 MB/s   4m13s[K[?25h[?2026l[?2026h[?25l[A[1Gpulling manifest [K
pulling 667b0c1932bc:  76% ▕█████████████     ▏ 3.7 GB/4.9 GB  4.6 MB/s   4m14s[K[?25h[?2026l[?2026h[?25l[A[1Gpulling manifest [K
pulling 667b0c1932bc:  76% ▕█████████████     ▏ 3.7 GB/4.9 GB  4.6 MB/s   4m14s[K[?25h[?2026l[?2026h[?25l[A[1Gpulling manifest [K
pulling 667b0c1932bc:  76% ▕█████████████     ▏ 3.7 GB/4.9 GB  4.6 MB/s   4m14s[K[?25h[?2026l[?2026h[?25l[A[1Gpulling manifest [K
pulling 667b0c1932bc:  76% ▕█████████████     ▏ 3.7 GB/4.9 GB  4.6 MB/s   4m14s[K[?25h[?2026l[?2026h[?25l[A[1Gpulling manifest [K
pulling 667b0c1932bc:  76% ▕█████████████     ▏ 3.7 GB/4.9 GB  4.6 MB/s   4m14s[K[?25h[?2026l[?2026h[?25l[A[1Gpulling manifest [K
pulling 667b0c1932bc:  76% ▕█████████████     ▏ 3.7 GB/4.9 GB  4.6 MB/s   4m14s[K[?25h[?2026l[?2026h[?25l[A[1Gpulling manifest [K
pulling 667b0c1932bc:  76% ▕█████████████     ▏ 3.7 GB/4.9 GB  4.6 MB/s   4m14s[K[?25h[?2026l[?2026h[?25l[A[1Gpulling manifest [K
pulling 667b0c1932bc:  76% ▕█████████████     ▏ 3.7 GB/4.9 GB  4.6 MB/s   4m14s[K[?25h[?2026l[?2026h[?25l[A[1Gpulling manifest [K
pulling 667b0c1932bc:  76% ▕█████████████     ▏ 3.7 GB/4.9 GB  4.6 MB/s   4m13s[K[?25h[?2026l[?2026h[?25l[A[1Gpulling manifest [K
pulling 667b0c1932bc:  76% ▕█████████████     ▏ 3.7 GB/4.9 GB  4.6 MB/s   4m13s[K[?25h[?2026l[?2026h[?25l[A[1Gpulling manifest [K
pulling 667b0c1932bc:  76% ▕█████████████     ▏ 3.7 GB/4.9 GB  4.6 MB/s   4m17s[K[?25h[?2026l[?2026h[?25l[A[1Gpulling manifest [K
pulling 667b0c1932bc:  76% ▕█████████████     ▏ 3.7 GB/4.9 GB  4.6 MB/s   4m17s[K[?25h[?2026l[?2026h[?25l[A[1Gpulling manifest [K
pulling 667b0c1932bc:  76% ▕█████████████     ▏ 3.7 GB/4.9 GB  4.6 MB/s   4m17s[K[?25h[?2026l[?2026h[?25l[A[1Gpulling manifest [K
pulling 667b0c1932bc:  76% ▕█████████████     ▏ 3.7 GB/4.9 GB  4.6 MB/s   4m17s[K[?25h[?2026l[?2026h[?25l[A[1Gpulling manifest [K
pulling 667b0c1932bc:  76% ▕█████████████     ▏ 3.7 GB/4.9 GB  4.6 MB/s   4m16s[K[?25h[?2026l[?2026h[?25l[A[1Gpulling manifest [K
pulling 667b0c1932bc:  76% ▕█████████████     ▏ 3.7 GB/4.9 GB  4.6 MB/s   4m16s[K[?25h[?2026l[?2026h[?25l[A[1Gpulling manifest [K
pulling 667b0c1932bc:  76% ▕█████████████     ▏ 3.7 GB/4.9 GB  4.6 MB/s   4m16s[K[?25h[?2026l[?2026h[?25l[A[1Gpulling manifest [K
pulling 667b0c1932bc:  76% ▕█████████████     ▏ 3.7 GB/4.9 GB  4.6 MB/s   4m16s[K[?25h[?2026l[?2026h[?25l[A[1Gpulling manifest [K
pulling 667b0c1932bc:  76% ▕█████████████     ▏ 3.7 GB/4.9 GB  4.6 MB/s   4m16s[K[?25h[?2026l[?2026h[?25l[A[1Gpulling manifest [K
pulling 667b0c1932bc:  76% ▕█████████████     ▏ 3.7 GB/4.9 GB  4.6 MB/s   4m16s[K[?25h[?2026l[?2026h[?25l[A[1Gpulling manifest [K
pulling 667b0c1932bc:  76% ▕█████████████     ▏ 3.8 GB/4.9 GB  4.6 MB/s   4m16s[K[?25h[?2026l[?2026h[?25l[A[1Gpulling manifest [K
pulling 667b0c1932bc:  76% ▕█████████████     ▏ 3.8 GB/4.9 GB  4.6 MB/s   4m16s[K[?25h[?2026l[?2026h[?25l[A[1Gpulling manifest [K
pulling 667b0c1932bc:  76% ▕█████████████     ▏ 3.8 GB/4.9 GB  4.6 MB/s   4m16s[K[?25h[?2026l[?2026h[?25l[A[1Gpulling manifest [K
pulling 667b0c1932bc:  76% ▕█████████████     ▏ 3.8 GB/4.9 GB  4.6 MB/s   4m16s[K[?25h[?2026l[?2026h[?25l[A[1Gpulling manifest [K
pulling 667b0c1932bc:  76% ▕█████████████     ▏ 3.8 GB/4.9 GB  4.6 MB/s   4m16s[K[?25h[?2026l[?2026h[?25l[A[1Gpulling manifest [K
pulling 667b0c1932bc:  76% ▕█████████████     ▏ 3.8 GB/4.9 GB  4.6 MB/s   4m16s[K[?25h[?2026l[?2026h[?25l[A[1Gpulling manifest [K
pulling 667b0c1932bc:  76% ▕█████████████     ▏ 3.8 GB/4.9 GB  4.6 MB/s   4m15s[K[?25h[?2026l[?2026h[?25l[A[1Gpulling manifest [K
pulling 667b0c1932bc:  76% ▕█████████████     ▏ 3.8 GB/4.9 GB  4.6 MB/s   4m15s[K[?25h[?2026l[?2026h[?25l[A[1Gpulling manifest [K
pulling 667b0c1932bc:  76% ▕█████████████     ▏ 3.8 GB/4.9 GB  4.6 MB/s   4m15s[K[?25h[?2026l[?2026h[?25l[A[1Gpulling manifest [K
pulling 667b0c1932bc:  76% ▕█████████████     ▏ 3.8 GB/4.9 GB  4.6 MB/s   4m15s[K[?25h[?2026l[?2026h[?25l[A[1Gpulling manifest [K
pulling 667b0c1932bc:  76% ▕█████████████     ▏ 3.8 GB/4.9 GB  4.6 MB/s   4m15s[K[?25h[?2026l[?2026h[?25l[A[1Gpulling manifest [K
pulling 667b0c1932bc:  76% ▕█████████████     ▏ 3.8 GB/4.9 GB  4.6 MB/s   4m14s[K[?25h[?2026l[?2026h[?25l[A[1Gpulling manifest [K
pulling 667b0c1932bc:  76% ▕█████████████     ▏ 3.8 GB/4.9 GB  4.6 MB/s   4m14s[K[?25h[?2026l[?2026h[?25l[A[1Gpulling manifest [K
pulling 667b0c1932bc:  76% ▕█████████████     ▏ 3.8 GB/4.9 GB  4.6 MB/s   4m14s[K[?25h[?2026l[?2026h[?25l[A[1Gpulling manifest [K
pulling 667b0c1932bc:  76% ▕█████████████     ▏ 3.8 GB/4.9 GB  4.6 MB/s   4m14s[K[?25h[?2026l[?2026h[?25l[A[1Gpulling manifest [K
pulling 667b0c1932bc:  76% ▕█████████████     ▏ 3.8 GB/4.9 GB  4.6 MB/s   4m14s[K[?25h[?2026l[?2026h[?25l[A[1Gpulling manifest [K
pulling 667b0c1932bc:  76% ▕█████████████     ▏ 3.8 GB/4.9 GB  4.6 MB/s   4m13s[K[?25h[?2026l[?2026h[?25l[A[1Gpulling manifest [K
pulling 667b0c1932bc:  76% ▕█████████████     ▏ 3.8 GB/4.9 GB  4.6 MB/s   4m13s[K[?25h[?2026l[?2026h[?25l[A[1Gpulling manifest [K
pulling 667b0c1932bc:  76% ▕█████████████     ▏ 3.8 GB/4.9 GB  4.6 MB/s   4m13s[K[?25h[?2026l[?2026h[?25l[A[1Gpulling manifest [K
pulling 667b0c1932bc:  76% ▕█████████████     ▏ 3.8 GB/4.9 GB  4.6 MB/s   4m13s[K[?25h[?2026l[?2026h[?25l[A[1Gpulling manifest [K
pulling 667b0c1932bc:  76% ▕█████████████     ▏ 3.8 GB/4.9 GB  4.6 MB/s   4m13s[K[?25h[?2026l[?2026h[?25l[A[1Gpulling manifest [K
pulling 667b0c1932bc:  76% ▕█████████████     ▏ 3.8 GB/4.9 GB  4.6 MB/s    4m9s[K[?25h[?2026l[?2026h[?25l[A[1Gpulling manifest [K
pulling 667b0c1932bc:  76% ▕█████████████     ▏ 3.8 GB/4.9 GB  4.6 MB/s    4m9s[K[?25h[?2026l[?2026h[?25l[A[1Gpulling manifest [K
pulling 667b0c1932bc:  76% ▕█████████████     ▏ 3.8 GB/4.9 GB  4.6 MB/s    4m9s[K[?25h[?2026l[?2026h[?25l[A[1Gpulling manifest [K
pulling 667b0c1932bc:  76% ▕█████████████     ▏ 3.8 GB/4.9 GB  4.6 MB/s    4m9s[K[?25h[?2026l[?2026h[?25l[A[1Gpulling manifest [K
pulling 667b0c1932bc:  76% ▕█████████████     ▏ 3.8 GB/4.9 GB  4.6 MB/s    4m9s[K[?25h[?2026l[?2026h[?25l[A[1Gpulling manifest [K
pulling 667b0c1932bc:  76% ▕█████████████     ▏ 3.8 GB/4.9 GB  4.6 MB/s    4m9s[K[?25h[?2026l[?2026h[?25l[A[1Gpulling manifest [K
pulling 667b0c1932bc:  76% ▕█████████████     ▏ 3.8 GB/4.9 GB  4.6 MB/s    4m9s[K[?25h[?2026l[?2026h[?25l[A[1Gpulling manifest [K
pulling 667b0c1932bc:  76% ▕█████████████     ▏ 3.8 GB/4.9 GB  4.6 MB/s    4m9s[K[?25h[?2026l[?2026h[?25l[A[1Gpulling manifest [K
pulling 667b0c1932bc:  76% ▕█████████████     ▏ 3.8 GB/4.9 GB  4.6 MB/s    4m8s[K[?25h[?2026l[?2026h[?25l[A[1Gpulling manifest [K
pulling 667b0c1932bc:  77% ▕█████████████     ▏ 3.8 GB/4.9 GB  4.6 MB/s    4m8s[K[?25h[?2026l[?2026h[?25l[A[1Gpulling manifest [K
pulling 667b0c1932bc:  77% ▕█████████████     ▏ 3.8 GB/4.9 GB  4.7 MB/s    4m7s[K[?25h[?2026l[?2026h[?25l[A[1Gpulling manifest [K
pulling 667b0c1932bc:  77% ▕█████████████     ▏ 3.8 GB/4.9 GB  4.7 MB/s    4m7s[K[?25h[?2026l[?2026h[?25l[A[1Gpulling manifest [K
pulling 667b0c1932bc:  77% ▕█████████████     ▏ 3.8 GB/4.9 GB  4.7 MB/s    4m7s[K[?25h[?2026l[?2026h[?25l[A[1Gpulling manifest [K
pulling 667b0c1932bc:  77% ▕█████████████     ▏ 3.8 GB/4.9 GB  4.7 MB/s    4m7s[K[?25h[?2026l[?2026h[?25l[A[1Gpulling manifest [K
pulling 667b0c1932bc:  77% ▕█████████████     ▏ 3.8 GB/4.9 GB  4.7 MB/s    4m7s[K[?25h[?2026l[?2026h[?25l[A[1Gpulling manifest [K
pulling 667b0c1932bc:  77% ▕█████████████     ▏ 3.8 GB/4.9 GB  4.7 MB/s    4m6s[K[?25h[?2026l[?2026h[?25l[A[1Gpulling manifest [K
pulling 667b0c1932bc:  77% ▕█████████████     ▏ 3.8 GB/4.9 GB  4.7 MB/s    4m6s[K[?25h[?2026l[?2026h[?25l[A[1Gpulling manifest [K
pulling 667b0c1932bc:  77% ▕█████████████     ▏ 3.8 GB/4.9 GB  4.7 MB/s    4m6s[K[?25h[?2026l[?2026h[?25l[A[1Gpulling manifest [K
pulling 667b0c1932bc:  77% ▕█████████████     ▏ 3.8 GB/4.9 GB  4.7 MB/s    4m6s[K[?25h[?2026l[?2026h[?25l[A[1Gpulling manifest [K
pulling 667b0c1932bc:  77% ▕█████████████     ▏ 3.8 GB/4.9 GB  4.7 MB/s    4m6s[K[?25h[?2026l[?2026h[?25l[A[1Gpulling manifest [K
pulling 667b0c1932bc:  77% ▕█████████████     ▏ 3.8 GB/4.9 GB  4.6 MB/s    4m9s[K[?25h[?2026l[?2026h[?25l[A[1Gpulling manifest [K
pulling 667b0c1932bc:  77% ▕█████████████     ▏ 3.8 GB/4.9 GB  4.6 MB/s    4m9s[K[?25h[?2026l[?2026h[?25l[A[1Gpulling manifest [K
pulling 667b0c1932bc:  77% ▕█████████████     ▏ 3.8 GB/4.9 GB  4.6 MB/s    4m9s[K[?25h[?2026l[?2026h[?25l[A[1Gpulling manifest [K
pulling 667b0c1932bc:  77% ▕█████████████     ▏ 3.8 GB/4.9 GB  4.6 MB/s    4m9s[K[?25h[?2026l[?2026h[?25l[A[1Gpulling manifest [K
pulling 667b0c1932bc:  77% ▕█████████████     ▏ 3.8 GB/4.9 GB  4.6 MB/s    4m9s[K[?25h[?2026l[?2026h[?25l[A[1Gpulling manifest [K
pulling 667b0c1932bc:  77% ▕█████████████     ▏ 3.8 GB/4.9 GB  4.6 MB/s    4m9s[K[?25h[?2026l[?2026h[?25l[A[1Gpulling manifest [K
pulling 667b0c1932bc:  77% ▕█████████████     ▏ 3.8 GB/4.9 GB  4.6 MB/s    4m9s[K[?25h[?2026l[?2026h[?25l[A[1Gpulling manifest [K
pulling 667b0c1932bc:  77% ▕█████████████     ▏ 3.8 GB/4.9 GB  4.6 MB/s    4m9s[K[?25h[?2026l[?2026h[?25l[A[1Gpulling manifest [K
pulling 667b0c1932bc:  77% ▕█████████████     ▏ 3.8 GB/4.9 GB  4.6 MB/s    4m9s[K[?25h[?2026l[?2026h[?25l[A[1Gpulling manifest [K
pulling 667b0c1932bc:  77% ▕█████████████     ▏ 3.8 GB/4.9 GB  4.6 MB/s    4m9s[K[?25h[?2026l[?2026h[?25l[A[1Gpulling manifest [K
pulling 667b0c1932bc:  77% ▕█████████████     ▏ 3.8 GB/4.9 GB  4.6 MB/s   4m10s[K[?25h[?2026l[?2026h[?25l[A[1Gpulling manifest [K
pulling 667b0c1932bc:  77% ▕█████████████     ▏ 3.8 GB/4.9 GB  4.6 MB/s   4m10s[K[?25h[?2026l[?2026h[?25l[A[1Gpulling manifest [K
pulling 667b0c1932bc:  77% ▕█████████████     ▏ 3.8 GB/4.9 GB  4.6 MB/s   4m10s[K[?25h[?2026l[?2026h[?25l[A[1Gpulling manifest [K
pulling 667b0c1932bc:  77% ▕█████████████     ▏ 3.8 GB/4.9 GB  4.6 MB/s   4m10s[K[?25h[?2026l[?2026h[?25l[A[1Gpulling manifest [K
pulling 667b0c1932bc:  77% ▕█████████████     ▏ 3.8 GB/4.9 GB  4.6 MB/s   4m10s[K[?25h[?2026l[?2026h[?25l[A[1Gpulling manifest [K
pulling 667b0c1932bc:  77% ▕█████████████     ▏ 3.8 GB/4.9 GB  4.6 MB/s   4m10s[K[?25h[?2026l[?2026h[?25l[A[1Gpulling manifest [K
pulling 667b0c1932bc:  77% ▕█████████████     ▏ 3.8 GB/4.9 GB  4.6 MB/s   4m10s[K[?25h[?2026l[?2026h[?25l[A[1Gpulling manifest [K
pulling 667b0c1932bc:  77% ▕█████████████     ▏ 3.8 GB/4.9 GB  4.6 MB/s    4m9s[K[?25h[?2026l[?2026h[?25l[A[1Gpulling manifest [K
pulling 667b0c1932bc:  77% ▕█████████████     ▏ 3.8 GB/4.9 GB  4.6 MB/s    4m9s[K[?25h[?2026l[?2026h[?25l[A[1Gpulling manifest [K
pulling 667b0c1932bc:  77% ▕█████████████     ▏ 3.8 GB/4.9 GB  4.6 MB/s    4m9s[K[?25h[?2026l[?2026h[?25l[A[1Gpulling manifest [K
pulling 667b0c1932bc:  77% ▕█████████████     ▏ 3.8 GB/4.9 GB  4.6 MB/s    4m9s[K[?25h[?2026l[?2026h[?25l[A[1Gpulling manifest [K
pulling 667b0c1932bc:  77% ▕█████████████     ▏ 3.8 GB/4.9 GB  4.5 MB/s   4m11s[K[?25h[?2026l[?2026h[?25l[A[1Gpulling manifest [K
pulling 667b0c1932bc:  77% ▕█████████████     ▏ 3.8 GB/4.9 GB  4.5 MB/s   4m11s[K[?25h[?2026l[?2026h[?25l[A[1Gpulling manifest [K
pulling 667b0c1932bc:  77% ▕█████████████     ▏ 3.8 GB/4.9 GB  4.5 MB/s   4m11s[K[?25h[?2026l[?2026h[?25l[A[1Gpulling manifest [K
pulling 667b0c1932bc:  77% ▕█████████████     ▏ 3.8 GB/4.9 GB  4.5 MB/s   4m11s[K[?25h[?2026l[?2026h[?25l[A[1Gpulling manifest [K
pulling 667b0c1932bc:  77% ▕█████████████     ▏ 3.8 GB/4.9 GB  4.5 MB/s   4m11s[K[?25h[?2026l[?2026h[?25l[A[1Gpulling manifest [K
pulling 667b0c1932bc:  77% ▕█████████████     ▏ 3.8 GB/4.9 GB  4.5 MB/s   4m11s[K[?25h[?2026l[?2026h[?25l[A[1Gpulling manifest [K
pulling 667b0c1932bc:  77% ▕█████████████     ▏ 3.8 GB/4.9 GB  4.5 MB/s   4m11s[K[?25h[?2026l[?2026h[?25l[A[1Gpulling manifest [K
pulling 667b0c1932bc:  77% ▕█████████████     ▏ 3.8 GB/4.9 GB  4.5 MB/s   4m11s[K[?25h[?2026l[?2026h[?25l[A[1Gpulling manifest [K
pulling 667b0c1932bc:  77% ▕█████████████     ▏ 3.8 GB/4.9 GB  4.5 MB/s   4m10s[K[?25h[?2026l[?2026h[?25l[A[1Gpulling manifest [K
pulling 667b0c1932bc:  77% ▕█████████████     ▏ 3.8 GB/4.9 GB  4.5 MB/s   4m10s[K[?25h[?2026l[?2026h[?25l[A[1Gpulling manifest [K
pulling 667b0c1932bc:  77% ▕█████████████     ▏ 3.8 GB/4.9 GB  4.5 MB/s   4m11s[K[?25h[?2026l[?2026h[?25l[A[1Gpulling manifest [K
pulling 667b0c1932bc:  77% ▕█████████████     ▏ 3.8 GB/4.9 GB  4.5 MB/s   4m11s[K[?25h[?2026l[?2026h[?25l[A[1Gpulling manifest [K
pulling 667b0c1932bc:  77% ▕█████████████     ▏ 3.8 GB/4.9 GB  4.5 MB/s   4m11s[K[?25h[?2026l[?2026h[?25l[A[1Gpulling manifest [K
pulling 667b0c1932bc:  77% ▕█████████████     ▏ 3.8 GB/4.9 GB  4.5 MB/s   4m11s[K[?25h[?2026l[?2026h[?25l[A[1Gpulling manifest [K
pulling 667b0c1932bc:  77% ▕█████████████     ▏ 3.8 GB/4.9 GB  4.5 MB/s   4m10s[K[?25h[?2026l[?2026h[?25l[A[1Gpulling manifest [K
pulling 667b0c1932bc:  77% ▕█████████████     ▏ 3.8 GB/4.9 GB  4.5 MB/s   4m10s[K[?25h[?2026l[?2026h[?25l[A[1Gpulling manifest [K
pulling 667b0c1932bc:  77% ▕█████████████     ▏ 3.8 GB/4.9 GB  4.5 MB/s   4m10s[K[?25h[?2026l[?2026h[?25l[A[1Gpulling manifest [K
pulling 667b0c1932bc:  77% ▕█████████████     ▏ 3.8 GB/4.9 GB  4.5 MB/s   4m10s[K[?25h[?2026l[?2026h[?25l[A[1Gpulling manifest [K
pulling 667b0c1932bc:  77% ▕█████████████     ▏ 3.8 GB/4.9 GB  4.5 MB/s   4m10s[K[?25h[?2026l[?2026h[?25l[A[1Gpulling manifest [K
pulling 667b0c1932bc:  77% ▕█████████████     ▏ 3.8 GB/4.9 GB  4.5 MB/s   4m10s[K[?25h[?2026l[?2026h[?25l[A[1Gpulling manifest [K
pulling 667b0c1932bc:  77% ▕█████████████     ▏ 3.8 GB/4.9 GB  4.6 MB/s    4m7s[K[?25h[?2026l[?2026h[?25l[A[1Gpulling manifest [K
pulling 667b0c1932bc:  77% ▕█████████████     ▏ 3.8 GB/4.9 GB  4.6 MB/s    4m6s[K[?25h[?2026l[?2026h[?25l[A[1Gpulling manifest [K
pulling 667b0c1932bc:  77% ▕█████████████     ▏ 3.8 GB/4.9 GB  4.6 MB/s    4m6s[K[?25h[?2026l[?2026h[?25l[A[1Gpulling manifest [K
pulling 667b0c1932bc:  77% ▕█████████████     ▏ 3.8 GB/4.9 GB  4.6 MB/s    4m6s[K[?25h[?2026l[?2026h[?25l[A[1Gpulling manifest [K
pulling 667b0c1932bc:  77% ▕█████████████     ▏ 3.8 GB/4.9 GB  4.6 MB/s    4m6s[K[?25h[?2026l[?2026h[?25l[A[1Gpulling manifest [K
pulling 667b0c1932bc:  77% ▕█████████████     ▏ 3.8 GB/4.9 GB  4.6 MB/s    4m6s[K[?25h[?2026l[?2026h[?25l[A[1Gpulling manifest [K
pulling 667b0c1932bc:  77% ▕█████████████     ▏ 3.8 GB/4.9 GB  4.6 MB/s    4m6s[K[?25h[?2026l[?2026h[?25l[A[1Gpulling manifest [K
pulling 667b0c1932bc:  77% ▕█████████████     ▏ 3.8 GB/4.9 GB  4.6 MB/s    4m6s[K[?25h[?2026l[?2026h[?25l[A[1Gpulling manifest [K
pulling 667b0c1932bc:  77% ▕█████████████     ▏ 3.8 GB/4.9 GB  4.6 MB/s    4m6s[K[?25h[?2026l[?2026h[?25l[A[1Gpulling manifest [K
pulling 667b0c1932bc:  77% ▕█████████████     ▏ 3.8 GB/4.9 GB  4.6 MB/s    4m6s[K[?25h[?2026l[?2026h[?25l[A[1Gpulling manifest [K
pulling 667b0c1932bc:  77% ▕█████████████     ▏ 3.8 GB/4.9 GB  4.6 MB/s    4m7s[K[?25h[?2026l[?2026h[?25l[A[1Gpulling manifest [K
pulling 667b0c1932bc:  77% ▕█████████████     ▏ 3.8 GB/4.9 GB  4.6 MB/s    4m7s[K[?25h[?2026l[?2026h[?25l[A[1Gpulling manifest [K
pulling 667b0c1932bc:  77% ▕█████████████     ▏ 3.8 GB/4.9 GB  4.6 MB/s    4m7s[K[?25h[?2026l[?2026h[?25l[A[1Gpulling manifest [K
pulling 667b0c1932bc:  77% ▕█████████████     ▏ 3.8 GB/4.9 GB  4.6 MB/s    4m7s[K[?25h[?2026l[?2026h[?25l[A[1Gpulling manifest [K
pulling 667b0c1932bc:  77% ▕█████████████     ▏ 3.8 GB/4.9 GB  4.6 MB/s    4m7s[K[?25h[?2026l[?2026h[?25l[A[1Gpulling manifest [K
pulling 667b0c1932bc:  77% ▕█████████████     ▏ 3.8 GB/4.9 GB  4.6 MB/s    4m7s[K[?25h[?2026l[?2026h[?25l[A[1Gpulling manifest [K
pulling 667b0c1932bc:  77% ▕█████████████     ▏ 3.8 GB/4.9 GB  4.6 MB/s    4m7s[K[?25h[?2026l[?2026h[?25l[A[1Gpulling manifest [K
pulling 667b0c1932bc:  77% ▕█████████████     ▏ 3.8 GB/4.9 GB  4.6 MB/s    4m6s[K[?25h[?2026l[?2026h[?25l[A[1Gpulling manifest [K
pulling 667b0c1932bc:  77% ▕█████████████     ▏ 3.8 GB/4.9 GB  4.6 MB/s    4m6s[K[?25h[?2026l[?2026h[?25l[A[1Gpulling manifest [K
pulling 667b0c1932bc:  77% ▕█████████████     ▏ 3.8 GB/4.9 GB  4.6 MB/s    4m6s[K[?25h[?2026l[?2026h[?25l[A[1Gpulling manifest [K
pulling 667b0c1932bc:  77% ▕█████████████     ▏ 3.8 GB/4.9 GB  4.5 MB/s    4m9s[K[?25h[?2026l[?2026h[?25l[A[1Gpulling manifest [K
pulling 667b0c1932bc:  77% ▕█████████████     ▏ 3.8 GB/4.9 GB  4.5 MB/s    4m9s[K[?25h[?2026l[?2026h[?25l[A[1Gpulling manifest [K
pulling 667b0c1932bc:  77% ▕█████████████     ▏ 3.8 GB/4.9 GB  4.5 MB/s    4m9s[K[?25h[?2026l[?2026h[?25l[A[1Gpulling manifest [K
pulling 667b0c1932bc:  77% ▕█████████████     ▏ 3.8 GB/4.9 GB  4.5 MB/s    4m9s[K[?25h[?2026l[?2026h[?25l[A[1Gpulling manifest [K
pulling 667b0c1932bc:  77% ▕█████████████     ▏ 3.8 GB/4.9 GB  4.5 MB/s    4m9s[K[?25h[?2026l[?2026h[?25l[A[1Gpulling manifest [K
pulling 667b0c1932bc:  77% ▕█████████████     ▏ 3.8 GB/4.9 GB  4.5 MB/s    4m9s[K[?25h[?2026l[?2026h[?25l[A[1Gpulling manifest [K
pulling 667b0c1932bc:  77% ▕█████████████     ▏ 3.8 GB/4.9 GB  4.5 MB/s    4m8s[K[?25h[?2026l[?2026h[?25l[A[1Gpulling manifest [K
pulling 667b0c1932bc:  77% ▕█████████████     ▏ 3.8 GB/4.9 GB  4.5 MB/s    4m8s[K[?25h[?2026l[?2026h[?25l[A[1Gpulling manifest [K
pulling 667b0c1932bc:  77% ▕█████████████     ▏ 3.8 GB/4.9 GB  4.5 MB/s    4m8s[K[?25h[?2026l[?2026h[?25l[A[1Gpulling manifest [K
pulling 667b0c1932bc:  77% ▕█████████████     ▏ 3.8 GB/4.9 GB  4.5 MB/s    4m8s[K[?25h[?2026l[?2026h[?25l[A[1Gpulling manifest [K
pulling 667b0c1932bc:  77% ▕█████████████     ▏ 3.8 GB/4.9 GB  4.5 MB/s    4m8s[K[?25h[?2026l[?2026h[?25l[A[1Gpulling manifest [K
pulling 667b0c1932bc:  77% ▕█████████████     ▏ 3.8 GB/4.9 GB  4.5 MB/s   4m11s[K[?25h[?2026l[?2026h[?25l[A[1Gpulling manifest [K
pulling 667b0c1932bc:  77% ▕█████████████     ▏ 3.8 GB/4.9 GB  4.5 MB/s   4m11s[K[?25h[?2026l[?2026h[?25l[A[1Gpulling manifest [K
pulling 667b0c1932bc:  77% ▕█████████████     ▏ 3.8 GB/4.9 GB  4.5 MB/s   4m11s[K[?25h[?2026l[?2026h[?25l[A[1Gpulling manifest [K
pulling 667b0c1932bc:  77% ▕█████████████     ▏ 3.8 GB/4.9 GB  4.5 MB/s   4m11s[K[?25h[?2026l[?2026h[?25l[A[1Gpulling manifest [K
pulling 667b0c1932bc:  77% ▕█████████████     ▏ 3.8 GB/4.9 GB  4.5 MB/s   4m11s[K[?25h[?2026l[?2026h[?25l[A[1Gpulling manifest [K
pulling 667b0c1932bc:  77% ▕█████████████     ▏ 3.8 GB/4.9 GB  4.5 MB/s   4m11s[K[?25h[?2026l[?2026h[?25l[A[1Gpulling manifest [K
pulling 667b0c1932bc:  77% ▕█████████████     ▏ 3.8 GB/4.9 GB  4.5 MB/s   4m11s[K[?25h[?2026l[?2026h[?25l[A[1Gpulling manifest [K
pulling 667b0c1932bc:  77% ▕█████████████     ▏ 3.8 GB/4.9 GB  4.5 MB/s   4m11s[K[?25h[?2026l[?2026h[?25l[A[1Gpulling manifest [K
pulling 667b0c1932bc:  77% ▕█████████████     ▏ 3.8 GB/4.9 GB  4.5 MB/s   4m10s[K[?25h[?2026l[?2026h[?25l[A[1Gpulling manifest [K
pulling 667b0c1932bc:  77% ▕█████████████     ▏ 3.8 GB/4.9 GB  4.5 MB/s   4m10s[K[?25h[?2026l[?2026h[?25l[A[1Gpulling manifest [K
pulling 667b0c1932bc:  77% ▕█████████████     ▏ 3.8 GB/4.9 GB  4.4 MB/s   4m13s[K[?25h[?2026l[?2026h[?25l[A[1Gpulling manifest [K
pulling 667b0c1932bc:  77% ▕█████████████     ▏ 3.8 GB/4.9 GB  4.4 MB/s   4m13s[K[?25h[?2026l[?2026h[?25l[A[1Gpulling manifest [K
pulling 667b0c1932bc:  77% ▕█████████████     ▏ 3.8 GB/4.9 GB  4.4 MB/s   4m13s[K[?25h[?2026l[?2026h[?25l[A[1Gpulling manifest [K
pulling 667b0c1932bc:  77% ▕█████████████     ▏ 3.8 GB/4.9 GB  4.4 MB/s   4m13s[K[?25h[?2026l[?2026h[?25l[A[1Gpulling manifest [K
pulling 667b0c1932bc:  77% ▕█████████████     ▏ 3.8 GB/4.9 GB  4.4 MB/s   4m13s[K[?25h[?2026l[?2026h[?25l[A[1Gpulling manifest [K
pulling 667b0c1932bc:  77% ▕█████████████     ▏ 3.8 GB/4.9 GB  4.4 MB/s   4m12s[K[?25h[?2026l[?2026h[?25l[A[1Gpulling manifest [K
pulling 667b0c1932bc:  77% ▕█████████████     ▏ 3.8 GB/4.9 GB  4.4 MB/s   4m12s[K[?25h[?2026l[?2026h[?25l[A[1Gpulling manifest [K
pulling 667b0c1932bc:  77% ▕█████████████     ▏ 3.8 GB/4.9 GB  4.4 MB/s   4m12s[K[?25h[?2026l[?2026h[?25l[A[1Gpulling manifest [K
pulling 667b0c1932bc:  77% ▕█████████████     ▏ 3.8 GB/4.9 GB  4.4 MB/s   4m12s[K[?25h[?2026l[?2026h[?25l[A[1Gpulling manifest [K
pulling 667b0c1932bc:  77% ▕█████████████     ▏ 3.8 GB/4.9 GB  4.4 MB/s   4m12s[K[?25h[?2026l[?2026h[?25l[A[1Gpulling manifest [K
pulling 667b0c1932bc:  77% ▕█████████████     ▏ 3.8 GB/4.9 GB  4.4 MB/s   4m13s[K[?25h[?2026l[?2026h[?25l[A[1Gpulling manifest [K
pulling 667b0c1932bc:  77% ▕█████████████     ▏ 3.8 GB/4.9 GB  4.4 MB/s   4m13s[K[?25h[?2026l[?2026h[?25l[A[1Gpulling manifest [K
pulling 667b0c1932bc:  77% ▕█████████████     ▏ 3.8 GB/4.9 GB  4.4 MB/s   4m13s[K[?25h[?2026l[?2026h[?25l[A[1Gpulling manifest [K
pulling 667b0c1932bc:  77% ▕█████████████     ▏ 3.8 GB/4.9 GB  4.4 MB/s   4m13s[K[?25h[?2026l[?2026h[?25l[A[1Gpulling manifest [K
pulling 667b0c1932bc:  77% ▕█████████████     ▏ 3.8 GB/4.9 GB  4.4 MB/s   4m13s[K[?25h[?2026l[?2026h[?25l[A[1Gpulling manifest [K
pulling 667b0c1932bc:  77% ▕█████████████     ▏ 3.8 GB/4.9 GB  4.4 MB/s   4m12s[K[?25h[?2026l[?2026h[?25l[A[1Gpulling manifest [K
pulling 667b0c1932bc:  77% ▕█████████████     ▏ 3.8 GB/4.9 GB  4.4 MB/s   4m12s[K[?25h[?2026l[?2026h[?25l[A[1Gpulling manifest [K
pulling 667b0c1932bc:  77% ▕█████████████     ▏ 3.8 GB/4.9 GB  4.4 MB/s   4m12s[K[?25h[?2026l[?2026h[?25l[A[1Gpulling manifest [K
pulling 667b0c1932bc:  77% ▕█████████████     ▏ 3.8 GB/4.9 GB  4.4 MB/s   4m12s[K[?25h[?2026l[?2026h[?25l[A[1Gpulling manifest [K
pulling 667b0c1932bc:  77% ▕█████████████     ▏ 3.8 GB/4.9 GB  4.4 MB/s   4m12s[K[?25h[?2026l[?2026h[?25l[A[1Gpulling manifest [K
pulling 667b0c1932bc:  78% ▕█████████████     ▏ 3.8 GB/4.9 GB  4.4 MB/s    4m9s[K[?25h[?2026l[?2026h[?25l[A[1Gpulling manifest [K
pulling 667b0c1932bc:  78% ▕█████████████     ▏ 3.8 GB/4.9 GB  4.4 MB/s    4m9s[K[?25h[?2026l[?2026h[?25l[A[1Gpulling manifest [K
pulling 667b0c1932bc:  78% ▕█████████████     ▏ 3.8 GB/4.9 GB  4.4 MB/s    4m9s[K[?25h[?2026l[?2026h[?25l[A[1Gpulling manifest [K
pulling 667b0c1932bc:  78% ▕█████████████     ▏ 3.8 GB/4.9 GB  4.4 MB/s    4m8s[K[?25h[?2026l[?2026h[?25l[A[1Gpulling manifest [K
pulling 667b0c1932bc:  78% ▕█████████████     ▏ 3.8 GB/4.9 GB  4.4 MB/s    4m8s[K[?25h[?2026l[?2026h[?25l[A[1Gpulling manifest [K
pulling 667b0c1932bc:  78% ▕█████████████     ▏ 3.8 GB/4.9 GB  4.4 MB/s    4m8s[K[?25h[?2026l[?2026h[?25l[A[1Gpulling manifest [K
pulling 667b0c1932bc:  78% ▕█████████████     ▏ 3.8 GB/4.9 GB  4.4 MB/s    4m8s[K[?25h[?2026l[?2026h[?25l[A[1Gpulling manifest [K
pulling 667b0c1932bc:  78% ▕█████████████     ▏ 3.8 GB/4.9 GB  4.4 MB/s    4m8s[K[?25h[?2026l[?2026h[?25l[A[1Gpulling manifest [K
pulling 667b0c1932bc:  78% ▕█████████████     ▏ 3.8 GB/4.9 GB  4.4 MB/s    4m8s[K[?25h[?2026l[?2026h[?25l[A[1Gpulling manifest [K
pulling 667b0c1932bc:  78% ▕█████████████     ▏ 3.8 GB/4.9 GB  4.4 MB/s    4m8s[K[?25h[?2026l[?2026h[?25l[A[1Gpulling manifest [K
pulling 667b0c1932bc:  78% ▕█████████████     ▏ 3.8 GB/4.9 GB  4.5 MB/s    4m7s[K[?25h[?2026l[?2026h[?25l[A[1Gpulling manifest [K
pulling 667b0c1932bc:  78% ▕█████████████     ▏ 3.8 GB/4.9 GB  4.5 MB/s    4m7s[K[?25h[?2026l[?2026h[?25l[A[1Gpulling manifest [K
pulling 667b0c1932bc:  78% ▕█████████████     ▏ 3.8 GB/4.9 GB  4.5 MB/s    4m7s[K[?25h[?2026l[?2026h[?25l[A[1Gpulling manifest [K
pulling 667b0c1932bc:  78% ▕█████████████     ▏ 3.8 GB/4.9 GB  4.5 MB/s    4m6s[K[?25h[?2026l[?2026h[?25l[A[1Gpulling manifest [K
pulling 667b0c1932bc:  78% ▕█████████████     ▏ 3.8 GB/4.9 GB  4.5 MB/s    4m6s[K[?25h[?2026l[?2026h[?25l[A[1Gpulling manifest [K
pulling 667b0c1932bc:  78% ▕█████████████     ▏ 3.8 GB/4.9 GB  4.5 MB/s    4m6s[K[?25h[?2026l[?2026h[?25l[A[1Gpulling manifest [K
pulling 667b0c1932bc:  78% ▕█████████████     ▏ 3.8 GB/4.9 GB  4.5 MB/s    4m6s[K[?25h[?2026l[?2026h[?25l[A[1Gpulling manifest [K
pulling 667b0c1932bc:  78% ▕█████████████     ▏ 3.8 GB/4.9 GB  4.5 MB/s    4m6s[K[?25h[?2026l[?2026h[?25l[A[1Gpulling manifest [K
pulling 667b0c1932bc:  78% ▕█████████████     ▏ 3.8 GB/4.9 GB  4.5 MB/s    4m6s[K[?25h[?2026l[?2026h[?25l[A[1Gpulling manifest [K
pulling 667b0c1932bc:  78% ▕█████████████     ▏ 3.8 GB/4.9 GB  4.5 MB/s    4m6s[K[?25h[?2026l[?2026h[?25l[A[1Gpulling manifest [K
pulling 667b0c1932bc:  78% ▕█████████████     ▏ 3.8 GB/4.9 GB  4.5 MB/s    4m6s[K[?25h[?2026l[?2026h[?25l[A[1Gpulling manifest [K
pulling 667b0c1932bc:  78% ▕█████████████     ▏ 3.8 GB/4.9 GB  4.4 MB/s    4m7s[K[?25h[?2026l[?2026h[?25l[A[1Gpulling manifest [K
pulling 667b0c1932bc:  78% ▕█████████████     ▏ 3.8 GB/4.9 GB  4.4 MB/s    4m7s[K[?25h[?2026l[?2026h[?25l[A[1Gpulling manifest [K
pulling 667b0c1932bc:  78% ▕█████████████     ▏ 3.8 GB/4.9 GB  4.4 MB/s    4m7s[K[?25h[?2026l[?2026h[?25l[A[1Gpulling manifest [K
pulling 667b0c1932bc:  78% ▕█████████████     ▏ 3.8 GB/4.9 GB  4.4 MB/s    4m7s[K[?25h[?2026l[?2026h[?25l[A[1Gpulling manifest [K
pulling 667b0c1932bc:  78% ▕█████████████     ▏ 3.8 GB/4.9 GB  4.4 MB/s    4m7s[K[?25h[?2026l[?2026h[?25l[A[1Gpulling manifest [K
pulling 667b0c1932bc:  78% ▕█████████████     ▏ 3.8 GB/4.9 GB  4.4 MB/s    4m7s[K[?25h[?2026l[?2026h[?25l[A[1Gpulling manifest [K
pulling 667b0c1932bc:  78% ▕█████████████     ▏ 3.8 GB/4.9 GB  4.4 MB/s    4m7s[K[?25h[?2026l[?2026h[?25l[A[1Gpulling manifest [K
pulling 667b0c1932bc:  78% ▕█████████████     ▏ 3.8 GB/4.9 GB  4.4 MB/s    4m7s[K[?25h[?2026l[?2026h[?25l[A[1Gpulling manifest [K
pulling 667b0c1932bc:  78% ▕█████████████     ▏ 3.8 GB/4.9 GB  4.4 MB/s    4m7s[K[?25h[?2026l[?2026h[?25l[A[1Gpulling manifest [K
pulling 667b0c1932bc:  78% ▕█████████████     ▏ 3.8 GB/4.9 GB  4.4 MB/s    4m7s[K[?25h[?2026l[?2026h[?25l[A[1Gpulling manifest [K
pulling 667b0c1932bc:  78% ▕█████████████     ▏ 3.8 GB/4.9 GB  4.3 MB/s   4m15s[K[?25h[?2026l[?2026h[?25l[A[1Gpulling manifest [K
pulling 667b0c1932bc:  78% ▕█████████████     ▏ 3.8 GB/4.9 GB  4.3 MB/s   4m14s[K[?25h[?2026l[?2026h[?25l[A[1Gpulling manifest [K
pulling 667b0c1932bc:  78% ▕█████████████     ▏ 3.8 GB/4.9 GB  4.3 MB/s   4m14s[K[?25h[?2026l[?2026h[?25l[A[1Gpulling manifest [K
pulling 667b0c1932bc:  78% ▕██████████████    ▏ 3.8 GB/4.9 GB  4.3 MB/s   4m14s[K[?25h[?2026l[?2026h[?25l[A[1Gpulling manifest [K
pulling 667b0c1932bc:  78% ▕██████████████    ▏ 3.8 GB/4.9 GB  4.3 MB/s   4m14s[K[?25h[?2026l[?2026h[?25l[A[1Gpulling manifest [K
pulling 667b0c1932bc:  78% ▕██████████████    ▏ 3.8 GB/4.9 GB  4.3 MB/s   4m14s[K[?25h[?2026l[?2026h[?25l[A[1Gpulling manifest [K
pulling 667b0c1932bc:  78% ▕██████████████    ▏ 3.8 GB/4.9 GB  4.3 MB/s   4m14s[K[?25h[?2026l[?2026h[?25l[A[1Gpulling manifest [K
pulling 667b0c1932bc:  78% ▕██████████████    ▏ 3.8 GB/4.9 GB  4.3 MB/s   4m14s[K[?25h[?2026l[?2026h[?25l[A[1Gpulling manifest [K
pulling 667b0c1932bc:  78% ▕██████████████    ▏ 3.8 GB/4.9 GB  4.3 MB/s   4m14s[K[?25h[?2026l[?2026h[?25l[A[1Gpulling manifest [K
pulling 667b0c1932bc:  78% ▕██████████████    ▏ 3.8 GB/4.9 GB  4.3 MB/s   4m14s[K[?25h[?2026l[?2026h[?25l[A[1Gpulling manifest [K
pulling 667b0c1932bc:  78% ▕██████████████    ▏ 3.8 GB/4.9 GB  4.3 MB/s   4m15s[K[?25h[?2026l[?2026h[?25l[A[1Gpulling manifest [K
pulling 667b0c1932bc:  78% ▕██████████████    ▏ 3.8 GB/4.9 GB  4.3 MB/s   4m15s[K[?25h[?2026l[?2026h[?25l[A[1Gpulling manifest [K
pulling 667b0c1932bc:  78% ▕██████████████    ▏ 3.8 GB/4.9 GB  4.3 MB/s   4m15s[K[?25h[?2026l[?2026h[?25l[A[1Gpulling manifest [K
pulling 667b0c1932bc:  78% ▕██████████████    ▏ 3.8 GB/4.9 GB  4.3 MB/s   4m15s[K[?25h[?2026l[?2026h[?25l[A[1Gpulling manifest [K
pulling 667b0c1932bc:  78% ▕██████████████    ▏ 3.8 GB/4.9 GB  4.3 MB/s   4m15s[K[?25h[?2026l[?2026h[?25l[A[1Gpulling manifest [K
pulling 667b0c1932bc:  78% ▕██████████████    ▏ 3.8 GB/4.9 GB  4.3 MB/s   4m14s[K[?25h[?2026l[?2026h[?25l[A[1Gpulling manifest [K
pulling 667b0c1932bc:  78% ▕██████████████    ▏ 3.8 GB/4.9 GB  4.3 MB/s   4m14s[K[?25h[?2026l[?2026h[?25l[A[1Gpulling manifest [K
pulling 667b0c1932bc:  78% ▕██████████████    ▏ 3.8 GB/4.9 GB  4.3 MB/s   4m14s[K[?25h[?2026l[?2026h[?25l[A[1Gpulling manifest [K
pulling 667b0c1932bc:  78% ▕██████████████    ▏ 3.8 GB/4.9 GB  4.3 MB/s   4m14s[K[?25h[?2026l[?2026h[?25l[A[1Gpulling manifest [K
pulling 667b0c1932bc:  78% ▕██████████████    ▏ 3.8 GB/4.9 GB  4.3 MB/s   4m14s[K[?25h[?2026l[?2026h[?25l[A[1Gpulling manifest [K
pulling 667b0c1932bc:  78% ▕██████████████    ▏ 3.8 GB/4.9 GB  4.3 MB/s   4m11s[K[?25h[?2026l[?2026h[?25l[A[1Gpulling manifest [K
pulling 667b0c1932bc:  78% ▕██████████████    ▏ 3.8 GB/4.9 GB  4.3 MB/s   4m11s[K[?25h[?2026l[?2026h[?25l[A[1Gpulling manifest [K
pulling 667b0c1932bc:  78% ▕██████████████    ▏ 3.8 GB/4.9 GB  4.3 MB/s   4m11s[K[?25h[?2026l[?2026h[?25l[A[1Gpulling manifest [K
pulling 667b0c1932bc:  78% ▕██████████████    ▏ 3.8 GB/4.9 GB  4.3 MB/s   4m11s[K[?25h[?2026l[?2026h[?25l[A[1Gpulling manifest [K
pulling 667b0c1932bc:  78% ▕██████████████    ▏ 3.8 GB/4.9 GB  4.3 MB/s   4m11s[K[?25h[?2026l[?2026h[?25l[A[1Gpulling manifest [K
pulling 667b0c1932bc:  78% ▕██████████████    ▏ 3.8 GB/4.9 GB  4.3 MB/s   4m11s[K[?25h[?2026l[?2026h[?25l[A[1Gpulling manifest [K
pulling 667b0c1932bc:  78% ▕██████████████    ▏ 3.8 GB/4.9 GB  4.3 MB/s   4m10s[K[?25h[?2026l[?2026h[?25l[A[1Gpulling manifest [K
pulling 667b0c1932bc:  78% ▕██████████████    ▏ 3.8 GB/4.9 GB  4.3 MB/s   4m10s[K[?25h[?2026l[?2026h[?25l[A[1Gpulling manifest [K
pulling 667b0c1932bc:  78% ▕██████████████    ▏ 3.8 GB/4.9 GB  4.3 MB/s   4m10s[K[?25h[?2026l[?2026h[?25l[A[1Gpulling manifest [K
pulling 667b0c1932bc:  78% ▕██████████████    ▏ 3.8 GB/4.9 GB  4.3 MB/s   4m10s[K[?25h[?2026l[?2026h[?25l[A[1Gpulling manifest [K
pulling 667b0c1932bc:  78% ▕██████████████    ▏ 3.8 GB/4.9 GB  4.3 MB/s    4m9s[K[?25h[?2026l[?2026h[?25l[A[1Gpulling manifest [K
pulling 667b0c1932bc:  78% ▕██████████████    ▏ 3.8 GB/4.9 GB  4.3 MB/s    4m9s[K[?25h[?2026l[?2026h[?25l[A[1Gpulling manifest [K
pulling 667b0c1932bc:  78% ▕██████████████    ▏ 3.8 GB/4.9 GB  4.3 MB/s    4m9s[K[?25h[?2026l[?2026h[?25l[A[1Gpulling manifest [K
pulling 667b0c1932bc:  78% ▕██████████████    ▏ 3.8 GB/4.9 GB  4.3 MB/s    4m9s[K[?25h[?2026l[?2026h[?25l[A[1Gpulling manifest [K
pulling 667b0c1932bc:  78% ▕██████████████    ▏ 3.8 GB/4.9 GB  4.3 MB/s    4m8s[K[?25h[?2026l[?2026h[?25l[A[1Gpulling manifest [K
pulling 667b0c1932bc:  78% ▕██████████████    ▏ 3.8 GB/4.9 GB  4.3 MB/s    4m8s[K[?25h[?2026l[?2026h[?25l[A[1Gpulling manifest [K
pulling 667b0c1932bc:  78% ▕██████████████    ▏ 3.8 GB/4.9 GB  4.3 MB/s    4m8s[K[?25h[?2026l[?2026h[?25l[A[1Gpulling manifest [K
pulling 667b0c1932bc:  78% ▕██████████████    ▏ 3.8 GB/4.9 GB  4.3 MB/s    4m8s[K[?25h[?2026l[?2026h[?25l[A[1Gpulling manifest [K
pulling 667b0c1932bc:  78% ▕██████████████    ▏ 3.8 GB/4.9 GB  4.3 MB/s    4m8s[K[?25h[?2026l[?2026h[?25l[A[1Gpulling manifest [K
pulling 667b0c1932bc:  78% ▕██████████████    ▏ 3.8 GB/4.9 GB  4.3 MB/s    4m8s[K[?25h[?2026l[?2026h[?25l[A[1Gpulling manifest [K
pulling 667b0c1932bc:  78% ▕██████████████    ▏ 3.8 GB/4.9 GB  4.3 MB/s    4m8s[K[?25h[?2026l[?2026h[?25l[A[1Gpulling manifest [K
pulling 667b0c1932bc:  78% ▕██████████████    ▏ 3.8 GB/4.9 GB  4.3 MB/s    4m7s[K[?25h[?2026l[?2026h[?25l[A[1Gpulling manifest [K
pulling 667b0c1932bc:  78% ▕██████████████    ▏ 3.8 GB/4.9 GB  4.3 MB/s    4m7s[K[?25h[?2026l[?2026h[?25l[A[1Gpulling manifest [K
pulling 667b0c1932bc:  78% ▕██████████████    ▏ 3.8 GB/4.9 GB  4.3 MB/s    4m7s[K[?25h[?2026l[?2026h[?25l[A[1Gpulling manifest [K
pulling 667b0c1932bc:  78% ▕██████████████    ▏ 3.8 GB/4.9 GB  4.3 MB/s    4m7s[K[?25h[?2026l[?2026h[?25l[A[1Gpulling manifest [K
pulling 667b0c1932bc:  78% ▕██████████████    ▏ 3.8 GB/4.9 GB  4.3 MB/s    4m7s[K[?25h[?2026l[?2026h[?25l[A[1Gpulling manifest [K
pulling 667b0c1932bc:  78% ▕██████████████    ▏ 3.8 GB/4.9 GB  4.3 MB/s    4m7s[K[?25h[?2026l[?2026h[?25l[A[1Gpulling manifest [K
pulling 667b0c1932bc:  78% ▕██████████████    ▏ 3.8 GB/4.9 GB  4.3 MB/s    4m7s[K[?25h[?2026l[?2026h[?25l[A[1Gpulling manifest [K
pulling 667b0c1932bc:  78% ▕██████████████    ▏ 3.8 GB/4.9 GB  4.3 MB/s    4m7s[K[?25h[?2026l[?2026h[?25l[A[1Gpulling manifest [K
pulling 667b0c1932bc:  78% ▕██████████████    ▏ 3.8 GB/4.9 GB  4.3 MB/s    4m7s[K[?25h[?2026l[?2026h[?25l[A[1Gpulling manifest [K
pulling 667b0c1932bc:  78% ▕██████████████    ▏ 3.8 GB/4.9 GB  4.3 MB/s    4m7s[K[?25h[?2026l[?2026h[?25l[A[1Gpulling manifest [K
pulling 667b0c1932bc:  78% ▕██████████████    ▏ 3.8 GB/4.9 GB  4.4 MB/s    4m6s[K[?25h[?2026l[?2026h[?25l[A[1Gpulling manifest [K
pulling 667b0c1932bc:  78% ▕██████████████    ▏ 3.8 GB/4.9 GB  4.4 MB/s    4m6s[K[?25h[?2026l[?2026h[?25l[A[1Gpulling manifest [K
pulling 667b0c1932bc:  78% ▕██████████████    ▏ 3.8 GB/4.9 GB  4.4 MB/s    4m6s[K[?25h[?2026l[?2026h[?25l[A[1Gpulling manifest [K
pulling 667b0c1932bc:  78% ▕██████████████    ▏ 3.8 GB/4.9 GB  4.4 MB/s    4m6s[K[?25h[?2026l[?2026h[?25l[A[1Gpulling manifest [K
pulling 667b0c1932bc:  78% ▕██████████████    ▏ 3.8 GB/4.9 GB  4.4 MB/s    4m6s[K[?25h[?2026l[?2026h[?25l[A[1Gpulling manifest [K
pulling 667b0c1932bc:  78% ▕██████████████    ▏ 3.9 GB/4.9 GB  4.4 MB/s    4m5s[K[?25h[?2026l[?2026h[?25l[A[1Gpulling manifest [K
pulling 667b0c1932bc:  78% ▕██████████████    ▏ 3.9 GB/4.9 GB  4.4 MB/s    4m5s[K[?25h[?2026l[?2026h[?25l[A[1Gpulling manifest [K
pulling 667b0c1932bc:  78% ▕██████████████    ▏ 3.9 GB/4.9 GB  4.4 MB/s    4m5s[K[?25h[?2026l[?2026h[?25l[A[1Gpulling manifest [K
pulling 667b0c1932bc:  78% ▕██████████████    ▏ 3.9 GB/4.9 GB  4.4 MB/s    4m5s[K[?25h[?2026l[?2026h[?25l[A[1Gpulling manifest [K
pulling 667b0c1932bc:  78% ▕██████████████    ▏ 3.9 GB/4.9 GB  4.4 MB/s    4m5s[K[?25h[?2026l[?2026h[?25l[A[1Gpulling manifest [K
pulling 667b0c1932bc:  78% ▕██████████████    ▏ 3.9 GB/4.9 GB  4.2 MB/s   4m11s[K[?25h[?2026l[?2026h[?25l[A[1Gpulling manifest [K
pulling 667b0c1932bc:  78% ▕██████████████    ▏ 3.9 GB/4.9 GB  4.2 MB/s   4m11s[K[?25h[?2026l[?2026h[?25l[A[1Gpulling manifest [K
pulling 667b0c1932bc:  78% ▕██████████████    ▏ 3.9 GB/4.9 GB  4.2 MB/s   4m11s[K[?25h[?2026l[?2026h[?25l[A[1Gpulling manifest [K
pulling 667b0c1932bc:  78% ▕██████████████    ▏ 3.9 GB/4.9 GB  4.2 MB/s   4m11s[K[?25h[?2026l[?2026h[?25l[A[1Gpulling manifest [K
pulling 667b0c1932bc:  78% ▕██████████████    ▏ 3.9 GB/4.9 GB  4.2 MB/s   4m11s[K[?25h[?2026l[?2026h[?25l[A[1Gpulling manifest [K
pulling 667b0c1932bc:  78% ▕██████████████    ▏ 3.9 GB/4.9 GB  4.2 MB/s   4m11s[K[?25h[?2026l[?2026h[?25l[A[1Gpulling manifest [K
pulling 667b0c1932bc:  78% ▕██████████████    ▏ 3.9 GB/4.9 GB  4.2 MB/s   4m11s[K[?25h[?2026l[?2026h[?25l[A[1Gpulling manifest [K
pulling 667b0c1932bc:  78% ▕██████████████    ▏ 3.9 GB/4.9 GB  4.2 MB/s   4m11s[K[?25h[?2026l[?2026h[?25l[A[1Gpulling manifest [K
pulling 667b0c1932bc:  78% ▕██████████████    ▏ 3.9 GB/4.9 GB  4.2 MB/s   4m11s[K[?25h[?2026l[?2026h[?25l[A[1Gpulling manifest [K
pulling 667b0c1932bc:  78% ▕██████████████    ▏ 3.9 GB/4.9 GB  4.2 MB/s   4m10s[K[?25h[?2026l[?2026h[?25l[A[1Gpulling manifest [K
pulling 667b0c1932bc:  78% ▕██████████████    ▏ 3.9 GB/4.9 GB  4.3 MB/s   4m10s[K[?25h[?2026l[?2026h[?25l[A[1Gpulling manifest [K
pulling 667b0c1932bc:  78% ▕██████████████    ▏ 3.9 GB/4.9 GB  4.3 MB/s   4m10s[K[?25h[?2026l[?2026h[?25l[A[1Gpulling manifest [K
pulling 667b0c1932bc:  78% ▕██████████████    ▏ 3.9 GB/4.9 GB  4.3 MB/s   4m10s[K[?25h[?2026l[?2026h[?25l[A[1Gpulling manifest [K
pulling 667b0c1932bc:  78% ▕██████████████    ▏ 3.9 GB/4.9 GB  4.3 MB/s    4m9s[K[?25h[?2026l[?2026h[?25l[A[1Gpulling manifest [K
pulling 667b0c1932bc:  78% ▕██████████████    ▏ 3.9 GB/4.9 GB  4.3 MB/s    4m9s[K[?25h[?2026l[?2026h[?25l[A[1Gpulling manifest [K
pulling 667b0c1932bc:  78% ▕██████████████    ▏ 3.9 GB/4.9 GB  4.3 MB/s    4m9s[K[?25h[?2026l[?2026h[?25l[A[1Gpulling manifest [K
pulling 667b0c1932bc:  78% ▕██████████████    ▏ 3.9 GB/4.9 GB  4.3 MB/s    4m9s[K[?25h[?2026l[?2026h[?25l[A[1Gpulling manifest [K
pulling 667b0c1932bc:  78% ▕██████████████    ▏ 3.9 GB/4.9 GB  4.3 MB/s    4m9s[K[?25h[?2026l[?2026h[?25l[A[1Gpulling manifest [K
pulling 667b0c1932bc:  78% ▕██████████████    ▏ 3.9 GB/4.9 GB  4.3 MB/s    4m9s[K[?25h[?2026l[?2026h[?25l[A[1Gpulling manifest [K
pulling 667b0c1932bc:  78% ▕██████████████    ▏ 3.9 GB/4.9 GB  4.3 MB/s    4m9s[K[?25h[?2026l[?2026h[?25l[A[1Gpulling manifest [K
pulling 667b0c1932bc:  78% ▕██████████████    ▏ 3.9 GB/4.9 GB  4.3 MB/s    4m4s[K[?25h[?2026l[?2026h[?25l[A[1Gpulling manifest [K
pulling 667b0c1932bc:  78% ▕██████████████    ▏ 3.9 GB/4.9 GB  4.3 MB/s    4m4s[K[?25h[?2026l[?2026h[?25l[A[1Gpulling manifest [K
pulling 667b0c1932bc:  78% ▕██████████████    ▏ 3.9 GB/4.9 GB  4.3 MB/s    4m4s[K[?25h[?2026l[?2026h[?25l[A[1Gpulling manifest [K
pulling 667b0c1932bc:  78% ▕██████████████    ▏ 3.9 GB/4.9 GB  4.3 MB/s    4m4s[K[?25h[?2026l[?2026h[?25l[A[1Gpulling manifest [K
pulling 667b0c1932bc:  78% ▕██████████████    ▏ 3.9 GB/4.9 GB  4.3 MB/s    4m3s[K[?25h[?2026l[?2026h[?25l[A[1Gpulling manifest [K
pulling 667b0c1932bc:  79% ▕██████████████    ▏ 3.9 GB/4.9 GB  4.3 MB/s    4m3s[K[?25h[?2026l[?2026h[?25l[A[1Gpulling manifest [K
pulling 667b0c1932bc:  79% ▕██████████████    ▏ 3.9 GB/4.9 GB  4.3 MB/s    4m3s[K[?25h[?2026l[?2026h[?25l[A[1Gpulling manifest [K
pulling 667b0c1932bc:  79% ▕██████████████    ▏ 3.9 GB/4.9 GB  4.3 MB/s    4m3s[K[?25h[?2026l[?2026h[?25l[A[1Gpulling manifest [K
pulling 667b0c1932bc:  79% ▕██████████████    ▏ 3.9 GB/4.9 GB  4.3 MB/s    4m3s[K[?25h[?2026l[?2026h[?25l[A[1Gpulling manifest [K
pulling 667b0c1932bc:  79% ▕██████████████    ▏ 3.9 GB/4.9 GB  4.3 MB/s    4m3s[K[?25h[?2026l[?2026h[?25l[A[1Gpulling manifest [K
pulling 667b0c1932bc:  79% ▕██████████████    ▏ 3.9 GB/4.9 GB  4.3 MB/s    4m3s[K[?25h[?2026l[?2026h[?25l[A[1Gpulling manifest [K
pulling 667b0c1932bc:  79% ▕██████████████    ▏ 3.9 GB/4.9 GB  4.4 MB/s   3m57s[K[?25h[?2026l[?2026h[?25l[A[1Gpulling manifest [K
pulling 667b0c1932bc:  79% ▕██████████████    ▏ 3.9 GB/4.9 GB  4.4 MB/s   3m57s[K[?25h[?2026l[?2026h[?25l[A[1Gpulling manifest [K
pulling 667b0c1932bc:  79% ▕██████████████    ▏ 3.9 GB/4.9 GB  4.4 MB/s   3m57s[K[?25h[?2026l[?2026h[?25l[A[1Gpulling manifest [K
pulling 667b0c1932bc:  79% ▕██████████████    ▏ 3.9 GB/4.9 GB  4.4 MB/s   3m57s[K[?25h[?2026l[?2026h[?25l[A[1Gpulling manifest [K
pulling 667b0c1932bc:  79% ▕██████████████    ▏ 3.9 GB/4.9 GB  4.4 MB/s   3m57s[K[?25h[?2026l[?2026h[?25l[A[1Gpulling manifest [K
pulling 667b0c1932bc:  79% ▕██████████████    ▏ 3.9 GB/4.9 GB  4.4 MB/s   3m57s[K[?25h[?2026l[?2026h[?25l[A[1Gpulling manifest [K
pulling 667b0c1932bc:  79% ▕██████████████    ▏ 3.9 GB/4.9 GB  4.4 MB/s   3m57s[K[?25h[?2026l[?2026h[?25l[A[1Gpulling manifest [K
pulling 667b0c1932bc:  79% ▕██████████████    ▏ 3.9 GB/4.9 GB  4.4 MB/s   3m56s[K[?25h[?2026l[?2026h[?25l[A[1Gpulling manifest [K
pulling 667b0c1932bc:  79% ▕██████████████    ▏ 3.9 GB/4.9 GB  4.4 MB/s   3m56s[K[?25h[?2026l[?2026h[?25l[A[1Gpulling manifest [K
pulling 667b0c1932bc:  79% ▕██████████████    ▏ 3.9 GB/4.9 GB  4.4 MB/s   3m56s[K[?25h[?2026l[?2026h[?25l[A[1Gpulling manifest [K
pulling 667b0c1932bc:  79% ▕██████████████    ▏ 3.9 GB/4.9 GB  4.5 MB/s   3m55s[K[?25h[?2026l[?2026h[?25l[A[1Gpulling manifest [K
pulling 667b0c1932bc:  79% ▕██████████████    ▏ 3.9 GB/4.9 GB  4.5 MB/s   3m54s[K[?25h[?2026l[?2026h[?25l[A[1Gpulling manifest [K
pulling 667b0c1932bc:  79% ▕██████████████    ▏ 3.9 GB/4.9 GB  4.5 MB/s   3m54s[K[?25h[?2026l[?2026h[?25l[A[1Gpulling manifest [K
pulling 667b0c1932bc:  79% ▕██████████████    ▏ 3.9 GB/4.9 GB  4.5 MB/s   3m54s[K[?25h[?2026l[?2026h[?25l[A[1Gpulling manifest [K
pulling 667b0c1932bc:  79% ▕██████████████    ▏ 3.9 GB/4.9 GB  4.5 MB/s   3m54s[K[?25h[?2026l[?2026h[?25l[A[1Gpulling manifest [K
pulling 667b0c1932bc:  79% ▕██████████████    ▏ 3.9 GB/4.9 GB  4.5 MB/s   3m54s[K[?25h[?2026l[?2026h[?25l[A[1Gpulling manifest [K
pulling 667b0c1932bc:  79% ▕██████████████    ▏ 3.9 GB/4.9 GB  4.5 MB/s   3m54s[K[?25h[?2026l[?2026h[?25l[A[1Gpulling manifest [K
pulling 667b0c1932bc:  79% ▕██████████████    ▏ 3.9 GB/4.9 GB  4.5 MB/s   3m54s[K[?25h[?2026l[?2026h[?25l[A[1Gpulling manifest [K
pulling 667b0c1932bc:  79% ▕██████████████    ▏ 3.9 GB/4.9 GB  4.5 MB/s   3m54s[K[?25h[?2026l[?2026h[?25l[A[1Gpulling manifest [K
pulling 667b0c1932bc:  79% ▕██████████████    ▏ 3.9 GB/4.9 GB  4.5 MB/s   3m54s[K[?25h[?2026l[?2026h[?25l[A[1Gpulling manifest [K
pulling 667b0c1932bc:  79% ▕██████████████    ▏ 3.9 GB/4.9 GB  4.5 MB/s   3m54s[K[?25h[?2026l[?2026h[?25l[A[1Gpulling manifest [K
pulling 667b0c1932bc:  79% ▕██████████████    ▏ 3.9 GB/4.9 GB  4.5 MB/s   3m54s[K[?25h[?2026l[?2026h[?25l[A[1Gpulling manifest [K
pulling 667b0c1932bc:  79% ▕██████████████    ▏ 3.9 GB/4.9 GB  4.5 MB/s   3m53s[K[?25h[?2026l[?2026h[?25l[A[1Gpulling manifest [K
pulling 667b0c1932bc:  79% ▕██████████████    ▏ 3.9 GB/4.9 GB  4.5 MB/s   3m53s[K[?25h[?2026l[?2026h[?25l[A[1Gpulling manifest [K
pulling 667b0c1932bc:  79% ▕██████████████    ▏ 3.9 GB/4.9 GB  4.5 MB/s   3m53s[K[?25h[?2026l[?2026h[?25l[A[1Gpulling manifest [K
pulling 667b0c1932bc:  79% ▕██████████████    ▏ 3.9 GB/4.9 GB  4.5 MB/s   3m53s[K[?25h[?2026l[?2026h[?25l[A[1Gpulling manifest [K
pulling 667b0c1932bc:  79% ▕██████████████    ▏ 3.9 GB/4.9 GB  4.5 MB/s   3m53s[K[?25h[?2026l[?2026h[?25l[A[1Gpulling manifest [K
pulling 667b0c1932bc:  79% ▕██████████████    ▏ 3.9 GB/4.9 GB  4.5 MB/s   3m53s[K[?25h[?2026l[?2026h[?25l[A[1Gpulling manifest [K
pulling 667b0c1932bc:  79% ▕██████████████    ▏ 3.9 GB/4.9 GB  4.5 MB/s   3m53s[K[?25h[?2026l[?2026h[?25l[A[1Gpulling manifest [K
pulling 667b0c1932bc:  79% ▕██████████████    ▏ 3.9 GB/4.9 GB  4.5 MB/s   3m53s[K[?25h[?2026l[?2026h[?25l[A[1Gpulling manifest [K
pulling 667b0c1932bc:  79% ▕██████████████    ▏ 3.9 GB/4.9 GB  4.5 MB/s   3m52s[K[?25h[?2026l[?2026h[?25l[A[1Gpulling manifest [K
pulling 667b0c1932bc:  79% ▕██████████████    ▏ 3.9 GB/4.9 GB  4.5 MB/s   3m52s[K[?25h[?2026l[?2026h[?25l[A[1Gpulling manifest [K
pulling 667b0c1932bc:  79% ▕██████████████    ▏ 3.9 GB/4.9 GB  4.5 MB/s   3m52s[K[?25h[?2026l[?2026h[?25l[A[1Gpulling manifest [K
pulling 667b0c1932bc:  79% ▕██████████████    ▏ 3.9 GB/4.9 GB  4.5 MB/s   3m52s[K[?25h[?2026l[?2026h[?25l[A[1Gpulling manifest [K
pulling 667b0c1932bc:  79% ▕██████████████    ▏ 3.9 GB/4.9 GB  4.5 MB/s   3m52s[K[?25h[?2026l[?2026h[?25l[A[1Gpulling manifest [K
pulling 667b0c1932bc:  79% ▕██████████████    ▏ 3.9 GB/4.9 GB  4.5 MB/s   3m52s[K[?25h[?2026l[?2026h[?25l[A[1Gpulling manifest [K
pulling 667b0c1932bc:  79% ▕██████████████    ▏ 3.9 GB/4.9 GB  4.5 MB/s   3m52s[K[?25h[?2026l[?2026h[?25l[A[1Gpulling manifest [K
pulling 667b0c1932bc:  79% ▕██████████████    ▏ 3.9 GB/4.9 GB  4.5 MB/s   3m52s[K[?25h[?2026l[?2026h[?25l[A[1Gpulling manifest [K
pulling 667b0c1932bc:  79% ▕██████████████    ▏ 3.9 GB/4.9 GB  4.5 MB/s   3m52s[K[?25h[?2026l[?2026h[?25l[A[1Gpulling manifest [K
pulling 667b0c1932bc:  79% ▕██████████████    ▏ 3.9 GB/4.9 GB  4.5 MB/s   3m51s[K[?25h[?2026l[?2026h[?25l[A[1Gpulling manifest [K
pulling 667b0c1932bc:  79% ▕██████████████    ▏ 3.9 GB/4.9 GB  4.5 MB/s   3m48s[K[?25h[?2026l[?2026h[?25l[A[1Gpulling manifest [K
pulling 667b0c1932bc:  79% ▕██████████████    ▏ 3.9 GB/4.9 GB  4.5 MB/s   3m48s[K[?25h[?2026l[?2026h[?25l[A[1Gpulling manifest [K
pulling 667b0c1932bc:  79% ▕██████████████    ▏ 3.9 GB/4.9 GB  4.5 MB/s   3m48s[K[?25h[?2026l[?2026h[?25l[A[1Gpulling manifest [K
pulling 667b0c1932bc:  79% ▕██████████████    ▏ 3.9 GB/4.9 GB  4.5 MB/s   3m47s[K[?25h[?2026l[?2026h[?25l[A[1Gpulling manifest [K
pulling 667b0c1932bc:  79% ▕██████████████    ▏ 3.9 GB/4.9 GB  4.5 MB/s   3m47s[K[?25h[?2026l[?2026h[?25l[A[1Gpulling manifest [K
pulling 667b0c1932bc:  79% ▕██████████████    ▏ 3.9 GB/4.9 GB  4.5 MB/s   3m47s[K[?25h[?2026l[?2026h[?25l[A[1Gpulling manifest [K
pulling 667b0c1932bc:  79% ▕██████████████    ▏ 3.9 GB/4.9 GB  4.5 MB/s   3m47s[K[?25h[?2026l[?2026h[?25l[A[1Gpulling manifest [K
pulling 667b0c1932bc:  79% ▕██████████████    ▏ 3.9 GB/4.9 GB  4.5 MB/s   3m47s[K[?25h[?2026l[?2026h[?25l[A[1Gpulling manifest [K
pulling 667b0c1932bc:  79% ▕██████████████    ▏ 3.9 GB/4.9 GB  4.5 MB/s   3m47s[K[?25h[?2026l[?2026h[?25l[A[1Gpulling manifest [K
pulling 667b0c1932bc:  79% ▕██████████████    ▏ 3.9 GB/4.9 GB  4.5 MB/s   3m47s[K[?25h[?2026l[?2026h[?25l[A[1Gpulling manifest [K
pulling 667b0c1932bc:  79% ▕██████████████    ▏ 3.9 GB/4.9 GB  4.5 MB/s   3m47s[K[?25h[?2026l[?2026h[?25l[A[1Gpulling manifest [K
pulling 667b0c1932bc:  79% ▕██████████████    ▏ 3.9 GB/4.9 GB  4.6 MB/s   3m43s[K[?25h[?2026l[?2026h[?25l[A[1Gpulling manifest [K
pulling 667b0c1932bc:  79% ▕██████████████    ▏ 3.9 GB/4.9 GB  4.6 MB/s   3m43s[K[?25h[?2026l[?2026h[?25l[A[1Gpulling manifest [K
pulling 667b0c1932bc:  79% ▕██████████████    ▏ 3.9 GB/4.9 GB  4.6 MB/s   3m43s[K[?25h[?2026l[?2026h[?25l[A[1Gpulling manifest [K
pulling 667b0c1932bc:  79% ▕██████████████    ▏ 3.9 GB/4.9 GB  4.6 MB/s   3m43s[K[?25h[?2026l[?2026h[?25l[A[1Gpulling manifest [K
pulling 667b0c1932bc:  79% ▕██████████████    ▏ 3.9 GB/4.9 GB  4.6 MB/s   3m42s[K[?25h[?2026l[?2026h[?25l[A[1Gpulling manifest [K
pulling 667b0c1932bc:  79% ▕██████████████    ▏ 3.9 GB/4.9 GB  4.6 MB/s   3m42s[K[?25h[?2026l[?2026h[?25l[A[1Gpulling manifest [K
pulling 667b0c1932bc:  79% ▕██████████████    ▏ 3.9 GB/4.9 GB  4.6 MB/s   3m42s[K[?25h[?2026l[?2026h[?25l[A[1Gpulling manifest [K
pulling 667b0c1932bc:  79% ▕██████████████    ▏ 3.9 GB/4.9 GB  4.6 MB/s   3m42s[K[?25h[?2026l[?2026h[?25l[A[1Gpulling manifest [K
pulling 667b0c1932bc:  79% ▕██████████████    ▏ 3.9 GB/4.9 GB  4.6 MB/s   3m42s[K[?25h[?2026l[?2026h[?25l[A[1Gpulling manifest [K
pulling 667b0c1932bc:  79% ▕██████████████    ▏ 3.9 GB/4.9 GB  4.6 MB/s   3m42s[K[?25h[?2026l[?2026h[?25l[A[1Gpulling manifest [K
pulling 667b0c1932bc:  79% ▕██████████████    ▏ 3.9 GB/4.9 GB  4.7 MB/s   3m37s[K[?25h[?2026l[?2026h[?25l[A[1Gpulling manifest [K
pulling 667b0c1932bc:  79% ▕██████████████    ▏ 3.9 GB/4.9 GB  4.7 MB/s   3m37s[K[?25h[?2026l[?2026h[?25l[A[1Gpulling manifest [K
pulling 667b0c1932bc:  79% ▕██████████████    ▏ 3.9 GB/4.9 GB  4.7 MB/s   3m37s[K[?25h[?2026l[?2026h[?25l[A[1Gpulling manifest [K
pulling 667b0c1932bc:  79% ▕██████████████    ▏ 3.9 GB/4.9 GB  4.7 MB/s   3m36s[K[?25h[?2026l[?2026h[?25l[A[1Gpulling manifest [K
pulling 667b0c1932bc:  79% ▕██████████████    ▏ 3.9 GB/4.9 GB  4.7 MB/s   3m36s[K[?25h[?2026l[?2026h[?25l[A[1Gpulling manifest [K
pulling 667b0c1932bc:  79% ▕██████████████    ▏ 3.9 GB/4.9 GB  4.7 MB/s   3m36s[K[?25h[?2026l[?2026h[?25l[A[1Gpulling manifest [K
pulling 667b0c1932bc:  79% ▕██████████████    ▏ 3.9 GB/4.9 GB  4.7 MB/s   3m36s[K[?25h[?2026l[?2026h[?25l[A[1Gpulling manifest [K
pulling 667b0c1932bc:  79% ▕██████████████    ▏ 3.9 GB/4.9 GB  4.7 MB/s   3m36s[K[?25h[?2026l[?2026h[?25l[A[1Gpulling manifest [K
pulling 667b0c1932bc:  79% ▕██████████████    ▏ 3.9 GB/4.9 GB  4.7 MB/s   3m36s[K[?25h[?2026l[?2026h[?25l[A[1Gpulling manifest [K
pulling 667b0c1932bc:  79% ▕██████████████    ▏ 3.9 GB/4.9 GB  4.7 MB/s   3m36s[K[?25h[?2026l[?2026h[?25l[A[1Gpulling manifest [K
pulling 667b0c1932bc:  79% ▕██████████████    ▏ 3.9 GB/4.9 GB  4.7 MB/s   3m35s[K[?25h[?2026l[?2026h[?25l[A[1Gpulling manifest [K
pulling 667b0c1932bc:  79% ▕██████████████    ▏ 3.9 GB/4.9 GB  4.7 MB/s   3m35s[K[?25h[?2026l[?2026h[?25l[A[1Gpulling manifest [K
pulling 667b0c1932bc:  79% ▕██████████████    ▏ 3.9 GB/4.9 GB  4.7 MB/s   3m34s[K[?25h[?2026l[?2026h[?25l[A[1Gpulling manifest [K
pulling 667b0c1932bc:  79% ▕██████████████    ▏ 3.9 GB/4.9 GB  4.7 MB/s   3m34s[K[?25h[?2026l[?2026h[?25l[A[1Gpulling manifest [K
pulling 667b0c1932bc:  79% ▕██████████████    ▏ 3.9 GB/4.9 GB  4.7 MB/s   3m34s[K[?25h[?2026l[?2026h[?25l[A[1Gpulling manifest [K
pulling 667b0c1932bc:  79% ▕██████████████    ▏ 3.9 GB/4.9 GB  4.7 MB/s   3m34s[K[?25h[?2026l[?2026h[?25l[A[1Gpulling manifest [K
pulling 667b0c1932bc:  79% ▕██████████████    ▏ 3.9 GB/4.9 GB  4.7 MB/s   3m34s[K[?25h[?2026l[?2026h[?25l[A[1Gpulling manifest [K
pulling 667b0c1932bc:  79% ▕██████████████    ▏ 3.9 GB/4.9 GB  4.7 MB/s   3m34s[K[?25h[?2026l[?2026h[?25l[A[1Gpulling manifest [K
pulling 667b0c1932bc:  79% ▕██████████████    ▏ 3.9 GB/4.9 GB  4.7 MB/s   3m34s[K[?25h[?2026l[?2026h[?25l[A[1Gpulling manifest [K
pulling 667b0c1932bc:  79% ▕██████████████    ▏ 3.9 GB/4.9 GB  4.7 MB/s   3m34s[K[?25h[?2026l[?2026h[?25l[A[1Gpulling manifest [K
pulling 667b0c1932bc:  79% ▕██████████████    ▏ 3.9 GB/4.9 GB  4.6 MB/s   3m42s[K[?25h[?2026l[?2026h[?25l[A[1Gpulling manifest [K
pulling 667b0c1932bc:  79% ▕██████████████    ▏ 3.9 GB/4.9 GB  4.6 MB/s   3m42s[K[?25h[?2026l[?2026h[?25l[A[1Gpulling manifest [K
pulling 667b0c1932bc:  79% ▕██████████████    ▏ 3.9 GB/4.9 GB  4.6 MB/s   3m42s[K[?25h[?2026l[?2026h[?25l[A[1Gpulling manifest [K
pulling 667b0c1932bc:  79% ▕██████████████    ▏ 3.9 GB/4.9 GB  4.6 MB/s   3m41s[K[?25h[?2026l[?2026h[?25l[A[1Gpulling manifest [K
pulling 667b0c1932bc:  79% ▕██████████████    ▏ 3.9 GB/4.9 GB  4.6 MB/s   3m41s[K[?25h[?2026l[?2026h[?25l[A[1Gpulling manifest [K
pulling 667b0c1932bc:  79% ▕██████████████    ▏ 3.9 GB/4.9 GB  4.6 MB/s   3m41s[K[?25h[?2026l[?2026h[?25l[A[1Gpulling manifest [K
pulling 667b0c1932bc:  79% ▕██████████████    ▏ 3.9 GB/4.9 GB  4.6 MB/s   3m41s[K[?25h[?2026l[?2026h[?25l[A[1Gpulling manifest [K
pulling 667b0c1932bc:  79% ▕██████████████    ▏ 3.9 GB/4.9 GB  4.6 MB/s   3m41s[K[?25h[?2026l[?2026h[?25l[A[1Gpulling manifest [K
pulling 667b0c1932bc:  79% ▕██████████████    ▏ 3.9 GB/4.9 GB  4.6 MB/s   3m41s[K[?25h[?2026l[?2026h[?25l[A[1Gpulling manifest [K
pulling 667b0c1932bc:  79% ▕██████████████    ▏ 3.9 GB/4.9 GB  4.6 MB/s   3m41s[K[?25h[?2026l[?2026h[?25l[A[1Gpulling manifest [K
pulling 667b0c1932bc:  79% ▕██████████████    ▏ 3.9 GB/4.9 GB  4.6 MB/s   3m41s[K[?25h[?2026l[?2026h[?25l[A[1Gpulling manifest [K
pulling 667b0c1932bc:  79% ▕██████████████    ▏ 3.9 GB/4.9 GB  4.6 MB/s   3m41s[K[?25h[?2026l[?2026h[?25l[A[1Gpulling manifest [K
pulling 667b0c1932bc:  79% ▕██████████████    ▏ 3.9 GB/4.9 GB  4.6 MB/s   3m41s[K[?25h[?2026l[?2026h[?25l[A[1Gpulling manifest [K
pulling 667b0c1932bc:  79% ▕██████████████    ▏ 3.9 GB/4.9 GB  4.6 MB/s   3m41s[K[?25h[?2026l[?2026h[?25l[A[1Gpulling manifest [K
pulling 667b0c1932bc:  79% ▕██████████████    ▏ 3.9 GB/4.9 GB  4.6 MB/s   3m41s[K[?25h[?2026l[?2026h[?25l[A[1Gpulling manifest [K
pulling 667b0c1932bc:  79% ▕██████████████    ▏ 3.9 GB/4.9 GB  4.6 MB/s   3m41s[K[?25h[?2026l[?2026h[?25l[A[1Gpulling manifest [K
pulling 667b0c1932bc:  79% ▕██████████████    ▏ 3.9 GB/4.9 GB  4.6 MB/s   3m41s[K[?25h[?2026l[?2026h[?25l[A[1Gpulling manifest [K
pulling 667b0c1932bc:  79% ▕██████████████    ▏ 3.9 GB/4.9 GB  4.6 MB/s   3m41s[K[?25h[?2026l[?2026h[?25l[A[1Gpulling manifest [K
pulling 667b0c1932bc:  79% ▕██████████████    ▏ 3.9 GB/4.9 GB  4.6 MB/s   3m41s[K[?25h[?2026l[?2026h[?25l[A[1Gpulling manifest [K
pulling 667b0c1932bc:  79% ▕██████████████    ▏ 3.9 GB/4.9 GB  4.6 MB/s   3m40s[K[?25h[?2026l[?2026h[?25l[A[1Gpulling manifest [K
pulling 667b0c1932bc:  79% ▕██████████████    ▏ 3.9 GB/4.9 GB  4.6 MB/s   3m40s[K[?25h[?2026l[?2026h[?25l[A[1Gpulling manifest [K
pulling 667b0c1932bc:  79% ▕██████████████    ▏ 3.9 GB/4.9 GB  4.6 MB/s   3m40s[K[?25h[?2026l[?2026h[?25l[A[1Gpulling manifest [K
pulling 667b0c1932bc:  80% ▕██████████████    ▏ 3.9 GB/4.9 GB  4.6 MB/s   3m40s[K[?25h[?2026l[?2026h[?25l[A[1Gpulling manifest [K
pulling 667b0c1932bc:  80% ▕██████████████    ▏ 3.9 GB/4.9 GB  4.6 MB/s   3m39s[K[?25h[?2026l[?2026h[?25l[A[1Gpulling manifest [K
pulling 667b0c1932bc:  80% ▕██████████████    ▏ 3.9 GB/4.9 GB  4.6 MB/s   3m39s[K[?25h[?2026l[?2026h[?25l[A[1Gpulling manifest [K
pulling 667b0c1932bc:  80% ▕██████████████    ▏ 3.9 GB/4.9 GB  4.6 MB/s   3m39s[K[?25h[?2026l[?2026h[?25l[A[1Gpulling manifest [K
pulling 667b0c1932bc:  80% ▕██████████████    ▏ 3.9 GB/4.9 GB  4.6 MB/s   3m39s[K[?25h[?2026l[?2026h[?25l[A[1Gpulling manifest [K
pulling 667b0c1932bc:  80% ▕██████████████    ▏ 3.9 GB/4.9 GB  4.6 MB/s   3m39s[K[?25h[?2026l[?2026h[?25l[A[1Gpulling manifest [K
pulling 667b0c1932bc:  80% ▕██████████████    ▏ 3.9 GB/4.9 GB  4.6 MB/s   3m39s[K[?25h[?2026l[?2026h[?25l[A[1Gpulling manifest [K
pulling 667b0c1932bc:  80% ▕██████████████    ▏ 3.9 GB/4.9 GB  4.6 MB/s   3m39s[K[?25h[?2026l[?2026h[?25l[A[1Gpulling manifest [K
pulling 667b0c1932bc:  80% ▕██████████████    ▏ 3.9 GB/4.9 GB  4.6 MB/s   3m39s[K[?25h[?2026l[?2026h[?25l[A[1Gpulling manifest [K
pulling 667b0c1932bc:  80% ▕██████████████    ▏ 3.9 GB/4.9 GB  4.6 MB/s   3m40s[K[?25h[?2026l[?2026h[?25l[A[1Gpulling manifest [K
pulling 667b0c1932bc:  80% ▕██████████████    ▏ 3.9 GB/4.9 GB  4.6 MB/s   3m40s[K[?25h[?2026l[?2026h[?25l[A[1Gpulling manifest [K
pulling 667b0c1932bc:  80% ▕██████████████    ▏ 3.9 GB/4.9 GB  4.6 MB/s   3m40s[K[?25h[?2026l[?2026h[?25l[A[1Gpulling manifest [K
pulling 667b0c1932bc:  80% ▕██████████████    ▏ 3.9 GB/4.9 GB  4.6 MB/s   3m40s[K[?25h[?2026l[?2026h[?25l[A[1Gpulling manifest [K
pulling 667b0c1932bc:  80% ▕██████████████    ▏ 3.9 GB/4.9 GB  4.6 MB/s   3m40s[K[?25h[?2026l[?2026h[?25l[A[1Gpulling manifest [K
pulling 667b0c1932bc:  80% ▕██████████████    ▏ 3.9 GB/4.9 GB  4.6 MB/s   3m40s[K[?25h[?2026l[?2026h[?25l[A[1Gpulling manifest [K
pulling 667b0c1932bc:  80% ▕██████████████    ▏ 3.9 GB/4.9 GB  4.6 MB/s   3m40s[K[?25h[?2026l[?2026h[?25l[A[1Gpulling manifest [K
pulling 667b0c1932bc:  80% ▕██████████████    ▏ 3.9 GB/4.9 GB  4.6 MB/s   3m40s[K[?25h[?2026l[?2026h[?25l[A[1Gpulling manifest [K
pulling 667b0c1932bc:  80% ▕██████████████    ▏ 3.9 GB/4.9 GB  4.6 MB/s   3m39s[K[?25h[?2026l[?2026h[?25l[A[1Gpulling manifest [K
pulling 667b0c1932bc:  80% ▕██████████████    ▏ 3.9 GB/4.9 GB  4.6 MB/s   3m39s[K[?25h[?2026l[?2026h[?25l[A[1Gpulling manifest [K
pulling 667b0c1932bc:  80% ▕██████████████    ▏ 3.9 GB/4.9 GB  4.6 MB/s   3m38s[K[?25h[?2026l[?2026h[?25l[A[1Gpulling manifest [K
pulling 667b0c1932bc:  80% ▕██████████████    ▏ 3.9 GB/4.9 GB  4.6 MB/s   3m37s[K[?25h[?2026l[?2026h[?25l[A[1Gpulling manifest [K
pulling 667b0c1932bc:  80% ▕██████████████    ▏ 3.9 GB/4.9 GB  4.6 MB/s   3m37s[K[?25h[?2026l[?2026h[?25l[A[1Gpulling manifest [K
pulling 667b0c1932bc:  80% ▕██████████████    ▏ 3.9 GB/4.9 GB  4.6 MB/s   3m37s[K[?25h[?2026l[?2026h[?25l[A[1Gpulling manifest [K
pulling 667b0c1932bc:  80% ▕██████████████    ▏ 3.9 GB/4.9 GB  4.6 MB/s   3m37s[K[?25h[?2026l[?2026h[?25l[A[1Gpulling manifest [K
pulling 667b0c1932bc:  80% ▕██████████████    ▏ 3.9 GB/4.9 GB  4.6 MB/s   3m37s[K[?25h[?2026l[?2026h[?25l[A[1Gpulling manifest [K
pulling 667b0c1932bc:  80% ▕██████████████    ▏ 3.9 GB/4.9 GB  4.6 MB/s   3m37s[K[?25h[?2026l[?2026h[?25l[A[1Gpulling manifest [K
pulling 667b0c1932bc:  80% ▕██████████████    ▏ 3.9 GB/4.9 GB  4.6 MB/s   3m37s[K[?25h[?2026l[?2026h[?25l[A[1Gpulling manifest [K
pulling 667b0c1932bc:  80% ▕██████████████    ▏ 3.9 GB/4.9 GB  4.6 MB/s   3m37s[K[?25h[?2026l[?2026h[?25l[A[1Gpulling manifest [K
pulling 667b0c1932bc:  80% ▕██████████████    ▏ 3.9 GB/4.9 GB  4.6 MB/s   3m37s[K[?25h[?2026l[?2026h[?25l[A[1Gpulling manifest [K
pulling 667b0c1932bc:  80% ▕██████████████    ▏ 3.9 GB/4.9 GB  4.5 MB/s   3m42s[K[?25h[?2026l[?2026h[?25l[A[1Gpulling manifest [K
pulling 667b0c1932bc:  80% ▕██████████████    ▏ 3.9 GB/4.9 GB  4.5 MB/s   3m42s[K[?25h[?2026l[?2026h[?25l[A[1Gpulling manifest [K
pulling 667b0c1932bc:  80% ▕██████████████    ▏ 3.9 GB/4.9 GB  4.5 MB/s   3m42s[K[?25h[?2026l[?2026h[?25l[A[1Gpulling manifest [K
pulling 667b0c1932bc:  80% ▕██████████████    ▏ 3.9 GB/4.9 GB  4.5 MB/s   3m42s[K[?25h[?2026l[?2026h[?25l[A[1Gpulling manifest [K
pulling 667b0c1932bc:  80% ▕██████████████    ▏ 3.9 GB/4.9 GB  4.5 MB/s   3m42s[K[?25h[?2026l[?2026h[?25l[A[1Gpulling manifest [K
pulling 667b0c1932bc:  80% ▕██████████████    ▏ 3.9 GB/4.9 GB  4.5 MB/s   3m42s[K[?25h[?2026l[?2026h[?25l[A[1Gpulling manifest [K
pulling 667b0c1932bc:  80% ▕██████████████    ▏ 3.9 GB/4.9 GB  4.5 MB/s   3m42s[K[?25h[?2026l[?2026h[?25l[A[1Gpulling manifest [K
pulling 667b0c1932bc:  80% ▕██████████████    ▏ 3.9 GB/4.9 GB  4.5 MB/s   3m42s[K[?25h[?2026l[?2026h[?25l[A[1Gpulling manifest [K
pulling 667b0c1932bc:  80% ▕██████████████    ▏ 3.9 GB/4.9 GB  4.5 MB/s   3m42s[K[?25h[?2026l[?2026h[?25l[A[1Gpulling manifest [K
pulling 667b0c1932bc:  80% ▕██████████████    ▏ 3.9 GB/4.9 GB  4.5 MB/s   3m41s[K[?25h[?2026l[?2026h[?25l[A[1Gpulling manifest [K
pulling 667b0c1932bc:  80% ▕██████████████    ▏ 3.9 GB/4.9 GB  4.4 MB/s   3m43s[K[?25h[?2026l[?2026h[?25l[A[1Gpulling manifest [K
pulling 667b0c1932bc:  80% ▕██████████████    ▏ 3.9 GB/4.9 GB  4.4 MB/s   3m43s[K[?25h[?2026l[?2026h[?25l[A[1Gpulling manifest [K
pulling 667b0c1932bc:  80% ▕██████████████    ▏ 3.9 GB/4.9 GB  4.4 MB/s   3m43s[K[?25h[?2026l[?2026h[?25l[A[1Gpulling manifest [K
pulling 667b0c1932bc:  80% ▕██████████████    ▏ 3.9 GB/4.9 GB  4.4 MB/s   3m43s[K[?25h[?2026l[?2026h[?25l[A[1Gpulling manifest [K
pulling 667b0c1932bc:  80% ▕██████████████    ▏ 3.9 GB/4.9 GB  4.4 MB/s   3m43s[K[?25h[?2026l[?2026h[?25l[A[1Gpulling manifest [K
pulling 667b0c1932bc:  80% ▕██████████████    ▏ 3.9 GB/4.9 GB  4.4 MB/s   3m43s[K[?25h[?2026l[?2026h[?25l[A[1Gpulling manifest [K
pulling 667b0c1932bc:  80% ▕██████████████    ▏ 3.9 GB/4.9 GB  4.4 MB/s   3m43s[K[?25h[?2026l[?2026h[?25l[A[1Gpulling manifest [K
pulling 667b0c1932bc:  80% ▕██████████████    ▏ 3.9 GB/4.9 GB  4.4 MB/s   3m43s[K[?25h[?2026l[?2026h[?25l[A[1Gpulling manifest [K
pulling 667b0c1932bc:  80% ▕██████████████    ▏ 3.9 GB/4.9 GB  4.4 MB/s   3m43s[K[?25h[?2026l[?2026h[?25l[A[1Gpulling manifest [K
pulling 667b0c1932bc:  80% ▕██████████████    ▏ 3.9 GB/4.9 GB  4.4 MB/s   3m42s[K[?25h[?2026l[?2026h[?25l[A[1Gpulling manifest [K
pulling 667b0c1932bc:  80% ▕██████████████    ▏ 3.9 GB/4.9 GB  4.4 MB/s   3m42s[K[?25h[?2026l[?2026h[?25l[A[1Gpulling manifest [K
pulling 667b0c1932bc:  80% ▕██████████████    ▏ 3.9 GB/4.9 GB  4.4 MB/s   3m43s[K[?25h[?2026l[?2026h[?25l[A[1Gpulling manifest [K
pulling 667b0c1932bc:  80% ▕██████████████    ▏ 3.9 GB/4.9 GB  4.4 MB/s   3m43s[K[?25h[?2026l[?2026h[?25l[A[1Gpulling manifest [K
pulling 667b0c1932bc:  80% ▕██████████████    ▏ 3.9 GB/4.9 GB  4.4 MB/s   3m43s[K[?25h[?2026l[?2026h[?25l[A[1Gpulling manifest [K
pulling 667b0c1932bc:  80% ▕██████████████    ▏ 3.9 GB/4.9 GB  4.4 MB/s   3m43s[K[?25h[?2026l[?2026h[?25l[A[1Gpulling manifest [K
pulling 667b0c1932bc:  80% ▕██████████████    ▏ 3.9 GB/4.9 GB  4.4 MB/s   3m43s[K[?25h[?2026l[?2026h[?25l[A[1Gpulling manifest [K
pulling 667b0c1932bc:  80% ▕██████████████    ▏ 3.9 GB/4.9 GB  4.4 MB/s   3m43s[K[?25h[?2026l[?2026h[?25l[A[1Gpulling manifest [K
pulling 667b0c1932bc:  80% ▕██████████████    ▏ 3.9 GB/4.9 GB  4.4 MB/s   3m43s[K[?25h[?2026l[?2026h[?25l[A[1Gpulling manifest [K
pulling 667b0c1932bc:  80% ▕██████████████    ▏ 3.9 GB/4.9 GB  4.4 MB/s   3m43s[K[?25h[?2026l[?2026h[?25l[A[1Gpulling manifest [K
pulling 667b0c1932bc:  80% ▕██████████████    ▏ 3.9 GB/4.9 GB  4.4 MB/s   3m43s[K[?25h[?2026l[?2026h[?25l[A[1Gpulling manifest [K
pulling 667b0c1932bc:  80% ▕██████████████    ▏ 3.9 GB/4.9 GB  4.4 MB/s   3m42s[K[?25h[?2026l[?2026h[?25l[A[1Gpulling manifest [K
pulling 667b0c1932bc:  80% ▕██████████████    ▏ 3.9 GB/4.9 GB  4.5 MB/s   3m40s[K[?25h[?2026l[?2026h[?25l[A[1Gpulling manifest [K
pulling 667b0c1932bc:  80% ▕██████████████    ▏ 3.9 GB/4.9 GB  4.5 MB/s   3m39s[K[?25h[?2026l[?2026h[?25l[A[1Gpulling manifest [K
pulling 667b0c1932bc:  80% ▕██████████████    ▏ 3.9 GB/4.9 GB  4.5 MB/s   3m39s[K[?25h[?2026l[?2026h[?25l[A[1Gpulling manifest [K
pulling 667b0c1932bc:  80% ▕██████████████    ▏ 3.9 GB/4.9 GB  4.5 MB/s   3m39s[K[?25h[?2026l[?2026h[?25l[A[1Gpulling manifest [K
pulling 667b0c1932bc:  80% ▕██████████████    ▏ 3.9 GB/4.9 GB  4.5 MB/s   3m39s[K[?25h[?2026l[?2026h[?25l[A[1Gpulling manifest [K
pulling 667b0c1932bc:  80% ▕██████████████    ▏ 3.9 GB/4.9 GB  4.5 MB/s   3m39s[K[?25h[?2026l[?2026h[?25l[A[1Gpulling manifest [K
pulling 667b0c1932bc:  80% ▕██████████████    ▏ 3.9 GB/4.9 GB  4.5 MB/s   3m39s[K[?25h[?2026l[?2026h[?25l[A[1Gpulling manifest [K
pulling 667b0c1932bc:  80% ▕██████████████    ▏ 3.9 GB/4.9 GB  4.5 MB/s   3m39s[K[?25h[?2026l[?2026h[?25l[A[1Gpulling manifest [K
pulling 667b0c1932bc:  80% ▕██████████████    ▏ 3.9 GB/4.9 GB  4.5 MB/s   3m39s[K[?25h[?2026l[?2026h[?25l[A[1Gpulling manifest [K
pulling 667b0c1932bc:  80% ▕██████████████    ▏ 3.9 GB/4.9 GB  4.5 MB/s   3m39s[K[?25h[?2026l[?2026h[?25l[A[1Gpulling manifest [K
pulling 667b0c1932bc:  80% ▕██████████████    ▏ 3.9 GB/4.9 GB  4.6 MB/s   3m30s[K[?25h[?2026l[?2026h[?25l[A[1Gpulling manifest [K
pulling 667b0c1932bc:  80% ▕██████████████    ▏ 3.9 GB/4.9 GB  4.6 MB/s   3m30s[K[?25h[?2026l[?2026h[?25l[A[1Gpulling manifest [K
pulling 667b0c1932bc:  80% ▕██████████████    ▏ 3.9 GB/4.9 GB  4.6 MB/s   3m30s[K[?25h[?2026l[?2026h[?25l[A[1Gpulling manifest [K
pulling 667b0c1932bc:  80% ▕██████████████    ▏ 3.9 GB/4.9 GB  4.6 MB/s   3m30s[K[?25h[?2026l[?2026h[?25l[A[1Gpulling manifest [K
pulling 667b0c1932bc:  80% ▕██████████████    ▏ 3.9 GB/4.9 GB  4.6 MB/s   3m30s[K[?25h[?2026l[?2026h[?25l[A[1Gpulling manifest [K
pulling 667b0c1932bc:  80% ▕██████████████    ▏ 3.9 GB/4.9 GB  4.6 MB/s   3m30s[K[?25h[?2026l[?2026h[?25l[A[1Gpulling manifest [K
pulling 667b0c1932bc:  80% ▕██████████████    ▏ 3.9 GB/4.9 GB  4.6 MB/s   3m30s[K[?25h[?2026l[?2026h[?25l[A[1Gpulling manifest [K
pulling 667b0c1932bc:  80% ▕██████████████    ▏ 3.9 GB/4.9 GB  4.6 MB/s   3m30s[K[?25h[?2026l[?2026h[?25l[A[1Gpulling manifest [K
pulling 667b0c1932bc:  80% ▕██████████████    ▏ 3.9 GB/4.9 GB  4.6 MB/s   3m30s[K[?25h[?2026l[?2026h[?25l[A[1Gpulling manifest [K
pulling 667b0c1932bc:  80% ▕██████████████    ▏ 3.9 GB/4.9 GB  4.6 MB/s   3m30s[K[?25h[?2026l[?2026h[?25l[A[1Gpulling manifest [K
pulling 667b0c1932bc:  80% ▕██████████████    ▏ 3.9 GB/4.9 GB  4.7 MB/s   3m27s[K[?25h[?2026l[?2026h[?25l[A[1Gpulling manifest [K
pulling 667b0c1932bc:  80% ▕██████████████    ▏ 3.9 GB/4.9 GB  4.7 MB/s   3m27s[K[?25h[?2026l[?2026h[?25l[A[1Gpulling manifest [K
pulling 667b0c1932bc:  80% ▕██████████████    ▏ 3.9 GB/4.9 GB  4.7 MB/s   3m27s[K[?25h[?2026l[?2026h[?25l[A[1Gpulling manifest [K
pulling 667b0c1932bc:  80% ▕██████████████    ▏ 4.0 GB/4.9 GB  4.7 MB/s   3m27s[K[?25h[?2026l[?2026h[?25l[A[1Gpulling manifest [K
pulling 667b0c1932bc:  80% ▕██████████████    ▏ 4.0 GB/4.9 GB  4.7 MB/s   3m27s[K[?25h[?2026l[?2026h[?25l[A[1Gpulling manifest [K
pulling 667b0c1932bc:  80% ▕██████████████    ▏ 4.0 GB/4.9 GB  4.7 MB/s   3m27s[K[?25h[?2026l[?2026h[?25l[A[1Gpulling manifest [K
pulling 667b0c1932bc:  80% ▕██████████████    ▏ 4.0 GB/4.9 GB  4.7 MB/s   3m27s[K[?25h[?2026l[?2026h[?25l[A[1Gpulling manifest [K
pulling 667b0c1932bc:  80% ▕██████████████    ▏ 4.0 GB/4.9 GB  4.7 MB/s   3m26s[K[?25h[?2026l[?2026h[?25l[A[1Gpulling manifest [K
pulling 667b0c1932bc:  80% ▕██████████████    ▏ 4.0 GB/4.9 GB  4.7 MB/s   3m26s[K[?25h[?2026l[?2026h[?25l[A[1Gpulling manifest [K
pulling 667b0c1932bc:  80% ▕██████████████    ▏ 4.0 GB/4.9 GB  4.7 MB/s   3m26s[K[?25h[?2026l[?2026h[?25l[A[1Gpulling manifest [K
pulling 667b0c1932bc:  80% ▕██████████████    ▏ 4.0 GB/4.9 GB  4.7 MB/s   3m27s[K[?25h[?2026l[?2026h[?25l[A[1Gpulling manifest [K
pulling 667b0c1932bc:  80% ▕██████████████    ▏ 4.0 GB/4.9 GB  4.7 MB/s   3m27s[K[?25h[?2026l[?2026h[?25l[A[1Gpulling manifest [K
pulling 667b0c1932bc:  80% ▕██████████████    ▏ 4.0 GB/4.9 GB  4.7 MB/s   3m26s[K[?25h[?2026l[?2026h[?25l[A[1Gpulling manifest [K
pulling 667b0c1932bc:  80% ▕██████████████    ▏ 4.0 GB/4.9 GB  4.7 MB/s   3m26s[K[?25h[?2026l[?2026h[?25l[A[1Gpulling manifest [K
pulling 667b0c1932bc:  80% ▕██████████████    ▏ 4.0 GB/4.9 GB  4.7 MB/s   3m26s[K[?25h[?2026l[?2026h[?25l[A[1Gpulling manifest [K
pulling 667b0c1932bc:  80% ▕██████████████    ▏ 4.0 GB/4.9 GB  4.7 MB/s   3m26s[K[?25h[?2026l[?2026h[?25l[A[1Gpulling manifest [K
pulling 667b0c1932bc:  80% ▕██████████████    ▏ 4.0 GB/4.9 GB  4.7 MB/s   3m26s[K[?25h[?2026l[?2026h[?25l[A[1Gpulling manifest [K
pulling 667b0c1932bc:  80% ▕██████████████    ▏ 4.0 GB/4.9 GB  4.7 MB/s   3m26s[K[?25h[?2026l[?2026h[?25l[A[1Gpulling manifest [K
pulling 667b0c1932bc:  80% ▕██████████████    ▏ 4.0 GB/4.9 GB  4.7 MB/s   3m26s[K[?25h[?2026l[?2026h[?25l[A[1Gpulling manifest [K
pulling 667b0c1932bc:  80% ▕██████████████    ▏ 4.0 GB/4.9 GB  4.7 MB/s   3m26s[K[?25h[?2026l[?2026h[?25l[A[1Gpulling manifest [K
pulling 667b0c1932bc:  80% ▕██████████████    ▏ 4.0 GB/4.9 GB  4.7 MB/s   3m26s[K[?25h[?2026l[?2026h[?25l[A[1Gpulling manifest [K
pulling 667b0c1932bc:  80% ▕██████████████    ▏ 4.0 GB/4.9 GB  4.7 MB/s   3m24s[K[?25h[?2026l[?2026h[?25l[A[1Gpulling manifest [K
pulling 667b0c1932bc:  80% ▕██████████████    ▏ 4.0 GB/4.9 GB  4.7 MB/s   3m24s[K[?25h[?2026l[?2026h[?25l[A[1Gpulling manifest [K
pulling 667b0c1932bc:  80% ▕██████████████    ▏ 4.0 GB/4.9 GB  4.7 MB/s   3m24s[K[?25h[?2026l[?2026h[?25l[A[1Gpulling manifest [K
pulling 667b0c1932bc:  80% ▕██████████████    ▏ 4.0 GB/4.9 GB  4.7 MB/s   3m24s[K[?25h[?2026l[?2026h[?25l[A[1Gpulling manifest [K
pulling 667b0c1932bc:  80% ▕██████████████    ▏ 4.0 GB/4.9 GB  4.7 MB/s   3m23s[K[?25h[?2026l[?2026h[?25l[A[1Gpulling manifest [K
pulling 667b0c1932bc:  80% ▕██████████████    ▏ 4.0 GB/4.9 GB  4.7 MB/s   3m23s[K[?25h[?2026l[?2026h[?25l[A[1Gpulling manifest [K
pulling 667b0c1932bc:  80% ▕██████████████    ▏ 4.0 GB/4.9 GB  4.7 MB/s   3m23s[K[?25h[?2026l[?2026h[?25l[A[1Gpulling manifest [K
pulling 667b0c1932bc:  81% ▕██████████████    ▏ 4.0 GB/4.9 GB  4.7 MB/s   3m23s[K[?25h[?2026l[?2026h[?25l[A[1Gpulling manifest [K
pulling 667b0c1932bc:  81% ▕██████████████    ▏ 4.0 GB/4.9 GB  4.7 MB/s   3m23s[K[?25h[?2026l[?2026h[?25l[A[1Gpulling manifest [K
pulling 667b0c1932bc:  81% ▕██████████████    ▏ 4.0 GB/4.9 GB  4.7 MB/s   3m23s[K[?25h[?2026l[?2026h[?25l[A[1Gpulling manifest [K
pulling 667b0c1932bc:  81% ▕██████████████    ▏ 4.0 GB/4.9 GB  4.7 MB/s   3m24s[K[?25h[?2026l[?2026h[?25l[A[1Gpulling manifest [K
pulling 667b0c1932bc:  81% ▕██████████████    ▏ 4.0 GB/4.9 GB  4.7 MB/s   3m24s[K[?25h[?2026l[?2026h[?25l[A[1Gpulling manifest [K
pulling 667b0c1932bc:  81% ▕██████████████    ▏ 4.0 GB/4.9 GB  4.7 MB/s   3m24s[K[?25h[?2026l[?2026h[?25l[A[1Gpulling manifest [K
pulling 667b0c1932bc:  81% ▕██████████████    ▏ 4.0 GB/4.9 GB  4.7 MB/s   3m24s[K[?25h[?2026l[?2026h[?25l[A[1Gpulling manifest [K
pulling 667b0c1932bc:  81% ▕██████████████    ▏ 4.0 GB/4.9 GB  4.7 MB/s   3m24s[K[?25h[?2026l[?2026h[?25l[A[1Gpulling manifest [K
pulling 667b0c1932bc:  81% ▕██████████████    ▏ 4.0 GB/4.9 GB  4.7 MB/s   3m24s[K[?25h[?2026l[?2026h[?25l[A[1Gpulling manifest [K
pulling 667b0c1932bc:  81% ▕██████████████    ▏ 4.0 GB/4.9 GB  4.7 MB/s   3m24s[K[?25h[?2026l[?2026h[?25l[A[1Gpulling manifest [K
pulling 667b0c1932bc:  81% ▕██████████████    ▏ 4.0 GB/4.9 GB  4.7 MB/s   3m24s[K[?25h[?2026l[?2026h[?25l[A[1Gpulling manifest [K
pulling 667b0c1932bc:  81% ▕██████████████    ▏ 4.0 GB/4.9 GB  4.7 MB/s   3m24s[K[?25h[?2026l[?2026h[?25l[A[1Gpulling manifest [K
pulling 667b0c1932bc:  81% ▕██████████████    ▏ 4.0 GB/4.9 GB  4.7 MB/s   3m23s[K[?25h[?2026l[?2026h[?25l[A[1Gpulling manifest [K
pulling 667b0c1932bc:  81% ▕██████████████    ▏ 4.0 GB/4.9 GB  4.8 MB/s   3m19s[K[?25h[?2026l[?2026h[?25l[A[1Gpulling manifest [K
pulling 667b0c1932bc:  81% ▕██████████████    ▏ 4.0 GB/4.9 GB  4.8 MB/s   3m19s[K[?25h[?2026l[?2026h[?25l[A[1Gpulling manifest [K
pulling 667b0c1932bc:  81% ▕██████████████    ▏ 4.0 GB/4.9 GB  4.8 MB/s   3m19s[K[?25h[?2026l[?2026h[?25l[A[1Gpulling manifest [K
pulling 667b0c1932bc:  81% ▕██████████████    ▏ 4.0 GB/4.9 GB  4.8 MB/s   3m19s[K[?25h[?2026l[?2026h[?25l[A[1Gpulling manifest [K
pulling 667b0c1932bc:  81% ▕██████████████    ▏ 4.0 GB/4.9 GB  4.8 MB/s   3m19s[K[?25h[?2026l[?2026h[?25l[A[1Gpulling manifest [K
pulling 667b0c1932bc:  81% ▕██████████████    ▏ 4.0 GB/4.9 GB  4.8 MB/s   3m19s[K[?25h[?2026l[?2026h[?25l[A[1Gpulling manifest [K
pulling 667b0c1932bc:  81% ▕██████████████    ▏ 4.0 GB/4.9 GB  4.8 MB/s   3m19s[K[?25h[?2026l[?2026h[?25l[A[1Gpulling manifest [K
pulling 667b0c1932bc:  81% ▕██████████████    ▏ 4.0 GB/4.9 GB  4.8 MB/s   3m19s[K[?25h[?2026l[?2026h[?25l[A[1Gpulling manifest [K
pulling 667b0c1932bc:  81% ▕██████████████    ▏ 4.0 GB/4.9 GB  4.8 MB/s   3m19s[K[?25h[?2026l[?2026h[?25l[A[1Gpulling manifest [K
pulling 667b0c1932bc:  81% ▕██████████████    ▏ 4.0 GB/4.9 GB  4.8 MB/s   3m19s[K[?25h[?2026l[?2026h[?25l[A[1Gpulling manifest [K
pulling 667b0c1932bc:  81% ▕██████████████    ▏ 4.0 GB/4.9 GB  4.8 MB/s   3m19s[K[?25h[?2026l[?2026h[?25l[A[1Gpulling manifest [K
pulling 667b0c1932bc:  81% ▕██████████████    ▏ 4.0 GB/4.9 GB  4.8 MB/s   3m19s[K[?25h[?2026l[?2026h[?25l[A[1Gpulling manifest [K
pulling 667b0c1932bc:  81% ▕██████████████    ▏ 4.0 GB/4.9 GB  4.8 MB/s   3m19s[K[?25h[?2026l[?2026h[?25l[A[1Gpulling manifest [K
pulling 667b0c1932bc:  81% ▕██████████████    ▏ 4.0 GB/4.9 GB  4.8 MB/s   3m19s[K[?25h[?2026l[?2026h[?25l[A[1Gpulling manifest [K
pulling 667b0c1932bc:  81% ▕██████████████    ▏ 4.0 GB/4.9 GB  4.8 MB/s   3m18s[K[?25h[?2026l[?2026h[?25l[A[1Gpulling manifest [K
pulling 667b0c1932bc:  81% ▕██████████████    ▏ 4.0 GB/4.9 GB  4.8 MB/s   3m18s[K[?25h[?2026l[?2026h[?25l[A[1Gpulling manifest [K
pulling 667b0c1932bc:  81% ▕██████████████    ▏ 4.0 GB/4.9 GB  4.8 MB/s   3m18s[K[?25h[?2026l[?2026h[?25l[A[1Gpulling manifest [K
pulling 667b0c1932bc:  81% ▕██████████████    ▏ 4.0 GB/4.9 GB  4.8 MB/s   3m18s[K[?25h[?2026l[?2026h[?25l[A[1Gpulling manifest [K
pulling 667b0c1932bc:  81% ▕██████████████    ▏ 4.0 GB/4.9 GB  4.8 MB/s   3m18s[K[?25h[?2026l[?2026h[?25l[A[1Gpulling manifest [K
pulling 667b0c1932bc:  81% ▕██████████████    ▏ 4.0 GB/4.9 GB  4.8 MB/s   3m18s[K[?25h[?2026l[?2026h[?25l[A[1Gpulling manifest [K
pulling 667b0c1932bc:  81% ▕██████████████    ▏ 4.0 GB/4.9 GB  4.8 MB/s   3m18s[K[?25h[?2026l[?2026h[?25l[A[1Gpulling manifest [K
pulling 667b0c1932bc:  81% ▕██████████████    ▏ 4.0 GB/4.9 GB  4.8 MB/s   3m18s[K[?25h[?2026l[?2026h[?25l[A[1Gpulling manifest [K
pulling 667b0c1932bc:  81% ▕██████████████    ▏ 4.0 GB/4.9 GB  4.8 MB/s   3m18s[K[?25h[?2026l[?2026h[?25l[A[1Gpulling manifest [K
pulling 667b0c1932bc:  81% ▕██████████████    ▏ 4.0 GB/4.9 GB  4.8 MB/s   3m17s[K[?25h[?2026l[?2026h[?25l[A[1Gpulling manifest [K
pulling 667b0c1932bc:  81% ▕██████████████    ▏ 4.0 GB/4.9 GB  4.8 MB/s   3m17s[K[?25h[?2026l[?2026h[?25l[A[1Gpulling manifest [K
pulling 667b0c1932bc:  81% ▕██████████████    ▏ 4.0 GB/4.9 GB  4.8 MB/s   3m17s[K[?25h[?2026l[?2026h[?25l[A[1Gpulling manifest [K
pulling 667b0c1932bc:  81% ▕██████████████    ▏ 4.0 GB/4.9 GB  4.8 MB/s   3m17s[K[?25h[?2026l[?2026h[?25l[A[1Gpulling manifest [K
pulling 667b0c1932bc:  81% ▕██████████████    ▏ 4.0 GB/4.9 GB  4.8 MB/s   3m17s[K[?25h[?2026l[?2026h[?25l[A[1Gpulling manifest [K
pulling 667b0c1932bc:  81% ▕██████████████    ▏ 4.0 GB/4.9 GB  4.8 MB/s   3m17s[K[?25h[?2026l[?2026h[?25l[A[1Gpulling manifest [K
pulling 667b0c1932bc:  81% ▕██████████████    ▏ 4.0 GB/4.9 GB  4.8 MB/s   3m17s[K[?25h[?2026l[?2026h[?25l[A[1Gpulling manifest [K
pulling 667b0c1932bc:  81% ▕██████████████    ▏ 4.0 GB/4.9 GB  4.8 MB/s   3m17s[K[?25h[?2026l[?2026h[?25l[A[1Gpulling manifest [K
pulling 667b0c1932bc:  81% ▕██████████████    ▏ 4.0 GB/4.9 GB  4.7 MB/s   3m20s[K[?25h[?2026l[?2026h[?25l[A[1Gpulling manifest [K
pulling 667b0c1932bc:  81% ▕██████████████    ▏ 4.0 GB/4.9 GB  4.7 MB/s   3m20s[K[?25h[?2026l[?2026h[?25l[A[1Gpulling manifest [K
pulling 667b0c1932bc:  81% ▕██████████████    ▏ 4.0 GB/4.9 GB  4.7 MB/s   3m20s[K[?25h[?2026l[?2026h[?25l[A[1Gpulling manifest [K
pulling 667b0c1932bc:  81% ▕██████████████    ▏ 4.0 GB/4.9 GB  4.7 MB/s   3m20s[K[?25h[?2026l[?2026h[?25l[A[1Gpulling manifest [K
pulling 667b0c1932bc:  81% ▕██████████████    ▏ 4.0 GB/4.9 GB  4.7 MB/s   3m20s[K[?25h[?2026l[?2026h[?25l[A[1Gpulling manifest [K
pulling 667b0c1932bc:  81% ▕██████████████    ▏ 4.0 GB/4.9 GB  4.7 MB/s   3m20s[K[?25h[?2026l[?2026h[?25l[A[1Gpulling manifest [K
pulling 667b0c1932bc:  81% ▕██████████████    ▏ 4.0 GB/4.9 GB  4.7 MB/s   3m19s[K[?25h[?2026l[?2026h[?25l[A[1Gpulling manifest [K
pulling 667b0c1932bc:  81% ▕██████████████    ▏ 4.0 GB/4.9 GB  4.7 MB/s   3m19s[K[?25h[?2026l[?2026h[?25l[A[1Gpulling manifest [K
pulling 667b0c1932bc:  81% ▕██████████████    ▏ 4.0 GB/4.9 GB  4.7 MB/s   3m19s[K[?25h[?2026l[?2026h[?25l[A[1Gpulling manifest [K
pulling 667b0c1932bc:  81% ▕██████████████    ▏ 4.0 GB/4.9 GB  4.7 MB/s   3m19s[K[?25h[?2026l[?2026h[?25l[A[1Gpulling manifest [K
pulling 667b0c1932bc:  81% ▕██████████████    ▏ 4.0 GB/4.9 GB  4.7 MB/s   3m18s[K[?25h[?2026l[?2026h[?25l[A[1Gpulling manifest [K
pulling 667b0c1932bc:  81% ▕██████████████    ▏ 4.0 GB/4.9 GB  4.7 MB/s   3m18s[K[?25h[?2026l[?2026h[?25l[A[1Gpulling manifest [K
pulling 667b0c1932bc:  81% ▕██████████████    ▏ 4.0 GB/4.9 GB  4.7 MB/s   3m18s[K[?25h[?2026l[?2026h[?25l[A[1Gpulling manifest [K
pulling 667b0c1932bc:  81% ▕██████████████    ▏ 4.0 GB/4.9 GB  4.7 MB/s   3m17s[K[?25h[?2026l[?2026h[?25l[A[1Gpulling manifest [K
pulling 667b0c1932bc:  81% ▕██████████████    ▏ 4.0 GB/4.9 GB  4.7 MB/s   3m17s[K[?25h[?2026l[?2026h[?25l[A[1Gpulling manifest [K
pulling 667b0c1932bc:  81% ▕██████████████    ▏ 4.0 GB/4.9 GB  4.7 MB/s   3m17s[K[?25h[?2026l[?2026h[?25l[A[1Gpulling manifest [K
pulling 667b0c1932bc:  81% ▕██████████████    ▏ 4.0 GB/4.9 GB  4.7 MB/s   3m17s[K[?25h[?2026l[?2026h[?25l[A[1Gpulling manifest [K
pulling 667b0c1932bc:  81% ▕██████████████    ▏ 4.0 GB/4.9 GB  4.7 MB/s   3m17s[K[?25h[?2026l[?2026h[?25l[A[1Gpulling manifest [K
pulling 667b0c1932bc:  81% ▕██████████████    ▏ 4.0 GB/4.9 GB  4.7 MB/s   3m17s[K[?25h[?2026l[?2026h[?25l[A[1Gpulling manifest [K
pulling 667b0c1932bc:  81% ▕██████████████    ▏ 4.0 GB/4.9 GB  4.7 MB/s   3m17s[K[?25h[?2026l[?2026h[?25l[A[1Gpulling manifest [K
pulling 667b0c1932bc:  81% ▕██████████████    ▏ 4.0 GB/4.9 GB  4.7 MB/s   3m16s[K[?25h[?2026l[?2026h[?25l[A[1Gpulling manifest [K
pulling 667b0c1932bc:  81% ▕██████████████    ▏ 4.0 GB/4.9 GB  4.7 MB/s   3m16s[K[?25h[?2026l[?2026h[?25l[A[1Gpulling manifest [K
pulling 667b0c1932bc:  81% ▕██████████████    ▏ 4.0 GB/4.9 GB  4.7 MB/s   3m16s[K[?25h[?2026l[?2026h[?25l[A[1Gpulling manifest [K
pulling 667b0c1932bc:  81% ▕██████████████    ▏ 4.0 GB/4.9 GB  4.7 MB/s   3m16s[K[?25h[?2026l[?2026h[?25l[A[1Gpulling manifest [K
pulling 667b0c1932bc:  81% ▕██████████████    ▏ 4.0 GB/4.9 GB  4.7 MB/s   3m16s[K[?25h[?2026l[?2026h[?25l[A[1Gpulling manifest [K
pulling 667b0c1932bc:  81% ▕██████████████    ▏ 4.0 GB/4.9 GB  4.7 MB/s   3m16s[K[?25h[?2026l[?2026h[?25l[A[1Gpulling manifest [K
pulling 667b0c1932bc:  81% ▕██████████████    ▏ 4.0 GB/4.9 GB  4.7 MB/s   3m16s[K[?25h[?2026l[?2026h[?25l[A[1Gpulling manifest [K
pulling 667b0c1932bc:  81% ▕██████████████    ▏ 4.0 GB/4.9 GB  4.7 MB/s   3m16s[K[?25h[?2026l[?2026h[?25l[A[1Gpulling manifest [K
pulling 667b0c1932bc:  81% ▕██████████████    ▏ 4.0 GB/4.9 GB  4.7 MB/s   3m15s[K[?25h[?2026l[?2026h[?25l[A[1Gpulling manifest [K
pulling 667b0c1932bc:  81% ▕██████████████    ▏ 4.0 GB/4.9 GB  4.7 MB/s   3m15s[K[?25h[?2026l[?2026h[?25l[A[1Gpulling manifest [K
pulling 667b0c1932bc:  81% ▕██████████████    ▏ 4.0 GB/4.9 GB  4.8 MB/s   3m12s[K[?25h[?2026l[?2026h[?25l[A[1Gpulling manifest [K
pulling 667b0c1932bc:  81% ▕██████████████    ▏ 4.0 GB/4.9 GB  4.8 MB/s   3m12s[K[?25h[?2026l[?2026h[?25l[A[1Gpulling manifest [K
pulling 667b0c1932bc:  81% ▕██████████████    ▏ 4.0 GB/4.9 GB  4.8 MB/s   3m12s[K[?25h[?2026l[?2026h[?25l[A[1Gpulling manifest [K
pulling 667b0c1932bc:  81% ▕██████████████    ▏ 4.0 GB/4.9 GB  4.8 MB/s   3m12s[K[?25h[?2026l[?2026h[?25l[A[1Gpulling manifest [K
pulling 667b0c1932bc:  81% ▕██████████████    ▏ 4.0 GB/4.9 GB  4.8 MB/s   3m12s[K[?25h[?2026l[?2026h[?25l[A[1Gpulling manifest [K
pulling 667b0c1932bc:  81% ▕██████████████    ▏ 4.0 GB/4.9 GB  4.8 MB/s   3m12s[K[?25h[?2026l[?2026h[?25l[A[1Gpulling manifest [K
pulling 667b0c1932bc:  81% ▕██████████████    ▏ 4.0 GB/4.9 GB  4.8 MB/s   3m12s[K[?25h[?2026l[?2026h[?25l[A[1Gpulling manifest [K
pulling 667b0c1932bc:  81% ▕██████████████    ▏ 4.0 GB/4.9 GB  4.8 MB/s   3m12s[K[?25h[?2026l[?2026h[?25l[A[1Gpulling manifest [K
pulling 667b0c1932bc:  81% ▕██████████████    ▏ 4.0 GB/4.9 GB  4.8 MB/s   3m12s[K[?25h[?2026l[?2026h[?25l[A[1Gpulling manifest [K
pulling 667b0c1932bc:  81% ▕██████████████    ▏ 4.0 GB/4.9 GB  4.8 MB/s   3m11s[K[?25h[?2026l[?2026h[?25l[A[1Gpulling manifest [K
pulling 667b0c1932bc:  81% ▕██████████████    ▏ 4.0 GB/4.9 GB  4.8 MB/s   3m10s[K[?25h[?2026l[?2026h[?25l[A[1Gpulling manifest [K
pulling 667b0c1932bc:  81% ▕██████████████    ▏ 4.0 GB/4.9 GB  4.8 MB/s   3m10s[K[?25h[?2026l[?2026h[?25l[A[1Gpulling manifest [K
pulling 667b0c1932bc:  81% ▕██████████████    ▏ 4.0 GB/4.9 GB  4.8 MB/s   3m10s[K[?25h[?2026l[?2026h[?25l[A[1Gpulling manifest [K
pulling 667b0c1932bc:  81% ▕██████████████    ▏ 4.0 GB/4.9 GB  4.8 MB/s   3m10s[K[?25h[?2026l[?2026h[?25l[A[1Gpulling manifest [K
pulling 667b0c1932bc:  81% ▕██████████████    ▏ 4.0 GB/4.9 GB  4.8 MB/s   3m10s[K[?25h[?2026l[?2026h[?25l[A[1Gpulling manifest [K
pulling 667b0c1932bc:  81% ▕██████████████    ▏ 4.0 GB/4.9 GB  4.8 MB/s   3m10s[K[?25h[?2026l[?2026h[?25l[A[1Gpulling manifest [K
pulling 667b0c1932bc:  81% ▕██████████████    ▏ 4.0 GB/4.9 GB  4.8 MB/s   3m10s[K[?25h[?2026l[?2026h[?25l[A[1Gpulling manifest [K
pulling 667b0c1932bc:  81% ▕██████████████    ▏ 4.0 GB/4.9 GB  4.8 MB/s   3m10s[K[?25h[?2026l[?2026h[?25l[A[1Gpulling manifest [K
pulling 667b0c1932bc:  81% ▕██████████████    ▏ 4.0 GB/4.9 GB  4.8 MB/s   3m10s[K[?25h[?2026l[?2026h[?25l[A[1Gpulling manifest [K
pulling 667b0c1932bc:  81% ▕██████████████    ▏ 4.0 GB/4.9 GB  4.8 MB/s    3m9s[K[?25h[?2026l[?2026h[?25l[A[1Gpulling manifest [K
pulling 667b0c1932bc:  81% ▕██████████████    ▏ 4.0 GB/4.9 GB  4.8 MB/s    3m9s[K[?25h[?2026l[?2026h[?25l[A[1Gpulling manifest [K
pulling 667b0c1932bc:  81% ▕██████████████    ▏ 4.0 GB/4.9 GB  4.9 MB/s    3m6s[K[?25h[?2026l[?2026h[?25l[A[1Gpulling manifest [K
pulling 667b0c1932bc:  81% ▕██████████████    ▏ 4.0 GB/4.9 GB  4.9 MB/s    3m6s[K[?25h[?2026l[?2026h[?25l[A[1Gpulling manifest [K
pulling 667b0c1932bc:  81% ▕██████████████    ▏ 4.0 GB/4.9 GB  4.9 MB/s    3m6s[K[?25h[?2026l[?2026h[?25l[A[1Gpulling manifest [K
pulling 667b0c1932bc:  81% ▕██████████████    ▏ 4.0 GB/4.9 GB  4.9 MB/s    3m6s[K[?25h[?2026l[?2026h[?25l[A[1Gpulling manifest [K
pulling 667b0c1932bc:  81% ▕██████████████    ▏ 4.0 GB/4.9 GB  4.9 MB/s    3m5s[K[?25h[?2026l[?2026h[?25l[A[1Gpulling manifest [K
pulling 667b0c1932bc:  81% ▕██████████████    ▏ 4.0 GB/4.9 GB  4.9 MB/s    3m5s[K[?25h[?2026l[?2026h[?25l[A[1Gpulling manifest [K
pulling 667b0c1932bc:  82% ▕██████████████    ▏ 4.0 GB/4.9 GB  4.9 MB/s    3m5s[K[?25h[?2026l[?2026h[?25l[A[1Gpulling manifest [K
pulling 667b0c1932bc:  82% ▕██████████████    ▏ 4.0 GB/4.9 GB  4.9 MB/s    3m5s[K[?25h[?2026l[?2026h[?25l[A[1Gpulling manifest [K
pulling 667b0c1932bc:  82% ▕██████████████    ▏ 4.0 GB/4.9 GB  4.9 MB/s    3m5s[K[?25h[?2026l[?2026h[?25l[A[1Gpulling manifest [K
pulling 667b0c1932bc:  82% ▕██████████████    ▏ 4.0 GB/4.9 GB  4.9 MB/s    3m5s[K[?25h[?2026l[?2026h[?25l[A[1Gpulling manifest [K
pulling 667b0c1932bc:  82% ▕██████████████    ▏ 4.0 GB/4.9 GB  5.0 MB/s    3m1s[K[?25h[?2026l[?2026h[?25l[A[1Gpulling manifest [K
pulling 667b0c1932bc:  82% ▕██████████████    ▏ 4.0 GB/4.9 GB  5.0 MB/s    3m1s[K[?25h[?2026l[?2026h[?25l[A[1Gpulling manifest [K
pulling 667b0c1932bc:  82% ▕██████████████    ▏ 4.0 GB/4.9 GB  5.0 MB/s    3m1s[K[?25h[?2026l[?2026h[?25l[A[1Gpulling manifest [K
pulling 667b0c1932bc:  82% ▕██████████████    ▏ 4.0 GB/4.9 GB  5.0 MB/s    3m1s[K[?25h[?2026l[?2026h[?25l[A[1Gpulling manifest [K
pulling 667b0c1932bc:  82% ▕██████████████    ▏ 4.0 GB/4.9 GB  5.0 MB/s    3m1s[K[?25h[?2026l[?2026h[?25l[A[1Gpulling manifest [K
pulling 667b0c1932bc:  82% ▕██████████████    ▏ 4.0 GB/4.9 GB  5.0 MB/s    3m1s[K[?25h[?2026l[?2026h[?25l[A[1Gpulling manifest [K
pulling 667b0c1932bc:  82% ▕██████████████    ▏ 4.0 GB/4.9 GB  5.0 MB/s    3m0s[K[?25h[?2026l[?2026h[?25l[A[1Gpulling manifest [K
pulling 667b0c1932bc:  82% ▕██████████████    ▏ 4.0 GB/4.9 GB  5.0 MB/s    3m0s[K[?25h[?2026l[?2026h[?25l[A[1Gpulling manifest [K
pulling 667b0c1932bc:  82% ▕██████████████    ▏ 4.0 GB/4.9 GB  5.0 MB/s    3m0s[K[?25h[?2026l[?2026h[?25l[A[1Gpulling manifest [K
pulling 667b0c1932bc:  82% ▕██████████████    ▏ 4.0 GB/4.9 GB  5.0 MB/s    3m0s[K[?25h[?2026l[?2026h[?25l[A[1Gpulling manifest [K
pulling 667b0c1932bc:  82% ▕██████████████    ▏ 4.0 GB/4.9 GB  5.0 MB/s   2m59s[K[?25h[?2026l[?2026h[?25l[A[1Gpulling manifest [K
pulling 667b0c1932bc:  82% ▕██████████████    ▏ 4.0 GB/4.9 GB  5.0 MB/s   2m59s[K[?25h[?2026l[?2026h[?25l[A[1Gpulling manifest [K
pulling 667b0c1932bc:  82% ▕██████████████    ▏ 4.0 GB/4.9 GB  5.0 MB/s   2m59s[K[?25h[?2026l[?2026h[?25l[A[1Gpulling manifest [K
pulling 667b0c1932bc:  82% ▕██████████████    ▏ 4.0 GB/4.9 GB  5.0 MB/s   2m59s[K[?25h[?2026l[?2026h[?25l[A[1Gpulling manifest [K
pulling 667b0c1932bc:  82% ▕██████████████    ▏ 4.0 GB/4.9 GB  5.0 MB/s   2m59s[K[?25h[?2026l[?2026h[?25l[A[1Gpulling manifest [K
pulling 667b0c1932bc:  82% ▕██████████████    ▏ 4.0 GB/4.9 GB  5.0 MB/s   2m58s[K[?25h[?2026l[?2026h[?25l[A[1Gpulling manifest [K
pulling 667b0c1932bc:  82% ▕██████████████    ▏ 4.0 GB/4.9 GB  5.0 MB/s   2m58s[K[?25h[?2026l[?2026h[?25l[A[1Gpulling manifest [K
pulling 667b0c1932bc:  82% ▕██████████████    ▏ 4.0 GB/4.9 GB  5.0 MB/s   2m58s[K[?25h[?2026l[?2026h[?25l[A[1Gpulling manifest [K
pulling 667b0c1932bc:  82% ▕██████████████    ▏ 4.0 GB/4.9 GB  5.0 MB/s   2m58s[K[?25h[?2026l[?2026h[?25l[A[1Gpulling manifest [K
pulling 667b0c1932bc:  82% ▕██████████████    ▏ 4.0 GB/4.9 GB  5.0 MB/s   2m58s[K[?25h[?2026l[?2026h[?25l[A[1Gpulling manifest [K
pulling 667b0c1932bc:  82% ▕██████████████    ▏ 4.0 GB/4.9 GB  5.1 MB/s   2m54s[K[?25h[?2026l[?2026h[?25l[A[1Gpulling manifest [K
pulling 667b0c1932bc:  82% ▕██████████████    ▏ 4.0 GB/4.9 GB  5.1 MB/s   2m54s[K[?25h[?2026l[?2026h[?25l[A[1Gpulling manifest [K
pulling 667b0c1932bc:  82% ▕██████████████    ▏ 4.0 GB/4.9 GB  5.1 MB/s   2m54s[K[?25h[?2026l[?2026h[?25l[A[1Gpulling manifest [K
pulling 667b0c1932bc:  82% ▕██████████████    ▏ 4.0 GB/4.9 GB  5.1 MB/s   2m54s[K[?25h[?2026l[?2026h[?25l[A[1Gpulling manifest [K
pulling 667b0c1932bc:  82% ▕██████████████    ▏ 4.0 GB/4.9 GB  5.1 MB/s   2m53s[K[?25h[?2026l[?2026h[?25l[A[1Gpulling manifest [K
pulling 667b0c1932bc:  82% ▕██████████████    ▏ 4.0 GB/4.9 GB  5.1 MB/s   2m53s[K[?25h[?2026l[?2026h[?25l[A[1Gpulling manifest [K
pulling 667b0c1932bc:  82% ▕██████████████    ▏ 4.0 GB/4.9 GB  5.1 MB/s   2m53s[K[?25h[?2026l[?2026h[?25l[A[1Gpulling manifest [K
pulling 667b0c1932bc:  82% ▕██████████████    ▏ 4.0 GB/4.9 GB  5.1 MB/s   2m53s[K[?25h[?2026l[?2026h[?25l[A[1Gpulling manifest [K
pulling 667b0c1932bc:  82% ▕██████████████    ▏ 4.0 GB/4.9 GB  5.1 MB/s   2m53s[K[?25h[?2026l[?2026h[?25l[A[1Gpulling manifest [K
pulling 667b0c1932bc:  82% ▕██████████████    ▏ 4.0 GB/4.9 GB  5.1 MB/s   2m53s[K[?25h[?2026l[?2026h[?25l[A[1Gpulling manifest [K
pulling 667b0c1932bc:  82% ▕██████████████    ▏ 4.0 GB/4.9 GB  5.3 MB/s   2m49s[K[?25h[?2026l[?2026h[?25l[A[1Gpulling manifest [K
pulling 667b0c1932bc:  82% ▕██████████████    ▏ 4.0 GB/4.9 GB  5.3 MB/s   2m49s[K[?25h[?2026l[?2026h[?25l[A[1Gpulling manifest [K
pulling 667b0c1932bc:  82% ▕██████████████    ▏ 4.0 GB/4.9 GB  5.3 MB/s   2m48s[K[?25h[?2026l[?2026h[?25l[A[1Gpulling manifest [K
pulling 667b0c1932bc:  82% ▕██████████████    ▏ 4.0 GB/4.9 GB  5.3 MB/s   2m48s[K[?25h[?2026l[?2026h[?25l[A[1Gpulling manifest [K
pulling 667b0c1932bc:  82% ▕██████████████    ▏ 4.0 GB/4.9 GB  5.3 MB/s   2m48s[K[?25h[?2026l[?2026h[?25l[A[1Gpulling manifest [K
pulling 667b0c1932bc:  82% ▕██████████████    ▏ 4.0 GB/4.9 GB  5.3 MB/s   2m48s[K[?25h[?2026l[?2026h[?25l[A[1Gpulling manifest [K
pulling 667b0c1932bc:  82% ▕██████████████    ▏ 4.0 GB/4.9 GB  5.3 MB/s   2m48s[K[?25h[?2026l[?2026h[?25l[A[1Gpulling manifest [K
pulling 667b0c1932bc:  82% ▕██████████████    ▏ 4.0 GB/4.9 GB  5.3 MB/s   2m48s[K[?25h[?2026l[?2026h[?25l[A[1Gpulling manifest [K
pulling 667b0c1932bc:  82% ▕██████████████    ▏ 4.0 GB/4.9 GB  5.3 MB/s   2m48s[K[?25h[?2026l[?2026h[?25l[A[1Gpulling manifest [K
pulling 667b0c1932bc:  82% ▕██████████████    ▏ 4.0 GB/4.9 GB  5.3 MB/s   2m48s[K[?25h[?2026l[?2026h[?25l[A[1Gpulling manifest [K
pulling 667b0c1932bc:  82% ▕██████████████    ▏ 4.0 GB/4.9 GB  5.3 MB/s   2m48s[K[?25h[?2026l[?2026h[?25l[A[1Gpulling manifest [K
pulling 667b0c1932bc:  82% ▕██████████████    ▏ 4.0 GB/4.9 GB  5.3 MB/s   2m47s[K[?25h[?2026l[?2026h[?25l[A[1Gpulling manifest [K
pulling 667b0c1932bc:  82% ▕██████████████    ▏ 4.0 GB/4.9 GB  5.3 MB/s   2m47s[K[?25h[?2026l[?2026h[?25l[A[1Gpulling manifest [K
pulling 667b0c1932bc:  82% ▕██████████████    ▏ 4.0 GB/4.9 GB  5.3 MB/s   2m47s[K[?25h[?2026l[?2026h[?25l[A[1Gpulling manifest [K
pulling 667b0c1932bc:  82% ▕██████████████    ▏ 4.0 GB/4.9 GB  5.3 MB/s   2m47s[K[?25h[?2026l[?2026h[?25l[A[1Gpulling manifest [K
pulling 667b0c1932bc:  82% ▕██████████████    ▏ 4.0 GB/4.9 GB  5.3 MB/s   2m47s[K[?25h[?2026l[?2026h[?25l[A[1Gpulling manifest [K
pulling 667b0c1932bc:  82% ▕██████████████    ▏ 4.0 GB/4.9 GB  5.3 MB/s   2m47s[K[?25h[?2026l[?2026h[?25l[A[1Gpulling manifest [K
pulling 667b0c1932bc:  82% ▕██████████████    ▏ 4.0 GB/4.9 GB  5.3 MB/s   2m47s[K[?25h[?2026l[?2026h[?25l[A[1Gpulling manifest [K
pulling 667b0c1932bc:  82% ▕██████████████    ▏ 4.0 GB/4.9 GB  5.3 MB/s   2m47s[K[?25h[?2026l[?2026h[?25l[A[1Gpulling manifest [K
pulling 667b0c1932bc:  82% ▕██████████████    ▏ 4.0 GB/4.9 GB  5.3 MB/s   2m47s[K[?25h[?2026l[?2026h[?25l[A[1Gpulling manifest [K
pulling 667b0c1932bc:  82% ▕██████████████    ▏ 4.0 GB/4.9 GB  5.3 MB/s   2m47s[K[?25h[?2026l[?2026h[?25l[A[1Gpulling manifest [K
pulling 667b0c1932bc:  82% ▕██████████████    ▏ 4.0 GB/4.9 GB  5.3 MB/s   2m47s[K[?25h[?2026l[?2026h[?25l[A[1Gpulling manifest [K
pulling 667b0c1932bc:  82% ▕██████████████    ▏ 4.0 GB/4.9 GB  5.3 MB/s   2m47s[K[?25h[?2026l[?2026h[?25l[A[1Gpulling manifest [K
pulling 667b0c1932bc:  82% ▕██████████████    ▏ 4.0 GB/4.9 GB  5.3 MB/s   2m47s[K[?25h[?2026l[?2026h[?25l[A[1Gpulling manifest [K
pulling 667b0c1932bc:  82% ▕██████████████    ▏ 4.0 GB/4.9 GB  5.3 MB/s   2m47s[K[?25h[?2026l[?2026h[?25l[A[1Gpulling manifest [K
pulling 667b0c1932bc:  82% ▕██████████████    ▏ 4.0 GB/4.9 GB  5.3 MB/s   2m47s[K[?25h[?2026l[?2026h[?25l[A[1Gpulling manifest [K
pulling 667b0c1932bc:  82% ▕██████████████    ▏ 4.0 GB/4.9 GB  5.3 MB/s   2m46s[K[?25h[?2026l[?2026h[?25l[A[1Gpulling manifest [K
pulling 667b0c1932bc:  82% ▕██████████████    ▏ 4.0 GB/4.9 GB  5.3 MB/s   2m46s[K[?25h[?2026l[?2026h[?25l[A[1Gpulling manifest [K
pulling 667b0c1932bc:  82% ▕██████████████    ▏ 4.0 GB/4.9 GB  5.3 MB/s   2m46s[K[?25h[?2026l[?2026h[?25l[A[1Gpulling manifest [K
pulling 667b0c1932bc:  82% ▕██████████████    ▏ 4.0 GB/4.9 GB  5.3 MB/s   2m46s[K[?25h[?2026l[?2026h[?25l[A[1Gpulling manifest [K
pulling 667b0c1932bc:  82% ▕██████████████    ▏ 4.0 GB/4.9 GB  5.3 MB/s   2m46s[K[?25h[?2026l[?2026h[?25l[A[1Gpulling manifest [K
pulling 667b0c1932bc:  82% ▕██████████████    ▏ 4.0 GB/4.9 GB  5.3 MB/s   2m45s[K[?25h[?2026l[?2026h[?25l[A[1Gpulling manifest [K
pulling 667b0c1932bc:  82% ▕██████████████    ▏ 4.0 GB/4.9 GB  5.3 MB/s   2m45s[K[?25h[?2026l[?2026h[?25l[A[1Gpulling manifest [K
pulling 667b0c1932bc:  82% ▕██████████████    ▏ 4.0 GB/4.9 GB  5.3 MB/s   2m45s[K[?25h[?2026l[?2026h[?25l[A[1Gpulling manifest [K
pulling 667b0c1932bc:  82% ▕██████████████    ▏ 4.0 GB/4.9 GB  5.3 MB/s   2m45s[K[?25h[?2026l[?2026h[?25l[A[1Gpulling manifest [K
pulling 667b0c1932bc:  82% ▕██████████████    ▏ 4.0 GB/4.9 GB  5.3 MB/s   2m45s[K[?25h[?2026l[?2026h[?25l[A[1Gpulling manifest [K
pulling 667b0c1932bc:  82% ▕██████████████    ▏ 4.0 GB/4.9 GB  5.3 MB/s   2m45s[K[?25h[?2026l[?2026h[?25l[A[1Gpulling manifest [K
pulling 667b0c1932bc:  82% ▕██████████████    ▏ 4.0 GB/4.9 GB  5.3 MB/s   2m45s[K[?25h[?2026l[?2026h[?25l[A[1Gpulling manifest [K
pulling 667b0c1932bc:  82% ▕██████████████    ▏ 4.0 GB/4.9 GB  5.3 MB/s   2m45s[K[?25h[?2026l[?2026h[?25l[A[1Gpulling manifest [K
pulling 667b0c1932bc:  82% ▕██████████████    ▏ 4.0 GB/4.9 GB  5.3 MB/s   2m45s[K[?25h[?2026l[?2026h[?25l[A[1Gpulling manifest [K
pulling 667b0c1932bc:  82% ▕██████████████    ▏ 4.0 GB/4.9 GB  5.3 MB/s   2m45s[K[?25h[?2026l[?2026h[?25l[A[1Gpulling manifest [K
pulling 667b0c1932bc:  82% ▕██████████████    ▏ 4.0 GB/4.9 GB  5.3 MB/s   2m45s[K[?25h[?2026l[?2026h[?25l[A[1Gpulling manifest [K
pulling 667b0c1932bc:  82% ▕██████████████    ▏ 4.0 GB/4.9 GB  5.3 MB/s   2m45s[K[?25h[?2026l[?2026h[?25l[A[1Gpulling manifest [K
pulling 667b0c1932bc:  82% ▕██████████████    ▏ 4.1 GB/4.9 GB  5.3 MB/s   2m44s[K[?25h[?2026l[?2026h[?25l[A[1Gpulling manifest [K
pulling 667b0c1932bc:  82% ▕██████████████    ▏ 4.1 GB/4.9 GB  5.3 MB/s   2m44s[K[?25h[?2026l[?2026h[?25l[A[1Gpulling manifest [K
pulling 667b0c1932bc:  82% ▕██████████████    ▏ 4.1 GB/4.9 GB  5.3 MB/s   2m44s[K[?25h[?2026l[?2026h[?25l[A[1Gpulling manifest [K
pulling 667b0c1932bc:  82% ▕██████████████    ▏ 4.1 GB/4.9 GB  5.3 MB/s   2m44s[K[?25h[?2026l[?2026h[?25l[A[1Gpulling manifest [K
pulling 667b0c1932bc:  82% ▕██████████████    ▏ 4.1 GB/4.9 GB  5.3 MB/s   2m44s[K[?25h[?2026l[?2026h[?25l[A[1Gpulling manifest [K
pulling 667b0c1932bc:  82% ▕██████████████    ▏ 4.1 GB/4.9 GB  5.3 MB/s   2m44s[K[?25h[?2026l[?2026h[?25l[A[1Gpulling manifest [K
pulling 667b0c1932bc:  82% ▕██████████████    ▏ 4.1 GB/4.9 GB  5.3 MB/s   2m44s[K[?25h[?2026l[?2026h[?25l[A[1Gpulling manifest [K
pulling 667b0c1932bc:  82% ▕██████████████    ▏ 4.1 GB/4.9 GB  5.3 MB/s   2m44s[K[?25h[?2026l[?2026h[?25l[A[1Gpulling manifest [K
pulling 667b0c1932bc:  82% ▕██████████████    ▏ 4.1 GB/4.9 GB  5.3 MB/s   2m45s[K[?25h[?2026l[?2026h[?25l[A[1Gpulling manifest [K
pulling 667b0c1932bc:  82% ▕██████████████    ▏ 4.1 GB/4.9 GB  5.3 MB/s   2m44s[K[?25h[?2026l[?2026h[?25l[A[1Gpulling manifest [K
pulling 667b0c1932bc:  82% ▕██████████████    ▏ 4.1 GB/4.9 GB  5.3 MB/s   2m44s[K[?25h[?2026l[?2026h[?25l[A[1Gpulling manifest [K
pulling 667b0c1932bc:  82% ▕██████████████    ▏ 4.1 GB/4.9 GB  5.3 MB/s   2m44s[K[?25h[?2026l[?2026h[?25l[A[1Gpulling manifest [K
pulling 667b0c1932bc:  82% ▕██████████████    ▏ 4.1 GB/4.9 GB  5.3 MB/s   2m44s[K[?25h[?2026l[?2026h[?25l[A[1Gpulling manifest [K
pulling 667b0c1932bc:  82% ▕██████████████    ▏ 4.1 GB/4.9 GB  5.3 MB/s   2m44s[K[?25h[?2026l[?2026h[?25l[A[1Gpulling manifest [K
pulling 667b0c1932bc:  82% ▕██████████████    ▏ 4.1 GB/4.9 GB  5.3 MB/s   2m44s[K[?25h[?2026l[?2026h[?25l[A[1Gpulling manifest [K
pulling 667b0c1932bc:  82% ▕██████████████    ▏ 4.1 GB/4.9 GB  5.3 MB/s   2m44s[K[?25h[?2026l[?2026h[?25l[A[1Gpulling manifest [K
pulling 667b0c1932bc:  82% ▕██████████████    ▏ 4.1 GB/4.9 GB  5.3 MB/s   2m44s[K[?25h[?2026l[?2026h[?25l[A[1Gpulling manifest [K
pulling 667b0c1932bc:  82% ▕██████████████    ▏ 4.1 GB/4.9 GB  5.3 MB/s   2m44s[K[?25h[?2026l[?2026h[?25l[A[1Gpulling manifest [K
pulling 667b0c1932bc:  82% ▕██████████████    ▏ 4.1 GB/4.9 GB  5.3 MB/s   2m44s[K[?25h[?2026l[?2026h[?25l[A[1Gpulling manifest [K
pulling 667b0c1932bc:  83% ▕██████████████    ▏ 4.1 GB/4.9 GB  5.2 MB/s   2m46s[K[?25h[?2026l[?2026h[?25l[A[1Gpulling manifest [K
pulling 667b0c1932bc:  83% ▕██████████████    ▏ 4.1 GB/4.9 GB  5.2 MB/s   2m46s[K[?25h[?2026l[?2026h[?25l[A[1Gpulling manifest [K
pulling 667b0c1932bc:  83% ▕██████████████    ▏ 4.1 GB/4.9 GB  5.2 MB/s   2m46s[K[?25h[?2026l[?2026h[?25l[A[1Gpulling manifest [K
pulling 667b0c1932bc:  83% ▕██████████████    ▏ 4.1 GB/4.9 GB  5.2 MB/s   2m46s[K[?25h[?2026l[?2026h[?25l[A[1Gpulling manifest [K
pulling 667b0c1932bc:  83% ▕██████████████    ▏ 4.1 GB/4.9 GB  5.2 MB/s   2m46s[K[?25h[?2026l[?2026h[?25l[A[1Gpulling manifest [K
pulling 667b0c1932bc:  83% ▕██████████████    ▏ 4.1 GB/4.9 GB  5.2 MB/s   2m46s[K[?25h[?2026l[?2026h[?25l[A[1Gpulling manifest [K
pulling 667b0c1932bc:  83% ▕██████████████    ▏ 4.1 GB/4.9 GB  5.2 MB/s   2m46s[K[?25h[?2026l[?2026h[?25l[A[1Gpulling manifest [K
pulling 667b0c1932bc:  83% ▕██████████████    ▏ 4.1 GB/4.9 GB  5.2 MB/s   2m46s[K[?25h[?2026l[?2026h[?25l[A[1Gpulling manifest [K
pulling 667b0c1932bc:  83% ▕██████████████    ▏ 4.1 GB/4.9 GB  5.2 MB/s   2m46s[K[?25h[?2026l[?2026h[?25l[A[1Gpulling manifest [K
pulling 667b0c1932bc:  83% ▕██████████████    ▏ 4.1 GB/4.9 GB  5.2 MB/s   2m45s[K[?25h[?2026l[?2026h[?25l[A[1Gpulling manifest [K
pulling 667b0c1932bc:  83% ▕██████████████    ▏ 4.1 GB/4.9 GB  5.2 MB/s   2m45s[K[?25h[?2026l[?2026h[?25l[A[1Gpulling manifest [K
pulling 667b0c1932bc:  83% ▕██████████████    ▏ 4.1 GB/4.9 GB  5.2 MB/s   2m45s[K[?25h[?2026l[?2026h[?25l[A[1Gpulling manifest [K
pulling 667b0c1932bc:  83% ▕██████████████    ▏ 4.1 GB/4.9 GB  5.2 MB/s   2m45s[K[?25h[?2026l[?2026h[?25l[A[1Gpulling manifest [K
pulling 667b0c1932bc:  83% ▕██████████████    ▏ 4.1 GB/4.9 GB  5.2 MB/s   2m45s[K[?25h[?2026l[?2026h[?25l[A[1Gpulling manifest [K
pulling 667b0c1932bc:  83% ▕██████████████    ▏ 4.1 GB/4.9 GB  5.2 MB/s   2m45s[K[?25h[?2026l[?2026h[?25l[A[1Gpulling manifest [K
pulling 667b0c1932bc:  83% ▕██████████████    ▏ 4.1 GB/4.9 GB  5.2 MB/s   2m45s[K[?25h[?2026l[?2026h[?25l[A[1Gpulling manifest [K
pulling 667b0c1932bc:  83% ▕██████████████    ▏ 4.1 GB/4.9 GB  5.2 MB/s   2m45s[K[?25h[?2026l[?2026h[?25l[A[1Gpulling manifest [K
pulling 667b0c1932bc:  83% ▕██████████████    ▏ 4.1 GB/4.9 GB  5.2 MB/s   2m44s[K[?25h[?2026l[?2026h[?25l[A[1Gpulling manifest [K
pulling 667b0c1932bc:  83% ▕██████████████    ▏ 4.1 GB/4.9 GB  5.2 MB/s   2m44s[K[?25h[?2026l[?2026h[?25l[A[1Gpulling manifest [K
pulling 667b0c1932bc:  83% ▕██████████████    ▏ 4.1 GB/4.9 GB  5.2 MB/s   2m44s[K[?25h[?2026l[?2026h[?25l[A[1Gpulling manifest [K
pulling 667b0c1932bc:  83% ▕██████████████    ▏ 4.1 GB/4.9 GB  5.1 MB/s   2m46s[K[?25h[?2026l[?2026h[?25l[A[1Gpulling manifest [K
pulling 667b0c1932bc:  83% ▕██████████████    ▏ 4.1 GB/4.9 GB  5.1 MB/s   2m46s[K[?25h[?2026l[?2026h[?25l[A[1Gpulling manifest [K
pulling 667b0c1932bc:  83% ▕██████████████    ▏ 4.1 GB/4.9 GB  5.1 MB/s   2m46s[K[?25h[?2026l[?2026h[?25l[A[1Gpulling manifest [K
pulling 667b0c1932bc:  83% ▕██████████████    ▏ 4.1 GB/4.9 GB  5.1 MB/s   2m46s[K[?25h[?2026l[?2026h[?25l[A[1Gpulling manifest [K
pulling 667b0c1932bc:  83% ▕██████████████    ▏ 4.1 GB/4.9 GB  5.1 MB/s   2m46s[K[?25h[?2026l[?2026h[?25l[A[1Gpulling manifest [K
pulling 667b0c1932bc:  83% ▕██████████████    ▏ 4.1 GB/4.9 GB  5.1 MB/s   2m45s[K[?25h[?2026l[?2026h[?25l[A[1Gpulling manifest [K
pulling 667b0c1932bc:  83% ▕██████████████    ▏ 4.1 GB/4.9 GB  5.1 MB/s   2m45s[K[?25h[?2026l[?2026h[?25l[A[1Gpulling manifest [K
pulling 667b0c1932bc:  83% ▕██████████████    ▏ 4.1 GB/4.9 GB  5.1 MB/s   2m45s[K[?25h[?2026l[?2026h[?25l[A[1Gpulling manifest [K
pulling 667b0c1932bc:  83% ▕██████████████    ▏ 4.1 GB/4.9 GB  5.1 MB/s   2m45s[K[?25h[?2026l[?2026h[?25l[A[1Gpulling manifest [K
pulling 667b0c1932bc:  83% ▕██████████████    ▏ 4.1 GB/4.9 GB  5.1 MB/s   2m45s[K[?25h[?2026l[?2026h[?25l[A[1Gpulling manifest [K
pulling 667b0c1932bc:  83% ▕██████████████    ▏ 4.1 GB/4.9 GB  5.1 MB/s   2m46s[K[?25h[?2026l[?2026h[?25l[A[1Gpulling manifest [K
pulling 667b0c1932bc:  83% ▕██████████████    ▏ 4.1 GB/4.9 GB  5.1 MB/s   2m46s[K[?25h[?2026l[?2026h[?25l[A[1Gpulling manifest [K
pulling 667b0c1932bc:  83% ▕██████████████    ▏ 4.1 GB/4.9 GB  5.1 MB/s   2m46s[K[?25h[?2026l[?2026h[?25l[A[1Gpulling manifest [K
pulling 667b0c1932bc:  83% ▕██████████████    ▏ 4.1 GB/4.9 GB  5.1 MB/s   2m46s[K[?25h[?2026l[?2026h[?25l[A[1Gpulling manifest [K
pulling 667b0c1932bc:  83% ▕██████████████    ▏ 4.1 GB/4.9 GB  5.1 MB/s   2m46s[K[?25h[?2026l[?2026h[?25l[A[1Gpulling manifest [K
pulling 667b0c1932bc:  83% ▕██████████████    ▏ 4.1 GB/4.9 GB  5.1 MB/s   2m46s[K[?25h[?2026l[?2026h[?25l[A[1Gpulling manifest [K
pulling 667b0c1932bc:  83% ▕██████████████    ▏ 4.1 GB/4.9 GB  5.1 MB/s   2m46s[K[?25h[?2026l[?2026h[?25l[A[1Gpulling manifest [K
pulling 667b0c1932bc:  83% ▕██████████████    ▏ 4.1 GB/4.9 GB  5.1 MB/s   2m46s[K[?25h[?2026l[?2026h[?25l[A[1Gpulling manifest [K
pulling 667b0c1932bc:  83% ▕██████████████    ▏ 4.1 GB/4.9 GB  5.1 MB/s   2m45s[K[?25h[?2026l[?2026h[?25l[A[1Gpulling manifest [K
pulling 667b0c1932bc:  83% ▕██████████████    ▏ 4.1 GB/4.9 GB  5.1 MB/s   2m45s[K[?25h[?2026l[?2026h[?25l[A[1Gpulling manifest [K
pulling 667b0c1932bc:  83% ▕██████████████    ▏ 4.1 GB/4.9 GB  5.1 MB/s   2m45s[K[?25h[?2026l[?2026h[?25l[A[1Gpulling manifest [K
pulling 667b0c1932bc:  83% ▕██████████████    ▏ 4.1 GB/4.9 GB  5.1 MB/s   2m45s[K[?25h[?2026l[?2026h[?25l[A[1Gpulling manifest [K
pulling 667b0c1932bc:  83% ▕██████████████    ▏ 4.1 GB/4.9 GB  5.1 MB/s   2m45s[K[?25h[?2026l[?2026h[?25l[A[1Gpulling manifest [K
pulling 667b0c1932bc:  83% ▕██████████████    ▏ 4.1 GB/4.9 GB  5.1 MB/s   2m45s[K[?25h[?2026l[?2026h[?25l[A[1Gpulling manifest [K
pulling 667b0c1932bc:  83% ▕██████████████    ▏ 4.1 GB/4.9 GB  5.1 MB/s   2m45s[K[?25h[?2026l[?2026h[?25l[A[1Gpulling manifest [K
pulling 667b0c1932bc:  83% ▕██████████████    ▏ 4.1 GB/4.9 GB  5.1 MB/s   2m45s[K[?25h[?2026l[?2026h[?25l[A[1Gpulling manifest [K
pulling 667b0c1932bc:  83% ▕██████████████    ▏ 4.1 GB/4.9 GB  5.1 MB/s   2m45s[K[?25h[?2026l[?2026h[?25l[A[1Gpulling manifest [K
pulling 667b0c1932bc:  83% ▕██████████████    ▏ 4.1 GB/4.9 GB  5.1 MB/s   2m45s[K[?25h[?2026l[?2026h[?25l[A[1Gpulling manifest [K
pulling 667b0c1932bc:  83% ▕██████████████    ▏ 4.1 GB/4.9 GB  5.1 MB/s   2m45s[K[?25h[?2026l[?2026h[?25l[A[1Gpulling manifest [K
pulling 667b0c1932bc:  83% ▕██████████████    ▏ 4.1 GB/4.9 GB  5.1 MB/s   2m45s[K[?25h[?2026l[?2026h[?25l[A[1Gpulling manifest [K
pulling 667b0c1932bc:  83% ▕██████████████    ▏ 4.1 GB/4.9 GB  5.1 MB/s   2m44s[K[?25h[?2026l[?2026h[?25l[A[1Gpulling manifest [K
pulling 667b0c1932bc:  83% ▕██████████████    ▏ 4.1 GB/4.9 GB  4.9 MB/s   2m51s[K[?25h[?2026l[?2026h[?25l[A[1Gpulling manifest [K
pulling 667b0c1932bc:  83% ▕██████████████    ▏ 4.1 GB/4.9 GB  4.9 MB/s   2m51s[K[?25h[?2026l[?2026h[?25l[A[1Gpulling manifest [K
pulling 667b0c1932bc:  83% ▕██████████████    ▏ 4.1 GB/4.9 GB  4.9 MB/s   2m50s[K[?25h[?2026l[?2026h[?25l[A[1Gpulling manifest [K
pulling 667b0c1932bc:  83% ▕██████████████    ▏ 4.1 GB/4.9 GB  4.9 MB/s   2m50s[K[?25h[?2026l[?2026h[?25l[A[1Gpulling manifest [K
pulling 667b0c1932bc:  83% ▕██████████████    ▏ 4.1 GB/4.9 GB  4.9 MB/s   2m50s[K[?25h[?2026l[?2026h[?25l[A[1Gpulling manifest [K
pulling 667b0c1932bc:  83% ▕██████████████    ▏ 4.1 GB/4.9 GB  4.9 MB/s   2m50s[K[?25h[?2026l[?2026h[?25l[A[1Gpulling manifest [K
pulling 667b0c1932bc:  83% ▕██████████████    ▏ 4.1 GB/4.9 GB  4.9 MB/s   2m50s[K[?25h[?2026l[?2026h[?25l[A[1Gpulling manifest [K
pulling 667b0c1932bc:  83% ▕██████████████    ▏ 4.1 GB/4.9 GB  4.9 MB/s   2m50s[K[?25h[?2026l[?2026h[?25l[A[1Gpulling manifest [K
pulling 667b0c1932bc:  83% ▕██████████████    ▏ 4.1 GB/4.9 GB  4.9 MB/s   2m50s[K[?25h[?2026l[?2026h[?25l[A[1Gpulling manifest [K
pulling 667b0c1932bc:  83% ▕██████████████    ▏ 4.1 GB/4.9 GB  4.9 MB/s   2m50s[K[?25h[?2026l[?2026h[?25l[A[1Gpulling manifest [K
pulling 667b0c1932bc:  83% ▕██████████████    ▏ 4.1 GB/4.9 GB  4.8 MB/s   2m54s[K[?25h[?2026l[?2026h[?25l[A[1Gpulling manifest [K
pulling 667b0c1932bc:  83% ▕██████████████    ▏ 4.1 GB/4.9 GB  4.8 MB/s   2m54s[K[?25h[?2026l[?2026h[?25l[A[1Gpulling manifest [K
pulling 667b0c1932bc:  83% ▕██████████████    ▏ 4.1 GB/4.9 GB  4.8 MB/s   2m54s[K[?25h[?2026l[?2026h[?25l[A[1Gpulling manifest [K
pulling 667b0c1932bc:  83% ▕██████████████    ▏ 4.1 GB/4.9 GB  4.8 MB/s   2m54s[K[?25h[?2026l[?2026h[?25l[A[1Gpulling manifest [K
pulling 667b0c1932bc:  83% ▕██████████████    ▏ 4.1 GB/4.9 GB  4.8 MB/s   2m54s[K[?25h[?2026l[?2026h[?25l[A[1Gpulling manifest [K
pulling 667b0c1932bc:  83% ▕██████████████    ▏ 4.1 GB/4.9 GB  4.8 MB/s   2m54s[K[?25h[?2026l[?2026h[?25l[A[1Gpulling manifest [K
pulling 667b0c1932bc:  83% ▕██████████████    ▏ 4.1 GB/4.9 GB  4.8 MB/s   2m53s[K[?25h[?2026l[?2026h[?25l[A[1Gpulling manifest [K
pulling 667b0c1932bc:  83% ▕██████████████    ▏ 4.1 GB/4.9 GB  4.8 MB/s   2m53s[K[?25h[?2026l[?2026h[?25l[A[1Gpulling manifest [K
pulling 667b0c1932bc:  83% ▕██████████████    ▏ 4.1 GB/4.9 GB  4.8 MB/s   2m53s[K[?25h[?2026l[?2026h[?25l[A[1Gpulling manifest [K
pulling 667b0c1932bc:  83% ▕██████████████    ▏ 4.1 GB/4.9 GB  4.8 MB/s   2m53s[K[?25h[?2026l[?2026h[?25l[A[1Gpulling manifest [K
pulling 667b0c1932bc:  83% ▕██████████████    ▏ 4.1 GB/4.9 GB  4.7 MB/s   2m55s[K[?25h[?2026l[?2026h[?25l[A[1Gpulling manifest [K
pulling 667b0c1932bc:  83% ▕██████████████    ▏ 4.1 GB/4.9 GB  4.7 MB/s   2m55s[K[?25h[?2026l[?2026h[?25l[A[1Gpulling manifest [K
pulling 667b0c1932bc:  83% ▕██████████████    ▏ 4.1 GB/4.9 GB  4.7 MB/s   2m55s[K[?25h[?2026l[?2026h[?25l[A[1Gpulling manifest [K
pulling 667b0c1932bc:  83% ▕██████████████    ▏ 4.1 GB/4.9 GB  4.7 MB/s   2m55s[K[?25h[?2026l[?2026h[?25l[A[1Gpulling manifest [K
pulling 667b0c1932bc:  83% ▕██████████████    ▏ 4.1 GB/4.9 GB  4.7 MB/s   2m55s[K[?25h[?2026l[?2026h[?25l[A[1Gpulling manifest [K
pulling 667b0c1932bc:  83% ▕██████████████    ▏ 4.1 GB/4.9 GB  4.7 MB/s   2m54s[K[?25h[?2026l[?2026h[?25l[A[1Gpulling manifest [K
pulling 667b0c1932bc:  83% ▕██████████████    ▏ 4.1 GB/4.9 GB  4.7 MB/s   2m54s[K[?25h[?2026l[?2026h[?25l[A[1Gpulling manifest [K
pulling 667b0c1932bc:  83% ▕██████████████    ▏ 4.1 GB/4.9 GB  4.7 MB/s   2m54s[K[?25h[?2026l[?2026h[?25l[A[1Gpulling manifest [K
pulling 667b0c1932bc:  83% ▕██████████████    ▏ 4.1 GB/4.9 GB  4.7 MB/s   2m54s[K[?25h[?2026l[?2026h[?25l[A[1Gpulling manifest [K
pulling 667b0c1932bc:  83% ▕██████████████    ▏ 4.1 GB/4.9 GB  4.7 MB/s   2m54s[K[?25h[?2026l[?2026h[?25l[A[1Gpulling manifest [K
pulling 667b0c1932bc:  83% ▕██████████████    ▏ 4.1 GB/4.9 GB  4.7 MB/s   2m53s[K[?25h[?2026l[?2026h[?25l[A[1Gpulling manifest [K
pulling 667b0c1932bc:  83% ▕██████████████    ▏ 4.1 GB/4.9 GB  4.7 MB/s   2m53s[K[?25h[?2026l[?2026h[?25l[A[1Gpulling manifest [K
pulling 667b0c1932bc:  83% ▕██████████████    ▏ 4.1 GB/4.9 GB  4.7 MB/s   2m53s[K[?25h[?2026l[?2026h[?25l[A[1Gpulling manifest [K
pulling 667b0c1932bc:  83% ▕██████████████    ▏ 4.1 GB/4.9 GB  4.7 MB/s   2m53s[K[?25h[?2026l[?2026h[?25l[A[1Gpulling manifest [K
pulling 667b0c1932bc:  83% ▕██████████████    ▏ 4.1 GB/4.9 GB  4.7 MB/s   2m53s[K[?25h[?2026l[?2026h[?25l[A[1Gpulling manifest [K
pulling 667b0c1932bc:  83% ▕██████████████    ▏ 4.1 GB/4.9 GB  4.7 MB/s   2m53s[K[?25h[?2026l[?2026h[?25l[A[1Gpulling manifest [K
pulling 667b0c1932bc:  83% ▕██████████████    ▏ 4.1 GB/4.9 GB  4.7 MB/s   2m53s[K[?25h[?2026l[?2026h[?25l[A[1Gpulling manifest [K
pulling 667b0c1932bc:  83% ▕██████████████    ▏ 4.1 GB/4.9 GB  4.7 MB/s   2m53s[K[?25h[?2026l[?2026h[?25l[A[1Gpulling manifest [K
pulling 667b0c1932bc:  83% ▕██████████████    ▏ 4.1 GB/4.9 GB  4.7 MB/s   2m53s[K[?25h[?2026l[?2026h[?25l[A[1Gpulling manifest [K
pulling 667b0c1932bc:  83% ▕███████████████   ▏ 4.1 GB/4.9 GB  4.7 MB/s   2m52s[K[?25h[?2026l[?2026h[?25l[A[1Gpulling manifest [K
pulling 667b0c1932bc:  83% ▕███████████████   ▏ 4.1 GB/4.9 GB  4.7 MB/s   2m53s[K[?25h[?2026l[?2026h[?25l[A[1Gpulling manifest [K
pulling 667b0c1932bc:  83% ▕███████████████   ▏ 4.1 GB/4.9 GB  4.7 MB/s   2m53s[K[?25h[?2026l[?2026h[?25l[A[1Gpulling manifest [K
pulling 667b0c1932bc:  83% ▕███████████████   ▏ 4.1 GB/4.9 GB  4.7 MB/s   2m53s[K[?25h[?2026l[?2026h[?25l[A[1Gpulling manifest [K
pulling 667b0c1932bc:  83% ▕███████████████   ▏ 4.1 GB/4.9 GB  4.7 MB/s   2m53s[K[?25h[?2026l[?2026h[?25l[A[1Gpulling manifest [K
pulling 667b0c1932bc:  83% ▕███████████████   ▏ 4.1 GB/4.9 GB  4.7 MB/s   2m53s[K[?25h[?2026l[?2026h[?25l[A[1Gpulling manifest [K
pulling 667b0c1932bc:  83% ▕███████████████   ▏ 4.1 GB/4.9 GB  4.7 MB/s   2m53s[K[?25h[?2026l[?2026h[?25l[A[1Gpulling manifest [K
pulling 667b0c1932bc:  83% ▕███████████████   ▏ 4.1 GB/4.9 GB  4.7 MB/s   2m53s[K[?25h[?2026l[?2026h[?25l[A[1Gpulling manifest [K
pulling 667b0c1932bc:  83% ▕███████████████   ▏ 4.1 GB/4.9 GB  4.7 MB/s   2m52s[K[?25h[?2026l[?2026h[?25l[A[1Gpulling manifest [K
pulling 667b0c1932bc:  83% ▕███████████████   ▏ 4.1 GB/4.9 GB  4.7 MB/s   2m52s[K[?25h[?2026l[?2026h[?25l[A[1Gpulling manifest [K
pulling 667b0c1932bc:  83% ▕███████████████   ▏ 4.1 GB/4.9 GB  4.7 MB/s   2m52s[K[?25h[?2026l[?2026h[?25l[A[1Gpulling manifest [K
pulling 667b0c1932bc:  83% ▕███████████████   ▏ 4.1 GB/4.9 GB  4.7 MB/s   2m52s[K[?25h[?2026l[?2026h[?25l[A[1Gpulling manifest [K
pulling 667b0c1932bc:  83% ▕███████████████   ▏ 4.1 GB/4.9 GB  4.8 MB/s   2m51s[K[?25h[?2026l[?2026h[?25l[A[1Gpulling manifest [K
pulling 667b0c1932bc:  83% ▕███████████████   ▏ 4.1 GB/4.9 GB  4.8 MB/s   2m50s[K[?25h[?2026l[?2026h[?25l[A[1Gpulling manifest [K
pulling 667b0c1932bc:  83% ▕███████████████   ▏ 4.1 GB/4.9 GB  4.8 MB/s   2m50s[K[?25h[?2026l[?2026h[?25l[A[1Gpulling manifest [K
pulling 667b0c1932bc:  84% ▕███████████████   ▏ 4.1 GB/4.9 GB  4.8 MB/s   2m50s[K[?25h[?2026l[?2026h[?25l[A[1Gpulling manifest [K
pulling 667b0c1932bc:  84% ▕███████████████   ▏ 4.1 GB/4.9 GB  4.8 MB/s   2m50s[K[?25h[?2026l[?2026h[?25l[A[1Gpulling manifest [K
pulling 667b0c1932bc:  84% ▕███████████████   ▏ 4.1 GB/4.9 GB  4.8 MB/s   2m50s[K[?25h[?2026l[?2026h[?25l[A[1Gpulling manifest [K
pulling 667b0c1932bc:  84% ▕███████████████   ▏ 4.1 GB/4.9 GB  4.8 MB/s   2m50s[K[?25h[?2026l[?2026h[?25l[A[1Gpulling manifest [K
pulling 667b0c1932bc:  84% ▕███████████████   ▏ 4.1 GB/4.9 GB  4.8 MB/s   2m50s[K[?25h[?2026l[?2026h[?25l[A[1Gpulling manifest [K
pulling 667b0c1932bc:  84% ▕███████████████   ▏ 4.1 GB/4.9 GB  4.8 MB/s   2m50s[K[?25h[?2026l[?2026h[?25l[A[1Gpulling manifest [K
pulling 667b0c1932bc:  84% ▕███████████████   ▏ 4.1 GB/4.9 GB  4.8 MB/s   2m50s[K[?25h[?2026l[?2026h[?25l[A[1Gpulling manifest [K
pulling 667b0c1932bc:  84% ▕███████████████   ▏ 4.1 GB/4.9 GB  4.7 MB/s   2m50s[K[?25h[?2026l[?2026h[?25l[A[1Gpulling manifest [K
pulling 667b0c1932bc:  84% ▕███████████████   ▏ 4.1 GB/4.9 GB  4.7 MB/s   2m50s[K[?25h[?2026l[?2026h[?25l[A[1Gpulling manifest [K
pulling 667b0c1932bc:  84% ▕███████████████   ▏ 4.1 GB/4.9 GB  4.7 MB/s   2m50s[K[?25h[?2026l[?2026h[?25l[A[1Gpulling manifest [K
pulling 667b0c1932bc:  84% ▕███████████████   ▏ 4.1 GB/4.9 GB  4.7 MB/s   2m50s[K[?25h[?2026l[?2026h[?25l[A[1Gpulling manifest [K
pulling 667b0c1932bc:  84% ▕███████████████   ▏ 4.1 GB/4.9 GB  4.7 MB/s   2m50s[K[?25h[?2026l[?2026h[?25l[A[1Gpulling manifest [K
pulling 667b0c1932bc:  84% ▕███████████████   ▏ 4.1 GB/4.9 GB  4.7 MB/s   2m50s[K[?25h[?2026l[?2026h[?25l[A[1Gpulling manifest [K
pulling 667b0c1932bc:  84% ▕███████████████   ▏ 4.1 GB/4.9 GB  4.7 MB/s   2m50s[K[?25h[?2026l[?2026h[?25l[A[1Gpulling manifest [K
pulling 667b0c1932bc:  84% ▕███████████████   ▏ 4.1 GB/4.9 GB  4.7 MB/s   2m50s[K[?25h[?2026l[?2026h[?25l[A[1Gpulling manifest [K
pulling 667b0c1932bc:  84% ▕███████████████   ▏ 4.1 GB/4.9 GB  4.7 MB/s   2m49s[K[?25h[?2026l[?2026h[?25l[A[1Gpulling manifest [K
pulling 667b0c1932bc:  84% ▕███████████████   ▏ 4.1 GB/4.9 GB  4.7 MB/s   2m49s[K[?25h[?2026l[?2026h[?25l[A[1Gpulling manifest [K
pulling 667b0c1932bc:  84% ▕███████████████   ▏ 4.1 GB/4.9 GB  4.8 MB/s   2m48s[K[?25h[?2026l[?2026h[?25l[A[1Gpulling manifest [K
pulling 667b0c1932bc:  84% ▕███████████████   ▏ 4.1 GB/4.9 GB  4.8 MB/s   2m48s[K[?25h[?2026l[?2026h[?25l[A[1Gpulling manifest [K
pulling 667b0c1932bc:  84% ▕███████████████   ▏ 4.1 GB/4.9 GB  4.8 MB/s   2m48s[K[?25h[?2026l[?2026h[?25l[A[1Gpulling manifest [K
pulling 667b0c1932bc:  84% ▕███████████████   ▏ 4.1 GB/4.9 GB  4.8 MB/s   2m48s[K[?25h[?2026l[?2026h[?25l[A[1Gpulling manifest [K
pulling 667b0c1932bc:  84% ▕███████████████   ▏ 4.1 GB/4.9 GB  4.8 MB/s   2m48s[K[?25h[?2026l[?2026h[?25l[A[1Gpulling manifest [K
pulling 667b0c1932bc:  84% ▕███████████████   ▏ 4.1 GB/4.9 GB  4.8 MB/s   2m48s[K[?25h[?2026l[?2026h[?25l[A[1Gpulling manifest [K
pulling 667b0c1932bc:  84% ▕███████████████   ▏ 4.1 GB/4.9 GB  4.8 MB/s   2m48s[K[?25h[?2026l[?2026h[?25l[A[1Gpulling manifest [K
pulling 667b0c1932bc:  84% ▕███████████████   ▏ 4.1 GB/4.9 GB  4.8 MB/s   2m48s[K[?25h[?2026l[?2026h[?25l[A[1Gpulling manifest [K
pulling 667b0c1932bc:  84% ▕███████████████   ▏ 4.1 GB/4.9 GB  4.8 MB/s   2m47s[K[?25h[?2026l[?2026h[?25l[A[1Gpulling manifest [K
pulling 667b0c1932bc:  84% ▕███████████████   ▏ 4.1 GB/4.9 GB  4.8 MB/s   2m47s[K[?25h[?2026l[?2026h[?25l[A[1Gpulling manifest [K
pulling 667b0c1932bc:  84% ▕███████████████   ▏ 4.1 GB/4.9 GB  4.8 MB/s   2m45s[K[?25h[?2026l[?2026h[?25l[A[1Gpulling manifest [K
pulling 667b0c1932bc:  84% ▕███████████████   ▏ 4.1 GB/4.9 GB  4.8 MB/s   2m45s[K[?25h[?2026l[?2026h[?25l[A[1Gpulling manifest [K
pulling 667b0c1932bc:  84% ▕███████████████   ▏ 4.1 GB/4.9 GB  4.8 MB/s   2m45s[K[?25h[?2026l[?2026h[?25l[A[1Gpulling manifest [K
pulling 667b0c1932bc:  84% ▕███████████████   ▏ 4.1 GB/4.9 GB  4.8 MB/s   2m45s[K[?25h[?2026l[?2026h[?25l[A[1Gpulling manifest [K
pulling 667b0c1932bc:  84% ▕███████████████   ▏ 4.1 GB/4.9 GB  4.8 MB/s   2m45s[K[?25h[?2026l[?2026h[?25l[A[1Gpulling manifest [K
pulling 667b0c1932bc:  84% ▕███████████████   ▏ 4.1 GB/4.9 GB  4.8 MB/s   2m45s[K[?25h[?2026l[?2026h[?25l[A[1Gpulling manifest [K
pulling 667b0c1932bc:  84% ▕███████████████   ▏ 4.1 GB/4.9 GB  4.8 MB/s   2m45s[K[?25h[?2026l[?2026h[?25l[A[1Gpulling manifest [K
pulling 667b0c1932bc:  84% ▕███████████████   ▏ 4.1 GB/4.9 GB  4.8 MB/s   2m44s[K[?25h[?2026l[?2026h[?25l[A[1Gpulling manifest [K
pulling 667b0c1932bc:  84% ▕███████████████   ▏ 4.1 GB/4.9 GB  4.8 MB/s   2m44s[K[?25h[?2026l[?2026h[?25l[A[1Gpulling manifest [K
pulling 667b0c1932bc:  84% ▕███████████████   ▏ 4.1 GB/4.9 GB  4.8 MB/s   2m44s[K[?25h[?2026l[?2026h[?25l[A[1Gpulling manifest [K
pulling 667b0c1932bc:  84% ▕███████████████   ▏ 4.1 GB/4.9 GB  5.1 MB/s   2m36s[K[?25h[?2026l[?2026h[?25l[A[1Gpulling manifest [K
pulling 667b0c1932bc:  84% ▕███████████████   ▏ 4.1 GB/4.9 GB  5.1 MB/s   2m36s[K[?25h[?2026l[?2026h[?25l[A[1Gpulling manifest [K
pulling 667b0c1932bc:  84% ▕███████████████   ▏ 4.1 GB/4.9 GB  5.1 MB/s   2m36s[K[?25h[?2026l[?2026h[?25l[A[1Gpulling manifest [K
pulling 667b0c1932bc:  84% ▕███████████████   ▏ 4.1 GB/4.9 GB  5.1 MB/s   2m36s[K[?25h[?2026l[?2026h[?25l[A[1Gpulling manifest [K
pulling 667b0c1932bc:  84% ▕███████████████   ▏ 4.1 GB/4.9 GB  5.1 MB/s   2m35s[K[?25h[?2026l[?2026h[?25l[A[1Gpulling manifest [K
pulling 667b0c1932bc:  84% ▕███████████████   ▏ 4.1 GB/4.9 GB  5.1 MB/s   2m35s[K[?25h[?2026l[?2026h[?25l[A[1Gpulling manifest [K
pulling 667b0c1932bc:  84% ▕███████████████   ▏ 4.1 GB/4.9 GB  5.1 MB/s   2m35s[K[?25h[?2026l[?2026h[?25l[A[1Gpulling manifest [K
pulling 667b0c1932bc:  84% ▕███████████████   ▏ 4.1 GB/4.9 GB  5.1 MB/s   2m35s[K[?25h[?2026l[?2026h[?25l[A[1Gpulling manifest [K
pulling 667b0c1932bc:  84% ▕███████████████   ▏ 4.1 GB/4.9 GB  5.1 MB/s   2m35s[K[?25h[?2026l[?2026h[?25l[A[1Gpulling manifest [K
pulling 667b0c1932bc:  84% ▕███████████████   ▏ 4.1 GB/4.9 GB  5.1 MB/s   2m35s[K[?25h[?2026l[?2026h[?25l[A[1Gpulling manifest [K
pulling 667b0c1932bc:  84% ▕███████████████   ▏ 4.1 GB/4.9 GB  5.1 MB/s   2m35s[K[?25h[?2026l[?2026h[?25l[A[1Gpulling manifest [K
pulling 667b0c1932bc:  84% ▕███████████████   ▏ 4.1 GB/4.9 GB  5.2 MB/s   2m30s[K[?25h[?2026l[?2026h[?25l[A[1Gpulling manifest [K
pulling 667b0c1932bc:  84% ▕███████████████   ▏ 4.1 GB/4.9 GB  5.2 MB/s   2m30s[K[?25h[?2026l[?2026h[?25l[A[1Gpulling manifest [K
pulling 667b0c1932bc:  84% ▕███████████████   ▏ 4.1 GB/4.9 GB  5.2 MB/s   2m30s[K[?25h[?2026l[?2026h[?25l[A[1Gpulling manifest [K
pulling 667b0c1932bc:  84% ▕███████████████   ▏ 4.1 GB/4.9 GB  5.2 MB/s   2m29s[K[?25h[?2026l[?2026h[?25l[A[1Gpulling manifest [K
pulling 667b0c1932bc:  84% ▕███████████████   ▏ 4.1 GB/4.9 GB  5.2 MB/s   2m29s[K[?25h[?2026l[?2026h[?25l[A[1Gpulling manifest [K
pulling 667b0c1932bc:  84% ▕███████████████   ▏ 4.1 GB/4.9 GB  5.2 MB/s   2m29s[K[?25h[?2026l[?2026h[?25l[A[1Gpulling manifest [K
pulling 667b0c1932bc:  84% ▕███████████████   ▏ 4.1 GB/4.9 GB  5.2 MB/s   2m29s[K[?25h[?2026l[?2026h[?25l[A[1Gpulling manifest [K
pulling 667b0c1932bc:  84% ▕███████████████   ▏ 4.1 GB/4.9 GB  5.2 MB/s   2m29s[K[?25h[?2026l[?2026h[?25l[A[1Gpulling manifest [K
pulling 667b0c1932bc:  84% ▕███████████████   ▏ 4.1 GB/4.9 GB  5.2 MB/s   2m29s[K[?25h[?2026l[?2026h[?25l[A[1Gpulling manifest [K
pulling 667b0c1932bc:  84% ▕███████████████   ▏ 4.1 GB/4.9 GB  5.2 MB/s   2m29s[K[?25h[?2026l[?2026h[?25l[A[1Gpulling manifest [K
pulling 667b0c1932bc:  84% ▕███████████████   ▏ 4.1 GB/4.9 GB  5.4 MB/s   2m25s[K[?25h[?2026l[?2026h[?25l[A[1Gpulling manifest [K
pulling 667b0c1932bc:  84% ▕███████████████   ▏ 4.1 GB/4.9 GB  5.4 MB/s   2m25s[K[?25h[?2026l[?2026h[?25l[A[1Gpulling manifest [K
pulling 667b0c1932bc:  84% ▕███████████████   ▏ 4.1 GB/4.9 GB  5.4 MB/s   2m25s[K[?25h[?2026l[?2026h[?25l[A[1Gpulling manifest [K
pulling 667b0c1932bc:  84% ▕███████████████   ▏ 4.1 GB/4.9 GB  5.4 MB/s   2m25s[K[?25h[?2026l[?2026h[?25l[A[1Gpulling manifest [K
pulling 667b0c1932bc:  84% ▕███████████████   ▏ 4.1 GB/4.9 GB  5.4 MB/s   2m25s[K[?25h[?2026l[?2026h[?25l[A[1Gpulling manifest [K
pulling 667b0c1932bc:  84% ▕███████████████   ▏ 4.1 GB/4.9 GB  5.4 MB/s   2m25s[K[?25h[?2026l[?2026h[?25l[A[1Gpulling manifest [K
pulling 667b0c1932bc:  84% ▕███████████████   ▏ 4.1 GB/4.9 GB  5.4 MB/s   2m25s[K[?25h[?2026l[?2026h[?25l[A[1Gpulling manifest [K
pulling 667b0c1932bc:  84% ▕███████████████   ▏ 4.1 GB/4.9 GB  5.4 MB/s   2m25s[K[?25h[?2026l[?2026h[?25l[A[1Gpulling manifest [K
pulling 667b0c1932bc:  84% ▕███████████████   ▏ 4.1 GB/4.9 GB  5.4 MB/s   2m25s[K[?25h[?2026l[?2026h[?25l[A[1Gpulling manifest [K
pulling 667b0c1932bc:  84% ▕███████████████   ▏ 4.1 GB/4.9 GB  5.4 MB/s   2m24s[K[?25h[?2026l[?2026h[?25l[A[1Gpulling manifest [K
pulling 667b0c1932bc:  84% ▕███████████████   ▏ 4.1 GB/4.9 GB  5.4 MB/s   2m23s[K[?25h[?2026l[?2026h[?25l[A[1Gpulling manifest [K
pulling 667b0c1932bc:  84% ▕███████████████   ▏ 4.1 GB/4.9 GB  5.4 MB/s   2m23s[K[?25h[?2026l[?2026h[?25l[A[1Gpulling manifest [K
pulling 667b0c1932bc:  84% ▕███████████████   ▏ 4.1 GB/4.9 GB  5.4 MB/s   2m23s[K[?25h[?2026l[?2026h[?25l[A[1Gpulling manifest [K
pulling 667b0c1932bc:  84% ▕███████████████   ▏ 4.1 GB/4.9 GB  5.4 MB/s   2m23s[K[?25h[?2026l[?2026h[?25l[A[1Gpulling manifest [K
pulling 667b0c1932bc:  84% ▕███████████████   ▏ 4.1 GB/4.9 GB  5.4 MB/s   2m23s[K[?25h[?2026l[?2026h[?25l[A[1Gpulling manifest [K
pulling 667b0c1932bc:  84% ▕███████████████   ▏ 4.1 GB/4.9 GB  5.4 MB/s   2m23s[K[?25h[?2026l[?2026h[?25l[A[1Gpulling manifest [K
pulling 667b0c1932bc:  84% ▕███████████████   ▏ 4.1 GB/4.9 GB  5.4 MB/s   2m23s[K[?25h[?2026l[?2026h[?25l[A[1Gpulling manifest [K
pulling 667b0c1932bc:  84% ▕███████████████   ▏ 4.1 GB/4.9 GB  5.4 MB/s   2m23s[K[?25h[?2026l[?2026h[?25l[A[1Gpulling manifest [K
pulling 667b0c1932bc:  84% ▕███████████████   ▏ 4.1 GB/4.9 GB  5.4 MB/s   2m23s[K[?25h[?2026l[?2026h[?25l[A[1Gpulling manifest [K
pulling 667b0c1932bc:  84% ▕███████████████   ▏ 4.1 GB/4.9 GB  5.4 MB/s   2m23s[K[?25h[?2026l[?2026h[?25l[A[1Gpulling manifest [K
pulling 667b0c1932bc:  84% ▕███████████████   ▏ 4.2 GB/4.9 GB  5.5 MB/s   2m21s[K[?25h[?2026l[?2026h[?25l[A[1Gpulling manifest [K
pulling 667b0c1932bc:  84% ▕███████████████   ▏ 4.2 GB/4.9 GB  5.5 MB/s   2m21s[K[?25h[?2026l[?2026h[?25l[A[1Gpulling manifest [K
pulling 667b0c1932bc:  84% ▕███████████████   ▏ 4.2 GB/4.9 GB  5.5 MB/s   2m21s[K[?25h[?2026l[?2026h[?25l[A[1Gpulling manifest [K
pulling 667b0c1932bc:  84% ▕███████████████   ▏ 4.2 GB/4.9 GB  5.5 MB/s   2m20s[K[?25h[?2026l[?2026h[?25l[A[1Gpulling manifest [K
pulling 667b0c1932bc:  84% ▕███████████████   ▏ 4.2 GB/4.9 GB  5.5 MB/s   2m20s[K[?25h[?2026l[?2026h[?25l[A[1Gpulling manifest [K
pulling 667b0c1932bc:  84% ▕███████████████   ▏ 4.2 GB/4.9 GB  5.5 MB/s   2m20s[K[?25h[?2026l[?2026h[?25l[A[1Gpulling manifest [K
pulling 667b0c1932bc:  84% ▕███████████████   ▏ 4.2 GB/4.9 GB  5.5 MB/s   2m20s[K[?25h[?2026l[?2026h[?25l[A[1Gpulling manifest [K
pulling 667b0c1932bc:  84% ▕███████████████   ▏ 4.2 GB/4.9 GB  5.5 MB/s   2m20s[K[?25h[?2026l[?2026h[?25l[A[1Gpulling manifest [K
pulling 667b0c1932bc:  84% ▕███████████████   ▏ 4.2 GB/4.9 GB  5.5 MB/s   2m20s[K[?25h[?2026l[?2026h[?25l[A[1Gpulling manifest [K
pulling 667b0c1932bc:  84% ▕███████████████   ▏ 4.2 GB/4.9 GB  5.5 MB/s   2m20s[K[?25h[?2026l[?2026h[?25l[A[1Gpulling manifest [K
pulling 667b0c1932bc:  84% ▕███████████████   ▏ 4.2 GB/4.9 GB  5.5 MB/s   2m18s[K[?25h[?2026l[?2026h[?25l[A[1Gpulling manifest [K
pulling 667b0c1932bc:  84% ▕███████████████   ▏ 4.2 GB/4.9 GB  5.5 MB/s   2m18s[K[?25h[?2026l[?2026h[?25l[A[1Gpulling manifest [K
pulling 667b0c1932bc:  84% ▕███████████████   ▏ 4.2 GB/4.9 GB  5.5 MB/s   2m18s[K[?25h[?2026l[?2026h[?25l[A[1Gpulling manifest [K
pulling 667b0c1932bc:  85% ▕███████████████   ▏ 4.2 GB/4.9 GB  5.5 MB/s   2m18s[K[?25h[?2026l[?2026h[?25l[A[1Gpulling manifest [K
pulling 667b0c1932bc:  85% ▕███████████████   ▏ 4.2 GB/4.9 GB  5.5 MB/s   2m18s[K[?25h[?2026l[?2026h[?25l[A[1Gpulling manifest [K
pulling 667b0c1932bc:  85% ▕███████████████   ▏ 4.2 GB/4.9 GB  5.5 MB/s   2m18s[K[?25h[?2026l[?2026h[?25l[A[1Gpulling manifest [K
pulling 667b0c1932bc:  85% ▕███████████████   ▏ 4.2 GB/4.9 GB  5.5 MB/s   2m18s[K[?25h[?2026l[?2026h[?25l[A[1Gpulling manifest [K
pulling 667b0c1932bc:  85% ▕███████████████   ▏ 4.2 GB/4.9 GB  5.5 MB/s   2m18s[K[?25h[?2026l[?2026h[?25l[A[1Gpulling manifest [K
pulling 667b0c1932bc:  85% ▕███████████████   ▏ 4.2 GB/4.9 GB  5.5 MB/s   2m17s[K[?25h[?2026l[?2026h[?25l[A[1Gpulling manifest [K
pulling 667b0c1932bc:  85% ▕███████████████   ▏ 4.2 GB/4.9 GB  5.5 MB/s   2m17s[K[?25h[?2026l[?2026h[?25l[A[1Gpulling manifest [K
pulling 667b0c1932bc:  85% ▕███████████████   ▏ 4.2 GB/4.9 GB  5.5 MB/s   2m17s[K[?25h[?2026l[?2026h[?25l[A[1Gpulling manifest [K
pulling 667b0c1932bc:  85% ▕███████████████   ▏ 4.2 GB/4.9 GB  5.8 MB/s   2m10s[K[?25h[?2026l[?2026h[?25l[A[1Gpulling manifest [K
pulling 667b0c1932bc:  85% ▕███████████████   ▏ 4.2 GB/4.9 GB  5.8 MB/s   2m10s[K[?25h[?2026l[?2026h[?25l[A[1Gpulling manifest [K
pulling 667b0c1932bc:  85% ▕███████████████   ▏ 4.2 GB/4.9 GB  5.8 MB/s   2m10s[K[?25h[?2026l[?2026h[?25l[A[1Gpulling manifest [K
pulling 667b0c1932bc:  85% ▕███████████████   ▏ 4.2 GB/4.9 GB  5.8 MB/s    2m9s[K[?25h[?2026l[?2026h[?25l[A[1Gpulling manifest [K
pulling 667b0c1932bc:  85% ▕███████████████   ▏ 4.2 GB/4.9 GB  5.8 MB/s    2m9s[K[?25h[?2026l[?2026h[?25l[A[1Gpulling manifest [K
pulling 667b0c1932bc:  85% ▕███████████████   ▏ 4.2 GB/4.9 GB  5.8 MB/s    2m9s[K[?25h[?2026l[?2026h[?25l[A[1Gpulling manifest [K
pulling 667b0c1932bc:  85% ▕███████████████   ▏ 4.2 GB/4.9 GB  5.8 MB/s    2m9s[K[?25h[?2026l[?2026h[?25l[A[1Gpulling manifest [K
pulling 667b0c1932bc:  85% ▕███████████████   ▏ 4.2 GB/4.9 GB  5.8 MB/s    2m9s[K[?25h[?2026l[?2026h[?25l[A[1Gpulling manifest [K
pulling 667b0c1932bc:  85% ▕███████████████   ▏ 4.2 GB/4.9 GB  5.8 MB/s    2m9s[K[?25h[?2026l[?2026h[?25l[A[1Gpulling manifest [K
pulling 667b0c1932bc:  85% ▕███████████████   ▏ 4.2 GB/4.9 GB  5.8 MB/s    2m9s[K[?25h[?2026l[?2026h[?25l[A[1Gpulling manifest [K
pulling 667b0c1932bc:  85% ▕███████████████   ▏ 4.2 GB/4.9 GB  6.1 MB/s    2m1s[K[?25h[?2026l[?2026h[?25l[A[1Gpulling manifest [K
pulling 667b0c1932bc:  85% ▕███████████████   ▏ 4.2 GB/4.9 GB  6.1 MB/s    2m1s[K[?25h[?2026l[?2026h[?25l[A[1Gpulling manifest [K
pulling 667b0c1932bc:  85% ▕███████████████   ▏ 4.2 GB/4.9 GB  6.1 MB/s    2m1s[K[?25h[?2026l[?2026h[?25l[A[1Gpulling manifest [K
pulling 667b0c1932bc:  85% ▕███████████████   ▏ 4.2 GB/4.9 GB  6.1 MB/s    2m1s[K[?25h[?2026l[?2026h[?25l[A[1Gpulling manifest [K
pulling 667b0c1932bc:  85% ▕███████████████   ▏ 4.2 GB/4.9 GB  6.1 MB/s    2m1s[K[?25h[?2026l[?2026h[?25l[A[1Gpulling manifest [K
pulling 667b0c1932bc:  85% ▕███████████████   ▏ 4.2 GB/4.9 GB  6.1 MB/s    2m0s[K[?25h[?2026l[?2026h[?25l[A[1Gpulling manifest [K
pulling 667b0c1932bc:  85% ▕███████████████   ▏ 4.2 GB/4.9 GB  6.1 MB/s    2m0s[K[?25h[?2026l[?2026h[?25l[A[1Gpulling manifest [K
pulling 667b0c1932bc:  85% ▕███████████████   ▏ 4.2 GB/4.9 GB  6.1 MB/s    2m0s[K[?25h[?2026l[?2026h[?25l[A[1Gpulling manifest [K
pulling 667b0c1932bc:  85% ▕███████████████   ▏ 4.2 GB/4.9 GB  6.1 MB/s    2m0s[K[?25h[?2026l[?2026h[?25l[A[1Gpulling manifest [K
pulling 667b0c1932bc:  85% ▕███████████████   ▏ 4.2 GB/4.9 GB  6.1 MB/s    2m0s[K[?25h[?2026l[?2026h[?25l[A[1Gpulling manifest [K
pulling 667b0c1932bc:  85% ▕███████████████   ▏ 4.2 GB/4.9 GB  6.5 MB/s   1m53s[K[?25h[?2026l[?2026h[?25l[A[1Gpulling manifest [K
pulling 667b0c1932bc:  85% ▕███████████████   ▏ 4.2 GB/4.9 GB  6.5 MB/s   1m52s[K[?25h[?2026l[?2026h[?25l[A[1Gpulling manifest [K
pulling 667b0c1932bc:  85% ▕███████████████   ▏ 4.2 GB/4.9 GB  6.5 MB/s   1m52s[K[?25h[?2026l[?2026h[?25l[A[1Gpulling manifest [K
pulling 667b0c1932bc:  85% ▕███████████████   ▏ 4.2 GB/4.9 GB  6.5 MB/s   1m52s[K[?25h[?2026l[?2026h[?25l[A[1Gpulling manifest [K
pulling 667b0c1932bc:  85% ▕███████████████   ▏ 4.2 GB/4.9 GB  6.5 MB/s   1m52s[K[?25h[?2026l[?2026h[?25l[A[1Gpulling manifest [K
pulling 667b0c1932bc:  85% ▕███████████████   ▏ 4.2 GB/4.9 GB  6.5 MB/s   1m52s[K[?25h[?2026l[?2026h[?25l[A[1Gpulling manifest [K
pulling 667b0c1932bc:  85% ▕███████████████   ▏ 4.2 GB/4.9 GB  6.5 MB/s   1m52s[K[?25h[?2026l[?2026h[?25l[A[1Gpulling manifest [K
pulling 667b0c1932bc:  85% ▕███████████████   ▏ 4.2 GB/4.9 GB  6.5 MB/s   1m51s[K[?25h[?2026l[?2026h[?25l[A[1Gpulling manifest [K
pulling 667b0c1932bc:  85% ▕███████████████   ▏ 4.2 GB/4.9 GB  6.5 MB/s   1m51s[K[?25h[?2026l[?2026h[?25l[A[1Gpulling manifest [K
pulling 667b0c1932bc:  85% ▕███████████████   ▏ 4.2 GB/4.9 GB  6.5 MB/s   1m51s[K[?25h[?2026l[?2026h[?25l[A[1Gpulling manifest [K
pulling 667b0c1932bc:  85% ▕███████████████   ▏ 4.2 GB/4.9 GB  7.2 MB/s   1m41s[K[?25h[?2026l[?2026h[?25l[A[1Gpulling manifest [K
pulling 667b0c1932bc:  85% ▕███████████████   ▏ 4.2 GB/4.9 GB  7.2 MB/s   1m40s[K[?25h[?2026l[?2026h[?25l[A[1Gpulling manifest [K
pulling 667b0c1932bc:  85% ▕███████████████   ▏ 4.2 GB/4.9 GB  7.2 MB/s   1m40s[K[?25h[?2026l[?2026h[?25l[A[1Gpulling manifest [K
pulling 667b0c1932bc:  85% ▕███████████████   ▏ 4.2 GB/4.9 GB  7.2 MB/s   1m40s[K[?25h[?2026l[?2026h[?25l[A[1Gpulling manifest [K
pulling 667b0c1932bc:  85% ▕███████████████   ▏ 4.2 GB/4.9 GB  7.2 MB/s   1m40s[K[?25h[?2026l[?2026h[?25l[A[1Gpulling manifest [K
pulling 667b0c1932bc:  85% ▕███████████████   ▏ 4.2 GB/4.9 GB  7.2 MB/s   1m40s[K[?25h[?2026l[?2026h[?25l[A[1Gpulling manifest [K
pulling 667b0c1932bc:  85% ▕███████████████   ▏ 4.2 GB/4.9 GB  7.2 MB/s   1m39s[K[?25h[?2026l[?2026h[?25l[A[1Gpulling manifest [K
pulling 667b0c1932bc:  85% ▕███████████████   ▏ 4.2 GB/4.9 GB  7.2 MB/s   1m39s[K[?25h[?2026l[?2026h[?25l[A[1Gpulling manifest [K
pulling 667b0c1932bc:  85% ▕███████████████   ▏ 4.2 GB/4.9 GB  7.2 MB/s   1m39s[K[?25h[?2026l[?2026h[?25l[A[1Gpulling manifest [K
pulling 667b0c1932bc:  85% ▕███████████████   ▏ 4.2 GB/4.9 GB  7.2 MB/s   1m39s[K[?25h[?2026l[?2026h[?25l[A[1Gpulling manifest [K
pulling 667b0c1932bc:  85% ▕███████████████   ▏ 4.2 GB/4.9 GB  8.0 MB/s   1m29s[K[?25h[?2026l[?2026h[?25l[A[1Gpulling manifest [K
pulling 667b0c1932bc:  85% ▕███████████████   ▏ 4.2 GB/4.9 GB  8.0 MB/s   1m29s[K[?25h[?2026l[?2026h[?25l[A[1Gpulling manifest [K
pulling 667b0c1932bc:  86% ▕███████████████   ▏ 4.2 GB/4.9 GB  8.0 MB/s   1m29s[K[?25h[?2026l[?2026h[?25l[A[1Gpulling manifest [K
pulling 667b0c1932bc:  86% ▕███████████████   ▏ 4.2 GB/4.9 GB  8.0 MB/s   1m29s[K[?25h[?2026l[?2026h[?25l[A[1Gpulling manifest [K
pulling 667b0c1932bc:  86% ▕███████████████   ▏ 4.2 GB/4.9 GB  8.0 MB/s   1m29s[K[?25h[?2026l[?2026h[?25l[A[1Gpulling manifest [K
pulling 667b0c1932bc:  86% ▕███████████████   ▏ 4.2 GB/4.9 GB  8.0 MB/s   1m28s[K[?25h[?2026l[?2026h[?25l[A[1Gpulling manifest [K
pulling 667b0c1932bc:  86% ▕███████████████   ▏ 4.2 GB/4.9 GB  8.0 MB/s   1m28s[K[?25h[?2026l[?2026h[?25l[A[1Gpulling manifest [K
pulling 667b0c1932bc:  86% ▕███████████████   ▏ 4.2 GB/4.9 GB  8.0 MB/s   1m28s[K[?25h[?2026l[?2026h[?25l[A[1Gpulling manifest [K
pulling 667b0c1932bc:  86% ▕███████████████   ▏ 4.2 GB/4.9 GB  8.0 MB/s   1m28s[K[?25h[?2026l[?2026h[?25l[A[1Gpulling manifest [K
pulling 667b0c1932bc:  86% ▕███████████████   ▏ 4.2 GB/4.9 GB  8.0 MB/s   1m28s[K[?25h[?2026l[?2026h[?25l[A[1Gpulling manifest [K
pulling 667b0c1932bc:  86% ▕███████████████   ▏ 4.2 GB/4.9 GB  8.0 MB/s   1m28s[K[?25h[?2026l[?2026h[?25l[A[1Gpulling manifest [K
pulling 667b0c1932bc:  86% ▕███████████████   ▏ 4.2 GB/4.9 GB  8.9 MB/s   1m18s[K[?25h[?2026l[?2026h[?25l[A[1Gpulling manifest [K
pulling 667b0c1932bc:  86% ▕███████████████   ▏ 4.2 GB/4.9 GB  8.9 MB/s   1m18s[K[?25h[?2026l[?2026h[?25l[A[1Gpulling manifest [K
pulling 667b0c1932bc:  86% ▕███████████████   ▏ 4.2 GB/4.9 GB  8.9 MB/s   1m18s[K[?25h[?2026l[?2026h[?25l[A[1Gpulling manifest [K
pulling 667b0c1932bc:  86% ▕███████████████   ▏ 4.2 GB/4.9 GB  8.9 MB/s   1m18s[K[?25h[?2026l[?2026h[?25l[A[1Gpulling manifest [K
pulling 667b0c1932bc:  86% ▕███████████████   ▏ 4.2 GB/4.9 GB  8.9 MB/s   1m18s[K[?25h[?2026l[?2026h[?25l[A[1Gpulling manifest [K
pulling 667b0c1932bc:  86% ▕███████████████   ▏ 4.2 GB/4.9 GB  8.9 MB/s   1m18s[K[?25h[?2026l[?2026h[?25l[A[1Gpulling manifest [K
pulling 667b0c1932bc:  86% ▕███████████████   ▏ 4.2 GB/4.9 GB  8.9 MB/s   1m17s[K[?25h[?2026l[?2026h[?25l[A[1Gpulling manifest [K
pulling 667b0c1932bc:  86% ▕███████████████   ▏ 4.2 GB/4.9 GB  8.9 MB/s   1m17s[K[?25h[?2026l[?2026h[?25l[A[1Gpulling manifest [K
pulling 667b0c1932bc:  86% ▕███████████████   ▏ 4.2 GB/4.9 GB  8.9 MB/s   1m17s[K[?25h[?2026l[?2026h[?25l[A[1Gpulling manifest [K
pulling 667b0c1932bc:  86% ▕███████████████   ▏ 4.2 GB/4.9 GB  8.9 MB/s   1m17s[K[?25h[?2026l[?2026h[?25l[A[1Gpulling manifest [K
pulling 667b0c1932bc:  86% ▕███████████████   ▏ 4.2 GB/4.9 GB  9.6 MB/s   1m11s[K[?25h[?2026l[?2026h[?25l[A[1Gpulling manifest [K
pulling 667b0c1932bc:  86% ▕███████████████   ▏ 4.2 GB/4.9 GB  9.6 MB/s   1m11s[K[?25h[?2026l[?2026h[?25l[A[1Gpulling manifest [K
pulling 667b0c1932bc:  86% ▕███████████████   ▏ 4.2 GB/4.9 GB  9.6 MB/s   1m11s[K[?25h[?2026l[?2026h[?25l[A[1Gpulling manifest [K
pulling 667b0c1932bc:  86% ▕███████████████   ▏ 4.2 GB/4.9 GB  9.6 MB/s   1m11s[K[?25h[?2026l[?2026h[?25l[A[1Gpulling manifest [K
pulling 667b0c1932bc:  86% ▕███████████████   ▏ 4.2 GB/4.9 GB  9.6 MB/s   1m11s[K[?25h[?2026l[?2026h[?25l[A[1Gpulling manifest [K
pulling 667b0c1932bc:  86% ▕███████████████   ▏ 4.2 GB/4.9 GB  9.6 MB/s   1m10s[K[?25h[?2026l[?2026h[?25l[A[1Gpulling manifest [K
pulling 667b0c1932bc:  86% ▕███████████████   ▏ 4.2 GB/4.9 GB  9.6 MB/s   1m10s[K[?25h[?2026l[?2026h[?25l[A[1Gpulling manifest [K
pulling 667b0c1932bc:  86% ▕███████████████   ▏ 4.2 GB/4.9 GB  9.6 MB/s   1m10s[K[?25h[?2026l[?2026h[?25l[A[1Gpulling manifest [K
pulling 667b0c1932bc:  86% ▕███████████████   ▏ 4.2 GB/4.9 GB  9.6 MB/s   1m10s[K[?25h[?2026l[?2026h[?25l[A[1Gpulling manifest [K
pulling 667b0c1932bc:  86% ▕███████████████   ▏ 4.2 GB/4.9 GB  9.6 MB/s   1m10s[K[?25h[?2026l[?2026h[?25l[A[1Gpulling manifest [K
pulling 667b0c1932bc:  86% ▕███████████████   ▏ 4.2 GB/4.9 GB   10 MB/s    1m6s[K[?25h[?2026l[?2026h[?25l[A[1Gpulling manifest [K
pulling 667b0c1932bc:  86% ▕███████████████   ▏ 4.2 GB/4.9 GB   10 MB/s    1m6s[K[?25h[?2026l[?2026h[?25l[A[1Gpulling manifest [K
pulling 667b0c1932bc:  86% ▕███████████████   ▏ 4.2 GB/4.9 GB   10 MB/s    1m6s[K[?25h[?2026l[?2026h[?25l[A[1Gpulling manifest [K
pulling 667b0c1932bc:  86% ▕███████████████   ▏ 4.2 GB/4.9 GB   10 MB/s    1m6s[K[?25h[?2026l[?2026h[?25l[A[1Gpulling manifest [K
pulling 667b0c1932bc:  86% ▕███████████████   ▏ 4.2 GB/4.9 GB   10 MB/s    1m5s[K[?25h[?2026l[?2026h[?25l[A[1Gpulling manifest [K
pulling 667b0c1932bc:  86% ▕███████████████   ▏ 4.2 GB/4.9 GB   10 MB/s    1m5s[K[?25h[?2026l[?2026h[?25l[A[1Gpulling manifest [K
pulling 667b0c1932bc:  86% ▕███████████████   ▏ 4.2 GB/4.9 GB   10 MB/s    1m5s[K[?25h[?2026l[?2026h[?25l[A[1Gpulling manifest [K
pulling 667b0c1932bc:  86% ▕███████████████   ▏ 4.2 GB/4.9 GB   10 MB/s    1m5s[K[?25h[?2026l[?2026h[?25l[A[1Gpulling manifest [K
pulling 667b0c1932bc:  86% ▕███████████████   ▏ 4.3 GB/4.9 GB   10 MB/s    1m5s[K[?25h[?2026l[?2026h[?25l[A[1Gpulling manifest [K
pulling 667b0c1932bc:  86% ▕███████████████   ▏ 4.3 GB/4.9 GB   10 MB/s    1m5s[K[?25h[?2026l[?2026h[?25l[A[1Gpulling manifest [K
pulling 667b0c1932bc:  86% ▕███████████████   ▏ 4.3 GB/4.9 GB   10 MB/s    1m2s[K[?25h[?2026l[?2026h[?25l[A[1Gpulling manifest [K
pulling 667b0c1932bc:  86% ▕███████████████   ▏ 4.3 GB/4.9 GB   10 MB/s    1m2s[K[?25h[?2026l[?2026h[?25l[A[1Gpulling manifest [K
pulling 667b0c1932bc:  86% ▕███████████████   ▏ 4.3 GB/4.9 GB   10 MB/s    1m2s[K[?25h[?2026l[?2026h[?25l[A[1Gpulling manifest [K
pulling 667b0c1932bc:  86% ▕███████████████   ▏ 4.3 GB/4.9 GB   10 MB/s    1m2s[K[?25h[?2026l[?2026h[?25l[A[1Gpulling manifest [K
pulling 667b0c1932bc:  86% ▕███████████████   ▏ 4.3 GB/4.9 GB   10 MB/s    1m2s[K[?25h[?2026l[?2026h[?25l[A[1Gpulling manifest [K
pulling 667b0c1932bc:  86% ▕███████████████   ▏ 4.3 GB/4.9 GB   10 MB/s    1m2s[K[?25h[?2026l[?2026h[?25l[A[1Gpulling manifest [K
pulling 667b0c1932bc:  87% ▕███████████████   ▏ 4.3 GB/4.9 GB   10 MB/s    1m2s[K[?25h[?2026l[?2026h[?25l[A[1Gpulling manifest [K
pulling 667b0c1932bc:  87% ▕███████████████   ▏ 4.3 GB/4.9 GB   10 MB/s    1m2s[K[?25h[?2026l[?2026h[?25l[A[1Gpulling manifest [K
pulling 667b0c1932bc:  87% ▕███████████████   ▏ 4.3 GB/4.9 GB   10 MB/s    1m2s[K[?25h[?2026l[?2026h[?25l[A[1Gpulling manifest [K
pulling 667b0c1932bc:  87% ▕███████████████   ▏ 4.3 GB/4.9 GB   10 MB/s    1m2s[K[?25h[?2026l[?2026h[?25l[A[1Gpulling manifest [K
pulling 667b0c1932bc:  87% ▕███████████████   ▏ 4.3 GB/4.9 GB   10 MB/s    1m0s[K[?25h[?2026l[?2026h[?25l[A[1Gpulling manifest [K
pulling 667b0c1932bc:  87% ▕███████████████   ▏ 4.3 GB/4.9 GB   10 MB/s    1m0s[K[?25h[?2026l[?2026h[?25l[A[1Gpulling manifest [K
pulling 667b0c1932bc:  87% ▕███████████████   ▏ 4.3 GB/4.9 GB   10 MB/s    1m0s[K[?25h[?2026l[?2026h[?25l[A[1Gpulling manifest [K
pulling 667b0c1932bc:  87% ▕███████████████   ▏ 4.3 GB/4.9 GB   10 MB/s    1m0s[K[?25h[?2026l[?2026h[?25l[A[1Gpulling manifest [K
pulling 667b0c1932bc:  87% ▕███████████████   ▏ 4.3 GB/4.9 GB   10 MB/s    1m0s[K[?25h[?2026l[?2026h[?25l[A[1Gpulling manifest [K
pulling 667b0c1932bc:  87% ▕███████████████   ▏ 4.3 GB/4.9 GB   10 MB/s    1m0s[K[?25h[?2026l[?2026h[?25l[A[1Gpulling manifest [K
pulling 667b0c1932bc:  87% ▕███████████████   ▏ 4.3 GB/4.9 GB   10 MB/s    1m0s[K[?25h[?2026l[?2026h[?25l[A[1Gpulling manifest [K
pulling 667b0c1932bc:  87% ▕███████████████   ▏ 4.3 GB/4.9 GB   10 MB/s    1m0s[K[?25h[?2026l[?2026h[?25l[A[1Gpulling manifest [K
pulling 667b0c1932bc:  87% ▕███████████████   ▏ 4.3 GB/4.9 GB   10 MB/s    1m0s[K[?25h[?2026l[?2026h[?25l[A[1Gpulling manifest [K
pulling 667b0c1932bc:  87% ▕███████████████   ▏ 4.3 GB/4.9 GB   10 MB/s     59s[K[?25h[?2026l[?2026h[?25l[A[1Gpulling manifest [K
pulling 667b0c1932bc:  87% ▕███████████████   ▏ 4.3 GB/4.9 GB   10 MB/s     59s[K[?25h[?2026l[?2026h[?25l[A[1Gpulling manifest [K
pulling 667b0c1932bc:  87% ▕███████████████   ▏ 4.3 GB/4.9 GB   11 MB/s     58s[K[?25h[?2026l[?2026h[?25l[A[1Gpulling manifest [K
pulling 667b0c1932bc:  87% ▕███████████████   ▏ 4.3 GB/4.9 GB   11 MB/s     58s[K[?25h[?2026l[?2026h[?25l[A[1Gpulling manifest [K
pulling 667b0c1932bc:  87% ▕███████████████   ▏ 4.3 GB/4.9 GB   11 MB/s     58s[K[?25h[?2026l[?2026h[?25l[A[1Gpulling manifest [K
pulling 667b0c1932bc:  87% ▕███████████████   ▏ 4.3 GB/4.9 GB   11 MB/s     58s[K[?25h[?2026l[?2026h[?25l[A[1Gpulling manifest [K
pulling 667b0c1932bc:  87% ▕███████████████   ▏ 4.3 GB/4.9 GB   11 MB/s     58s[K[?25h[?2026l[?2026h[?25l[A[1Gpulling manifest [K
pulling 667b0c1932bc:  87% ▕███████████████   ▏ 4.3 GB/4.9 GB   11 MB/s     58s[K[?25h[?2026l[?2026h[?25l[A[1Gpulling manifest [K
pulling 667b0c1932bc:  87% ▕███████████████   ▏ 4.3 GB/4.9 GB   11 MB/s     58s[K[?25h[?2026l[?2026h[?25l[A[1Gpulling manifest [K
pulling 667b0c1932bc:  87% ▕███████████████   ▏ 4.3 GB/4.9 GB   11 MB/s     57s[K[?25h[?2026l[?2026h[?25l[A[1Gpulling manifest [K
pulling 667b0c1932bc:  87% ▕███████████████   ▏ 4.3 GB/4.9 GB   11 MB/s     57s[K[?25h[?2026l[?2026h[?25l[A[1Gpulling manifest [K
pulling 667b0c1932bc:  87% ▕███████████████   ▏ 4.3 GB/4.9 GB   11 MB/s     57s[K[?25h[?2026l[?2026h[?25l[A[1Gpulling manifest [K
pulling 667b0c1932bc:  87% ▕███████████████   ▏ 4.3 GB/4.9 GB   11 MB/s     57s[K[?25h[?2026l[?2026h[?25l[A[1Gpulling manifest [K
pulling 667b0c1932bc:  87% ▕███████████████   ▏ 4.3 GB/4.9 GB   11 MB/s     57s[K[?25h[?2026l[?2026h[?25l[A[1Gpulling manifest [K
pulling 667b0c1932bc:  87% ▕███████████████   ▏ 4.3 GB/4.9 GB   11 MB/s     57s[K[?25h[?2026l[?2026h[?25l[A[1Gpulling manifest [K
pulling 667b0c1932bc:  87% ▕███████████████   ▏ 4.3 GB/4.9 GB   11 MB/s     56s[K[?25h[?2026l[?2026h[?25l[A[1Gpulling manifest [K
pulling 667b0c1932bc:  87% ▕███████████████   ▏ 4.3 GB/4.9 GB   11 MB/s     56s[K[?25h[?2026l[?2026h[?25l[A[1Gpulling manifest [K
pulling 667b0c1932bc:  87% ▕███████████████   ▏ 4.3 GB/4.9 GB   11 MB/s     56s[K[?25h[?2026l[?2026h[?25l[A[1Gpulling manifest [K
pulling 667b0c1932bc:  87% ▕███████████████   ▏ 4.3 GB/4.9 GB   11 MB/s     56s[K[?25h[?2026l[?2026h[?25l[A[1Gpulling manifest [K
pulling 667b0c1932bc:  87% ▕███████████████   ▏ 4.3 GB/4.9 GB   11 MB/s     56s[K[?25h[?2026l[?2026h[?25l[A[1Gpulling manifest [K
pulling 667b0c1932bc:  87% ▕███████████████   ▏ 4.3 GB/4.9 GB   11 MB/s     56s[K[?25h[?2026l[?2026h[?25l[A[1Gpulling manifest [K
pulling 667b0c1932bc:  87% ▕███████████████   ▏ 4.3 GB/4.9 GB   11 MB/s     56s[K[?25h[?2026l[?2026h[?25l[A[1Gpulling manifest [K
pulling 667b0c1932bc:  87% ▕███████████████   ▏ 4.3 GB/4.9 GB   10 MB/s     57s[K[?25h[?2026l[?2026h[?25l[A[1Gpulling manifest [K
pulling 667b0c1932bc:  87% ▕███████████████   ▏ 4.3 GB/4.9 GB   10 MB/s     57s[K[?25h[?2026l[?2026h[?25l[A[1Gpulling manifest [K
pulling 667b0c1932bc:  87% ▕███████████████   ▏ 4.3 GB/4.9 GB   10 MB/s     57s[K[?25h[?2026l[?2026h[?25l[A[1Gpulling manifest [K
pulling 667b0c1932bc:  87% ▕███████████████   ▏ 4.3 GB/4.9 GB   10 MB/s     57s[K[?25h[?2026l[?2026h[?25l[A[1Gpulling manifest [K
pulling 667b0c1932bc:  87% ▕███████████████   ▏ 4.3 GB/4.9 GB   10 MB/s     57s[K[?25h[?2026l[?2026h[?25l[A[1Gpulling manifest [K
pulling 667b0c1932bc:  87% ▕███████████████   ▏ 4.3 GB/4.9 GB   10 MB/s     57s[K[?25h[?2026l[?2026h[?25l[A[1Gpulling manifest [K
pulling 667b0c1932bc:  87% ▕███████████████   ▏ 4.3 GB/4.9 GB   10 MB/s     57s[K[?25h[?2026l[?2026h[?25l[A[1Gpulling manifest [K
pulling 667b0c1932bc:  87% ▕███████████████   ▏ 4.3 GB/4.9 GB   10 MB/s     57s[K[?25h[?2026l[?2026h[?25l[A[1Gpulling manifest [K
pulling 667b0c1932bc:  87% ▕███████████████   ▏ 4.3 GB/4.9 GB   10 MB/s     57s[K[?25h[?2026l[?2026h[?25l[A[1Gpulling manifest [K
pulling 667b0c1932bc:  87% ▕███████████████   ▏ 4.3 GB/4.9 GB   10 MB/s     57s[K[?25h[?2026l[?2026h[?25l[A[1Gpulling manifest [K
pulling 667b0c1932bc:  87% ▕███████████████   ▏ 4.3 GB/4.9 GB   10 MB/s    1m0s[K[?25h[?2026l[?2026h[?25l[A[1Gpulling manifest [K
pulling 667b0c1932bc:  87% ▕███████████████   ▏ 4.3 GB/4.9 GB   10 MB/s    1m0s[K[?25h[?2026l[?2026h[?25l[A[1Gpulling manifest [K
pulling 667b0c1932bc:  87% ▕███████████████   ▏ 4.3 GB/4.9 GB   10 MB/s    1m0s[K[?25h[?2026l[?2026h[?25l[A[1Gpulling manifest [K
pulling 667b0c1932bc:  87% ▕███████████████   ▏ 4.3 GB/4.9 GB   10 MB/s    1m0s[K[?25h[?2026l[?2026h[?25l[A[1Gpulling manifest [K
pulling 667b0c1932bc:  87% ▕███████████████   ▏ 4.3 GB/4.9 GB   10 MB/s     59s[K[?25h[?2026l[?2026h[?25l[A[1Gpulling manifest [K
pulling 667b0c1932bc:  87% ▕███████████████   ▏ 4.3 GB/4.9 GB   10 MB/s     59s[K[?25h[?2026l[?2026h[?25l[A[1Gpulling manifest [K
pulling 667b0c1932bc:  87% ▕███████████████   ▏ 4.3 GB/4.9 GB   10 MB/s     59s[K[?25h[?2026l[?2026h[?25l[A[1Gpulling manifest [K
pulling 667b0c1932bc:  87% ▕███████████████   ▏ 4.3 GB/4.9 GB   10 MB/s     59s[K[?25h[?2026l[?2026h[?25l[A[1Gpulling manifest [K
pulling 667b0c1932bc:  87% ▕███████████████   ▏ 4.3 GB/4.9 GB   10 MB/s     59s[K[?25h[?2026l[?2026h[?25l[A[1Gpulling manifest [K
pulling 667b0c1932bc:  88% ▕███████████████   ▏ 4.3 GB/4.9 GB   10 MB/s     59s[K[?25h[?2026l[?2026h[?25l[A[1Gpulling manifest [K
pulling 667b0c1932bc:  88% ▕███████████████   ▏ 4.3 GB/4.9 GB  9.8 MB/s    1m2s[K[?25h[?2026l[?2026h[?25l[A[1Gpulling manifest [K
pulling 667b0c1932bc:  88% ▕███████████████   ▏ 4.3 GB/4.9 GB  9.8 MB/s    1m2s[K[?25h[?2026l[?2026h[?25l[A[1Gpulling manifest [K
pulling 667b0c1932bc:  88% ▕███████████████   ▏ 4.3 GB/4.9 GB  9.8 MB/s    1m2s[K[?25h[?2026l[?2026h[?25l[A[1Gpulling manifest [K
pulling 667b0c1932bc:  88% ▕███████████████   ▏ 4.3 GB/4.9 GB  9.8 MB/s    1m2s[K[?25h[?2026l[?2026h[?25l[A[1Gpulling manifest [K
pulling 667b0c1932bc:  88% ▕███████████████   ▏ 4.3 GB/4.9 GB  9.8 MB/s    1m2s[K[?25h[?2026l[?2026h[?25l[A[1Gpulling manifest [K
pulling 667b0c1932bc:  88% ▕███████████████   ▏ 4.3 GB/4.9 GB  9.8 MB/s    1m2s[K[?25h[?2026l[?2026h[?25l[A[1Gpulling manifest [K
pulling 667b0c1932bc:  88% ▕███████████████   ▏ 4.3 GB/4.9 GB  9.8 MB/s    1m2s[K[?25h[?2026l[?2026h[?25l[A[1Gpulling manifest [K
pulling 667b0c1932bc:  88% ▕███████████████   ▏ 4.3 GB/4.9 GB  9.8 MB/s    1m2s[K[?25h[?2026l[?2026h[?25l[A[1Gpulling manifest [K
pulling 667b0c1932bc:  88% ▕███████████████   ▏ 4.3 GB/4.9 GB  9.8 MB/s    1m2s[K[?25h[?2026l[?2026h[?25l[A[1Gpulling manifest [K
pulling 667b0c1932bc:  88% ▕███████████████   ▏ 4.3 GB/4.9 GB  9.8 MB/s    1m2s[K[?25h[?2026l[?2026h[?25l[A[1Gpulling manifest [K
pulling 667b0c1932bc:  88% ▕███████████████   ▏ 4.3 GB/4.9 GB  9.4 MB/s    1m4s[K[?25h[?2026l[?2026h[?25l[A[1Gpulling manifest [K
pulling 667b0c1932bc:  88% ▕███████████████   ▏ 4.3 GB/4.9 GB  9.4 MB/s    1m4s[K[?25h[?2026l[?2026h[?25l[A[1Gpulling manifest [K
pulling 667b0c1932bc:  88% ▕███████████████   ▏ 4.3 GB/4.9 GB  9.4 MB/s    1m3s[K[?25h[?2026l[?2026h[?25l[A[1Gpulling manifest [K
pulling 667b0c1932bc:  88% ▕███████████████   ▏ 4.3 GB/4.9 GB  9.4 MB/s    1m3s[K[?25h[?2026l[?2026h[?25l[A[1Gpulling manifest [K
pulling 667b0c1932bc:  88% ▕███████████████   ▏ 4.3 GB/4.9 GB  9.4 MB/s    1m3s[K[?25h[?2026l[?2026h[?25l[A[1Gpulling manifest [K
pulling 667b0c1932bc:  88% ▕███████████████   ▏ 4.3 GB/4.9 GB  9.4 MB/s    1m3s[K[?25h[?2026l[?2026h[?25l[A[1Gpulling manifest [K
pulling 667b0c1932bc:  88% ▕███████████████   ▏ 4.3 GB/4.9 GB  9.4 MB/s    1m3s[K[?25h[?2026l[?2026h[?25l[A[1Gpulling manifest [K
pulling 667b0c1932bc:  88% ▕███████████████   ▏ 4.3 GB/4.9 GB  9.4 MB/s    1m3s[K[?25h[?2026l[?2026h[?25l[A[1Gpulling manifest [K
pulling 667b0c1932bc:  88% ▕███████████████   ▏ 4.3 GB/4.9 GB  9.4 MB/s    1m3s[K[?25h[?2026l[?2026h[?25l[A[1Gpulling manifest [K
pulling 667b0c1932bc:  88% ▕███████████████   ▏ 4.3 GB/4.9 GB  9.4 MB/s    1m3s[K[?25h[?2026l[?2026h[?25l[A[1Gpulling manifest [K
pulling 667b0c1932bc:  88% ▕███████████████   ▏ 4.3 GB/4.9 GB  9.4 MB/s    1m3s[K[?25h[?2026l[?2026h[?25l[A[1Gpulling manifest [K
pulling 667b0c1932bc:  88% ▕███████████████   ▏ 4.3 GB/4.9 GB  9.2 MB/s    1m4s[K[?25h[?2026l[?2026h[?25l[A[1Gpulling manifest [K
pulling 667b0c1932bc:  88% ▕███████████████   ▏ 4.3 GB/4.9 GB  9.2 MB/s    1m4s[K[?25h[?2026l[?2026h[?25l[A[1Gpulling manifest [K
pulling 667b0c1932bc:  88% ▕███████████████   ▏ 4.3 GB/4.9 GB  9.2 MB/s    1m4s[K[?25h[?2026l[?2026h[?25l[A[1Gpulling manifest [K
pulling 667b0c1932bc:  88% ▕███████████████   ▏ 4.3 GB/4.9 GB  9.2 MB/s    1m4s[K[?25h[?2026l[?2026h[?25l[A[1Gpulling manifest [K
pulling 667b0c1932bc:  88% ▕███████████████   ▏ 4.3 GB/4.9 GB  9.2 MB/s    1m4s[K[?25h[?2026l[?2026h[?25l[A[1Gpulling manifest [K
pulling 667b0c1932bc:  88% ▕███████████████   ▏ 4.3 GB/4.9 GB  9.2 MB/s    1m3s[K[?25h[?2026l[?2026h[?25l[A[1Gpulling manifest [K
pulling 667b0c1932bc:  88% ▕███████████████   ▏ 4.3 GB/4.9 GB  9.2 MB/s    1m3s[K[?25h[?2026l[?2026h[?25l[A[1Gpulling manifest [K
pulling 667b0c1932bc:  88% ▕███████████████   ▏ 4.3 GB/4.9 GB  9.2 MB/s    1m3s[K[?25h[?2026l[?2026h[?25l[A[1Gpulling manifest [K
pulling 667b0c1932bc:  88% ▕███████████████   ▏ 4.3 GB/4.9 GB  9.2 MB/s    1m3s[K[?25h[?2026l[?2026h[?25l[A[1Gpulling manifest [K
pulling 667b0c1932bc:  88% ▕███████████████   ▏ 4.3 GB/4.9 GB  9.2 MB/s    1m3s[K[?25h[?2026l[?2026h[?25l[A[1Gpulling manifest [K
pulling 667b0c1932bc:  88% ▕███████████████   ▏ 4.3 GB/4.9 GB  9.2 MB/s    1m3s[K[?25h[?2026l[?2026h[?25l[A[1Gpulling manifest [K
pulling 667b0c1932bc:  88% ▕███████████████   ▏ 4.3 GB/4.9 GB  9.2 MB/s    1m3s[K[?25h[?2026l[?2026h[?25l[A[1Gpulling manifest [K
pulling 667b0c1932bc:  88% ▕███████████████   ▏ 4.3 GB/4.9 GB  9.2 MB/s    1m3s[K[?25h[?2026l[?2026h[?25l[A[1Gpulling manifest [K
pulling 667b0c1932bc:  88% ▕███████████████   ▏ 4.3 GB/4.9 GB  9.2 MB/s    1m3s[K[?25h[?2026l[?2026h[?25l[A[1Gpulling manifest [K
pulling 667b0c1932bc:  88% ▕███████████████   ▏ 4.3 GB/4.9 GB  9.2 MB/s    1m3s[K[?25h[?2026l[?2026h[?25l[A[1Gpulling manifest [K
pulling 667b0c1932bc:  88% ▕███████████████   ▏ 4.3 GB/4.9 GB  9.2 MB/s    1m3s[K[?25h[?2026l[?2026h[?25l[A[1Gpulling manifest [K
pulling 667b0c1932bc:  88% ▕███████████████   ▏ 4.3 GB/4.9 GB  9.2 MB/s    1m3s[K[?25h[?2026l[?2026h[?25l[A[1Gpulling manifest [K
pulling 667b0c1932bc:  88% ▕███████████████   ▏ 4.3 GB/4.9 GB  9.2 MB/s    1m3s[K[?25h[?2026l[?2026h[?25l[A[1Gpulling manifest [K
pulling 667b0c1932bc:  88% ▕███████████████   ▏ 4.3 GB/4.9 GB  9.2 MB/s    1m2s[K[?25h[?2026l[?2026h[?25l[A[1Gpulling manifest [K
pulling 667b0c1932bc:  88% ▕███████████████   ▏ 4.3 GB/4.9 GB  9.2 MB/s    1m2s[K[?25h[?2026l[?2026h[?25l[A[1Gpulling manifest [K
pulling 667b0c1932bc:  88% ▕███████████████   ▏ 4.3 GB/4.9 GB  9.2 MB/s    1m2s[K[?25h[?2026l[?2026h[?25l[A[1Gpulling manifest [K
pulling 667b0c1932bc:  88% ▕███████████████   ▏ 4.3 GB/4.9 GB  9.2 MB/s    1m2s[K[?25h[?2026l[?2026h[?25l[A[1Gpulling manifest [K
pulling 667b0c1932bc:  88% ▕███████████████   ▏ 4.3 GB/4.9 GB  9.2 MB/s    1m2s[K[?25h[?2026l[?2026h[?25l[A[1Gpulling manifest [K
pulling 667b0c1932bc:  88% ▕███████████████   ▏ 4.3 GB/4.9 GB  9.2 MB/s    1m2s[K[?25h[?2026l[?2026h[?25l[A[1Gpulling manifest [K
pulling 667b0c1932bc:  88% ▕███████████████   ▏ 4.3 GB/4.9 GB  9.2 MB/s    1m2s[K[?25h[?2026l[?2026h[?25l[A[1Gpulling manifest [K
pulling 667b0c1932bc:  88% ▕███████████████   ▏ 4.3 GB/4.9 GB  9.2 MB/s    1m2s[K[?25h[?2026l[?2026h[?25l[A[1Gpulling manifest [K
pulling 667b0c1932bc:  88% ▕███████████████   ▏ 4.3 GB/4.9 GB  9.2 MB/s    1m2s[K[?25h[?2026l[?2026h[?25l[A[1Gpulling manifest [K
pulling 667b0c1932bc:  88% ▕███████████████   ▏ 4.3 GB/4.9 GB  9.2 MB/s    1m2s[K[?25h[?2026l[?2026h[?25l[A[1Gpulling manifest [K
pulling 667b0c1932bc:  88% ▕███████████████   ▏ 4.3 GB/4.9 GB  9.2 MB/s    1m2s[K[?25h[?2026l[?2026h[?25l[A[1Gpulling manifest [K
pulling 667b0c1932bc:  88% ▕███████████████   ▏ 4.4 GB/4.9 GB  9.2 MB/s    1m1s[K[?25h[?2026l[?2026h[?25l[A[1Gpulling manifest [K
pulling 667b0c1932bc:  88% ▕███████████████   ▏ 4.4 GB/4.9 GB  8.9 MB/s    1m3s[K[?25h[?2026l[?2026h[?25l[A[1Gpulling manifest [K
pulling 667b0c1932bc:  88% ▕███████████████   ▏ 4.4 GB/4.9 GB  8.9 MB/s    1m3s[K[?25h[?2026l[?2026h[?25l[A[1Gpulling manifest [K
pulling 667b0c1932bc:  88% ▕███████████████   ▏ 4.4 GB/4.9 GB  8.9 MB/s    1m3s[K[?25h[?2026l[?2026h[?25l[A[1Gpulling manifest [K
pulling 667b0c1932bc:  89% ▕███████████████   ▏ 4.4 GB/4.9 GB  8.9 MB/s    1m3s[K[?25h[?2026l[?2026h[?25l[A[1Gpulling manifest [K
pulling 667b0c1932bc:  89% ▕███████████████   ▏ 4.4 GB/4.9 GB  8.9 MB/s    1m3s[K[?25h[?2026l[?2026h[?25l[A[1Gpulling manifest [K
pulling 667b0c1932bc:  89% ▕███████████████   ▏ 4.4 GB/4.9 GB  8.9 MB/s    1m2s[K[?25h[?2026l[?2026h[?25l[A[1Gpulling manifest [K
pulling 667b0c1932bc:  89% ▕███████████████   ▏ 4.4 GB/4.9 GB  8.9 MB/s    1m2s[K[?25h[?2026l[?2026h[?25l[A[1Gpulling manifest [K
pulling 667b0c1932bc:  89% ▕███████████████   ▏ 4.4 GB/4.9 GB  8.9 MB/s    1m2s[K[?25h[?2026l[?2026h[?25l[A[1Gpulling manifest [K
pulling 667b0c1932bc:  89% ▕███████████████   ▏ 4.4 GB/4.9 GB  8.9 MB/s    1m2s[K[?25h[?2026l[?2026h[?25l[A[1Gpulling manifest [K
pulling 667b0c1932bc:  89% ▕███████████████   ▏ 4.4 GB/4.9 GB  8.9 MB/s    1m2s[K[?25h[?2026l[?2026h[?25l[A[1Gpulling manifest [K
pulling 667b0c1932bc:  89% ▕███████████████   ▏ 4.4 GB/4.9 GB  9.0 MB/s    1m1s[K[?25h[?2026l[?2026h[?25l[A[1Gpulling manifest [K
pulling 667b0c1932bc:  89% ▕███████████████   ▏ 4.4 GB/4.9 GB  9.0 MB/s    1m1s[K[?25h[?2026l[?2026h[?25l[A[1Gpulling manifest [K
pulling 667b0c1932bc:  89% ▕███████████████   ▏ 4.4 GB/4.9 GB  9.0 MB/s    1m1s[K[?25h[?2026l[?2026h[?25l[A[1Gpulling manifest [K
pulling 667b0c1932bc:  89% ▕███████████████   ▏ 4.4 GB/4.9 GB  9.0 MB/s    1m1s[K[?25h[?2026l[?2026h[?25l[A[1Gpulling manifest [K
pulling 667b0c1932bc:  89% ▕███████████████   ▏ 4.4 GB/4.9 GB  9.0 MB/s    1m1s[K[?25h[?2026l[?2026h[?25l[A[1Gpulling manifest [K
pulling 667b0c1932bc:  89% ▕███████████████   ▏ 4.4 GB/4.9 GB  9.0 MB/s    1m1s[K[?25h[?2026l[?2026h[?25l[A[1Gpulling manifest [K
pulling 667b0c1932bc:  89% ▕███████████████   ▏ 4.4 GB/4.9 GB  9.0 MB/s    1m1s[K[?25h[?2026l[?2026h[?25l[A[1Gpulling manifest [K
pulling 667b0c1932bc:  89% ▕███████████████   ▏ 4.4 GB/4.9 GB  9.0 MB/s    1m1s[K[?25h[?2026l[?2026h[?25l[A[1Gpulling manifest [K
pulling 667b0c1932bc:  89% ▕███████████████   ▏ 4.4 GB/4.9 GB  9.0 MB/s    1m0s[K[?25h[?2026l[?2026h[?25l[A[1Gpulling manifest [K
pulling 667b0c1932bc:  89% ▕███████████████   ▏ 4.4 GB/4.9 GB  9.0 MB/s    1m0s[K[?25h[?2026l[?2026h[?25l[A[1Gpulling manifest [K
pulling 667b0c1932bc:  89% ▕███████████████   ▏ 4.4 GB/4.9 GB  9.0 MB/s    1m0s[K[?25h[?2026l[?2026h[?25l[A[1Gpulling manifest [K
pulling 667b0c1932bc:  89% ▕███████████████   ▏ 4.4 GB/4.9 GB  9.1 MB/s     59s[K[?25h[?2026l[?2026h[?25l[A[1Gpulling manifest [K
pulling 667b0c1932bc:  89% ▕████████████████  ▏ 4.4 GB/4.9 GB  9.1 MB/s     59s[K[?25h[?2026l[?2026h[?25l[A[1Gpulling manifest [K
pulling 667b0c1932bc:  89% ▕████████████████  ▏ 4.4 GB/4.9 GB  9.1 MB/s     59s[K[?25h[?2026l[?2026h[?25l[A[1Gpulling manifest [K
pulling 667b0c1932bc:  89% ▕████████████████  ▏ 4.4 GB/4.9 GB  9.1 MB/s     59s[K[?25h[?2026l[?2026h[?25l[A[1Gpulling manifest [K
pulling 667b0c1932bc:  89% ▕████████████████  ▏ 4.4 GB/4.9 GB  9.1 MB/s     59s[K[?25h[?2026l[?2026h[?25l[A[1Gpulling manifest [K
pulling 667b0c1932bc:  89% ▕████████████████  ▏ 4.4 GB/4.9 GB  9.1 MB/s     59s[K[?25h[?2026l[?2026h[?25l[A[1Gpulling manifest [K
pulling 667b0c1932bc:  89% ▕████████████████  ▏ 4.4 GB/4.9 GB  9.1 MB/s     59s[K[?25h[?2026l[?2026h[?25l[A[1Gpulling manifest [K
pulling 667b0c1932bc:  89% ▕████████████████  ▏ 4.4 GB/4.9 GB  9.1 MB/s     59s[K[?25h[?2026l[?2026h[?25l[A[1Gpulling manifest [K
pulling 667b0c1932bc:  89% ▕████████████████  ▏ 4.4 GB/4.9 GB  9.1 MB/s     58s[K[?25h[?2026l[?2026h[?25l[A[1Gpulling manifest [K
pulling 667b0c1932bc:  89% ▕████████████████  ▏ 4.4 GB/4.9 GB  9.1 MB/s     58s[K[?25h[?2026l[?2026h[?25l[A[1Gpulling manifest [K
pulling 667b0c1932bc:  89% ▕████████████████  ▏ 4.4 GB/4.9 GB  9.5 MB/s     56s[K[?25h[?2026l[?2026h[?25l[A[1Gpulling manifest [K
pulling 667b0c1932bc:  89% ▕████████████████  ▏ 4.4 GB/4.9 GB  9.5 MB/s     56s[K[?25h[?2026l[?2026h[?25l[A[1Gpulling manifest [K
pulling 667b0c1932bc:  89% ▕████████████████  ▏ 4.4 GB/4.9 GB  9.5 MB/s     56s[K[?25h[?2026l[?2026h[?25l[A[1Gpulling manifest [K
pulling 667b0c1932bc:  89% ▕████████████████  ▏ 4.4 GB/4.9 GB  9.5 MB/s     56s[K[?25h[?2026l[?2026h[?25l[A[1Gpulling manifest [K
pulling 667b0c1932bc:  89% ▕████████████████  ▏ 4.4 GB/4.9 GB  9.5 MB/s     56s[K[?25h[?2026l[?2026h[?25l[A[1Gpulling manifest [K
pulling 667b0c1932bc:  89% ▕████████████████  ▏ 4.4 GB/4.9 GB  9.5 MB/s     55s[K[?25h[?2026l[?2026h[?25l[A[1Gpulling manifest [K
pulling 667b0c1932bc:  89% ▕████████████████  ▏ 4.4 GB/4.9 GB  9.5 MB/s     55s[K[?25h[?2026l[?2026h[?25l[A[1Gpulling manifest [K
pulling 667b0c1932bc:  89% ▕████████████████  ▏ 4.4 GB/4.9 GB  9.5 MB/s     55s[K[?25h[?2026l[?2026h[?25l[A[1Gpulling manifest [K
pulling 667b0c1932bc:  89% ▕████████████████  ▏ 4.4 GB/4.9 GB  9.5 MB/s     55s[K[?25h[?2026l[?2026h[?25l[A[1Gpulling manifest [K
pulling 667b0c1932bc:  89% ▕████████████████  ▏ 4.4 GB/4.9 GB  9.5 MB/s     55s[K[?25h[?2026l[?2026h[?25l[A[1Gpulling manifest [K
pulling 667b0c1932bc:  89% ▕████████████████  ▏ 4.4 GB/4.9 GB  9.7 MB/s     54s[K[?25h[?2026l[?2026h[?25l[A[1Gpulling manifest [K
pulling 667b0c1932bc:  89% ▕████████████████  ▏ 4.4 GB/4.9 GB  9.7 MB/s     54s[K[?25h[?2026l[?2026h[?25l[A[1Gpulling manifest [K
pulling 667b0c1932bc:  89% ▕████████████████  ▏ 4.4 GB/4.9 GB  9.7 MB/s     53s[K[?25h[?2026l[?2026h[?25l[A[1Gpulling manifest [K
pulling 667b0c1932bc:  89% ▕████████████████  ▏ 4.4 GB/4.9 GB  9.7 MB/s     53s[K[?25h[?2026l[?2026h[?25l[A[1Gpulling manifest [K
pulling 667b0c1932bc:  89% ▕████████████████  ▏ 4.4 GB/4.9 GB  9.7 MB/s     53s[K[?25h[?2026l[?2026h[?25l[A[1Gpulling manifest [K
pulling 667b0c1932bc:  89% ▕████████████████  ▏ 4.4 GB/4.9 GB  9.7 MB/s     53s[K[?25h[?2026l[?2026h[?25l[A[1Gpulling manifest [K
pulling 667b0c1932bc:  89% ▕████████████████  ▏ 4.4 GB/4.9 GB  9.7 MB/s     53s[K[?25h[?2026l[?2026h[?25l[A[1Gpulling manifest [K
pulling 667b0c1932bc:  89% ▕████████████████  ▏ 4.4 GB/4.9 GB  9.7 MB/s     53s[K[?25h[?2026l[?2026h[?25l[A[1Gpulling manifest [K
pulling 667b0c1932bc:  89% ▕████████████████  ▏ 4.4 GB/4.9 GB  9.7 MB/s     53s[K[?25h[?2026l[?2026h[?25l[A[1Gpulling manifest [K
pulling 667b0c1932bc:  90% ▕████████████████  ▏ 4.4 GB/4.9 GB  9.7 MB/s     53s[K[?25h[?2026l[?2026h[?25l[A[1Gpulling manifest [K
pulling 667b0c1932bc:  90% ▕███████████████  ▏ 4.4 GB/4.9 GB  10.0 MB/s     51s[K[?25h[?2026l[?2026h[?25l[A[1Gpulling manifest [K
pulling 667b0c1932bc:  90% ▕███████████████  ▏ 4.4 GB/4.9 GB  10.0 MB/s     51s[K[?25h[?2026l[?2026h[?25l[A[1Gpulling manifest [K
pulling 667b0c1932bc:  90% ▕███████████████  ▏ 4.4 GB/4.9 GB  10.0 MB/s     51s[K[?25h[?2026l[?2026h[?25l[A[1Gpulling manifest [K
pulling 667b0c1932bc:  90% ▕███████████████  ▏ 4.4 GB/4.9 GB  10.0 MB/s     51s[K[?25h[?2026l[?2026h[?25l[A[1Gpulling manifest [K
pulling 667b0c1932bc:  90% ▕███████████████  ▏ 4.4 GB/4.9 GB  10.0 MB/s     51s[K[?25h[?2026l[?2026h[?25l[A[1Gpulling manifest [K
pulling 667b0c1932bc:  90% ▕███████████████  ▏ 4.4 GB/4.9 GB  10.0 MB/s     50s[K[?25h[?2026l[?2026h[?25l[A[1Gpulling manifest [K
pulling 667b0c1932bc:  90% ▕███████████████  ▏ 4.4 GB/4.9 GB  10.0 MB/s     50s[K[?25h[?2026l[?2026h[?25l[A[1Gpulling manifest [K
pulling 667b0c1932bc:  90% ▕███████████████  ▏ 4.4 GB/4.9 GB  10.0 MB/s     50s[K[?25h[?2026l[?2026h[?25l[A[1Gpulling manifest [K
pulling 667b0c1932bc:  90% ▕███████████████  ▏ 4.4 GB/4.9 GB  10.0 MB/s     50s[K[?25h[?2026l[?2026h[?25l[A[1Gpulling manifest [K
pulling 667b0c1932bc:  90% ▕███████████████  ▏ 4.4 GB/4.9 GB  10.0 MB/s     50s[K[?25h[?2026l[?2026h[?25l[A[1Gpulling manifest [K
pulling 667b0c1932bc:  90% ▕███████████████  ▏ 4.4 GB/4.9 GB  10.0 MB/s     50s[K[?25h[?2026l[?2026h[?25l[A[1Gpulling manifest [K
pulling 667b0c1932bc:  90% ▕████████████████  ▏ 4.4 GB/4.9 GB   10 MB/s     47s[K[?25h[?2026l[?2026h[?25l[A[1Gpulling manifest [K
pulling 667b0c1932bc:  90% ▕████████████████  ▏ 4.4 GB/4.9 GB   10 MB/s     47s[K[?25h[?2026l[?2026h[?25l[A[1Gpulling manifest [K
pulling 667b0c1932bc:  90% ▕████████████████  ▏ 4.4 GB/4.9 GB   10 MB/s     47s[K[?25h[?2026l[?2026h[?25l[A[1Gpulling manifest [K
pulling 667b0c1932bc:  90% ▕████████████████  ▏ 4.4 GB/4.9 GB   10 MB/s     47s[K[?25h[?2026l[?2026h[?25l[A[1Gpulling manifest [K
pulling 667b0c1932bc:  90% ▕████████████████  ▏ 4.4 GB/4.9 GB   10 MB/s     46s[K[?25h[?2026l[?2026h[?25l[A[1Gpulling manifest [K
pulling 667b0c1932bc:  90% ▕████████████████  ▏ 4.4 GB/4.9 GB   10 MB/s     46s[K[?25h[?2026l[?2026h[?25l[A[1Gpulling manifest [K
pulling 667b0c1932bc:  90% ▕████████████████  ▏ 4.4 GB/4.9 GB   10 MB/s     46s[K[?25h[?2026l[?2026h[?25l[A[1Gpulling manifest [K
pulling 667b0c1932bc:  90% ▕████████████████  ▏ 4.4 GB/4.9 GB   10 MB/s     46s[K[?25h[?2026l[?2026h[?25l[A[1Gpulling manifest [K
pulling 667b0c1932bc:  90% ▕████████████████  ▏ 4.4 GB/4.9 GB   10 MB/s     46s[K[?25h[?2026l[?2026h[?25l[A[1Gpulling manifest [K
pulling 667b0c1932bc:  90% ▕████████████████  ▏ 4.4 GB/4.9 GB   10 MB/s     46s[K[?25h[?2026l[?2026h[?25l[A[1Gpulling manifest [K
pulling 667b0c1932bc:  90% ▕████████████████  ▏ 4.4 GB/4.9 GB   11 MB/s     42s[K[?25h[?2026l[?2026h[?25l[A[1Gpulling manifest [K
pulling 667b0c1932bc:  90% ▕████████████████  ▏ 4.4 GB/4.9 GB   11 MB/s     42s[K[?25h[?2026l[?2026h[?25l[A[1Gpulling manifest [K
pulling 667b0c1932bc:  90% ▕████████████████  ▏ 4.4 GB/4.9 GB   11 MB/s     42s[K[?25h[?2026l[?2026h[?25l[A[1Gpulling manifest [K
pulling 667b0c1932bc:  90% ▕████████████████  ▏ 4.4 GB/4.9 GB   11 MB/s     41s[K[?25h[?2026l[?2026h[?25l[A[1Gpulling manifest [K
pulling 667b0c1932bc:  90% ▕████████████████  ▏ 4.4 GB/4.9 GB   11 MB/s     41s[K[?25h[?2026l[?2026h[?25l[A[1Gpulling manifest [K
pulling 667b0c1932bc:  90% ▕████████████████  ▏ 4.4 GB/4.9 GB   11 MB/s     41s[K[?25h[?2026l[?2026h[?25l[A[1Gpulling manifest [K
pulling 667b0c1932bc:  90% ▕████████████████  ▏ 4.4 GB/4.9 GB   11 MB/s     41s[K[?25h[?2026l[?2026h[?25l[A[1Gpulling manifest [K
pulling 667b0c1932bc:  90% ▕████████████████  ▏ 4.4 GB/4.9 GB   11 MB/s     41s[K[?25h[?2026l[?2026h[?25l[A[1Gpulling manifest [K
pulling 667b0c1932bc:  90% ▕████████████████  ▏ 4.5 GB/4.9 GB   11 MB/s     41s[K[?25h[?2026l[?2026h[?25l[A[1Gpulling manifest [K
pulling 667b0c1932bc:  91% ▕████████████████  ▏ 4.5 GB/4.9 GB   11 MB/s     41s[K[?25h[?2026l[?2026h[?25l[A[1Gpulling manifest [K
pulling 667b0c1932bc:  91% ▕████████████████  ▏ 4.5 GB/4.9 GB   12 MB/s     38s[K[?25h[?2026l[?2026h[?25l[A[1Gpulling manifest [K
pulling 667b0c1932bc:  91% ▕████████████████  ▏ 4.5 GB/4.9 GB   12 MB/s     38s[K[?25h[?2026l[?2026h[?25l[A[1Gpulling manifest [K
pulling 667b0c1932bc:  91% ▕████████████████  ▏ 4.5 GB/4.9 GB   12 MB/s     37s[K[?25h[?2026l[?2026h[?25l[A[1Gpulling manifest [K
pulling 667b0c1932bc:  91% ▕████████████████  ▏ 4.5 GB/4.9 GB   12 MB/s     37s[K[?25h[?2026l[?2026h[?25l[A[1Gpulling manifest [K
pulling 667b0c1932bc:  91% ▕████████████████  ▏ 4.5 GB/4.9 GB   12 MB/s     37s[K[?25h[?2026l[?2026h[?25l[A[1Gpulling manifest [K
pulling 667b0c1932bc:  91% ▕████████████████  ▏ 4.5 GB/4.9 GB   12 MB/s     37s[K[?25h[?2026l[?2026h[?25l[A[1Gpulling manifest [K
pulling 667b0c1932bc:  91% ▕████████████████  ▏ 4.5 GB/4.9 GB   12 MB/s     37s[K[?25h[?2026l[?2026h[?25l[A[1Gpulling manifest [K
pulling 667b0c1932bc:  91% ▕████████████████  ▏ 4.5 GB/4.9 GB   12 MB/s     37s[K[?25h[?2026l[?2026h[?25l[A[1Gpulling manifest [K
pulling 667b0c1932bc:  91% ▕████████████████  ▏ 4.5 GB/4.9 GB   12 MB/s     37s[K[?25h[?2026l[?2026h[?25l[A[1Gpulling manifest [K
pulling 667b0c1932bc:  91% ▕████████████████  ▏ 4.5 GB/4.9 GB   12 MB/s     36s[K[?25h[?2026l[?2026h[?25l[A[1Gpulling manifest [K
pulling 667b0c1932bc:  91% ▕████████████████  ▏ 4.5 GB/4.9 GB   13 MB/s     34s[K[?25h[?2026l[?2026h[?25l[A[1Gpulling manifest [K
pulling 667b0c1932bc:  91% ▕████████████████  ▏ 4.5 GB/4.9 GB   13 MB/s     34s[K[?25h[?2026l[?2026h[?25l[A[1Gpulling manifest [K
pulling 667b0c1932bc:  91% ▕████████████████  ▏ 4.5 GB/4.9 GB   13 MB/s     34s[K[?25h[?2026l[?2026h[?25l[A[1Gpulling manifest [K
pulling 667b0c1932bc:  91% ▕████████████████  ▏ 4.5 GB/4.9 GB   13 MB/s     34s[K[?25h[?2026l[?2026h[?25l[A[1Gpulling manifest [K
pulling 667b0c1932bc:  91% ▕████████████████  ▏ 4.5 GB/4.9 GB   13 MB/s     34s[K[?25h[?2026l[?2026h[?25l[A[1Gpulling manifest [K
pulling 667b0c1932bc:  91% ▕████████████████  ▏ 4.5 GB/4.9 GB   13 MB/s     34s[K[?25h[?2026l[?2026h[?25l[A[1Gpulling manifest [K
pulling 667b0c1932bc:  91% ▕████████████████  ▏ 4.5 GB/4.9 GB   13 MB/s     33s[K[?25h[?2026l[?2026h[?25l[A[1Gpulling manifest [K
pulling 667b0c1932bc:  91% ▕████████████████  ▏ 4.5 GB/4.9 GB   13 MB/s     33s[K[?25h[?2026l[?2026h[?25l[A[1Gpulling manifest [K
pulling 667b0c1932bc:  91% ▕████████████████  ▏ 4.5 GB/4.9 GB   13 MB/s     33s[K[?25h[?2026l[?2026h[?25l[A[1Gpulling manifest [K
pulling 667b0c1932bc:  91% ▕████████████████  ▏ 4.5 GB/4.9 GB   13 MB/s     33s[K[?25h[?2026l[?2026h[?25l[A[1Gpulling manifest [K
pulling 667b0c1932bc:  91% ▕████████████████  ▏ 4.5 GB/4.9 GB   13 MB/s     32s[K[?25h[?2026l[?2026h[?25l[A[1Gpulling manifest [K
pulling 667b0c1932bc:  91% ▕████████████████  ▏ 4.5 GB/4.9 GB   13 MB/s     32s[K[?25h[?2026l[?2026h[?25l[A[1Gpulling manifest [K
pulling 667b0c1932bc:  91% ▕████████████████  ▏ 4.5 GB/4.9 GB   13 MB/s     32s[K[?25h[?2026l[?2026h[?25l[A[1Gpulling manifest [K
pulling 667b0c1932bc:  91% ▕████████████████  ▏ 4.5 GB/4.9 GB   13 MB/s     32s[K[?25h[?2026l[?2026h[?25l[A[1Gpulling manifest [K
pulling 667b0c1932bc:  91% ▕████████████████  ▏ 4.5 GB/4.9 GB   13 MB/s     32s[K[?25h[?2026l[?2026h[?25l[A[1Gpulling manifest [K
pulling 667b0c1932bc:  91% ▕████████████████  ▏ 4.5 GB/4.9 GB   13 MB/s     32s[K[?25h[?2026l[?2026h[?25l[A[1Gpulling manifest [K
pulling 667b0c1932bc:  91% ▕████████████████  ▏ 4.5 GB/4.9 GB   13 MB/s     32s[K[?25h[?2026l[?2026h[?25l[A[1Gpulling manifest [K
pulling 667b0c1932bc:  91% ▕████████████████  ▏ 4.5 GB/4.9 GB   13 MB/s     32s[K[?25h[?2026l[?2026h[?25l[A[1Gpulling manifest [K
pulling 667b0c1932bc:  91% ▕████████████████  ▏ 4.5 GB/4.9 GB   13 MB/s     31s[K[?25h[?2026l[?2026h[?25l[A[1Gpulling manifest [K
pulling 667b0c1932bc:  91% ▕████████████████  ▏ 4.5 GB/4.9 GB   13 MB/s     31s[K[?25h[?2026l[?2026h[?25l[A[1Gpulling manifest [K
pulling 667b0c1932bc:  91% ▕████████████████  ▏ 4.5 GB/4.9 GB   13 MB/s     31s[K[?25h[?2026l[?2026h[?25l[A[1Gpulling manifest [K
pulling 667b0c1932bc:  91% ▕████████████████  ▏ 4.5 GB/4.9 GB   13 MB/s     30s[K[?25h[?2026l[?2026h[?25l[A[1Gpulling manifest [K
pulling 667b0c1932bc:  91% ▕████████████████  ▏ 4.5 GB/4.9 GB   13 MB/s     30s[K[?25h[?2026l[?2026h[?25l[A[1Gpulling manifest [K
pulling 667b0c1932bc:  91% ▕████████████████  ▏ 4.5 GB/4.9 GB   13 MB/s     30s[K[?25h[?2026l[?2026h[?25l[A[1Gpulling manifest [K
pulling 667b0c1932bc:  92% ▕████████████████  ▏ 4.5 GB/4.9 GB   13 MB/s     30s[K[?25h[?2026l[?2026h[?25l[A[1Gpulling manifest [K
pulling 667b0c1932bc:  92% ▕████████████████  ▏ 4.5 GB/4.9 GB   13 MB/s     30s[K[?25h[?2026l[?2026h[?25l[A[1Gpulling manifest [K
pulling 667b0c1932bc:  92% ▕████████████████  ▏ 4.5 GB/4.9 GB   13 MB/s     30s[K[?25h[?2026l[?2026h[?25l[A[1Gpulling manifest [K
pulling 667b0c1932bc:  92% ▕████████████████  ▏ 4.5 GB/4.9 GB   13 MB/s     29s[K[?25h[?2026l[?2026h[?25l[A[1Gpulling manifest [K
pulling 667b0c1932bc:  92% ▕████████████████  ▏ 4.5 GB/4.9 GB   13 MB/s     29s[K[?25h[?2026l[?2026h[?25l[A[1Gpulling manifest [K
pulling 667b0c1932bc:  92% ▕████████████████  ▏ 4.5 GB/4.9 GB   13 MB/s     29s[K[?25h[?2026l[?2026h[?25l[A[1Gpulling manifest [K
pulling 667b0c1932bc:  92% ▕████████████████  ▏ 4.5 GB/4.9 GB   13 MB/s     29s[K[?25h[?2026l[?2026h[?25l[A[1Gpulling manifest [K
pulling 667b0c1932bc:  92% ▕████████████████  ▏ 4.5 GB/4.9 GB   14 MB/s     28s[K[?25h[?2026l[?2026h[?25l[A[1Gpulling manifest [K
pulling 667b0c1932bc:  92% ▕████████████████  ▏ 4.5 GB/4.9 GB   14 MB/s     28s[K[?25h[?2026l[?2026h[?25l[A[1Gpulling manifest [K
pulling 667b0c1932bc:  92% ▕████████████████  ▏ 4.5 GB/4.9 GB   14 MB/s     28s[K[?25h[?2026l[?2026h[?25l[A[1Gpulling manifest [K
pulling 667b0c1932bc:  92% ▕████████████████  ▏ 4.5 GB/4.9 GB   14 MB/s     27s[K[?25h[?2026l[?2026h[?25l[A[1Gpulling manifest [K
pulling 667b0c1932bc:  92% ▕████████████████  ▏ 4.5 GB/4.9 GB   14 MB/s     27s[K[?25h[?2026l[?2026h[?25l[A[1Gpulling manifest [K
pulling 667b0c1932bc:  92% ▕████████████████  ▏ 4.5 GB/4.9 GB   14 MB/s     27s[K[?25h[?2026l[?2026h[?25l[A[1Gpulling manifest [K
pulling 667b0c1932bc:  92% ▕████████████████  ▏ 4.5 GB/4.9 GB   14 MB/s     27s[K[?25h[?2026l[?2026h[?25l[A[1Gpulling manifest [K
pulling 667b0c1932bc:  92% ▕████████████████  ▏ 4.5 GB/4.9 GB   14 MB/s     27s[K[?25h[?2026l[?2026h[?25l[A[1Gpulling manifest [K
pulling 667b0c1932bc:  92% ▕████████████████  ▏ 4.5 GB/4.9 GB   14 MB/s     27s[K[?25h[?2026l[?2026h[?25l[A[1Gpulling manifest [K
pulling 667b0c1932bc:  92% ▕████████████████  ▏ 4.5 GB/4.9 GB   14 MB/s     27s[K[?25h[?2026l[?2026h[?25l[A[1Gpulling manifest [K
pulling 667b0c1932bc:  92% ▕████████████████  ▏ 4.5 GB/4.9 GB   15 MB/s     25s[K[?25h[?2026l[?2026h[?25l[A[1Gpulling manifest [K
pulling 667b0c1932bc:  92% ▕████████████████  ▏ 4.5 GB/4.9 GB   15 MB/s     25s[K[?25h[?2026l[?2026h[?25l[A[1Gpulling manifest [K
pulling 667b0c1932bc:  92% ▕████████████████  ▏ 4.5 GB/4.9 GB   15 MB/s     25s[K[?25h[?2026l[?2026h[?25l[A[1Gpulling manifest [K
pulling 667b0c1932bc:  92% ▕████████████████  ▏ 4.5 GB/4.9 GB   15 MB/s     25s[K[?25h[?2026l[?2026h[?25l[A[1Gpulling manifest [K
pulling 667b0c1932bc:  92% ▕████████████████  ▏ 4.5 GB/4.9 GB   15 MB/s     25s[K[?25h[?2026l[?2026h[?25l[A[1Gpulling manifest [K
pulling 667b0c1932bc:  92% ▕████████████████  ▏ 4.5 GB/4.9 GB   15 MB/s     25s[K[?25h[?2026l[?2026h[?25l[A[1Gpulling manifest [K
pulling 667b0c1932bc:  92% ▕████████████████  ▏ 4.5 GB/4.9 GB   15 MB/s     25s[K[?25h[?2026l[?2026h[?25l[A[1Gpulling manifest [K
pulling 667b0c1932bc:  92% ▕████████████████  ▏ 4.5 GB/4.9 GB   15 MB/s     25s[K[?25h[?2026l[?2026h[?25l[A[1Gpulling manifest [K
pulling 667b0c1932bc:  92% ▕████████████████  ▏ 4.5 GB/4.9 GB   15 MB/s     24s[K[?25h[?2026l[?2026h[?25l[A[1Gpulling manifest [K
pulling 667b0c1932bc:  92% ▕████████████████  ▏ 4.5 GB/4.9 GB   15 MB/s     24s[K[?25h[?2026l[?2026h[?25l[A[1Gpulling manifest [K
pulling 667b0c1932bc:  92% ▕████████████████  ▏ 4.5 GB/4.9 GB   15 MB/s     23s[K[?25h[?2026l[?2026h[?25l[A[1Gpulling manifest [K
pulling 667b0c1932bc:  92% ▕████████████████  ▏ 4.5 GB/4.9 GB   15 MB/s     23s[K[?25h[?2026l[?2026h[?25l[A[1Gpulling manifest [K
pulling 667b0c1932bc:  93% ▕████████████████  ▏ 4.6 GB/4.9 GB   15 MB/s     23s[K[?25h[?2026l[?2026h[?25l[A[1Gpulling manifest [K
pulling 667b0c1932bc:  93% ▕████████████████  ▏ 4.6 GB/4.9 GB   15 MB/s     23s[K[?25h[?2026l[?2026h[?25l[A[1Gpulling manifest [K
pulling 667b0c1932bc:  93% ▕████████████████  ▏ 4.6 GB/4.9 GB   15 MB/s     23s[K[?25h[?2026l[?2026h[?25l[A[1Gpulling manifest [K
pulling 667b0c1932bc:  93% ▕████████████████  ▏ 4.6 GB/4.9 GB   15 MB/s     23s[K[?25h[?2026l[?2026h[?25l[A[1Gpulling manifest [K
pulling 667b0c1932bc:  93% ▕████████████████  ▏ 4.6 GB/4.9 GB   15 MB/s     23s[K[?25h[?2026l[?2026h[?25l[A[1Gpulling manifest [K
pulling 667b0c1932bc:  93% ▕████████████████  ▏ 4.6 GB/4.9 GB   15 MB/s     22s[K[?25h[?2026l[?2026h[?25l[A[1Gpulling manifest [K
pulling 667b0c1932bc:  93% ▕████████████████  ▏ 4.6 GB/4.9 GB   15 MB/s     22s[K[?25h[?2026l[?2026h[?25l[A[1Gpulling manifest [K
pulling 667b0c1932bc:  93% ▕████████████████  ▏ 4.6 GB/4.9 GB   15 MB/s     22s[K[?25h[?2026l[?2026h[?25l[A[1Gpulling manifest [K
pulling 667b0c1932bc:  93% ▕████████████████  ▏ 4.6 GB/4.9 GB   16 MB/s     22s[K[?25h[?2026l[?2026h[?25l[A[1Gpulling manifest [K
pulling 667b0c1932bc:  93% ▕████████████████  ▏ 4.6 GB/4.9 GB   16 MB/s     22s[K[?25h[?2026l[?2026h[?25l[A[1Gpulling manifest [K
pulling 667b0c1932bc:  93% ▕████████████████  ▏ 4.6 GB/4.9 GB   16 MB/s     22s[K[?25h[?2026l[?2026h[?25l[A[1Gpulling manifest [K
pulling 667b0c1932bc:  93% ▕████████████████  ▏ 4.6 GB/4.9 GB   16 MB/s     21s[K[?25h[?2026l[?2026h[?25l[A[1Gpulling manifest [K
pulling 667b0c1932bc:  93% ▕████████████████  ▏ 4.6 GB/4.9 GB   16 MB/s     21s[K[?25h[?2026l[?2026h[?25l[A[1Gpulling manifest [K
pulling 667b0c1932bc:  93% ▕████████████████  ▏ 4.6 GB/4.9 GB   16 MB/s     21s[K[?25h[?2026l[?2026h[?25l[A[1Gpulling manifest [K
pulling 667b0c1932bc:  93% ▕████████████████  ▏ 4.6 GB/4.9 GB   16 MB/s     21s[K[?25h[?2026l[?2026h[?25l[A[1Gpulling manifest [K
pulling 667b0c1932bc:  93% ▕████████████████  ▏ 4.6 GB/4.9 GB   16 MB/s     21s[K[?25h[?2026l[?2026h[?25l[A[1Gpulling manifest [K
pulling 667b0c1932bc:  93% ▕████████████████  ▏ 4.6 GB/4.9 GB   16 MB/s     21s[K[?25h[?2026l[?2026h[?25l[A[1Gpulling manifest [K
pulling 667b0c1932bc:  93% ▕████████████████  ▏ 4.6 GB/4.9 GB   16 MB/s     21s[K[?25h[?2026l[?2026h[?25l[A[1Gpulling manifest [K
pulling 667b0c1932bc:  93% ▕████████████████  ▏ 4.6 GB/4.9 GB   16 MB/s     21s[K[?25h[?2026l[?2026h[?25l[A[1Gpulling manifest [K
pulling 667b0c1932bc:  93% ▕████████████████  ▏ 4.6 GB/4.9 GB   15 MB/s     21s[K[?25h[?2026l[?2026h[?25l[A[1Gpulling manifest [K
pulling 667b0c1932bc:  93% ▕████████████████  ▏ 4.6 GB/4.9 GB   15 MB/s     21s[K[?25h[?2026l[?2026h[?25l[A[1Gpulling manifest [K
pulling 667b0c1932bc:  93% ▕████████████████  ▏ 4.6 GB/4.9 GB   15 MB/s     21s[K[?25h[?2026l[?2026h[?25l[A[1Gpulling manifest [K
pulling 667b0c1932bc:  93% ▕████████████████  ▏ 4.6 GB/4.9 GB   15 MB/s     21s[K[?25h[?2026l[?2026h[?25l[A[1Gpulling manifest [K
pulling 667b0c1932bc:  93% ▕████████████████  ▏ 4.6 GB/4.9 GB   15 MB/s     20s[K[?25h[?2026l[?2026h[?25l[A[1Gpulling manifest [K
pulling 667b0c1932bc:  93% ▕████████████████  ▏ 4.6 GB/4.9 GB   15 MB/s     20s[K[?25h[?2026l[?2026h[?25l[A[1Gpulling manifest [K
pulling 667b0c1932bc:  93% ▕████████████████  ▏ 4.6 GB/4.9 GB   15 MB/s     20s[K[?25h[?2026l[?2026h[?25l[A[1Gpulling manifest [K
pulling 667b0c1932bc:  93% ▕████████████████  ▏ 4.6 GB/4.9 GB   15 MB/s     20s[K[?25h[?2026l[?2026h[?25l[A[1Gpulling manifest [K
pulling 667b0c1932bc:  93% ▕████████████████  ▏ 4.6 GB/4.9 GB   15 MB/s     20s[K[?25h[?2026l[?2026h[?25l[A[1Gpulling manifest [K
pulling 667b0c1932bc:  93% ▕████████████████  ▏ 4.6 GB/4.9 GB   15 MB/s     20s[K[?25h[?2026l[?2026h[?25l[A[1Gpulling manifest [K
pulling 667b0c1932bc:  93% ▕████████████████  ▏ 4.6 GB/4.9 GB   15 MB/s     20s[K[?25h[?2026l[?2026h[?25l[A[1Gpulling manifest [K
pulling 667b0c1932bc:  93% ▕████████████████  ▏ 4.6 GB/4.9 GB   15 MB/s     20s[K[?25h[?2026l[?2026h[?25l[A[1Gpulling manifest [K
pulling 667b0c1932bc:  93% ▕████████████████  ▏ 4.6 GB/4.9 GB   15 MB/s     20s[K[?25h[?2026l[?2026h[?25l[A[1Gpulling manifest [K
pulling 667b0c1932bc:  94% ▕████████████████  ▏ 4.6 GB/4.9 GB   15 MB/s     20s[K[?25h[?2026l[?2026h[?25l[A[1Gpulling manifest [K
pulling 667b0c1932bc:  94% ▕████████████████  ▏ 4.6 GB/4.9 GB   15 MB/s     20s[K[?25h[?2026l[?2026h[?25l[A[1Gpulling manifest [K
pulling 667b0c1932bc:  94% ▕████████████████  ▏ 4.6 GB/4.9 GB   15 MB/s     20s[K[?25h[?2026l[?2026h[?25l[A[1Gpulling manifest [K
pulling 667b0c1932bc:  94% ▕████████████████  ▏ 4.6 GB/4.9 GB   15 MB/s     20s[K[?25h[?2026l[?2026h[?25l[A[1Gpulling manifest [K
pulling 667b0c1932bc:  94% ▕████████████████  ▏ 4.6 GB/4.9 GB   15 MB/s     19s[K[?25h[?2026l[?2026h[?25l[A[1Gpulling manifest [K
pulling 667b0c1932bc:  94% ▕████████████████  ▏ 4.6 GB/4.9 GB   15 MB/s     19s[K[?25h[?2026l[?2026h[?25l[A[1Gpulling manifest [K
pulling 667b0c1932bc:  94% ▕████████████████  ▏ 4.6 GB/4.9 GB   15 MB/s     19s[K[?25h[?2026l[?2026h[?25l[A[1Gpulling manifest [K
pulling 667b0c1932bc:  94% ▕████████████████  ▏ 4.6 GB/4.9 GB   15 MB/s     19s[K[?25h[?2026l[?2026h[?25l[A[1Gpulling manifest [K
pulling 667b0c1932bc:  94% ▕████████████████  ▏ 4.6 GB/4.9 GB   15 MB/s     19s[K[?25h[?2026l[?2026h[?25l[A[1Gpulling manifest [K
pulling 667b0c1932bc:  94% ▕████████████████  ▏ 4.6 GB/4.9 GB   15 MB/s     19s[K[?25h[?2026l[?2026h[?25l[A[1Gpulling manifest [K
pulling 667b0c1932bc:  94% ▕████████████████  ▏ 4.6 GB/4.9 GB   15 MB/s     19s[K[?25h[?2026l[?2026h[?25l[A[1Gpulling manifest [K
pulling 667b0c1932bc:  94% ▕████████████████  ▏ 4.6 GB/4.9 GB   15 MB/s     18s[K[?25h[?2026l[?2026h[?25l[A[1Gpulling manifest [K
pulling 667b0c1932bc:  94% ▕████████████████  ▏ 4.6 GB/4.9 GB   15 MB/s     18s[K[?25h[?2026l[?2026h[?25l[A[1Gpulling manifest [K
pulling 667b0c1932bc:  94% ▕████████████████  ▏ 4.6 GB/4.9 GB   15 MB/s     18s[K[?25h[?2026l[?2026h[?25l[A[1Gpulling manifest [K
pulling 667b0c1932bc:  94% ▕████████████████  ▏ 4.6 GB/4.9 GB   15 MB/s     18s[K[?25h[?2026l[?2026h[?25l[A[1Gpulling manifest [K
pulling 667b0c1932bc:  94% ▕████████████████  ▏ 4.6 GB/4.9 GB   15 MB/s     18s[K[?25h[?2026l[?2026h[?25l[A[1Gpulling manifest [K
pulling 667b0c1932bc:  94% ▕████████████████  ▏ 4.6 GB/4.9 GB   15 MB/s     18s[K[?25h[?2026l[?2026h[?25l[A[1Gpulling manifest [K
pulling 667b0c1932bc:  94% ▕████████████████  ▏ 4.6 GB/4.9 GB   16 MB/s     17s[K[?25h[?2026l[?2026h[?25l[A[1Gpulling manifest [K
pulling 667b0c1932bc:  94% ▕████████████████  ▏ 4.6 GB/4.9 GB   16 MB/s     17s[K[?25h[?2026l[?2026h[?25l[A[1Gpulling manifest [K
pulling 667b0c1932bc:  94% ▕████████████████  ▏ 4.6 GB/4.9 GB   16 MB/s     17s[K[?25h[?2026l[?2026h[?25l[A[1Gpulling manifest [K
pulling 667b0c1932bc:  94% ▕████████████████  ▏ 4.6 GB/4.9 GB   16 MB/s     17s[K[?25h[?2026l[?2026h[?25l[A[1Gpulling manifest [K
pulling 667b0c1932bc:  94% ▕████████████████  ▏ 4.6 GB/4.9 GB   16 MB/s     17s[K[?25h[?2026l[?2026h[?25l[A[1Gpulling manifest [K
pulling 667b0c1932bc:  94% ▕████████████████  ▏ 4.6 GB/4.9 GB   16 MB/s     17s[K[?25h[?2026l[?2026h[?25l[A[1Gpulling manifest [K
pulling 667b0c1932bc:  94% ▕████████████████  ▏ 4.6 GB/4.9 GB   16 MB/s     17s[K[?25h[?2026l[?2026h[?25l[A[1Gpulling manifest [K
pulling 667b0c1932bc:  94% ▕████████████████  ▏ 4.6 GB/4.9 GB   16 MB/s     17s[K[?25h[?2026l[?2026h[?25l[A[1Gpulling manifest [K
pulling 667b0c1932bc:  94% ▕████████████████  ▏ 4.6 GB/4.9 GB   16 MB/s     16s[K[?25h[?2026l[?2026h[?25l[A[1Gpulling manifest [K
pulling 667b0c1932bc:  94% ▕████████████████  ▏ 4.6 GB/4.9 GB   16 MB/s     16s[K[?25h[?2026l[?2026h[?25l[A[1Gpulling manifest [K
pulling 667b0c1932bc:  94% ▕████████████████  ▏ 4.6 GB/4.9 GB   16 MB/s     16s[K[?25h[?2026l[?2026h[?25l[A[1Gpulling manifest [K
pulling 667b0c1932bc:  94% ▕█████████████████ ▏ 4.6 GB/4.9 GB   16 MB/s     16s[K[?25h[?2026l[?2026h[?25l[A[1Gpulling manifest [K
pulling 667b0c1932bc:  94% ▕█████████████████ ▏ 4.6 GB/4.9 GB   16 MB/s     16s[K[?25h[?2026l[?2026h[?25l[A[1Gpulling manifest [K
pulling 667b0c1932bc:  95% ▕█████████████████ ▏ 4.7 GB/4.9 GB   16 MB/s     16s[K[?25h[?2026l[?2026h[?25l[A[1Gpulling manifest [K
pulling 667b0c1932bc:  95% ▕█████████████████ ▏ 4.7 GB/4.9 GB   16 MB/s     16s[K[?25h[?2026l[?2026h[?25l[A[1Gpulling manifest [K
pulling 667b0c1932bc:  95% ▕█████████████████ ▏ 4.7 GB/4.9 GB   16 MB/s     16s[K[?25h[?2026l[?2026h[?25l[A[1Gpulling manifest [K
pulling 667b0c1932bc:  95% ▕█████████████████ ▏ 4.7 GB/4.9 GB   16 MB/s     16s[K[?25h[?2026l[?2026h[?25l[A[1Gpulling manifest [K
pulling 667b0c1932bc:  95% ▕█████████████████ ▏ 4.7 GB/4.9 GB   16 MB/s     15s[K[?25h[?2026l[?2026h[?25l[A[1Gpulling manifest [K
pulling 667b0c1932bc:  95% ▕█████████████████ ▏ 4.7 GB/4.9 GB   16 MB/s     15s[K[?25h[?2026l[?2026h[?25l[A[1Gpulling manifest [K
pulling 667b0c1932bc:  95% ▕█████████████████ ▏ 4.7 GB/4.9 GB   16 MB/s     15s[K[?25h[?2026l[?2026h[?25l[A[1Gpulling manifest [K
pulling 667b0c1932bc:  95% ▕█████████████████ ▏ 4.7 GB/4.9 GB   16 MB/s     15s[K[?25h[?2026l[?2026h[?25l[A[1Gpulling manifest [K
pulling 667b0c1932bc:  95% ▕█████████████████ ▏ 4.7 GB/4.9 GB   16 MB/s     16s[K[?25h[?2026l[?2026h[?25l[A[1Gpulling manifest [K
pulling 667b0c1932bc:  95% ▕█████████████████ ▏ 4.7 GB/4.9 GB   16 MB/s     15s[K[?25h[?2026l[?2026h[?25l[A[1Gpulling manifest [K
pulling 667b0c1932bc:  95% ▕█████████████████ ▏ 4.7 GB/4.9 GB   16 MB/s     15s[K[?25h[?2026l[?2026h[?25l[A[1Gpulling manifest [K
pulling 667b0c1932bc:  95% ▕█████████████████ ▏ 4.7 GB/4.9 GB   16 MB/s     15s[K[?25h[?2026l[?2026h[?25l[A[1Gpulling manifest [K
pulling 667b0c1932bc:  95% ▕█████████████████ ▏ 4.7 GB/4.9 GB   16 MB/s     15s[K[?25h[?2026l[?2026h[?25l[A[1Gpulling manifest [K
pulling 667b0c1932bc:  95% ▕█████████████████ ▏ 4.7 GB/4.9 GB   16 MB/s     15s[K[?25h[?2026l[?2026h[?25l[A[1Gpulling manifest [K
pulling 667b0c1932bc:  95% ▕█████████████████ ▏ 4.7 GB/4.9 GB   16 MB/s     15s[K[?25h[?2026l[?2026h[?25l[A[1Gpulling manifest [K
pulling 667b0c1932bc:  95% ▕█████████████████ ▏ 4.7 GB/4.9 GB   16 MB/s     15s[K[?25h[?2026l[?2026h[?25l[A[1Gpulling manifest [K
pulling 667b0c1932bc:  95% ▕█████████████████ ▏ 4.7 GB/4.9 GB   16 MB/s     15s[K[?25h[?2026l[?2026h[?25l[A[1Gpulling manifest [K
pulling 667b0c1932bc:  95% ▕█████████████████ ▏ 4.7 GB/4.9 GB   16 MB/s     15s[K[?25h[?2026l[?2026h[?25l[A[1Gpulling manifest [K
pulling 667b0c1932bc:  95% ▕█████████████████ ▏ 4.7 GB/4.9 GB   15 MB/s     15s[K[?25h[?2026l[?2026h[?25l[A[1Gpulling manifest [K
pulling 667b0c1932bc:  95% ▕█████████████████ ▏ 4.7 GB/4.9 GB   15 MB/s     15s[K[?25h[?2026l[?2026h[?25l[A[1Gpulling manifest [K
pulling 667b0c1932bc:  95% ▕█████████████████ ▏ 4.7 GB/4.9 GB   15 MB/s     15s[K[?25h[?2026l[?2026h[?25l[A[1Gpulling manifest [K
pulling 667b0c1932bc:  95% ▕█████████████████ ▏ 4.7 GB/4.9 GB   15 MB/s     15s[K[?25h[?2026l[?2026h[?25l[A[1Gpulling manifest [K
pulling 667b0c1932bc:  95% ▕█████████████████ ▏ 4.7 GB/4.9 GB   15 MB/s     15s[K[?25h[?2026l[?2026h[?25l[A[1Gpulling manifest [K
pulling 667b0c1932bc:  95% ▕█████████████████ ▏ 4.7 GB/4.9 GB   15 MB/s     15s[K[?25h[?2026l[?2026h[?25l[A[1Gpulling manifest [K
pulling 667b0c1932bc:  95% ▕█████████████████ ▏ 4.7 GB/4.9 GB   15 MB/s     15s[K[?25h[?2026l[?2026h[?25l[A[1Gpulling manifest [K
pulling 667b0c1932bc:  95% ▕█████████████████ ▏ 4.7 GB/4.9 GB   15 MB/s     15s[K[?25h[?2026l[?2026h[?25l[A[1Gpulling manifest [K
pulling 667b0c1932bc:  95% ▕█████████████████ ▏ 4.7 GB/4.9 GB   15 MB/s     15s[K[?25h[?2026l[?2026h[?25l[A[1Gpulling manifest [K
pulling 667b0c1932bc:  95% ▕█████████████████ ▏ 4.7 GB/4.9 GB   15 MB/s     15s[K[?25h[?2026l[?2026h[?25l[A[1Gpulling manifest [K
pulling 667b0c1932bc:  95% ▕█████████████████ ▏ 4.7 GB/4.9 GB   15 MB/s     15s[K[?25h[?2026l[?2026h[?25l[A[1Gpulling manifest [K
pulling 667b0c1932bc:  95% ▕█████████████████ ▏ 4.7 GB/4.9 GB   15 MB/s     15s[K[?25h[?2026l[?2026h[?25l[A[1Gpulling manifest [K
pulling 667b0c1932bc:  95% ▕█████████████████ ▏ 4.7 GB/4.9 GB   15 MB/s     15s[K[?25h[?2026l[?2026h[?25l[A[1Gpulling manifest [K
pulling 667b0c1932bc:  95% ▕█████████████████ ▏ 4.7 GB/4.9 GB   15 MB/s     15s[K[?25h[?2026l[?2026h[?25l[A[1Gpulling manifest [K
pulling 667b0c1932bc:  95% ▕█████████████████ ▏ 4.7 GB/4.9 GB   15 MB/s     15s[K[?25h[?2026l[?2026h[?25l[A[1Gpulling manifest [K
pulling 667b0c1932bc:  95% ▕█████████████████ ▏ 4.7 GB/4.9 GB   15 MB/s     15s[K[?25h[?2026l[?2026h[?25l[A[1Gpulling manifest [K
pulling 667b0c1932bc:  95% ▕█████████████████ ▏ 4.7 GB/4.9 GB   15 MB/s     15s[K[?25h[?2026l[?2026h[?25l[A[1Gpulling manifest [K
pulling 667b0c1932bc:  95% ▕█████████████████ ▏ 4.7 GB/4.9 GB   15 MB/s     15s[K[?25h[?2026l[?2026h[?25l[A[1Gpulling manifest [K
pulling 667b0c1932bc:  95% ▕█████████████████ ▏ 4.7 GB/4.9 GB   15 MB/s     15s[K[?25h[?2026l[?2026h[?25l[A[1Gpulling manifest [K
pulling 667b0c1932bc:  95% ▕█████████████████ ▏ 4.7 GB/4.9 GB   15 MB/s     15s[K[?25h[?2026l[?2026h[?25l[A[1Gpulling manifest [K
pulling 667b0c1932bc:  95% ▕█████████████████ ▏ 4.7 GB/4.9 GB   14 MB/s     15s[K[?25h[?2026l[?2026h[?25l[A[1Gpulling manifest [K
pulling 667b0c1932bc:  95% ▕█████████████████ ▏ 4.7 GB/4.9 GB   14 MB/s     15s[K[?25h[?2026l[?2026h[?25l[A[1Gpulling manifest [K
pulling 667b0c1932bc:  95% ▕█████████████████ ▏ 4.7 GB/4.9 GB   14 MB/s     15s[K[?25h[?2026l[?2026h[?25l[A[1Gpulling manifest [K
pulling 667b0c1932bc:  95% ▕█████████████████ ▏ 4.7 GB/4.9 GB   14 MB/s     15s[K[?25h[?2026l[?2026h[?25l[A[1Gpulling manifest [K
pulling 667b0c1932bc:  96% ▕█████████████████ ▏ 4.7 GB/4.9 GB   14 MB/s     15s[K[?25h[?2026l[?2026h[?25l[A[1Gpulling manifest [K
pulling 667b0c1932bc:  96% ▕█████████████████ ▏ 4.7 GB/4.9 GB   14 MB/s     15s[K[?25h[?2026l[?2026h[?25l[A[1Gpulling manifest [K
pulling 667b0c1932bc:  96% ▕█████████████████ ▏ 4.7 GB/4.9 GB   14 MB/s     15s[K[?25h[?2026l[?2026h[?25l[A[1Gpulling manifest [K
pulling 667b0c1932bc:  96% ▕█████████████████ ▏ 4.7 GB/4.9 GB   14 MB/s     15s[K[?25h[?2026l[?2026h[?25l[A[1Gpulling manifest [K
pulling 667b0c1932bc:  96% ▕█████████████████ ▏ 4.7 GB/4.9 GB   14 MB/s     14s[K[?25h[?2026l[?2026h[?25l[A[1Gpulling manifest [K
pulling 667b0c1932bc:  96% ▕█████████████████ ▏ 4.7 GB/4.9 GB   14 MB/s     14s[K[?25h[?2026l[?2026h[?25l[A[1Gpulling manifest [K
pulling 667b0c1932bc:  96% ▕█████████████████ ▏ 4.7 GB/4.9 GB   14 MB/s     15s[K[?25h[?2026l[?2026h[?25l[A[1Gpulling manifest [K
pulling 667b0c1932bc:  96% ▕█████████████████ ▏ 4.7 GB/4.9 GB   14 MB/s     15s[K[?25h[?2026l[?2026h[?25l[A[1Gpulling manifest [K
pulling 667b0c1932bc:  96% ▕█████████████████ ▏ 4.7 GB/4.9 GB   14 MB/s     14s[K[?25h[?2026l[?2026h[?25l[A[1Gpulling manifest [K
pulling 667b0c1932bc:  96% ▕█████████████████ ▏ 4.7 GB/4.9 GB   14 MB/s     14s[K[?25h[?2026l[?2026h[?25l[A[1Gpulling manifest [K
pulling 667b0c1932bc:  96% ▕█████████████████ ▏ 4.7 GB/4.9 GB   14 MB/s     14s[K[?25h[?2026l[?2026h[?25l[A[1Gpulling manifest [K
pulling 667b0c1932bc:  96% ▕█████████████████ ▏ 4.7 GB/4.9 GB   14 MB/s     14s[K[?25h[?2026l[?2026h[?25l[A[1Gpulling manifest [K
pulling 667b0c1932bc:  96% ▕█████████████████ ▏ 4.7 GB/4.9 GB   14 MB/s     14s[K[?25h[?2026l[?2026h[?25l[A[1Gpulling manifest [K
pulling 667b0c1932bc:  96% ▕█████████████████ ▏ 4.7 GB/4.9 GB   14 MB/s     14s[K[?25h[?2026l[?2026h[?25l[A[1Gpulling manifest [K
pulling 667b0c1932bc:  96% ▕█████████████████ ▏ 4.7 GB/4.9 GB   14 MB/s     14s[K[?25h[?2026l[?2026h[?25l[A[1Gpulling manifest [K
pulling 667b0c1932bc:  96% ▕█████████████████ ▏ 4.7 GB/4.9 GB   14 MB/s     14s[K[?25h[?2026l[?2026h[?25l[A[1Gpulling manifest [K
pulling 667b0c1932bc:  96% ▕█████████████████ ▏ 4.7 GB/4.9 GB   14 MB/s     14s[K[?25h[?2026l[?2026h[?25l[A[1Gpulling manifest [K
pulling 667b0c1932bc:  96% ▕█████████████████ ▏ 4.7 GB/4.9 GB   13 MB/s     14s[K[?25h[?2026l[?2026h[?25l[A[1Gpulling manifest [K
pulling 667b0c1932bc:  96% ▕█████████████████ ▏ 4.7 GB/4.9 GB   13 MB/s     14s[K[?25h[?2026l[?2026h[?25l[A[1Gpulling manifest [K
pulling 667b0c1932bc:  96% ▕█████████████████ ▏ 4.7 GB/4.9 GB   13 MB/s     14s[K[?25h[?2026l[?2026h[?25l[A[1Gpulling manifest [K
pulling 667b0c1932bc:  96% ▕█████████████████ ▏ 4.7 GB/4.9 GB   13 MB/s     13s[K[?25h[?2026l[?2026h[?25l[A[1Gpulling manifest [K
pulling 667b0c1932bc:  96% ▕█████████████████ ▏ 4.7 GB/4.9 GB   13 MB/s     13s[K[?25h[?2026l[?2026h[?25l[A[1Gpulling manifest [K
pulling 667b0c1932bc:  96% ▕█████████████████ ▏ 4.7 GB/4.9 GB   13 MB/s     13s[K[?25h[?2026l[?2026h[?25l[A[1Gpulling manifest [K
pulling 667b0c1932bc:  96% ▕█████████████████ ▏ 4.7 GB/4.9 GB   13 MB/s     13s[K[?25h[?2026l[?2026h[?25l[A[1Gpulling manifest [K
pulling 667b0c1932bc:  96% ▕█████████████████ ▏ 4.7 GB/4.9 GB   13 MB/s     13s[K[?25h[?2026l[?2026h[?25l[A[1Gpulling manifest [K
pulling 667b0c1932bc:  96% ▕█████████████████ ▏ 4.7 GB/4.9 GB   13 MB/s     13s[K[?25h[?2026l[?2026h[?25l[A[1Gpulling manifest [K
pulling 667b0c1932bc:  96% ▕█████████████████ ▏ 4.7 GB/4.9 GB   13 MB/s     13s[K[?25h[?2026l[?2026h[?25l[A[1Gpulling manifest [K
pulling 667b0c1932bc:  96% ▕█████████████████ ▏ 4.7 GB/4.9 GB   13 MB/s     13s[K[?25h[?2026l[?2026h[?25l[A[1Gpulling manifest [K
pulling 667b0c1932bc:  96% ▕█████████████████ ▏ 4.7 GB/4.9 GB   13 MB/s     13s[K[?25h[?2026l[?2026h[?25l[A[1Gpulling manifest [K
pulling 667b0c1932bc:  96% ▕█████████████████ ▏ 4.7 GB/4.9 GB   13 MB/s     13s[K[?25h[?2026l[?2026h[?25l[A[1Gpulling manifest [K
pulling 667b0c1932bc:  96% ▕█████████████████ ▏ 4.7 GB/4.9 GB   13 MB/s     13s[K[?25h[?2026l[?2026h[?25l[A[1Gpulling manifest [K
pulling 667b0c1932bc:  96% ▕█████████████████ ▏ 4.7 GB/4.9 GB   13 MB/s     13s[K[?25h[?2026l[?2026h[?25l[A[1Gpulling manifest [K
pulling 667b0c1932bc:  96% ▕█████████████████ ▏ 4.7 GB/4.9 GB   13 MB/s     13s[K[?25h[?2026l[?2026h[?25l[A[1Gpulling manifest [K
pulling 667b0c1932bc:  96% ▕█████████████████ ▏ 4.7 GB/4.9 GB   13 MB/s     13s[K[?25h[?2026l[?2026h[?25l[A[1Gpulling manifest [K
pulling 667b0c1932bc:  96% ▕█████████████████ ▏ 4.7 GB/4.9 GB   13 MB/s     13s[K[?25h[?2026l[?2026h[?25l[A[1Gpulling manifest [K
pulling 667b0c1932bc:  96% ▕█████████████████ ▏ 4.7 GB/4.9 GB   13 MB/s     12s[K[?25h[?2026l[?2026h[?25l[A[1Gpulling manifest [K
pulling 667b0c1932bc:  96% ▕█████████████████ ▏ 4.7 GB/4.9 GB   13 MB/s     12s[K[?25h[?2026l[?2026h[?25l[A[1Gpulling manifest [K
pulling 667b0c1932bc:  96% ▕█████████████████ ▏ 4.7 GB/4.9 GB   12 MB/s     13s[K[?25h[?2026l[?2026h[?25l[A[1Gpulling manifest [K
pulling 667b0c1932bc:  96% ▕█████████████████ ▏ 4.7 GB/4.9 GB   12 MB/s     13s[K[?25h[?2026l[?2026h[?25l[A[1Gpulling manifest [K
pulling 667b0c1932bc:  97% ▕█████████████████ ▏ 4.7 GB/4.9 GB   12 MB/s     13s[K[?25h[?2026l[?2026h[?25l[A[1Gpulling manifest [K
pulling 667b0c1932bc:  97% ▕█████████████████ ▏ 4.8 GB/4.9 GB   12 MB/s     13s[K[?25h[?2026l[?2026h[?25l[A[1Gpulling manifest [K
pulling 667b0c1932bc:  97% ▕█████████████████ ▏ 4.8 GB/4.9 GB   12 MB/s     13s[K[?25h[?2026l[?2026h[?25l[A[1Gpulling manifest [K
pulling 667b0c1932bc:  97% ▕█████████████████ ▏ 4.8 GB/4.9 GB   12 MB/s     12s[K[?25h[?2026l[?2026h[?25l[A[1Gpulling manifest [K
pulling 667b0c1932bc:  97% ▕█████████████████ ▏ 4.8 GB/4.9 GB   12 MB/s     12s[K[?25h[?2026l[?2026h[?25l[A[1Gpulling manifest [K
pulling 667b0c1932bc:  97% ▕█████████████████ ▏ 4.8 GB/4.9 GB   12 MB/s     12s[K[?25h[?2026l[?2026h[?25l[A[1Gpulling manifest [K
pulling 667b0c1932bc:  97% ▕█████████████████ ▏ 4.8 GB/4.9 GB   12 MB/s     12s[K[?25h[?2026l[?2026h[?25l[A[1Gpulling manifest [K
pulling 667b0c1932bc:  97% ▕█████████████████ ▏ 4.8 GB/4.9 GB   12 MB/s     12s[K[?25h[?2026l[?2026h[?25l[A[1Gpulling manifest [K
pulling 667b0c1932bc:  97% ▕█████████████████ ▏ 4.8 GB/4.9 GB   12 MB/s     13s[K[?25h[?2026l[?2026h[?25l[A[1Gpulling manifest [K
pulling 667b0c1932bc:  97% ▕█████████████████ ▏ 4.8 GB/4.9 GB   12 MB/s     12s[K[?25h[?2026l[?2026h[?25l[A[1Gpulling manifest [K
pulling 667b0c1932bc:  97% ▕█████████████████ ▏ 4.8 GB/4.9 GB   12 MB/s     12s[K[?25h[?2026l[?2026h[?25l[A[1Gpulling manifest [K
pulling 667b0c1932bc:  97% ▕█████████████████ ▏ 4.8 GB/4.9 GB   12 MB/s     12s[K[?25h[?2026l[?2026h[?25l[A[1Gpulling manifest [K
pulling 667b0c1932bc:  97% ▕█████████████████ ▏ 4.8 GB/4.9 GB   12 MB/s     12s[K[?25h[?2026l[?2026h[?25l[A[1Gpulling manifest [K
pulling 667b0c1932bc:  97% ▕█████████████████ ▏ 4.8 GB/4.9 GB   12 MB/s     12s[K[?25h[?2026l[?2026h[?25l[A[1Gpulling manifest [K
pulling 667b0c1932bc:  97% ▕█████████████████ ▏ 4.8 GB/4.9 GB   12 MB/s     12s[K[?25h[?2026l[?2026h[?25l[A[1Gpulling manifest [K
pulling 667b0c1932bc:  97% ▕█████████████████ ▏ 4.8 GB/4.9 GB   12 MB/s     12s[K[?25h[?2026l[?2026h[?25l[A[1Gpulling manifest [K
pulling 667b0c1932bc:  97% ▕█████████████████ ▏ 4.8 GB/4.9 GB   12 MB/s     12s[K[?25h[?2026l[?2026h[?25l[A[1Gpulling manifest [K
pulling 667b0c1932bc:  97% ▕█████████████████ ▏ 4.8 GB/4.9 GB   12 MB/s     12s[K[?25h[?2026l[?2026h[?25l[A[1Gpulling manifest [K
pulling 667b0c1932bc:  97% ▕█████████████████ ▏ 4.8 GB/4.9 GB   12 MB/s     12s[K[?25h[?2026l[?2026h[?25l[A[1Gpulling manifest [K
pulling 667b0c1932bc:  97% ▕█████████████████ ▏ 4.8 GB/4.9 GB   12 MB/s     11s[K[?25h[?2026l[?2026h[?25l[A[1Gpulling manifest [K
pulling 667b0c1932bc:  97% ▕█████████████████ ▏ 4.8 GB/4.9 GB   12 MB/s     11s[K[?25h[?2026l[?2026h[?25l[A[1Gpulling manifest [K
pulling 667b0c1932bc:  97% ▕█████████████████ ▏ 4.8 GB/4.9 GB   12 MB/s     11s[K[?25h[?2026l[?2026h[?25l[A[1Gpulling manifest [K
pulling 667b0c1932bc:  97% ▕█████████████████ ▏ 4.8 GB/4.9 GB   12 MB/s     11s[K[?25h[?2026l[?2026h[?25l[A[1Gpulling manifest [K
pulling 667b0c1932bc:  97% ▕█████████████████ ▏ 4.8 GB/4.9 GB   12 MB/s     11s[K[?25h[?2026l[?2026h[?25l[A[1Gpulling manifest [K
pulling 667b0c1932bc:  97% ▕█████████████████ ▏ 4.8 GB/4.9 GB   12 MB/s     11s[K[?25h[?2026l[?2026h[?25l[A[1Gpulling manifest [K
pulling 667b0c1932bc:  97% ▕█████████████████ ▏ 4.8 GB/4.9 GB   12 MB/s     11s[K[?25h[?2026l[?2026h[?25l[A[1Gpulling manifest [K
pulling 667b0c1932bc:  97% ▕█████████████████ ▏ 4.8 GB/4.9 GB   12 MB/s     11s[K[?25h[?2026l[?2026h[?25l[A[1Gpulling manifest [K
pulling 667b0c1932bc:  97% ▕█████████████████ ▏ 4.8 GB/4.9 GB   12 MB/s     11s[K[?25h[?2026l[?2026h[?25l[A[1Gpulling manifest [K
pulling 667b0c1932bc:  97% ▕█████████████████ ▏ 4.8 GB/4.9 GB   12 MB/s     11s[K[?25h[?2026l[?2026h[?25l[A[1Gpulling manifest [K
pulling 667b0c1932bc:  97% ▕█████████████████ ▏ 4.8 GB/4.9 GB   12 MB/s     11s[K[?25h[?2026l[?2026h[?25l[A[1Gpulling manifest [K
pulling 667b0c1932bc:  97% ▕█████████████████ ▏ 4.8 GB/4.9 GB   12 MB/s     10s[K[?25h[?2026l[?2026h[?25l[A[1Gpulling manifest [K
pulling 667b0c1932bc:  97% ▕█████████████████ ▏ 4.8 GB/4.9 GB   12 MB/s     10s[K[?25h[?2026l[?2026h[?25l[A[1Gpulling manifest [K
pulling 667b0c1932bc:  97% ▕█████████████████ ▏ 4.8 GB/4.9 GB   12 MB/s     10s[K[?25h[?2026l[?2026h[?25l[A[1Gpulling manifest [K
pulling 667b0c1932bc:  97% ▕█████████████████ ▏ 4.8 GB/4.9 GB   12 MB/s     10s[K[?25h[?2026l[?2026h[?25l[A[1Gpulling manifest [K
pulling 667b0c1932bc:  97% ▕█████████████████ ▏ 4.8 GB/4.9 GB   12 MB/s     10s[K[?25h[?2026l[?2026h[?25l[A[1Gpulling manifest [K
pulling 667b0c1932bc:  97% ▕█████████████████ ▏ 4.8 GB/4.9 GB   12 MB/s     10s[K[?25h[?2026l[?2026h[?25l[A[1Gpulling manifest [K
pulling 667b0c1932bc:  97% ▕█████████████████ ▏ 4.8 GB/4.9 GB   12 MB/s     10s[K[?25h[?2026l[?2026h[?25l[A[1Gpulling manifest [K
pulling 667b0c1932bc:  97% ▕█████████████████ ▏ 4.8 GB/4.9 GB   12 MB/s     10s[K[?25h[?2026l[?2026h[?25l[A[1Gpulling manifest [K
pulling 667b0c1932bc:  97% ▕█████████████████ ▏ 4.8 GB/4.9 GB   12 MB/s     10s[K[?25h[?2026l[?2026h[?25l[A[1Gpulling manifest [K
pulling 667b0c1932bc:  97% ▕█████████████████ ▏ 4.8 GB/4.9 GB   12 MB/s     10s[K[?25h[?2026l[?2026h[?25l[A[1Gpulling manifest [K
pulling 667b0c1932bc:  97% ▕█████████████████ ▏ 4.8 GB/4.9 GB   12 MB/s     10s[K[?25h[?2026l[?2026h[?25l[A[1Gpulling manifest [K
pulling 667b0c1932bc:  97% ▕█████████████████ ▏ 4.8 GB/4.9 GB   12 MB/s     10s[K[?25h[?2026l[?2026h[?25l[A[1Gpulling manifest [K
pulling 667b0c1932bc:  98% ▕█████████████████ ▏ 4.8 GB/4.9 GB   12 MB/s      9s[K[?25h[?2026l[?2026h[?25l[A[1Gpulling manifest [K
pulling 667b0c1932bc:  98% ▕█████████████████ ▏ 4.8 GB/4.9 GB   12 MB/s      9s[K[?25h[?2026l[?2026h[?25l[A[1Gpulling manifest [K
pulling 667b0c1932bc:  98% ▕█████████████████ ▏ 4.8 GB/4.9 GB   12 MB/s      9s[K[?25h[?2026l[?2026h[?25l[A[1Gpulling manifest [K
pulling 667b0c1932bc:  98% ▕█████████████████ ▏ 4.8 GB/4.9 GB   12 MB/s      9s[K[?25h[?2026l[?2026h[?25l[A[1Gpulling manifest [K
pulling 667b0c1932bc:  98% ▕█████████████████ ▏ 4.8 GB/4.9 GB   12 MB/s      9s[K[?25h[?2026l[?2026h[?25l[A[1Gpulling manifest [K
pulling 667b0c1932bc:  98% ▕█████████████████ ▏ 4.8 GB/4.9 GB   12 MB/s      9s[K[?25h[?2026l[?2026h[?25l[A[1Gpulling manifest [K
pulling 667b0c1932bc:  98% ▕█████████████████ ▏ 4.8 GB/4.9 GB   12 MB/s      9s[K[?25h[?2026l[?2026h[?25l[A[1Gpulling manifest [K
pulling 667b0c1932bc:  98% ▕█████████████████ ▏ 4.8 GB/4.9 GB   12 MB/s      9s[K[?25h[?2026l[?2026h[?25l[A[1Gpulling manifest [K
pulling 667b0c1932bc:  98% ▕█████████████████ ▏ 4.8 GB/4.9 GB   12 MB/s      9s[K[?25h[?2026l[?2026h[?25l[A[1Gpulling manifest [K
pulling 667b0c1932bc:  98% ▕█████████████████ ▏ 4.8 GB/4.9 GB   12 MB/s      9s[K[?25h[?2026l[?2026h[?25l[A[1Gpulling manifest [K
pulling 667b0c1932bc:  98% ▕█████████████████ ▏ 4.8 GB/4.9 GB   12 MB/s      8s[K[?25h[?2026l[?2026h[?25l[A[1Gpulling manifest [K
pulling 667b0c1932bc:  98% ▕█████████████████ ▏ 4.8 GB/4.9 GB   12 MB/s      8s[K[?25h[?2026l[?2026h[?25l[A[1Gpulling manifest [K
pulling 667b0c1932bc:  98% ▕█████████████████ ▏ 4.8 GB/4.9 GB   12 MB/s      8s[K[?25h[?2026l[?2026h[?25l[A[1Gpulling manifest [K
pulling 667b0c1932bc:  98% ▕█████████████████ ▏ 4.8 GB/4.9 GB   12 MB/s      8s[K[?25h[?2026l[?2026h[?25l[A[1Gpulling manifest [K
pulling 667b0c1932bc:  98% ▕█████████████████ ▏ 4.8 GB/4.9 GB   12 MB/s      8s[K[?25h[?2026l[?2026h[?25l[A[1Gpulling manifest [K
pulling 667b0c1932bc:  98% ▕█████████████████ ▏ 4.8 GB/4.9 GB   12 MB/s      8s[K[?25h[?2026l[?2026h[?25l[A[1Gpulling manifest [K
pulling 667b0c1932bc:  98% ▕█████████████████ ▏ 4.8 GB/4.9 GB   12 MB/s      8s[K[?25h[?2026l[?2026h[?25l[A[1Gpulling manifest [K
pulling 667b0c1932bc:  98% ▕█████████████████ ▏ 4.8 GB/4.9 GB   12 MB/s      8s[K[?25h[?2026l[?2026h[?25l[A[1Gpulling manifest [K
pulling 667b0c1932bc:  98% ▕█████████████████ ▏ 4.8 GB/4.9 GB   12 MB/s      8s[K[?25h[?2026l[?2026h[?25l[A[1Gpulling manifest [K
pulling 667b0c1932bc:  98% ▕█████████████████ ▏ 4.8 GB/4.9 GB   12 MB/s      8s[K[?25h[?2026l[?2026h[?25l[A[1Gpulling manifest [K
pulling 667b0c1932bc:  98% ▕█████████████████ ▏ 4.8 GB/4.9 GB   12 MB/s      8s[K[?25h[?2026l[?2026h[?25l[A[1Gpulling manifest [K
pulling 667b0c1932bc:  98% ▕█████████████████ ▏ 4.8 GB/4.9 GB   12 MB/s      8s[K[?25h[?2026l[?2026h[?25l[A[1Gpulling manifest [K
pulling 667b0c1932bc:  98% ▕█████████████████ ▏ 4.8 GB/4.9 GB   12 MB/s      8s[K[?25h[?2026l[?2026h[?25l[A[1Gpulling manifest [K
pulling 667b0c1932bc:  98% ▕█████████████████ ▏ 4.8 GB/4.9 GB   12 MB/s      8s[K[?25h[?2026l[?2026h[?25l[A[1Gpulling manifest [K
pulling 667b0c1932bc:  98% ▕█████████████████ ▏ 4.8 GB/4.9 GB   12 MB/s      7s[K[?25h[?2026l[?2026h[?25l[A[1Gpulling manifest [K
pulling 667b0c1932bc:  98% ▕█████████████████ ▏ 4.8 GB/4.9 GB   12 MB/s      7s[K[?25h[?2026l[?2026h[?25l[A[1Gpulling manifest [K
pulling 667b0c1932bc:  98% ▕█████████████████ ▏ 4.8 GB/4.9 GB   12 MB/s      7s[K[?25h[?2026l[?2026h[?25l[A[1Gpulling manifest [K
pulling 667b0c1932bc:  98% ▕█████████████████ ▏ 4.8 GB/4.9 GB   11 MB/s      7s[K[?25h[?2026l[?2026h[?25l[A[1Gpulling manifest [K
pulling 667b0c1932bc:  98% ▕█████████████████ ▏ 4.8 GB/4.9 GB   11 MB/s      7s[K[?25h[?2026l[?2026h[?25l[A[1Gpulling manifest [K
pulling 667b0c1932bc:  98% ▕█████████████████ ▏ 4.8 GB/4.9 GB   11 MB/s      7s[K[?25h[?2026l[?2026h[?25l[A[1Gpulling manifest [K
pulling 667b0c1932bc:  98% ▕█████████████████ ▏ 4.8 GB/4.9 GB   11 MB/s      7s[K[?25h[?2026l[?2026h[?25l[A[1Gpulling manifest [K
pulling 667b0c1932bc:  98% ▕█████████████████ ▏ 4.8 GB/4.9 GB   11 MB/s      7s[K[?25h[?2026l[?2026h[?25l[A[1Gpulling manifest [K
pulling 667b0c1932bc:  98% ▕█████████████████ ▏ 4.8 GB/4.9 GB   11 MB/s      7s[K[?25h[?2026l[?2026h[?25l[A[1Gpulling manifest [K
pulling 667b0c1932bc:  98% ▕█████████████████ ▏ 4.8 GB/4.9 GB   11 MB/s      7s[K[?25h[?2026l[?2026h[?25l[A[1Gpulling manifest [K
pulling 667b0c1932bc:  98% ▕█████████████████ ▏ 4.8 GB/4.9 GB   11 MB/s      7s[K[?25h[?2026l[?2026h[?25l[A[1Gpulling manifest [K
pulling 667b0c1932bc:  98% ▕█████████████████ ▏ 4.8 GB/4.9 GB   11 MB/s      7s[K[?25h[?2026l[?2026h[?25l[A[1Gpulling manifest [K
pulling 667b0c1932bc:  98% ▕█████████████████ ▏ 4.8 GB/4.9 GB   11 MB/s      7s[K[?25h[?2026l[?2026h[?25l[A[1Gpulling manifest [K
pulling 667b0c1932bc:  98% ▕█████████████████ ▏ 4.8 GB/4.9 GB   11 MB/s      7s[K[?25h[?2026l[?2026h[?25l[A[1Gpulling manifest [K
pulling 667b0c1932bc:  98% ▕█████████████████ ▏ 4.8 GB/4.9 GB   11 MB/s      7s[K[?25h[?2026l[?2026h[?25l[A[1Gpulling manifest [K
pulling 667b0c1932bc:  98% ▕█████████████████ ▏ 4.8 GB/4.9 GB   11 MB/s      7s[K[?25h[?2026l[?2026h[?25l[A[1Gpulling manifest [K
pulling 667b0c1932bc:  98% ▕█████████████████ ▏ 4.8 GB/4.9 GB   11 MB/s      6s[K[?25h[?2026l[?2026h[?25l[A[1Gpulling manifest [K
pulling 667b0c1932bc:  98% ▕█████████████████ ▏ 4.8 GB/4.9 GB   11 MB/s      6s[K[?25h[?2026l[?2026h[?25l[A[1Gpulling manifest [K
pulling 667b0c1932bc:  98% ▕█████████████████ ▏ 4.8 GB/4.9 GB   11 MB/s      6s[K[?25h[?2026l[?2026h[?25l[A[1Gpulling manifest [K
pulling 667b0c1932bc:  98% ▕█████████████████ ▏ 4.8 GB/4.9 GB   11 MB/s      6s[K[?25h[?2026l[?2026h[?25l[A[1Gpulling manifest [K
pulling 667b0c1932bc:  98% ▕█████████████████ ▏ 4.8 GB/4.9 GB   11 MB/s      6s[K[?25h[?2026l[?2026h[?25l[A[1Gpulling manifest [K
pulling 667b0c1932bc:  99% ▕█████████████████ ▏ 4.8 GB/4.9 GB   11 MB/s      6s[K[?25h[?2026l[?2026h[?25l[A[1Gpulling manifest [K
pulling 667b0c1932bc:  99% ▕█████████████████ ▏ 4.8 GB/4.9 GB   11 MB/s      6s[K[?25h[?2026l[?2026h[?25l[A[1Gpulling manifest [K
pulling 667b0c1932bc:  99% ▕█████████████████ ▏ 4.8 GB/4.9 GB   11 MB/s      6s[K[?25h[?2026l[?2026h[?25l[A[1Gpulling manifest [K
pulling 667b0c1932bc:  99% ▕█████████████████ ▏ 4.9 GB/4.9 GB   11 MB/s      6s[K[?25h[?2026l[?2026h[?25l[A[1Gpulling manifest [K
pulling 667b0c1932bc:  99% ▕█████████████████ ▏ 4.9 GB/4.9 GB   11 MB/s      6s[K[?25h[?2026l[?2026h[?25l[A[1Gpulling manifest [K
pulling 667b0c1932bc:  99% ▕█████████████████ ▏ 4.9 GB/4.9 GB   11 MB/s      5s[K[?25h[?2026l[?2026h[?25l[A[1Gpulling manifest [K
pulling 667b0c1932bc:  99% ▕█████████████████ ▏ 4.9 GB/4.9 GB   11 MB/s      5s[K[?25h[?2026l[?2026h[?25l[A[1Gpulling manifest [K
pulling 667b0c1932bc:  99% ▕█████████████████ ▏ 4.9 GB/4.9 GB   11 MB/s      5s[K[?25h[?2026l[?2026h[?25l[A[1Gpulling manifest [K
pulling 667b0c1932bc:  99% ▕█████████████████ ▏ 4.9 GB/4.9 GB   11 MB/s      5s[K[?25h[?2026l[?2026h[?25l[A[1Gpulling manifest [K
pulling 667b0c1932bc:  99% ▕█████████████████ ▏ 4.9 GB/4.9 GB   11 MB/s      5s[K[?25h[?2026l[?2026h[?25l[A[1Gpulling manifest [K
pulling 667b0c1932bc:  99% ▕█████████████████ ▏ 4.9 GB/4.9 GB   11 MB/s      5s[K[?25h[?2026l[?2026h[?25l[A[1Gpulling manifest [K
pulling 667b0c1932bc:  99% ▕█████████████████ ▏ 4.9 GB/4.9 GB   11 MB/s      5s[K[?25h[?2026l[?2026h[?25l[A[1Gpulling manifest [K
pulling 667b0c1932bc:  99% ▕█████████████████ ▏ 4.9 GB/4.9 GB   11 MB/s      5s[K[?25h[?2026l[?2026h[?25l[A[1Gpulling manifest [K
pulling 667b0c1932bc:  99% ▕█████████████████ ▏ 4.9 GB/4.9 GB   11 MB/s      5s[K[?25h[?2026l[?2026h[?25l[A[1Gpulling manifest [K
pulling 667b0c1932bc:  99% ▕█████████████████ ▏ 4.9 GB/4.9 GB   11 MB/s      4s[K[?25h[?2026l[?2026h[?25l[A[1Gpulling manifest [K
pulling 667b0c1932bc:  99% ▕█████████████████ ▏ 4.9 GB/4.9 GB   11 MB/s      4s[K[?25h[?2026l[?2026h[?25l[A[1Gpulling manifest [K
pulling 667b0c1932bc:  99% ▕█████████████████ ▏ 4.9 GB/4.9 GB   11 MB/s      4s[K[?25h[?2026l[?2026h[?25l[A[1Gpulling manifest [K
pulling 667b0c1932bc:  99% ▕█████████████████ ▏ 4.9 GB/4.9 GB   11 MB/s      4s[K[?25h[?2026l[?2026h[?25l[A[1Gpulling manifest [K
pulling 667b0c1932bc:  99% ▕█████████████████ ▏ 4.9 GB/4.9 GB   11 MB/s      4s[K[?25h[?2026l[?2026h[?25l[A[1Gpulling manifest [K
pulling 667b0c1932bc:  99% ▕█████████████████ ▏ 4.9 GB/4.9 GB   11 MB/s      4s[K[?25h[?2026l[?2026h[?25l[A[1Gpulling manifest [K
pulling 667b0c1932bc:  99% ▕█████████████████ ▏ 4.9 GB/4.9 GB   11 MB/s      4s[K[?25h[?2026l[?2026h[?25l[A[1Gpulling manifest [K
pulling 667b0c1932bc:  99% ▕█████████████████ ▏ 4.9 GB/4.9 GB   11 MB/s      4s[K[?25h[?2026l[?2026h[?25l[A[1Gpulling manifest [K
pulling 667b0c1932bc:  99% ▕█████████████████ ▏ 4.9 GB/4.9 GB   11 MB/s      4s[K[?25h[?2026l[?2026h[?25l[A[1Gpulling manifest [K
pulling 667b0c1932bc:  99% ▕█████████████████ ▏ 4.9 GB/4.9 GB   11 MB/s      3s[K[?25h[?2026l[?2026h[?25l[A[1Gpulling manifest [K
pulling 667b0c1932bc:  99% ▕█████████████████ ▏ 4.9 GB/4.9 GB   11 MB/s      3s[K[?25h[?2026l[?2026h[?25l[A[1Gpulling manifest [K
pulling 667b0c1932bc:  99% ▕█████████████████ ▏ 4.9 GB/4.9 GB   11 MB/s      3s[K[?25h[?2026l[?2026h[?25l[A[1Gpulling manifest [K
pulling 667b0c1932bc:  99% ▕█████████████████ ▏ 4.9 GB/4.9 GB   11 MB/s      3s[K[?25h[?2026l[?2026h[?25l[A[1Gpulling manifest [K
pulling 667b0c1932bc:  99% ▕█████████████████ ▏ 4.9 GB/4.9 GB   11 MB/s      3s[K[?25h[?2026l[?2026h[?25l[A[1Gpulling manifest [K
pulling 667b0c1932bc:  99% ▕█████████████████ ▏ 4.9 GB/4.9 GB   11 MB/s      3s[K[?25h[?2026l[?2026h[?25l[A[1Gpulling manifest [K
pulling 667b0c1932bc:  99% ▕█████████████████ ▏ 4.9 GB/4.9 GB   11 MB/s      3s[K[?25h[?2026l[?2026h[?25l[A[1Gpulling manifest [K
pulling 667b0c1932bc:  99% ▕█████████████████ ▏ 4.9 GB/4.9 GB   11 MB/s      3s[K[?25h[?2026l[?2026h[?25l[A[1Gpulling manifest [K
pulling 667b0c1932bc:  99% ▕█████████████████ ▏ 4.9 GB/4.9 GB   11 MB/s      3s[K[?25h[?2026l[?2026h[?25l[A[1Gpulling manifest [K
pulling 667b0c1932bc:  99% ▕█████████████████ ▏ 4.9 GB/4.9 GB   11 MB/s      3s[K[?25h[?2026l[?2026h[?25l[A[1Gpulling manifest [K
pulling 667b0c1932bc:  99% ▕█████████████████ ▏ 4.9 GB/4.9 GB   11 MB/s      3s[K[?25h[?2026l[?2026h[?25l[A[1Gpulling manifest [K
pulling 667b0c1932bc:  99% ▕█████████████████ ▏ 4.9 GB/4.9 GB   11 MB/s      3s[K[?25h[?2026l[?2026h[?25l[A[1Gpulling manifest [K
pulling 667b0c1932bc:  99% ▕█████████████████ ▏ 4.9 GB/4.9 GB   11 MB/s      3s[K[?25h[?2026l[?2026h[?25l[A[1Gpulling manifest [K
pulling 667b0c1932bc:  99% ▕█████████████████ ▏ 4.9 GB/4.9 GB   11 MB/s      3s[K[?25h[?2026l[?2026h[?25l[A[1Gpulling manifest [K
pulling 667b0c1932bc:  99% ▕█████████████████ ▏ 4.9 GB/4.9 GB   11 MB/s      2s[K[?25h[?2026l[?2026h[?25l[A[1Gpulling manifest [K
pulling 667b0c1932bc:  99% ▕█████████████████ ▏ 4.9 GB/4.9 GB   11 MB/s      2s[K[?25h[?2026l[?2026h[?25l[A[1Gpulling manifest [K
pulling 667b0c1932bc:  99% ▕█████████████████ ▏ 4.9 GB/4.9 GB   11 MB/s      2s[K[?25h[?2026l[?2026h[?25l[A[1Gpulling manifest [K
pulling 667b0c1932bc:  99% ▕█████████████████ ▏ 4.9 GB/4.9 GB   11 MB/s      2s[K[?25h[?2026l[?2026h[?25l[A[1Gpulling manifest [K
pulling 667b0c1932bc:  99% ▕█████████████████ ▏ 4.9 GB/4.9 GB   11 MB/s      2s[K[?25h[?2026l[?2026h[?25l[A[1Gpulling manifest [K
pulling 667b0c1932bc:  99% ▕█████████████████ ▏ 4.9 GB/4.9 GB   11 MB/s      2s[K[?25h[?2026l[?2026h[?25l[A[1Gpulling manifest [K
pulling 667b0c1932bc:  99% ▕█████████████████ ▏ 4.9 GB/4.9 GB   11 MB/s      2s[K[?25h[?2026l[?2026h[?25l[A[1Gpulling manifest [K
pulling 667b0c1932bc:  99% ▕█████████████████ ▏ 4.9 GB/4.9 GB   10 MB/s      2s[K[?25h[?2026l[?2026h[?25l[A[1Gpulling manifest [K
pulling 667b0c1932bc:  99% ▕█████████████████ ▏ 4.9 GB/4.9 GB   10 MB/s      2s[K[?25h[?2026l[?2026h[?25l[A[1Gpulling manifest [K
pulling 667b0c1932bc:  99% ▕█████████████████ ▏ 4.9 GB/4.9 GB   10 MB/s      2s[K[?25h[?2026l[?2026h[?25l[A[1Gpulling manifest [K
pulling 667b0c1932bc:  99% ▕█████████████████ ▏ 4.9 GB/4.9 GB   10 MB/s      2s[K[?25h[?2026l[?2026h[?25l[A[1Gpulling manifest [K
pulling 667b0c1932bc: 100% ▕█████████████████ ▏ 4.9 GB/4.9 GB   10 MB/s      2s[K[?25h[?2026l[?2026h[?25l[A[1Gpulling manifest [K
pulling 667b0c1932bc: 100% ▕█████████████████ ▏ 4.9 GB/4.9 GB   10 MB/s      2s[K[?25h[?2026l[?2026h[?25l[A[1Gpulling manifest [K
pulling 667b0c1932bc: 100% ▕█████████████████ ▏ 4.9 GB/4.9 GB   10 MB/s      2s[K[?25h[?2026l[?2026h[?25l[A[1Gpulling manifest [K
pulling 667b0c1932bc: 100% ▕█████████████████ ▏ 4.9 GB/4.9 GB   10 MB/s      2s[K[?25h[?2026l[?2026h[?25l[A[1Gpulling manifest [K
pulling 667b0c1932bc: 100% ▕█████████████████ ▏ 4.9 GB/4.9 GB   10 MB/s      1s[K[?25h[?2026l[?2026h[?25l[A[1Gpulling manifest [K
pulling 667b0c1932bc: 100% ▕█████████████████ ▏ 4.9 GB/4.9 GB   10 MB/s      1s[K[?25h[?2026l[?2026h[?25l[A[1Gpulling manifest [K
pulling 667b0c1932bc: 100% ▕█████████████████ ▏ 4.9 GB/4.9 GB   10 MB/s      1s[K[?25h[?2026l[?2026h[?25l[A[1Gpulling manifest [K
pulling 667b0c1932bc: 100% ▕█████████████████ ▏ 4.9 GB/4.9 GB   10 MB/s      1s[K[?25h[?2026l[?2026h[?25l[A[1Gpulling manifest [K
pulling 667b0c1932bc: 100% ▕█████████████████ ▏ 4.9 GB/4.9 GB   10 MB/s      1s[K[?25h[?2026l[?2026h[?25l[A[1Gpulling manifest [K
pulling 667b0c1932bc: 100% ▕█████████████████ ▏ 4.9 GB/4.9 GB   10 MB/s      1s[K[?25h[?2026l[?2026h[?25l[A[1Gpulling manifest [K
pulling 667b0c1932bc: 100% ▕█████████████████ ▏ 4.9 GB/4.9 GB   10 MB/s      1s[K[?25h[?2026l[?2026h[?25l[A[1Gpulling manifest [K
pulling 667b0c1932bc: 100% ▕█████████████████ ▏ 4.9 GB/4.9 GB   10 MB/s      1s[K[?25h[?2026l[?2026h[?25l[A[1Gpulling manifest [K
pulling 667b0c1932bc: 100% ▕█████████████████ ▏ 4.9 GB/4.9 GB   10 MB/s      1s[K[?25h[?2026l[?2026h[?25l[A[1Gpulling manifest [K
pulling 667b0c1932bc: 100% ▕█████████████████ ▏ 4.9 GB/4.9 GB   10 MB/s      1s[K[?25h[?2026l[?2026h[?25l[A[1Gpulling manifest [K
pulling 667b0c1932bc: 100% ▕█████████████████ ▏ 4.9 GB/4.9 GB   10 MB/s      1s[K[?25h[?2026l[?2026h[?25l[A[1Gpulling manifest [K
pulling 667b0c1932bc: 100% ▕█████████████████ ▏ 4.9 GB/4.9 GB   10 MB/s      1s[K[?25h[?2026l[?2026h[?25l[A[1Gpulling manifest [K
pulling 667b0c1932bc: 100% ▕█████████████████ ▏ 4.9 GB/4.9 GB   10 MB/s      1s[K[?25h[?2026l[?2026h[?25l[A[1Gpulling manifest [K
pulling 667b0c1932bc: 100% ▕█████████████████ ▏ 4.9 GB/4.9 GB   10 MB/s      1s[K[?25h[?2026l[?2026h[?25l[A[1Gpulling manifest [K
pulling 667b0c1932bc: 100% ▕█████████████████ ▏ 4.9 GB/4.9 GB   10 MB/s      1s[K[?25h[?2026l[?2026h[?25l[A[1Gpulling manifest [K
pulling 667b0c1932bc: 100% ▕█████████████████ ▏ 4.9 GB/4.9 GB   10 MB/s      1s[K[?25h[?2026l[?2026h[?25l[A[1Gpulling manifest [K
pulling 667b0c1932bc: 100% ▕█████████████████ ▏ 4.9 GB/4.9 GB   10 MB/s      1s[K[?25h[?2026l[?2026h[?25l[A[1Gpulling manifest [K
pulling 667b0c1932bc: 100% ▕█████████████████ ▏ 4.9 GB/4.9 GB   10 MB/s      0s[K[?25h[?2026l[?2026h[?25l[A[1Gpulling manifest [K
pulling 667b0c1932bc: 100% ▕█████████████████ ▏ 4.9 GB/4.9 GB   10 MB/s      0s[K[?25h[?2026l[?2026h[?25l[A[1Gpulling manifest [K
pulling 667b0c1932bc: 100% ▕█████████████████ ▏ 4.9 GB/4.9 GB   10 MB/s      0s[K[?25h[?2026l[?2026h[?25l[A[1Gpulling manifest [K
pulling 667b0c1932bc: 100% ▕█████████████████ ▏ 4.9 GB/4.9 GB   10 MB/s      0s[K[?25h[?2026l[?2026h[?25l[A[1Gpulling manifest [K
pulling 667b0c1932bc: 100% ▕█████████████████ ▏ 4.9 GB/4.9 GB   10 MB/s      0s[K[?25h[?2026l[?2026h[?25l[A[1Gpulling manifest [K
pulling 667b0c1932bc: 100% ▕█████████████████ ▏ 4.9 GB/4.9 GB  9.8 MB/s      0s[K[?25h[?2026l[?2026h[?25l[A[1Gpulling manifest [K
pulling 667b0c1932bc: 100% ▕█████████████████ ▏ 4.9 GB/4.9 GB  9.8 MB/s      0s[K[?25h[?2026l[?2026h[?25l[A[1Gpulling manifest [K
pulling 667b0c1932bc: 100% ▕█████████████████ ▏ 4.9 GB/4.9 GB  9.8 MB/s      0s[K[?25h[?2026l[?2026h[?25l[A[1Gpulling manifest [K
pulling 667b0c1932bc: 100% ▕█████████████████ ▏ 4.9 GB/4.9 GB  9.8 MB/s      0s[K[?25h[?2026l[?2026h[?25l[A[1Gpulling manifest [K
pulling 667b0c1932bc: 100% ▕█████████████████ ▏ 4.9 GB/4.9 GB  9.8 MB/s      0s[K[?25h[?2026l[?2026h[?25l[A[1Gpulling manifest [K
pulling 667b0c1932bc: 100% ▕█████████████████ ▏ 4.9 GB/4.9 GB  9.8 MB/s      0s[K[?25h[?2026l[?2026h[?25l[A[1Gpulling manifest [K
pulling 667b0c1932bc: 100% ▕█████████████████ ▏ 4.9 GB/4.9 GB  9.8 MB/s      0s[K[?25h[?2026l[?2026h[?25l[A[1Gpulling manifest [K
pulling 667b0c1932bc: 100% ▕██████████████████▏ 4.9 GB                         [K[?25h[?2026l[?2026h[?25l[A[1Gpulling manifest [K
pulling 667b0c1932bc: 100% ▕██████████████████▏ 4.9 GB                         [K[?25h[?2026l[?2026h[?25l[A[1Gpulling manifest [K
pulling 667b0c1932bc: 100% ▕██████████████████▏ 4.9 GB                         [K[?25h[?2026l[?2026h[?25l[A[1Gpulling manifest [K
pulling 667b0c1932bc: 100% ▕██████████████████▏ 4.9 GB                         [K[?25h[?2026l[?2026h[?25l[A[1Gpulling manifest [K
pulling 667b0c1932bc: 100% ▕██████████████████▏ 4.9 GB                         [K[?25h[?2026l[?2026h[?25l[A[1Gpulling manifest [K
pulling 667b0c1932bc: 100% ▕██████████████████▏ 4.9 GB                         [K[?25h[?2026l[?2026h[?25l[A[1Gpulling manifest [K
pulling 667b0c1932bc: 100% ▕██████████████████▏ 4.9 GB                         [K[?25h[?2026l[?2026h[?25l[A[1Gpulling manifest [K
pulling 667b0c1932bc: 100% ▕██████████████████▏ 4.9 GB                         [K[?25h[?2026l[?2026h[?25l[A[1Gpulling manifest [K
pulling 667b0c1932bc: 100% ▕██████████████████▏ 4.9 GB                         [K[?25h[?2026l[?2026h[?25l[A[1Gpulling manifest [K
pulling 667b0c1932bc: 100% ▕██████████████████▏ 4.9 GB                         [K
pulling 948af2743fc7: 100% ▕██████████████████▏ 1.5 KB                         [K[?25h[?2026l[?2026h[?25l[A[A[1Gpulling manifest [K
pulling 667b0c1932bc: 100% ▕██████████████████▏ 4.9 GB                         [K
pulling 948af2743fc7: 100% ▕██████████████████▏ 1.5 KB                         [K[?25h[?2026l[?2026h[?25l[A[A[1Gpulling manifest [K
pulling 667b0c1932bc: 100% ▕██████████████████▏ 4.9 GB                         [K
pulling 948af2743fc7: 100% ▕██████████████████▏ 1.5 KB                         [K[?25h[?2026l[?2026h[?25l[A[A[1Gpulling manifest [K
pulling 667b0c1932bc: 100% ▕██████████████████▏ 4.9 GB                         [K
pulling 948af2743fc7: 100% ▕██████████████████▏ 1.5 KB                         [K[?25h[?2026l[?2026h[?25l[A[A[1Gpulling manifest [K
pulling 667b0c1932bc: 100% ▕██████████████████▏ 4.9 GB                         [K
pulling 948af2743fc7: 100% ▕██████████████████▏ 1.5 KB                         [K[?25h[?2026l[?2026h[?25l[A[A[1Gpulling manifest [K
pulling 667b0c1932bc: 100% ▕██████████████████▏ 4.9 GB                         [K
pulling 948af2743fc7: 100% ▕██████████████████▏ 1.5 KB                         [K[?25h[?2026l[?2026h[?25l[A[A[1Gpulling manifest [K
pulling 667b0c1932bc: 100% ▕██████████████████▏ 4.9 GB                         [K
pulling 948af2743fc7: 100% ▕██████████████████▏ 1.5 KB                         [K[?25h[?2026l[?2026h[?25l[A[A[1Gpulling manifest [K
pulling 667b0c1932bc: 100% ▕██████████████████▏ 4.9 GB                         [K
pulling 948af2743fc7: 100% ▕██████████████████▏ 1.5 KB                         [K[?25h[?2026l[?2026h[?25l[A[A[1Gpulling manifest [K
pulling 667b0c1932bc: 100% ▕██████████████████▏ 4.9 GB                         [K
pulling 948af2743fc7: 100% ▕██████████████████▏ 1.5 KB                         [K[?25h[?2026l[?2026h[?25l[A[A[1Gpulling manifest [K
pulling 667b0c1932bc: 100% ▕██████████████████▏ 4.9 GB                         [K
pulling 948af2743fc7: 100% ▕██████████████████▏ 1.5 KB                         [K[?25h[?2026l[?2026h[?25l[A[A[1Gpulling manifest [K
pulling 667b0c1932bc: 100% ▕██████████████████▏ 4.9 GB                         [K
pulling 948af2743fc7: 100% ▕██████████████████▏ 1.5 KB                         [K[?25h[?2026l[?2026h[?25l[A[A[1Gpulling manifest [K
pulling 667b0c1932bc: 100% ▕██████████████████▏ 4.9 GB                         [K
pulling 948af2743fc7: 100% ▕██████████████████▏ 1.5 KB                         [K[?25h[?2026l[?2026h[?25l[A[A[1Gpulling manifest [K
pulling 667b0c1932bc: 100% ▕██████████████████▏ 4.9 GB                         [K
pulling 948af2743fc7: 100% ▕██████████████████▏ 1.5 KB                         [K[?25h[?2026l[?2026h[?25l[A[A[1Gpulling manifest [K
pulling 667b0c1932bc: 100% ▕██████████████████▏ 4.9 GB                         [K
pulling 948af2743fc7: 100% ▕██████████████████▏ 1.5 KB                         [K[?25h[?2026l[?2026h[?25l[A[A[1Gpulling manifest [K
pulling 667b0c1932bc: 100% ▕██████████████████▏ 4.9 GB                         [K
pulling 948af2743fc7: 100% ▕██████████████████▏ 1.5 KB                         [K
pulling 0ba8f0e314b4: 100% ▕██████████████████▏  12 KB                         [K[?25h[?2026l[?2026h[?25l[A[A[A[1Gpulling manifest [K
pulling 667b0c1932bc: 100% ▕██████████████████▏ 4.9 GB                         [K
pulling 948af2743fc7: 100% ▕██████████████████▏ 1.5 KB                         [K
pulling 0ba8f0e314b4: 100% ▕██████████████████▏  12 KB                         [K[?25h[?2026l[?2026h[?25l[A[A[A[1Gpulling manifest [K
pulling 667b0c1932bc: 100% ▕██████████████████▏ 4.9 GB                         [K
pulling 948af2743fc7: 100% ▕██████████████████▏ 1.5 KB                         [K
pulling 0ba8f0e314b4: 100% ▕██████████████████▏  12 KB                         [K[?25h[?2026l[?2026h[?25l[A[A[A[1Gpulling manifest [K
pulling 667b0c1932bc: 100% ▕██████████████████▏ 4.9 GB                         [K
pulling 948af2743fc7: 100% ▕██████████████████▏ 1.5 KB                         [K
pulling 0ba8f0e314b4: 100% ▕██████████████████▏  12 KB                         [K[?25h[?2026l[?2026h[?25l[A[A[A[1Gpulling manifest [K
pulling 667b0c1932bc: 100% ▕██████████████████▏ 4.9 GB                         [K
pulling 948af2743fc7: 100% ▕██████████████████▏ 1.5 KB                         [K
pulling 0ba8f0e314b4: 100% ▕██████████████████▏  12 KB                         [K[?25h[?2026l[?2026h[?25l[A[A[A[1Gpulling manifest [K
pulling 667b0c1932bc: 100% ▕██████████████████▏ 4.9 GB                         [K
pulling 948af2743fc7: 100% ▕██████████████████▏ 1.5 KB                         [K
pulling 0ba8f0e314b4: 100% ▕██████████████████▏  12 KB                         [K[?25h[?2026l[?2026h[?25l[A[A[A[1Gpulling manifest [K
pulling 667b0c1932bc: 100% ▕██████████████████▏ 4.9 GB                         [K
pulling 948af2743fc7: 100% ▕██████████████████▏ 1.5 KB                         [K
pulling 0ba8f0e314b4: 100% ▕██████████████████▏  12 KB                         [K[?25h[?2026l[?2026h[?25l[A[A[A[1Gpulling manifest [K
pulling 667b0c1932bc: 100% ▕██████████████████▏ 4.9 GB                         [K
pulling 948af2743fc7: 100% ▕██████████████████▏ 1.5 KB                         [K
pulling 0ba8f0e314b4: 100% ▕██████████████████▏  12 KB                         [K[?25h[?2026l[?2026h[?25l[A[A[A[1Gpulling manifest [K
pulling 667b0c1932bc: 100% ▕██████████████████▏ 4.9 GB                         [K
pulling 948af2743fc7: 100% ▕██████████████████▏ 1.5 KB                         [K
pulling 0ba8f0e314b4: 100% ▕██████████████████▏  12 KB                         [K[?25h[?2026l[?2026h[?25l[A[A[A[1Gpulling manifest [K
pulling 667b0c1932bc: 100% ▕██████████████████▏ 4.9 GB                         [K
pulling 948af2743fc7: 100% ▕██████████████████▏ 1.5 KB                         [K
pulling 0ba8f0e314b4: 100% ▕██████████████████▏  12 KB                         [K[?25h[?2026l[?2026h[?25l[A[A[A[1Gpulling manifest [K
pulling 667b0c1932bc: 100% ▕██████████████████▏ 4.9 GB                         [K
pulling 948af2743fc7: 100% ▕██████████████████▏ 1.5 KB                         [K
pulling 0ba8f0e314b4: 100% ▕██████████████████▏  12 KB                         [K[?25h[?2026l[?2026h[?25l[A[A[A[1Gpulling manifest [K
pulling 667b0c1932bc: 100% ▕██████████████████▏ 4.9 GB                         [K
pulling 948af2743fc7: 100% ▕██████████████████▏ 1.5 KB                         [K
pulling 0ba8f0e314b4: 100% ▕██████████████████▏  12 KB                         [K[?25h[?2026l[?2026h[?25l[A[A[A[1Gpulling manifest [K
pulling 667b0c1932bc: 100% ▕██████████████████▏ 4.9 GB                         [K
pulling 948af2743fc7: 100% ▕██████████████████▏ 1.5 KB                         [K
pulling 0ba8f0e314b4: 100% ▕██████████████████▏  12 KB                         [K[?25h[?2026l[?2026h[?25l[A[A[A[1Gpulling manifest [K
pulling 667b0c1932bc: 100% ▕██████████████████▏ 4.9 GB                         [K
pulling 948af2743fc7: 100% ▕██████████████████▏ 1.5 KB                         [K
pulling 0ba8f0e314b4: 100% ▕██████████████████▏  12 KB                         [K
pulling 56bb8bd477a5: 100% ▕██████████████████▏   96 B                         [K[?25h[?2026l[?2026h[?25l[A[A[A[A[1Gpulling manifest [K
pulling 667b0c1932bc: 100% ▕██████████████████▏ 4.9 GB                         [K
pulling 948af2743fc7: 100% ▕██████████████████▏ 1.5 KB                         [K
pulling 0ba8f0e314b4: 100% ▕██████████████████▏  12 KB                         [K
pulling 56bb8bd477a5: 100% ▕██████████████████▏   96 B                         [K[?25h[?2026l[?2026h[?25l[A[A[A[A[1Gpulling manifest [K
pulling 667b0c1932bc: 100% ▕██████████████████▏ 4.9 GB                         [K
pulling 948af2743fc7: 100% ▕██████████████████▏ 1.5 KB                         [K
pulling 0ba8f0e314b4: 100% ▕██████████████████▏  12 KB                         [K
pulling 56bb8bd477a5: 100% ▕██████████████████▏   96 B                         [K[?25h[?2026l[?2026h[?25l[A[A[A[A[1Gpulling manifest [K
pulling 667b0c1932bc: 100% ▕██████████████████▏ 4.9 GB                         [K
pulling 948af2743fc7: 100% ▕██████████████████▏ 1.5 KB                         [K
pulling 0ba8f0e314b4: 100% ▕██████████████████▏  12 KB                         [K
pulling 56bb8bd477a5: 100% ▕██████████████████▏   96 B                         [K[?25h[?2026l[?2026h[?25l[A[A[A[A[1Gpulling manifest [K
pulling 667b0c1932bc: 100% ▕██████████████████▏ 4.9 GB                         [K
pulling 948af2743fc7: 100% ▕██████████████████▏ 1.5 KB                         [K
pulling 0ba8f0e314b4: 100% ▕██████████████████▏  12 KB                         [K
pulling 56bb8bd477a5: 100% ▕██████████████████▏   96 B                         [K[?25h[?2026l[?2026h[?25l[A[A[A[A[1Gpulling manifest [K
pulling 667b0c1932bc: 100% ▕██████████████████▏ 4.9 GB                         [K
pulling 948af2743fc7: 100% ▕██████████████████▏ 1.5 KB                         [K
pulling 0ba8f0e314b4: 100% ▕██████████████████▏  12 KB                         [K
pulling 56bb8bd477a5: 100% ▕██████████████████▏   96 B                         [K[?25h[?2026l[?2026h[?25l[A[A[A[A[1Gpulling manifest [K
pulling 667b0c1932bc: 100% ▕██████████████████▏ 4.9 GB                         [K
pulling 948af2743fc7: 100% ▕██████████████████▏ 1.5 KB                         [K
pulling 0ba8f0e314b4: 100% ▕██████████████████▏  12 KB                         [K
pulling 56bb8bd477a5: 100% ▕██████████████████▏   96 B                         [K[?25h[?2026l[?2026h[?25l[A[A[A[A[1Gpulling manifest [K
pulling 667b0c1932bc: 100% ▕██████████████████▏ 4.9 GB                         [K
pulling 948af2743fc7: 100% ▕██████████████████▏ 1.5 KB                         [K
pulling 0ba8f0e314b4: 100% ▕██████████████████▏  12 KB                         [K
pulling 56bb8bd477a5: 100% ▕██████████████████▏   96 B                         [K[?25h[?2026l[?2026h[?25l[A[A[A[A[1Gpulling manifest [K
pulling 667b0c1932bc: 100% ▕██████████████████▏ 4.9 GB                         [K
pulling 948af2743fc7: 100% ▕██████████████████▏ 1.5 KB                         [K
pulling 0ba8f0e314b4: 100% ▕██████████████████▏  12 KB                         [K
pulling 56bb8bd477a5: 100% ▕██████████████████▏   96 B                         [K[?25h[?2026l[?2026h[?25l[A[A[A[A[1Gpulling manifest [K
pulling 667b0c1932bc: 100% ▕██████████████████▏ 4.9 GB                         [K
pulling 948af2743fc7: 100% ▕██████████████████▏ 1.5 KB                         [K
pulling 0ba8f0e314b4: 100% ▕██████████████████▏  12 KB                         [K
pulling 56bb8bd477a5: 100% ▕██████████████████▏   96 B                         [K[?25h[?2026l[?2026h[?25l[A[A[A[A[1Gpulling manifest [K
pulling 667b0c1932bc: 100% ▕██████████████████▏ 4.9 GB                         [K
pulling 948af2743fc7: 100% ▕██████████████████▏ 1.5 KB                         [K
pulling 0ba8f0e314b4: 100% ▕██████████████████▏  12 KB                         [K
pulling 56bb8bd477a5: 100% ▕██████████████████▏   96 B                         [K[?25h[?2026l[?2026h[?25l[A[A[A[A[1Gpulling manifest [K
pulling 667b0c1932bc: 100% ▕██████████████████▏ 4.9 GB                         [K
pulling 948af2743fc7: 100% ▕██████████████████▏ 1.5 KB                         [K
pulling 0ba8f0e314b4: 100% ▕██████████████████▏  12 KB                         [K
pulling 56bb8bd477a5: 100% ▕██████████████████▏   96 B                         [K[?25h[?2026l[?2026h[?25l[A[A[A[A[1Gpulling manifest [K
pulling 667b0c1932bc: 100% ▕██████████████████▏ 4.9 GB                         [K
pulling 948af2743fc7: 100% ▕██████████████████▏ 1.5 KB                         [K
pulling 0ba8f0e314b4: 100% ▕██████████████████▏  12 KB                         [K
pulling 56bb8bd477a5: 100% ▕██████████████████▏   96 B                         [K[?25h[?2026l[?2026h[?25l[A[A[A[A[1Gpulling manifest [K
pulling 667b0c1932bc: 100% ▕██████████████████▏ 4.9 GB                         [K
pulling 948af2743fc7: 100% ▕██████████████████▏ 1.5 KB                         [K
pulling 0ba8f0e314b4: 100% ▕██████████████████▏  12 KB                         [K
pulling 56bb8bd477a5: 100% ▕██████████████████▏   96 B                         [K[?25h[?2026l[?2026h[?25l[A[A[A[A[1Gpulling manifest [K
pulling 667b0c1932bc: 100% ▕██████████████████▏ 4.9 GB                         [K
pulling 948af2743fc7: 100% ▕██████████████████▏ 1.5 KB                         [K
pulling 0ba8f0e314b4: 100% ▕██████████████████▏  12 KB                         [K
pulling 56bb8bd477a5: 100% ▕██████████████████▏   96 B                         [K
pulling 455f34728c9b: 100% ▕██████████████████▏  487 B                         [K[?25h[?2026l[?2026h[?25l[A[A[A[A[A[1Gpulling manifest [K
pulling 667b0c1932bc: 100% ▕██████████████████▏ 4.9 GB                         [K
pulling 948af2743fc7: 100% ▕██████████████████▏ 1.5 KB                         [K
pulling 0ba8f0e314b4: 100% ▕██████████████████▏  12 KB                         [K
pulling 56bb8bd477a5: 100% ▕██████████████████▏   96 B                         [K
pulling 455f34728c9b: 100% ▕██████████████████▏  487 B                         [K[?25h[?2026l[?2026h[?25l[A[A[A[A[A[1Gpulling manifest [K
pulling 667b0c1932bc: 100% ▕██████████████████▏ 4.9 GB                         [K
pulling 948af2743fc7: 100% ▕██████████████████▏ 1.5 KB                         [K
pulling 0ba8f0e314b4: 100% ▕██████████████████▏  12 KB                         [K
pulling 56bb8bd477a5: 100% ▕██████████████████▏   96 B                         [K
pulling 455f34728c9b: 100% ▕██████████████████▏  487 B                         [K[?25h[?2026l[?2026h[?25l[A[A[A[A[A[1Gpulling manifest [K
pulling 667b0c1932bc: 100% ▕██████████████████▏ 4.9 GB                         [K
pulling 948af2743fc7: 100% ▕██████████████████▏ 1.5 KB                         [K
pulling 0ba8f0e314b4: 100% ▕██████████████████▏  12 KB                         [K
pulling 56bb8bd477a5: 100% ▕██████████████████▏   96 B                         [K
pulling 455f34728c9b: 100% ▕██████████████████▏  487 B                         [K[?25h[?2026l[?2026h[?25l[A[A[A[A[A[1Gpulling manifest [K
pulling 667b0c1932bc: 100% ▕██████████████████▏ 4.9 GB                         [K
pulling 948af2743fc7: 100% ▕██████████████████▏ 1.5 KB                         [K
pulling 0ba8f0e314b4: 100% ▕██████████████████▏  12 KB                         [K
pulling 56bb8bd477a5: 100% ▕██████████████████▏   96 B                         [K
pulling 455f34728c9b: 100% ▕██████████████████▏  487 B                         [K[?25h[?2026l[?2026h[?25l[A[A[A[A[A[1Gpulling manifest [K
pulling 667b0c1932bc: 100% ▕██████████████████▏ 4.9 GB                         [K
pulling 948af2743fc7: 100% ▕██████████████████▏ 1.5 KB                         [K
pulling 0ba8f0e314b4: 100% ▕██████████████████▏  12 KB                         [K
pulling 56bb8bd477a5: 100% ▕██████████████████▏   96 B                         [K
pulling 455f34728c9b: 100% ▕██████████████████▏  487 B                         [K[?25h[?2026l[?2026h[?25l[A[A[A[A[A[1Gpulling manifest [K
pulling 667b0c1932bc: 100% ▕██████████████████▏ 4.9 GB                         [K
pulling 948af2743fc7: 100% ▕██████████████████▏ 1.5 KB                         [K
pulling 0ba8f0e314b4: 100% ▕██████████████████▏  12 KB                         [K
pulling 56bb8bd477a5: 100% ▕██████████████████▏   96 B                         [K
pulling 455f34728c9b: 100% ▕██████████████████▏  487 B                         [K[?25h[?2026l[?2026h[?25l[A[A[A[A[A[1Gpulling manifest [K
pulling 667b0c1932bc: 100% ▕██████████████████▏ 4.9 GB                         [K
pulling 948af2743fc7: 100% ▕██████████████████▏ 1.5 KB                         [K
pulling 0ba8f0e314b4: 100% ▕██████████████████▏  12 KB                         [K
pulling 56bb8bd477a5: 100% ▕██████████████████▏   96 B                         [K
pulling 455f34728c9b: 100% ▕██████████████████▏  487 B                         [K
verifying sha256 digest ⠋ [K[?25h[?2026l[?2026h[?25l[A[A[A[A[A[A[1Gpulling manifest [K
pulling 667b0c1932bc: 100% ▕██████████████████▏ 4.9 GB                         [K
pulling 948af2743fc7: 100% ▕██████████████████▏ 1.5 KB                         [K
pulling 0ba8f0e314b4: 100% ▕██████████████████▏  12 KB                         [K
pulling 56bb8bd477a5: 100% ▕██████████████████▏   96 B                         [K
pulling 455f34728c9b: 100% ▕██████████████████▏  487 B                         [K
verifying sha256 digest ⠙ [K[?25h[?2026l[?2026h[?25l[A[A[A[A[A[A[1Gpulling manifest [K
pulling 667b0c1932bc: 100% ▕██████████████████▏ 4.9 GB                         [K
pulling 948af2743fc7: 100% ▕██████████████████▏ 1.5 KB                         [K
pulling 0ba8f0e314b4: 100% ▕██████████████████▏  12 KB                         [K
pulling 56bb8bd477a5: 100% ▕██████████████████▏   96 B                         [K
pulling 455f34728c9b: 100% ▕██████████████████▏  487 B                         [K
verifying sha256 digest ⠹ [K[?25h[?2026l[?2026h[?25l[A[A[A[A[A[A[1Gpulling manifest [K
pulling 667b0c1932bc: 100% ▕██████████████████▏ 4.9 GB                         [K
pulling 948af2743fc7: 100% ▕██████████████████▏ 1.5 KB                         [K
pulling 0ba8f0e314b4: 100% ▕██████████████████▏  12 KB                         [K
pulling 56bb8bd477a5: 100% ▕██████████████████▏   96 B                         [K
pulling 455f34728c9b: 100% ▕██████████████████▏  487 B                         [K
verifying sha256 digest ⠸ [K[?25h[?2026l[?2026h[?25l[A[A[A[A[A[A[1Gpulling manifest [K
pulling 667b0c1932bc: 100% ▕██████████████████▏ 4.9 GB                         [K
pulling 948af2743fc7: 100% ▕██████████████████▏ 1.5 KB                         [K
pulling 0ba8f0e314b4: 100% ▕██████████████████▏  12 KB                         [K
pulling 56bb8bd477a5: 100% ▕██████████████████▏   96 B                         [K
pulling 455f34728c9b: 100% ▕██████████████████▏  487 B                         [K
verifying sha256 digest ⠼ [K[?25h[?2026l[?2026h[?25l[A[A[A[A[A[A[1Gpulling manifest [K
pulling 667b0c1932bc: 100% ▕██████████████████▏ 4.9 GB                         [K
pulling 948af2743fc7: 100% ▕██████████████████▏ 1.5 KB                         [K
pulling 0ba8f0e314b4: 100% ▕██████████████████▏  12 KB                         [K
pulling 56bb8bd477a5: 100% ▕██████████████████▏   96 B                         [K
pulling 455f34728c9b: 100% ▕██████████████████▏  487 B                         [K
verifying sha256 digest ⠴ [K[?25h[?2026l[?2026h[?25l[A[A[A[A[A[A[1Gpulling manifest [K
pulling 667b0c1932bc: 100% ▕██████████████████▏ 4.9 GB                         [K
pulling 948af2743fc7: 100% ▕██████████████████▏ 1.5 KB                         [K
pulling 0ba8f0e314b4: 100% ▕██████████████████▏  12 KB                         [K
pulling 56bb8bd477a5: 100% ▕██████████████████▏   96 B                         [K
pulling 455f34728c9b: 100% ▕██████████████████▏  487 B                         [K
verifying sha256 digest ⠦ [K[?25h[?2026l[?2026h[?25l[A[A[A[A[A[A[1Gpulling manifest [K
pulling 667b0c1932bc: 100% ▕██████████████████▏ 4.9 GB                         [K
pulling 948af2743fc7: 100% ▕██████████████████▏ 1.5 KB                         [K
pulling 0ba8f0e314b4: 100% ▕██████████████████▏  12 KB                         [K
pulling 56bb8bd477a5: 100% ▕██████████████████▏   96 B                         [K
pulling 455f34728c9b: 100% ▕██████████████████▏  487 B                         [K
verifying sha256 digest ⠧ [K[?25h[?2026l[?2026h[?25l[A[A[A[A[A[A[1Gpulling manifest [K
pulling 667b0c1932bc: 100% ▕██████████████████▏ 4.9 GB                         [K
pulling 948af2743fc7: 100% ▕██████████████████▏ 1.5 KB                         [K
pulling 0ba8f0e314b4: 100% ▕██████████████████▏  12 KB                         [K
pulling 56bb8bd477a5: 100% ▕██████████████████▏   96 B                         [K
pulling 455f34728c9b: 100% ▕██████████████████▏  487 B                         [K
verifying sha256 digest ⠇ [K[?25h[?2026l[?2026h[?25l[A[A[A[A[A[A[1Gpulling manifest [K
pulling 667b0c1932bc: 100% ▕██████████████████▏ 4.9 GB                         [K
pulling 948af2743fc7: 100% ▕██████████████████▏ 1.5 KB                         [K
pulling 0ba8f0e314b4: 100% ▕██████████████████▏  12 KB                         [K
pulling 56bb8bd477a5: 100% ▕██████████████████▏   96 B                         [K
pulling 455f34728c9b: 100% ▕██████████████████▏  487 B                         [K
verifying sha256 digest ⠏ [K[?25h[?2026l[?2026h[?25l[A[A[A[A[A[A[1Gpulling manifest [K
pulling 667b0c1932bc: 100% ▕██████████████████▏ 4.9 GB                         [K
pulling 948af2743fc7: 100% ▕██████████████████▏ 1.5 KB                         [K
pulling 0ba8f0e314b4: 100% ▕██████████████████▏  12 KB                         [K
pulling 56bb8bd477a5: 100% ▕██████████████████▏   96 B                         [K
pulling 455f34728c9b: 100% ▕██████████████████▏  487 B                         [K
verifying sha256 digest ⠏ [K[?25h[?2026l[?2026h[?25l[A[A[A[A[A[A[1Gpulling manifest [K
pulling 667b0c1932bc: 100% ▕██████████████████▏ 4.9 GB                         [K
pulling 948af2743fc7: 100% ▕██████████████████▏ 1.5 KB                         [K
pulling 0ba8f0e314b4: 100% ▕██████████████████▏  12 KB                         [K
pulling 56bb8bd477a5: 100% ▕██████████████████▏   96 B                         [K
pulling 455f34728c9b: 100% ▕██████████████████▏  487 B                         [K
verifying sha256 digest ⠙ [K[?25h[?2026l[?2026h[?25l[A[A[A[A[A[A[1Gpulling manifest [K
pulling 667b0c1932bc: 100% ▕██████████████████▏ 4.9 GB                         [K
pulling 948af2743fc7: 100% ▕██████████████████▏ 1.5 KB                         [K
pulling 0ba8f0e314b4: 100% ▕██████████████████▏  12 KB                         [K
pulling 56bb8bd477a5: 100% ▕██████████████████▏   96 B                         [K
pulling 455f34728c9b: 100% ▕██████████████████▏  487 B                         [K
verifying sha256 digest ⠹ [K[?25h[?2026l[?2026h[?25l[A[A[A[A[A[A[1Gpulling manifest [K
pulling 667b0c1932bc: 100% ▕██████████████████▏ 4.9 GB                         [K
pulling 948af2743fc7: 100% ▕██████████████████▏ 1.5 KB                         [K
pulling 0ba8f0e314b4: 100% ▕██████████████████▏  12 KB                         [K
pulling 56bb8bd477a5: 100% ▕██████████████████▏   96 B                         [K
pulling 455f34728c9b: 100% ▕██████████████████▏  487 B                         [K
verifying sha256 digest ⠸ [K[?25h[?2026l[?2026h[?25l[A[A[A[A[A[A[1Gpulling manifest [K
pulling 667b0c1932bc: 100% ▕██████████████████▏ 4.9 GB                         [K
pulling 948af2743fc7: 100% ▕██████████████████▏ 1.5 KB                         [K
pulling 0ba8f0e314b4: 100% ▕██████████████████▏  12 KB                         [K
pulling 56bb8bd477a5: 100% ▕██████████████████▏   96 B                         [K
pulling 455f34728c9b: 100% ▕██████████████████▏  487 B                         [K
verifying sha256 digest ⠼ [K[?25h[?2026l[?2026h[?25l[A[A[A[A[A[A[1Gpulling manifest [K
pulling 667b0c1932bc: 100% ▕██████████████████▏ 4.9 GB                         [K
pulling 948af2743fc7: 100% ▕██████████████████▏ 1.5 KB                         [K
pulling 0ba8f0e314b4: 100% ▕██████████████████▏  12 KB                         [K
pulling 56bb8bd477a5: 100% ▕██████████████████▏   96 B                         [K
pulling 455f34728c9b: 100% ▕██████████████████▏  487 B                         [K
verifying sha256 digest ⠴ [K[?25h[?2026l[?2026h[?25l[A[A[A[A[A[A[1Gpulling manifest [K
pulling 667b0c1932bc: 100% ▕██████████████████▏ 4.9 GB                         [K
pulling 948af2743fc7: 100% ▕██████████████████▏ 1.5 KB                         [K
pulling 0ba8f0e314b4: 100% ▕██████████████████▏  12 KB                         [K
pulling 56bb8bd477a5: 100% ▕██████████████████▏   96 B                         [K
pulling 455f34728c9b: 100% ▕██████████████████▏  487 B                         [K
verifying sha256 digest ⠦ [K[?25h[?2026l[?2026h[?25l[A[A[A[A[A[A[1Gpulling manifest [K
pulling 667b0c1932bc: 100% ▕██████████████████▏ 4.9 GB                         [K
pulling 948af2743fc7: 100% ▕██████████████████▏ 1.5 KB                         [K
pulling 0ba8f0e314b4: 100% ▕██████████████████▏  12 KB                         [K
pulling 56bb8bd477a5: 100% ▕██████████████████▏   96 B                         [K
pulling 455f34728c9b: 100% ▕██████████████████▏  487 B                         [K
verifying sha256 digest ⠧ [K[?25h[?2026l[?2026h[?25l[A[A[A[A[A[A[1Gpulling manifest [K
pulling 667b0c1932bc: 100% ▕██████████████████▏ 4.9 GB                         [K
pulling 948af2743fc7: 100% ▕██████████████████▏ 1.5 KB                         [K
pulling 0ba8f0e314b4: 100% ▕██████████████████▏  12 KB                         [K
pulling 56bb8bd477a5: 100% ▕██████████████████▏   96 B                         [K
pulling 455f34728c9b: 100% ▕██████████████████▏  487 B                         [K
verifying sha256 digest ⠇ [K[?25h[?2026l[?2026h[?25l[A[A[A[A[A[A[1Gpulling manifest [K
pulling 667b0c1932bc: 100% ▕██████████████████▏ 4.9 GB                         [K
pulling 948af2743fc7: 100% ▕██████████████████▏ 1.5 KB                         [K
pulling 0ba8f0e314b4: 100% ▕██████████████████▏  12 KB                         [K
pulling 56bb8bd477a5: 100% ▕██████████████████▏   96 B                         [K
pulling 455f34728c9b: 100% ▕██████████████████▏  487 B                         [K
verifying sha256 digest ⠏ [K[?25h[?2026l[?2026h[?25l[A[A[A[A[A[A[1Gpulling manifest [K
pulling 667b0c1932bc: 100% ▕██████████████████▏ 4.9 GB                         [K
pulling 948af2743fc7: 100% ▕██████████████████▏ 1.5 KB                         [K
pulling 0ba8f0e314b4: 100% ▕██████████████████▏  12 KB                         [K
pulling 56bb8bd477a5: 100% ▕██████████████████▏   96 B                         [K
pulling 455f34728c9b: 100% ▕██████████████████▏  487 B                         [K
verifying sha256 digest ⠋ [K[?25h[?2026l[?2026h[?25l[A[A[A[A[A[A[1Gpulling manifest [K
pulling 667b0c1932bc: 100% ▕██████████████████▏ 4.9 GB                         [K
pulling 948af2743fc7: 100% ▕██████████████████▏ 1.5 KB                         [K
pulling 0ba8f0e314b4: 100% ▕██████████████████▏  12 KB                         [K
pulling 56bb8bd477a5: 100% ▕██████████████████▏   96 B                         [K
pulling 455f34728c9b: 100% ▕██████████████████▏  487 B                         [K
verifying sha256 digest ⠋ [K[?25h[?2026l[?2026h[?25l[A[A[A[A[A[A[1Gpulling manifest [K
pulling 667b0c1932bc: 100% ▕██████████████████▏ 4.9 GB                         [K
pulling 948af2743fc7: 100% ▕██████████████████▏ 1.5 KB                         [K
pulling 0ba8f0e314b4: 100% ▕██████████████████▏  12 KB                         [K
pulling 56bb8bd477a5: 100% ▕██████████████████▏   96 B                         [K
pulling 455f34728c9b: 100% ▕██████████████████▏  487 B                         [K
verifying sha256 digest ⠹ [K[?25h[?2026l[?2026h[?25l[A[A[A[A[A[A[1Gpulling manifest [K
pulling 667b0c1932bc: 100% ▕██████████████████▏ 4.9 GB                         [K
pulling 948af2743fc7: 100% ▕██████████████████▏ 1.5 KB                         [K
pulling 0ba8f0e314b4: 100% ▕██████████████████▏  12 KB                         [K
pulling 56bb8bd477a5: 100% ▕██████████████████▏   96 B                         [K
pulling 455f34728c9b: 100% ▕██████████████████▏  487 B                         [K
verifying sha256 digest ⠸ [K[?25h[?2026l[?2026h[?25l[A[A[A[A[A[A[1Gpulling manifest [K
pulling 667b0c1932bc: 100% ▕██████████████████▏ 4.9 GB                         [K
pulling 948af2743fc7: 100% ▕██████████████████▏ 1.5 KB                         [K
pulling 0ba8f0e314b4: 100% ▕██████████████████▏  12 KB                         [K
pulling 56bb8bd477a5: 100% ▕██████████████████▏   96 B                         [K
pulling 455f34728c9b: 100% ▕██████████████████▏  487 B                         [K
verifying sha256 digest ⠼ [K[?25h[?2026l[?2026h[?25l[A[A[A[A[A[A[1Gpulling manifest [K
pulling 667b0c1932bc: 100% ▕██████████████████▏ 4.9 GB                         [K
pulling 948af2743fc7: 100% ▕██████████████████▏ 1.5 KB                         [K
pulling 0ba8f0e314b4: 100% ▕██████████████████▏  12 KB                         [K
pulling 56bb8bd477a5: 100% ▕██████████████████▏   96 B                         [K
pulling 455f34728c9b: 100% ▕██████████████████▏  487 B                         [K
verifying sha256 digest ⠴ [K[?25h[?2026l[?2026h[?25l[A[A[A[A[A[A[1Gpulling manifest [K
pulling 667b0c1932bc: 100% ▕██████████████████▏ 4.9 GB                         [K
pulling 948af2743fc7: 100% ▕██████████████████▏ 1.5 KB                         [K
pulling 0ba8f0e314b4: 100% ▕██████████████████▏  12 KB                         [K
pulling 56bb8bd477a5: 100% ▕██████████████████▏   96 B                         [K
pulling 455f34728c9b: 100% ▕██████████████████▏  487 B                         [K
verifying sha256 digest ⠦ [K[?25h[?2026l[?2026h[?25l[A[A[A[A[A[A[1Gpulling manifest [K
pulling 667b0c1932bc: 100% ▕██████████████████▏ 4.9 GB                         [K
pulling 948af2743fc7: 100% ▕██████████████████▏ 1.5 KB                         [K
pulling 0ba8f0e314b4: 100% ▕██████████████████▏  12 KB                         [K
pulling 56bb8bd477a5: 100% ▕██████████████████▏   96 B                         [K
pulling 455f34728c9b: 100% ▕██████████████████▏  487 B                         [K
verifying sha256 digest ⠧ [K[?25h[?2026l[?2026h[?25l[A[A[A[A[A[A[1Gpulling manifest [K
pulling 667b0c1932bc: 100% ▕██████████████████▏ 4.9 GB                         [K
pulling 948af2743fc7: 100% ▕██████████████████▏ 1.5 KB                         [K
pulling 0ba8f0e314b4: 100% ▕██████████████████▏  12 KB                         [K
pulling 56bb8bd477a5: 100% ▕██████████████████▏   96 B                         [K
pulling 455f34728c9b: 100% ▕██████████████████▏  487 B                         [K
verifying sha256 digest ⠇ [K[?25h[?2026l[?2026h[?25l[A[A[A[A[A[A[1Gpulling manifest [K
pulling 667b0c1932bc: 100% ▕██████████████████▏ 4.9 GB                         [K
pulling 948af2743fc7: 100% ▕██████████████████▏ 1.5 KB                         [K
pulling 0ba8f0e314b4: 100% ▕██████████████████▏  12 KB                         [K
pulling 56bb8bd477a5: 100% ▕██████████████████▏   96 B                         [K
pulling 455f34728c9b: 100% ▕██████████████████▏  487 B                         [K
verifying sha256 digest ⠏ [K[?25h[?2026l[?2026h[?25l[A[A[A[A[A[A[1Gpulling manifest [K
pulling 667b0c1932bc: 100% ▕██████████████████▏ 4.9 GB                         [K
pulling 948af2743fc7: 100% ▕██████████████████▏ 1.5 KB                         [K
pulling 0ba8f0e314b4: 100% ▕██████████████████▏  12 KB                         [K
pulling 56bb8bd477a5: 100% ▕██████████████████▏   96 B                         [K
pulling 455f34728c9b: 100% ▕██████████████████▏  487 B                         [K
verifying sha256 digest ⠋ [K[?25h[?2026l[?2026h[?25l[A[A[A[A[A[A[1Gpulling manifest [K
pulling 667b0c1932bc: 100% ▕██████████████████▏ 4.9 GB                         [K
pulling 948af2743fc7: 100% ▕██████████████████▏ 1.5 KB                         [K
pulling 0ba8f0e314b4: 100% ▕██████████████████▏  12 KB                         [K
pulling 56bb8bd477a5: 100% ▕██████████████████▏   96 B                         [K
pulling 455f34728c9b: 100% ▕██████████████████▏  487 B                         [K
verifying sha256 digest ⠙ [K[?25h[?2026l[?2026h[?25l[A[A[A[A[A[A[1Gpulling manifest [K
pulling 667b0c1932bc: 100% ▕██████████████████▏ 4.9 GB                         [K
pulling 948af2743fc7: 100% ▕██████████████████▏ 1.5 KB                         [K
pulling 0ba8f0e314b4: 100% ▕██████████████████▏  12 KB                         [K
pulling 56bb8bd477a5: 100% ▕██████████████████▏   96 B                         [K
pulling 455f34728c9b: 100% ▕██████████████████▏  487 B                         [K
verifying sha256 digest ⠹ [K[?25h[?2026l[?2026h[?25l[A[A[A[A[A[A[1Gpulling manifest [K
pulling 667b0c1932bc: 100% ▕██████████████████▏ 4.9 GB                         [K
pulling 948af2743fc7: 100% ▕██████████████████▏ 1.5 KB                         [K
pulling 0ba8f0e314b4: 100% ▕██████████████████▏  12 KB                         [K
pulling 56bb8bd477a5: 100% ▕██████████████████▏   96 B                         [K
pulling 455f34728c9b: 100% ▕██████████████████▏  487 B                         [K
verifying sha256 digest ⠸ [K[?25h[?2026l[?2026h[?25l[A[A[A[A[A[A[1Gpulling manifest [K
pulling 667b0c1932bc: 100% ▕██████████████████▏ 4.9 GB                         [K
pulling 948af2743fc7: 100% ▕██████████████████▏ 1.5 KB                         [K
pulling 0ba8f0e314b4: 100% ▕██████████████████▏  12 KB                         [K
pulling 56bb8bd477a5: 100% ▕██████████████████▏   96 B                         [K
pulling 455f34728c9b: 100% ▕██████████████████▏  487 B                         [K
verifying sha256 digest ⠼ [K[?25h[?2026l[?2026h[?25l[A[A[A[A[A[A[1Gpulling manifest [K
pulling 667b0c1932bc: 100% ▕██████████████████▏ 4.9 GB                         [K
pulling 948af2743fc7: 100% ▕██████████████████▏ 1.5 KB                         [K
pulling 0ba8f0e314b4: 100% ▕██████████████████▏  12 KB                         [K
pulling 56bb8bd477a5: 100% ▕██████████████████▏   96 B                         [K
pulling 455f34728c9b: 100% ▕██████████████████▏  487 B                         [K
verifying sha256 digest ⠴ [K[?25h[?2026l[?2026h[?25l[A[A[A[A[A[A[1Gpulling manifest [K
pulling 667b0c1932bc: 100% ▕██████████████████▏ 4.9 GB                         [K
pulling 948af2743fc7: 100% ▕██████████████████▏ 1.5 KB                         [K
pulling 0ba8f0e314b4: 100% ▕██████████████████▏  12 KB                         [K
pulling 56bb8bd477a5: 100% ▕██████████████████▏   96 B                         [K
pulling 455f34728c9b: 100% ▕██████████████████▏  487 B                         [K
verifying sha256 digest ⠦ [K[?25h[?2026l[?2026h[?25l[A[A[A[A[A[A[1Gpulling manifest [K
pulling 667b0c1932bc: 100% ▕██████████████████▏ 4.9 GB                         [K
pulling 948af2743fc7: 100% ▕██████████████████▏ 1.5 KB                         [K
pulling 0ba8f0e314b4: 100% ▕██████████████████▏  12 KB                         [K
pulling 56bb8bd477a5: 100% ▕██████████████████▏   96 B                         [K
pulling 455f34728c9b: 100% ▕██████████████████▏  487 B                         [K
verifying sha256 digest ⠧ [K[?25h[?2026l[?2026h[?25l[A[A[A[A[A[A[1Gpulling manifest [K
pulling 667b0c1932bc: 100% ▕██████████████████▏ 4.9 GB                         [K
pulling 948af2743fc7: 100% ▕██████████████████▏ 1.5 KB                         [K
pulling 0ba8f0e314b4: 100% ▕██████████████████▏  12 KB                         [K
pulling 56bb8bd477a5: 100% ▕██████████████████▏   96 B                         [K
pulling 455f34728c9b: 100% ▕██████████████████▏  487 B                         [K
verifying sha256 digest ⠇ [K[?25h[?2026l[?2026h[?25l[A[A[A[A[A[A[1Gpulling manifest [K
pulling 667b0c1932bc: 100% ▕██████████████████▏ 4.9 GB                         [K
pulling 948af2743fc7: 100% ▕██████████████████▏ 1.5 KB                         [K
pulling 0ba8f0e314b4: 100% ▕██████████████████▏  12 KB                         [K
pulling 56bb8bd477a5: 100% ▕██████████████████▏   96 B                         [K
pulling 455f34728c9b: 100% ▕██████████████████▏  487 B                         [K
verifying sha256 digest ⠏ [K[?25h[?2026l[?2026h[?25l[A[A[A[A[A[A[1Gpulling manifest [K
pulling 667b0c1932bc: 100% ▕██████████████████▏ 4.9 GB                         [K
pulling 948af2743fc7: 100% ▕██████████████████▏ 1.5 KB                         [K
pulling 0ba8f0e314b4: 100% ▕██████████████████▏  12 KB                         [K
pulling 56bb8bd477a5: 100% ▕██████████████████▏   96 B                         [K
pulling 455f34728c9b: 100% ▕██████████████████▏  487 B                         [K
verifying sha256 digest ⠋ [K[?25h[?2026l[?2026h[?25l[A[A[A[A[A[A[1Gpulling manifest [K
pulling 667b0c1932bc: 100% ▕██████████████████▏ 4.9 GB                         [K
pulling 948af2743fc7: 100% ▕██████████████████▏ 1.5 KB                         [K
pulling 0ba8f0e314b4: 100% ▕██████████████████▏  12 KB                         [K
pulling 56bb8bd477a5: 100% ▕██████████████████▏   96 B                         [K
pulling 455f34728c9b: 100% ▕██████████████████▏  487 B                         [K
verifying sha256 digest ⠙ [K[?25h[?2026l[?2026h[?25l[A[A[A[A[A[A[1Gpulling manifest [K
pulling 667b0c1932bc: 100% ▕██████████████████▏ 4.9 GB                         [K
pulling 948af2743fc7: 100% ▕██████████████████▏ 1.5 KB                         [K
pulling 0ba8f0e314b4: 100% ▕██████████████████▏  12 KB                         [K
pulling 56bb8bd477a5: 100% ▕██████████████████▏   96 B                         [K
pulling 455f34728c9b: 100% ▕██████████████████▏  487 B                         [K
verifying sha256 digest ⠹ [K[?25h[?2026l[?2026h[?25l[A[A[A[A[A[A[1Gpulling manifest [K
pulling 667b0c1932bc: 100% ▕██████████████████▏ 4.9 GB                         [K
pulling 948af2743fc7: 100% ▕██████████████████▏ 1.5 KB                         [K
pulling 0ba8f0e314b4: 100% ▕██████████████████▏  12 KB                         [K
pulling 56bb8bd477a5: 100% ▕██████████████████▏   96 B                         [K
pulling 455f34728c9b: 100% ▕██████████████████▏  487 B                         [K
verifying sha256 digest ⠸ [K[?25h[?2026l[?2026h[?25l[A[A[A[A[A[A[1Gpulling manifest [K
pulling 667b0c1932bc: 100% ▕██████████████████▏ 4.9 GB                         [K
pulling 948af2743fc7: 100% ▕██████████████████▏ 1.5 KB                         [K
pulling 0ba8f0e314b4: 100% ▕██████████████████▏  12 KB                         [K
pulling 56bb8bd477a5: 100% ▕██████████████████▏   96 B                         [K
pulling 455f34728c9b: 100% ▕██████████████████▏  487 B                         [K
verifying sha256 digest ⠼ [K[?25h[?2026l[?2026h[?25l[A[A[A[A[A[A[1Gpulling manifest [K
pulling 667b0c1932bc: 100% ▕██████████████████▏ 4.9 GB                         [K
pulling 948af2743fc7: 100% ▕██████████████████▏ 1.5 KB                         [K
pulling 0ba8f0e314b4: 100% ▕██████████████████▏  12 KB                         [K
pulling 56bb8bd477a5: 100% ▕██████████████████▏   96 B                         [K
pulling 455f34728c9b: 100% ▕██████████████████▏  487 B                         [K
verifying sha256 digest ⠼ [K[?25h[?2026l[?2026h[?25l[A[A[A[A[A[A[1Gpulling manifest [K
pulling 667b0c1932bc: 100% ▕██████████████████▏ 4.9 GB                         [K
pulling 948af2743fc7: 100% ▕██████████████████▏ 1.5 KB                         [K
pulling 0ba8f0e314b4: 100% ▕██████████████████▏  12 KB                         [K
pulling 56bb8bd477a5: 100% ▕██████████████████▏   96 B                         [K
pulling 455f34728c9b: 100% ▕██████████████████▏  487 B                         [K
verifying sha256 digest ⠦ [K[?25h[?2026l[?2026h[?25l[A[A[A[A[A[A[1Gpulling manifest [K
pulling 667b0c1932bc: 100% ▕██████████████████▏ 4.9 GB                         [K
pulling 948af2743fc7: 100% ▕██████████████████▏ 1.5 KB                         [K
pulling 0ba8f0e314b4: 100% ▕██████████████████▏  12 KB                         [K
pulling 56bb8bd477a5: 100% ▕██████████████████▏   96 B                         [K
pulling 455f34728c9b: 100% ▕██████████████████▏  487 B                         [K
verifying sha256 digest ⠧ [K[?25h[?2026l[?2026h[?25l[A[A[A[A[A[A[1Gpulling manifest [K
pulling 667b0c1932bc: 100% ▕██████████████████▏ 4.9 GB                         [K
pulling 948af2743fc7: 100% ▕██████████████████▏ 1.5 KB                         [K
pulling 0ba8f0e314b4: 100% ▕██████████████████▏  12 KB                         [K
pulling 56bb8bd477a5: 100% ▕██████████████████▏   96 B                         [K
pulling 455f34728c9b: 100% ▕██████████████████▏  487 B                         [K
verifying sha256 digest ⠇ [K[?25h[?2026l[?2026h[?25l[A[A[A[A[A[A[1Gpulling manifest [K
pulling 667b0c1932bc: 100% ▕██████████████████▏ 4.9 GB                         [K
pulling 948af2743fc7: 100% ▕██████████████████▏ 1.5 KB                         [K
pulling 0ba8f0e314b4: 100% ▕██████████████████▏  12 KB                         [K
pulling 56bb8bd477a5: 100% ▕██████████████████▏   96 B                         [K
pulling 455f34728c9b: 100% ▕██████████████████▏  487 B                         [K
verifying sha256 digest ⠏ [K[?25h[?2026l[?2026h[?25l[A[A[A[A[A[A[1Gpulling manifest [K
pulling 667b0c1932bc: 100% ▕██████████████████▏ 4.9 GB                         [K
pulling 948af2743fc7: 100% ▕██████████████████▏ 1.5 KB                         [K
pulling 0ba8f0e314b4: 100% ▕██████████████████▏  12 KB                         [K
pulling 56bb8bd477a5: 100% ▕██████████████████▏   96 B                         [K
pulling 455f34728c9b: 100% ▕██████████████████▏  487 B                         [K
verifying sha256 digest ⠋ [K[?25h[?2026l[?2026h[?25l[A[A[A[A[A[A[1Gpulling manifest [K
pulling 667b0c1932bc: 100% ▕██████████████████▏ 4.9 GB                         [K
pulling 948af2743fc7: 100% ▕██████████████████▏ 1.5 KB                         [K
pulling 0ba8f0e314b4: 100% ▕██████████████████▏  12 KB                         [K
pulling 56bb8bd477a5: 100% ▕██████████████████▏   96 B                         [K
pulling 455f34728c9b: 100% ▕██████████████████▏  487 B                         [K
verifying sha256 digest ⠙ [K[?25h[?2026l[?2026h[?25l[A[A[A[A[A[A[1Gpulling manifest [K
pulling 667b0c1932bc: 100% ▕██████████████████▏ 4.9 GB                         [K
pulling 948af2743fc7: 100% ▕██████████████████▏ 1.5 KB                         [K
pulling 0ba8f0e314b4: 100% ▕██████████████████▏  12 KB                         [K
pulling 56bb8bd477a5: 100% ▕██████████████████▏   96 B                         [K
pulling 455f34728c9b: 100% ▕██████████████████▏  487 B                         [K
verifying sha256 digest ⠹ [K[?25h[?2026l[?2026h[?25l[A[A[A[A[A[A[1Gpulling manifest [K
pulling 667b0c1932bc: 100% ▕██████████████████▏ 4.9 GB                         [K
pulling 948af2743fc7: 100% ▕██████████████████▏ 1.5 KB                         [K
pulling 0ba8f0e314b4: 100% ▕██████████████████▏  12 KB                         [K
pulling 56bb8bd477a5: 100% ▕██████████████████▏   96 B                         [K
pulling 455f34728c9b: 100% ▕██████████████████▏  487 B                         [K
verifying sha256 digest ⠹ [K[?25h[?2026l[?2026h[?25l[A[A[A[A[A[A[1Gpulling manifest [K
pulling 667b0c1932bc: 100% ▕██████████████████▏ 4.9 GB                         [K
pulling 948af2743fc7: 100% ▕██████████████████▏ 1.5 KB                         [K
pulling 0ba8f0e314b4: 100% ▕██████████████████▏  12 KB                         [K
pulling 56bb8bd477a5: 100% ▕██████████████████▏   96 B                         [K
pulling 455f34728c9b: 100% ▕██████████████████▏  487 B                         [K
verifying sha256 digest ⠼ [K[?25h[?2026l[?2026h[?25l[A[A[A[A[A[A[1Gpulling manifest [K
pulling 667b0c1932bc: 100% ▕██████████████████▏ 4.9 GB                         [K
pulling 948af2743fc7: 100% ▕██████████████████▏ 1.5 KB                         [K
pulling 0ba8f0e314b4: 100% ▕██████████████████▏  12 KB                         [K
pulling 56bb8bd477a5: 100% ▕██████████████████▏   96 B                         [K
pulling 455f34728c9b: 100% ▕██████████████████▏  487 B                         [K
verifying sha256 digest ⠴ [K[?25h[?2026l[?2026h[?25l[A[A[A[A[A[A[1Gpulling manifest [K
pulling 667b0c1932bc: 100% ▕██████████████████▏ 4.9 GB                         [K
pulling 948af2743fc7: 100% ▕██████████████████▏ 1.5 KB                         [K
pulling 0ba8f0e314b4: 100% ▕██████████████████▏  12 KB                         [K
pulling 56bb8bd477a5: 100% ▕██████████████████▏   96 B                         [K
pulling 455f34728c9b: 100% ▕██████████████████▏  487 B                         [K
verifying sha256 digest ⠦ [K[?25h[?2026l[?2026h[?25l[A[A[A[A[A[A[1Gpulling manifest [K
pulling 667b0c1932bc: 100% ▕██████████████████▏ 4.9 GB                         [K
pulling 948af2743fc7: 100% ▕██████████████████▏ 1.5 KB                         [K
pulling 0ba8f0e314b4: 100% ▕██████████████████▏  12 KB                         [K
pulling 56bb8bd477a5: 100% ▕██████████████████▏   96 B                         [K
pulling 455f34728c9b: 100% ▕██████████████████▏  487 B                         [K
verifying sha256 digest ⠦ [K[?25h[?2026l[?2026h[?25l[A[A[A[A[A[A[1Gpulling manifest [K
pulling 667b0c1932bc: 100% ▕██████████████████▏ 4.9 GB                         [K
pulling 948af2743fc7: 100% ▕██████████████████▏ 1.5 KB                         [K
pulling 0ba8f0e314b4: 100% ▕██████████████████▏  12 KB                         [K
pulling 56bb8bd477a5: 100% ▕██████████████████▏   96 B                         [K
pulling 455f34728c9b: 100% ▕██████████████████▏  487 B                         [K
verifying sha256 digest ⠇ [K[?25h[?2026l[?2026h[?25l[A[A[A[A[A[A[1Gpulling manifest [K
pulling 667b0c1932bc: 100% ▕██████████████████▏ 4.9 GB                         [K
pulling 948af2743fc7: 100% ▕██████████████████▏ 1.5 KB                         [K
pulling 0ba8f0e314b4: 100% ▕██████████████████▏  12 KB                         [K
pulling 56bb8bd477a5: 100% ▕██████████████████▏   96 B                         [K
pulling 455f34728c9b: 100% ▕██████████████████▏  487 B                         [K
verifying sha256 digest ⠏ [K[?25h[?2026l[?2026h[?25l[A[A[A[A[A[A[1Gpulling manifest [K
pulling 667b0c1932bc: 100% ▕██████████████████▏ 4.9 GB                         [K
pulling 948af2743fc7: 100% ▕██████████████████▏ 1.5 KB                         [K
pulling 0ba8f0e314b4: 100% ▕██████████████████▏  12 KB                         [K
pulling 56bb8bd477a5: 100% ▕██████████████████▏   96 B                         [K
pulling 455f34728c9b: 100% ▕██████████████████▏  487 B                         [K
verifying sha256 digest ⠏ [K[?25h[?2026l[?2026h[?25l[A[A[A[A[A[A[1Gpulling manifest [K
pulling 667b0c1932bc: 100% ▕██████████████████▏ 4.9 GB                         [K
pulling 948af2743fc7: 100% ▕██████████████████▏ 1.5 KB                         [K
pulling 0ba8f0e314b4: 100% ▕██████████████████▏  12 KB                         [K
pulling 56bb8bd477a5: 100% ▕██████████████████▏   96 B                         [K
pulling 455f34728c9b: 100% ▕██████████████████▏  487 B                         [K
verifying sha256 digest ⠙ [K[?25h[?2026l[?2026h[?25l[A[A[A[A[A[A[1Gpulling manifest [K
pulling 667b0c1932bc: 100% ▕██████████████████▏ 4.9 GB                         [K
pulling 948af2743fc7: 100% ▕██████████████████▏ 1.5 KB                         [K
pulling 0ba8f0e314b4: 100% ▕██████████████████▏  12 KB                         [K
pulling 56bb8bd477a5: 100% ▕██████████████████▏   96 B                         [K
pulling 455f34728c9b: 100% ▕██████████████████▏  487 B                         [K
verifying sha256 digest ⠹ [K[?25h[?2026l[?2026h[?25l[A[A[A[A[A[A[1Gpulling manifest [K
pulling 667b0c1932bc: 100% ▕██████████████████▏ 4.9 GB                         [K
pulling 948af2743fc7: 100% ▕██████████████████▏ 1.5 KB                         [K
pulling 0ba8f0e314b4: 100% ▕██████████████████▏  12 KB                         [K
pulling 56bb8bd477a5: 100% ▕██████████████████▏   96 B                         [K
pulling 455f34728c9b: 100% ▕██████████████████▏  487 B                         [K
verifying sha256 digest ⠸ [K[?25h[?2026l[?2026h[?25l[A[A[A[A[A[A[1Gpulling manifest [K
pulling 667b0c1932bc: 100% ▕██████████████████▏ 4.9 GB                         [K
pulling 948af2743fc7: 100% ▕██████████████████▏ 1.5 KB                         [K
pulling 0ba8f0e314b4: 100% ▕██████████████████▏  12 KB                         [K
pulling 56bb8bd477a5: 100% ▕██████████████████▏   96 B                         [K
pulling 455f34728c9b: 100% ▕██████████████████▏  487 B                         [K
verifying sha256 digest ⠼ [K[?25h[?2026l[?2026h[?25l[A[A[A[A[A[A[1Gpulling manifest [K
pulling 667b0c1932bc: 100% ▕██████████████████▏ 4.9 GB                         [K
pulling 948af2743fc7: 100% ▕██████████████████▏ 1.5 KB                         [K
pulling 0ba8f0e314b4: 100% ▕██████████████████▏  12 KB                         [K
pulling 56bb8bd477a5: 100% ▕██████████████████▏   96 B                         [K
pulling 455f34728c9b: 100% ▕██████████████████▏  487 B                         [K
verifying sha256 digest ⠴ [K[?25h[?2026l[?2026h[?25l[A[A[A[A[A[A[1Gpulling manifest [K
pulling 667b0c1932bc: 100% ▕██████████████████▏ 4.9 GB                         [K
pulling 948af2743fc7: 100% ▕██████████████████▏ 1.5 KB                         [K
pulling 0ba8f0e314b4: 100% ▕██████████████████▏  12 KB                         [K
pulling 56bb8bd477a5: 100% ▕██████████████████▏   96 B                         [K
pulling 455f34728c9b: 100% ▕██████████████████▏  487 B                         [K
verifying sha256 digest ⠦ [K[?25h[?2026l[?2026h[?25l[A[A[A[A[A[A[1Gpulling manifest [K
pulling 667b0c1932bc: 100% ▕██████████████████▏ 4.9 GB                         [K
pulling 948af2743fc7: 100% ▕██████████████████▏ 1.5 KB                         [K
pulling 0ba8f0e314b4: 100% ▕██████████████████▏  12 KB                         [K
pulling 56bb8bd477a5: 100% ▕██████████████████▏   96 B                         [K
pulling 455f34728c9b: 100% ▕██████████████████▏  487 B                         [K
verifying sha256 digest ⠧ [K[?25h[?2026l[?2026h[?25l[A[A[A[A[A[A[1Gpulling manifest [K
pulling 667b0c1932bc: 100% ▕██████████████████▏ 4.9 GB                         [K
pulling 948af2743fc7: 100% ▕██████████████████▏ 1.5 KB                         [K
pulling 0ba8f0e314b4: 100% ▕██████████████████▏  12 KB                         [K
pulling 56bb8bd477a5: 100% ▕██████████████████▏   96 B                         [K
pulling 455f34728c9b: 100% ▕██████████████████▏  487 B                         [K
verifying sha256 digest ⠧ [K[?25h[?2026l[?2026h[?25l[A[A[A[A[A[A[1Gpulling manifest [K
pulling 667b0c1932bc: 100% ▕██████████████████▏ 4.9 GB                         [K
pulling 948af2743fc7: 100% ▕██████████████████▏ 1.5 KB                         [K
pulling 0ba8f0e314b4: 100% ▕██████████████████▏  12 KB                         [K
pulling 56bb8bd477a5: 100% ▕██████████████████▏   96 B                         [K
pulling 455f34728c9b: 100% ▕██████████████████▏  487 B                         [K
verifying sha256 digest ⠇ [K[?25h[?2026l[?2026h[?25l[A[A[A[A[A[A[1Gpulling manifest [K
pulling 667b0c1932bc: 100% ▕██████████████████▏ 4.9 GB                         [K
pulling 948af2743fc7: 100% ▕██████████████████▏ 1.5 KB                         [K
pulling 0ba8f0e314b4: 100% ▕██████████████████▏  12 KB                         [K
pulling 56bb8bd477a5: 100% ▕██████████████████▏   96 B                         [K
pulling 455f34728c9b: 100% ▕██████████████████▏  487 B                         [K
verifying sha256 digest ⠋ [K[?25h[?2026l[?2026h[?25l[A[A[A[A[A[A[1Gpulling manifest [K
pulling 667b0c1932bc: 100% ▕██████████████████▏ 4.9 GB                         [K
pulling 948af2743fc7: 100% ▕██████████████████▏ 1.5 KB                         [K
pulling 0ba8f0e314b4: 100% ▕██████████████████▏  12 KB                         [K
pulling 56bb8bd477a5: 100% ▕██████████████████▏   96 B                         [K
pulling 455f34728c9b: 100% ▕██████████████████▏  487 B                         [K
verifying sha256 digest ⠙ [K[?25h[?2026l[?2026h[?25l[A[A[A[A[A[A[1Gpulling manifest [K
pulling 667b0c1932bc: 100% ▕██████████████████▏ 4.9 GB                         [K
pulling 948af2743fc7: 100% ▕██████████████████▏ 1.5 KB                         [K
pulling 0ba8f0e314b4: 100% ▕██████████████████▏  12 KB                         [K
pulling 56bb8bd477a5: 100% ▕██████████████████▏   96 B                         [K
pulling 455f34728c9b: 100% ▕██████████████████▏  487 B                         [K
verifying sha256 digest ⠹ [K[?25h[?2026l[?2026h[?25l[A[A[A[A[A[A[1Gpulling manifest [K
pulling 667b0c1932bc: 100% ▕██████████████████▏ 4.9 GB                         [K
pulling 948af2743fc7: 100% ▕██████████████████▏ 1.5 KB                         [K
pulling 0ba8f0e314b4: 100% ▕██████████████████▏  12 KB                         [K
pulling 56bb8bd477a5: 100% ▕██████████████████▏   96 B                         [K
pulling 455f34728c9b: 100% ▕██████████████████▏  487 B                         [K
verifying sha256 digest ⠸ [K[?25h[?2026l[?2026h[?25l[A[A[A[A[A[A[1Gpulling manifest [K
pulling 667b0c1932bc: 100% ▕██████████████████▏ 4.9 GB                         [K
pulling 948af2743fc7: 100% ▕██████████████████▏ 1.5 KB                         [K
pulling 0ba8f0e314b4: 100% ▕██████████████████▏  12 KB                         [K
pulling 56bb8bd477a5: 100% ▕██████████████████▏   96 B                         [K
pulling 455f34728c9b: 100% ▕██████████████████▏  487 B                         [K
verifying sha256 digest ⠼ [K[?25h[?2026l[?2026h[?25l[A[A[A[A[A[A[1Gpulling manifest [K
pulling 667b0c1932bc: 100% ▕██████████████████▏ 4.9 GB                         [K
pulling 948af2743fc7: 100% ▕██████████████████▏ 1.5 KB                         [K
pulling 0ba8f0e314b4: 100% ▕██████████████████▏  12 KB                         [K
pulling 56bb8bd477a5: 100% ▕██████████████████▏   96 B                         [K
pulling 455f34728c9b: 100% ▕██████████████████▏  487 B                         [K
verifying sha256 digest ⠴ [K[?25h[?2026l[?2026h[?25l[A[A[A[A[A[A[1Gpulling manifest [K
pulling 667b0c1932bc: 100% ▕██████████████████▏ 4.9 GB                         [K
pulling 948af2743fc7: 100% ▕██████████████████▏ 1.5 KB                         [K
pulling 0ba8f0e314b4: 100% ▕██████████████████▏  12 KB                         [K
pulling 56bb8bd477a5: 100% ▕██████████████████▏   96 B                         [K
pulling 455f34728c9b: 100% ▕██████████████████▏  487 B                         [K
verifying sha256 digest ⠦ [K[?25h[?2026l[?2026h[?25l[A[A[A[A[A[A[1Gpulling manifest [K
pulling 667b0c1932bc: 100% ▕██████████████████▏ 4.9 GB                         [K
pulling 948af2743fc7: 100% ▕██████████████████▏ 1.5 KB                         [K
pulling 0ba8f0e314b4: 100% ▕██████████████████▏  12 KB                         [K
pulling 56bb8bd477a5: 100% ▕██████████████████▏   96 B                         [K
pulling 455f34728c9b: 100% ▕██████████████████▏  487 B                         [K
verifying sha256 digest ⠧ [K[?25h[?2026l[?2026h[?25l[A[A[A[A[A[A[1Gpulling manifest [K
pulling 667b0c1932bc: 100% ▕██████████████████▏ 4.9 GB                         [K
pulling 948af2743fc7: 100% ▕██████████████████▏ 1.5 KB                         [K
pulling 0ba8f0e314b4: 100% ▕██████████████████▏  12 KB                         [K
pulling 56bb8bd477a5: 100% ▕██████████████████▏   96 B                         [K
pulling 455f34728c9b: 100% ▕██████████████████▏  487 B                         [K
verifying sha256 digest ⠇ [K[?25h[?2026l[?2026h[?25l[A[A[A[A[A[A[1Gpulling manifest [K
pulling 667b0c1932bc: 100% ▕██████████████████▏ 4.9 GB                         [K
pulling 948af2743fc7: 100% ▕██████████████████▏ 1.5 KB                         [K
pulling 0ba8f0e314b4: 100% ▕██████████████████▏  12 KB                         [K
pulling 56bb8bd477a5: 100% ▕██████████████████▏   96 B                         [K
pulling 455f34728c9b: 100% ▕██████████████████▏  487 B                         [K
verifying sha256 digest ⠏ [K[?25h[?2026l[?2026h[?25l[A[A[A[A[A[A[1Gpulling manifest [K
pulling 667b0c1932bc: 100% ▕██████████████████▏ 4.9 GB                         [K
pulling 948af2743fc7: 100% ▕██████████████████▏ 1.5 KB                         [K
pulling 0ba8f0e314b4: 100% ▕██████████████████▏  12 KB                         [K
pulling 56bb8bd477a5: 100% ▕██████████████████▏   96 B                         [K
pulling 455f34728c9b: 100% ▕██████████████████▏  487 B                         [K
verifying sha256 digest ⠋ [K[?25h[?2026l[?2026h[?25l[A[A[A[A[A[A[1Gpulling manifest [K
pulling 667b0c1932bc: 100% ▕██████████████████▏ 4.9 GB                         [K
pulling 948af2743fc7: 100% ▕██████████████████▏ 1.5 KB                         [K
pulling 0ba8f0e314b4: 100% ▕██████████████████▏  12 KB                         [K
pulling 56bb8bd477a5: 100% ▕██████████████████▏   96 B                         [K
pulling 455f34728c9b: 100% ▕██████████████████▏  487 B                         [K
verifying sha256 digest ⠙ [K[?25h[?2026l[?2026h[?25l[A[A[A[A[A[A[1Gpulling manifest [K
pulling 667b0c1932bc: 100% ▕██████████████████▏ 4.9 GB                         [K
pulling 948af2743fc7: 100% ▕██████████████████▏ 1.5 KB                         [K
pulling 0ba8f0e314b4: 100% ▕██████████████████▏  12 KB                         [K
pulling 56bb8bd477a5: 100% ▕██████████████████▏   96 B                         [K
pulling 455f34728c9b: 100% ▕██████████████████▏  487 B                         [K
verifying sha256 digest ⠹ [K[?25h[?2026l[?2026h[?25l[A[A[A[A[A[A[1Gpulling manifest [K
pulling 667b0c1932bc: 100% ▕██████████████████▏ 4.9 GB                         [K
pulling 948af2743fc7: 100% ▕██████████████████▏ 1.5 KB                         [K
pulling 0ba8f0e314b4: 100% ▕██████████████████▏  12 KB                         [K
pulling 56bb8bd477a5: 100% ▕██████████████████▏   96 B                         [K
pulling 455f34728c9b: 100% ▕██████████████████▏  487 B                         [K
verifying sha256 digest ⠸ [K[?25h[?2026l[?2026h[?25l[A[A[A[A[A[A[1Gpulling manifest [K
pulling 667b0c1932bc: 100% ▕██████████████████▏ 4.9 GB                         [K
pulling 948af2743fc7: 100% ▕██████████████████▏ 1.5 KB                         [K
pulling 0ba8f0e314b4: 100% ▕██████████████████▏  12 KB                         [K
pulling 56bb8bd477a5: 100% ▕██████████████████▏   96 B                         [K
pulling 455f34728c9b: 100% ▕██████████████████▏  487 B                         [K
verifying sha256 digest ⠼ [K[?25h[?2026l[?2026h[?25l[A[A[A[A[A[A[1Gpulling manifest [K
pulling 667b0c1932bc: 100% ▕██████████████████▏ 4.9 GB                         [K
pulling 948af2743fc7: 100% ▕██████████████████▏ 1.5 KB                         [K
pulling 0ba8f0e314b4: 100% ▕██████████████████▏  12 KB                         [K
pulling 56bb8bd477a5: 100% ▕██████████████████▏   96 B                         [K
pulling 455f34728c9b: 100% ▕██████████████████▏  487 B                         [K
verifying sha256 digest ⠴ [K[?25h[?2026l[?2026h[?25l[A[A[A[A[A[A[1Gpulling manifest [K
pulling 667b0c1932bc: 100% ▕██████████████████▏ 4.9 GB                         [K
pulling 948af2743fc7: 100% ▕██████████████████▏ 1.5 KB                         [K
pulling 0ba8f0e314b4: 100% ▕██████████████████▏  12 KB                         [K
pulling 56bb8bd477a5: 100% ▕██████████████████▏   96 B                         [K
pulling 455f34728c9b: 100% ▕██████████████████▏  487 B                         [K
verifying sha256 digest ⠦ [K[?25h[?2026l[?2026h[?25l[A[A[A[A[A[A[1Gpulling manifest [K
pulling 667b0c1932bc: 100% ▕██████████████████▏ 4.9 GB                         [K
pulling 948af2743fc7: 100% ▕██████████████████▏ 1.5 KB                         [K
pulling 0ba8f0e314b4: 100% ▕██████████████████▏  12 KB                         [K
pulling 56bb8bd477a5: 100% ▕██████████████████▏   96 B                         [K
pulling 455f34728c9b: 100% ▕██████████████████▏  487 B                         [K
verifying sha256 digest ⠧ [K[?25h[?2026l[?2026h[?25l[A[A[A[A[A[A[1Gpulling manifest [K
pulling 667b0c1932bc: 100% ▕██████████████████▏ 4.9 GB                         [K
pulling 948af2743fc7: 100% ▕██████████████████▏ 1.5 KB                         [K
pulling 0ba8f0e314b4: 100% ▕██████████████████▏  12 KB                         [K
pulling 56bb8bd477a5: 100% ▕██████████████████▏   96 B                         [K
pulling 455f34728c9b: 100% ▕██████████████████▏  487 B                         [K
verifying sha256 digest ⠇ [K[?25h[?2026l[?2026h[?25l[A[A[A[A[A[A[1Gpulling manifest [K
pulling 667b0c1932bc: 100% ▕██████████████████▏ 4.9 GB                         [K
pulling 948af2743fc7: 100% ▕██████████████████▏ 1.5 KB                         [K
pulling 0ba8f0e314b4: 100% ▕██████████████████▏  12 KB                         [K
pulling 56bb8bd477a5: 100% ▕██████████████████▏   96 B                         [K
pulling 455f34728c9b: 100% ▕██████████████████▏  487 B                         [K
verifying sha256 digest ⠏ [K[?25h[?2026l[?2026h[?25l[A[A[A[A[A[A[1Gpulling manifest [K
pulling 667b0c1932bc: 100% ▕██████████████████▏ 4.9 GB                         [K
pulling 948af2743fc7: 100% ▕██████████████████▏ 1.5 KB                         [K
pulling 0ba8f0e314b4: 100% ▕██████████████████▏  12 KB                         [K
pulling 56bb8bd477a5: 100% ▕██████████████████▏   96 B                         [K
pulling 455f34728c9b: 100% ▕██████████████████▏  487 B                         [K
verifying sha256 digest ⠋ [K[?25h[?2026l[?2026h[?25l[A[A[A[A[A[A[1Gpulling manifest [K
pulling 667b0c1932bc: 100% ▕██████████████████▏ 4.9 GB                         [K
pulling 948af2743fc7: 100% ▕██████████████████▏ 1.5 KB                         [K
pulling 0ba8f0e314b4: 100% ▕██████████████████▏  12 KB                         [K
pulling 56bb8bd477a5: 100% ▕██████████████████▏   96 B                         [K
pulling 455f34728c9b: 100% ▕██████████████████▏  487 B                         [K
verifying sha256 digest ⠋ [K[?25h[?2026l[?2026h[?25l[A[A[A[A[A[A[1Gpulling manifest [K
pulling 667b0c1932bc: 100% ▕██████████████████▏ 4.9 GB                         [K
pulling 948af2743fc7: 100% ▕██████████████████▏ 1.5 KB                         [K
pulling 0ba8f0e314b4: 100% ▕██████████████████▏  12 KB                         [K
pulling 56bb8bd477a5: 100% ▕██████████████████▏   96 B                         [K
pulling 455f34728c9b: 100% ▕██████████████████▏  487 B                         [K
verifying sha256 digest ⠹ [K[?25h[?2026l[?2026h[?25l[A[A[A[A[A[A[1Gpulling manifest [K
pulling 667b0c1932bc: 100% ▕██████████████████▏ 4.9 GB                         [K
pulling 948af2743fc7: 100% ▕██████████████████▏ 1.5 KB                         [K
pulling 0ba8f0e314b4: 100% ▕██████████████████▏  12 KB                         [K
pulling 56bb8bd477a5: 100% ▕██████████████████▏   96 B                         [K
pulling 455f34728c9b: 100% ▕██████████████████▏  487 B                         [K
verifying sha256 digest ⠸ [K[?25h[?2026l[?2026h[?25l[A[A[A[A[A[A[1Gpulling manifest [K
pulling 667b0c1932bc: 100% ▕██████████████████▏ 4.9 GB                         [K
pulling 948af2743fc7: 100% ▕██████████████████▏ 1.5 KB                         [K
pulling 0ba8f0e314b4: 100% ▕██████████████████▏  12 KB                         [K
pulling 56bb8bd477a5: 100% ▕██████████████████▏   96 B                         [K
pulling 455f34728c9b: 100% ▕██████████████████▏  487 B                         [K
verifying sha256 digest ⠼ [K[?25h[?2026l[?2026h[?25l[A[A[A[A[A[A[1Gpulling manifest [K
pulling 667b0c1932bc: 100% ▕██████████████████▏ 4.9 GB                         [K
pulling 948af2743fc7: 100% ▕██████████████████▏ 1.5 KB                         [K
pulling 0ba8f0e314b4: 100% ▕██████████████████▏  12 KB                         [K
pulling 56bb8bd477a5: 100% ▕██████████████████▏   96 B                         [K
pulling 455f34728c9b: 100% ▕██████████████████▏  487 B                         [K
verifying sha256 digest ⠴ [K[?25h[?2026l[?2026h[?25l[A[A[A[A[A[A[1Gpulling manifest [K
pulling 667b0c1932bc: 100% ▕██████████████████▏ 4.9 GB                         [K
pulling 948af2743fc7: 100% ▕██████████████████▏ 1.5 KB                         [K
pulling 0ba8f0e314b4: 100% ▕██████████████████▏  12 KB                         [K
pulling 56bb8bd477a5: 100% ▕██████████████████▏   96 B                         [K
pulling 455f34728c9b: 100% ▕██████████████████▏  487 B                         [K
verifying sha256 digest ⠦ [K[?25h[?2026l[?2026h[?25l[A[A[A[A[A[A[1Gpulling manifest [K
pulling 667b0c1932bc: 100% ▕██████████████████▏ 4.9 GB                         [K
pulling 948af2743fc7: 100% ▕██████████████████▏ 1.5 KB                         [K
pulling 0ba8f0e314b4: 100% ▕██████████████████▏  12 KB                         [K
pulling 56bb8bd477a5: 100% ▕██████████████████▏   96 B                         [K
pulling 455f34728c9b: 100% ▕██████████████████▏  487 B                         [K
verifying sha256 digest ⠧ [K[?25h[?2026l[?2026h[?25l[A[A[A[A[A[A[1Gpulling manifest [K
pulling 667b0c1932bc: 100% ▕██████████████████▏ 4.9 GB                         [K
pulling 948af2743fc7: 100% ▕██████████████████▏ 1.5 KB                         [K
pulling 0ba8f0e314b4: 100% ▕██████████████████▏  12 KB                         [K
pulling 56bb8bd477a5: 100% ▕██████████████████▏   96 B                         [K
pulling 455f34728c9b: 100% ▕██████████████████▏  487 B                         [K
verifying sha256 digest ⠧ [K[?25h[?2026l[?2026h[?25l[A[A[A[A[A[A[1Gpulling manifest [K
pulling 667b0c1932bc: 100% ▕██████████████████▏ 4.9 GB                         [K
pulling 948af2743fc7: 100% ▕██████████████████▏ 1.5 KB                         [K
pulling 0ba8f0e314b4: 100% ▕██████████████████▏  12 KB                         [K
pulling 56bb8bd477a5: 100% ▕██████████████████▏   96 B                         [K
pulling 455f34728c9b: 100% ▕██████████████████▏  487 B                         [K
verifying sha256 digest ⠏ [K[?25h[?2026l[?2026h[?25l[A[A[A[A[A[A[1Gpulling manifest [K
pulling 667b0c1932bc: 100% ▕██████████████████▏ 4.9 GB                         [K
pulling 948af2743fc7: 100% ▕██████████████████▏ 1.5 KB                         [K
pulling 0ba8f0e314b4: 100% ▕██████████████████▏  12 KB                         [K
pulling 56bb8bd477a5: 100% ▕██████████████████▏   96 B                         [K
pulling 455f34728c9b: 100% ▕██████████████████▏  487 B                         [K
verifying sha256 digest ⠋ [K[?25h[?2026l[?2026h[?25l[A[A[A[A[A[A[1Gpulling manifest [K
pulling 667b0c1932bc: 100% ▕██████████████████▏ 4.9 GB                         [K
pulling 948af2743fc7: 100% ▕██████████████████▏ 1.5 KB                         [K
pulling 0ba8f0e314b4: 100% ▕██████████████████▏  12 KB                         [K
pulling 56bb8bd477a5: 100% ▕██████████████████▏   96 B                         [K
pulling 455f34728c9b: 100% ▕██████████████████▏  487 B                         [K
verifying sha256 digest ⠋ [K[?25h[?2026l[?2026h[?25l[A[A[A[A[A[A[1Gpulling manifest [K
pulling 667b0c1932bc: 100% ▕██████████████████▏ 4.9 GB                         [K
pulling 948af2743fc7: 100% ▕██████████████████▏ 1.5 KB                         [K
pulling 0ba8f0e314b4: 100% ▕██████████████████▏  12 KB                         [K
pulling 56bb8bd477a5: 100% ▕██████████████████▏   96 B                         [K
pulling 455f34728c9b: 100% ▕██████████████████▏  487 B                         [K
verifying sha256 digest ⠙ [K[?25h[?2026l[?2026h[?25l[A[A[A[A[A[A[1Gpulling manifest [K
pulling 667b0c1932bc: 100% ▕██████████████████▏ 4.9 GB                         [K
pulling 948af2743fc7: 100% ▕██████████████████▏ 1.5 KB                         [K
pulling 0ba8f0e314b4: 100% ▕██████████████████▏  12 KB                         [K
pulling 56bb8bd477a5: 100% ▕██████████████████▏   96 B                         [K
pulling 455f34728c9b: 100% ▕██████████████████▏  487 B                         [K
verifying sha256 digest ⠹ [K[?25h[?2026l[?2026h[?25l[A[A[A[A[A[A[1Gpulling manifest [K
pulling 667b0c1932bc: 100% ▕██████████████████▏ 4.9 GB                         [K
pulling 948af2743fc7: 100% ▕██████████████████▏ 1.5 KB                         [K
pulling 0ba8f0e314b4: 100% ▕██████████████████▏  12 KB                         [K
pulling 56bb8bd477a5: 100% ▕██████████████████▏   96 B                         [K
pulling 455f34728c9b: 100% ▕██████████████████▏  487 B                         [K
verifying sha256 digest ⠼ [K[?25h[?2026l[?2026h[?25l[A[A[A[A[A[A[1Gpulling manifest [K
pulling 667b0c1932bc: 100% ▕██████████████████▏ 4.9 GB                         [K
pulling 948af2743fc7: 100% ▕██████████████████▏ 1.5 KB                         [K
pulling 0ba8f0e314b4: 100% ▕██████████████████▏  12 KB                         [K
pulling 56bb8bd477a5: 100% ▕██████████████████▏   96 B                         [K
pulling 455f34728c9b: 100% ▕██████████████████▏  487 B                         [K
verifying sha256 digest ⠴ [K[?25h[?2026l[?2026h[?25l[A[A[A[A[A[A[1Gpulling manifest [K
pulling 667b0c1932bc: 100% ▕██████████████████▏ 4.9 GB                         [K
pulling 948af2743fc7: 100% ▕██████████████████▏ 1.5 KB                         [K
pulling 0ba8f0e314b4: 100% ▕██████████████████▏  12 KB                         [K
pulling 56bb8bd477a5: 100% ▕██████████████████▏   96 B                         [K
pulling 455f34728c9b: 100% ▕██████████████████▏  487 B                         [K
verifying sha256 digest ⠦ [K[?25h[?2026l[?2026h[?25l[A[A[A[A[A[A[1Gpulling manifest [K
pulling 667b0c1932bc: 100% ▕██████████████████▏ 4.9 GB                         [K
pulling 948af2743fc7: 100% ▕██████████████████▏ 1.5 KB                         [K
pulling 0ba8f0e314b4: 100% ▕██████████████████▏  12 KB                         [K
pulling 56bb8bd477a5: 100% ▕██████████████████▏   96 B                         [K
pulling 455f34728c9b: 100% ▕██████████████████▏  487 B                         [K
verifying sha256 digest ⠧ [K[?25h[?2026l[?2026h[?25l[A[A[A[A[A[A[1Gpulling manifest [K
pulling 667b0c1932bc: 100% ▕██████████████████▏ 4.9 GB                         [K
pulling 948af2743fc7: 100% ▕██████████████████▏ 1.5 KB                         [K
pulling 0ba8f0e314b4: 100% ▕██████████████████▏  12 KB                         [K
pulling 56bb8bd477a5: 100% ▕██████████████████▏   96 B                         [K
pulling 455f34728c9b: 100% ▕██████████████████▏  487 B                         [K
verifying sha256 digest ⠇ [K[?25h[?2026l[?2026h[?25l[A[A[A[A[A[A[1Gpulling manifest [K
pulling 667b0c1932bc: 100% ▕██████████████████▏ 4.9 GB                         [K
pulling 948af2743fc7: 100% ▕██████████████████▏ 1.5 KB                         [K
pulling 0ba8f0e314b4: 100% ▕██████████████████▏  12 KB                         [K
pulling 56bb8bd477a5: 100% ▕██████████████████▏   96 B                         [K
pulling 455f34728c9b: 100% ▕██████████████████▏  487 B                         [K
verifying sha256 digest ⠏ [K[?25h[?2026l[?2026h[?25l[A[A[A[A[A[A[1Gpulling manifest [K
pulling 667b0c1932bc: 100% ▕██████████████████▏ 4.9 GB                         [K
pulling 948af2743fc7: 100% ▕██████████████████▏ 1.5 KB                         [K
pulling 0ba8f0e314b4: 100% ▕██████████████████▏  12 KB                         [K
pulling 56bb8bd477a5: 100% ▕██████████████████▏   96 B                         [K
pulling 455f34728c9b: 100% ▕██████████████████▏  487 B                         [K
verifying sha256 digest ⠋ [K[?25h[?2026l[?2026h[?25l[A[A[A[A[A[A[1Gpulling manifest [K
pulling 667b0c1932bc: 100% ▕██████████████████▏ 4.9 GB                         [K
pulling 948af2743fc7: 100% ▕██████████████████▏ 1.5 KB                         [K
pulling 0ba8f0e314b4: 100% ▕██████████████████▏  12 KB                         [K
pulling 56bb8bd477a5: 100% ▕██████████████████▏   96 B                         [K
pulling 455f34728c9b: 100% ▕██████████████████▏  487 B                         [K
verifying sha256 digest ⠙ [K[?25h[?2026l[?2026h[?25l[A[A[A[A[A[A[1Gpulling manifest [K
pulling 667b0c1932bc: 100% ▕██████████████████▏ 4.9 GB                         [K
pulling 948af2743fc7: 100% ▕██████████████████▏ 1.5 KB                         [K
pulling 0ba8f0e314b4: 100% ▕██████████████████▏  12 KB                         [K
pulling 56bb8bd477a5: 100% ▕██████████████████▏   96 B                         [K
pulling 455f34728c9b: 100% ▕██████████████████▏  487 B                         [K
verifying sha256 digest ⠹ [K[?25h[?2026l[?2026h[?25l[A[A[A[A[A[A[1Gpulling manifest [K
pulling 667b0c1932bc: 100% ▕██████████████████▏ 4.9 GB                         [K
pulling 948af2743fc7: 100% ▕██████████████████▏ 1.5 KB                         [K
pulling 0ba8f0e314b4: 100% ▕██████████████████▏  12 KB                         [K
pulling 56bb8bd477a5: 100% ▕██████████████████▏   96 B                         [K
pulling 455f34728c9b: 100% ▕██████████████████▏  487 B                         [K
verifying sha256 digest ⠸ [K[?25h[?2026l[?2026h[?25l[A[A[A[A[A[A[1Gpulling manifest [K
pulling 667b0c1932bc: 100% ▕██████████████████▏ 4.9 GB                         [K
pulling 948af2743fc7: 100% ▕██████████████████▏ 1.5 KB                         [K
pulling 0ba8f0e314b4: 100% ▕██████████████████▏  12 KB                         [K
pulling 56bb8bd477a5: 100% ▕██████████████████▏   96 B                         [K
pulling 455f34728c9b: 100% ▕██████████████████▏  487 B                         [K
verifying sha256 digest ⠼ [K[?25h[?2026l[?2026h[?25l[A[A[A[A[A[A[1Gpulling manifest [K
pulling 667b0c1932bc: 100% ▕██████████████████▏ 4.9 GB                         [K
pulling 948af2743fc7: 100% ▕██████████████████▏ 1.5 KB                         [K
pulling 0ba8f0e314b4: 100% ▕██████████████████▏  12 KB                         [K
pulling 56bb8bd477a5: 100% ▕██████████████████▏   96 B                         [K
pulling 455f34728c9b: 100% ▕██████████████████▏  487 B                         [K
verifying sha256 digest ⠴ [K[?25h[?2026l[?2026h[?25l[A[A[A[A[A[A[1Gpulling manifest [K
pulling 667b0c1932bc: 100% ▕██████████████████▏ 4.9 GB                         [K
pulling 948af2743fc7: 100% ▕██████████████████▏ 1.5 KB                         [K
pulling 0ba8f0e314b4: 100% ▕██████████████████▏  12 KB                         [K
pulling 56bb8bd477a5: 100% ▕██████████████████▏   96 B                         [K
pulling 455f34728c9b: 100% ▕██████████████████▏  487 B                         [K
verifying sha256 digest [K
writing manifest [K
success [K[?25h[?2026l
