Pseudo-terminal will not be allocated because stdin is not a terminal.
** WARNING: connection is not using a post-quantum key exchange algorithm.
** This session may be vulnerable to "store now, decrypt later" attacks.
** The server may need to be upgraded. See https://openssh.com/pq.html

===============================================================================
Welcome to localhost.run!

Follow your favourite reverse tunnel at [https://twitter.com/localhost_run].

To set up and manage custom domains go to https://admin.localhost.run/

More details on custom domains (and how to enable subdomains of your custom
domain) at https://localhost.run/docs/custom-domains

If you get a permission denied error check the faq for how to connect with a key or
create a free tunnel without a key at [http://localhost:3000/docs/faq#generating-an-ssh-key].

To explore using localhost.run visit the documentation site:
https://localhost.run/docs/

===============================================================================

** your connection id is 400aae4b-1a9e-42ec-841c-ce1d3cd71b5a, please mention it if you send me a message about an issue. **

authenticated as anonymous user
703f8e760375fb.lhr.life tunneled with tls termination, https://703f8e760375fb.lhr.life
create an account and add your key for a longer lasting domain name. see https://localhost.run/docs/forever-free/ for more information.
Open your tunnel address on your mobile with this QR:

[7m  [0m[7m  [0m[7m  [0m[7m  [0m[7m  [0m[7m  [0m[7m  [0m[7m  [0m[7m  [0m[7m  [0m[7m  [0m[7m  [0m[7m  [0m[7m  [0m[7m  [0m[7m  [0m[7m  [0m[7m  [0m[7m  [0m[7m  [0m[7m  [0m[7m  [0m[7m  [0m[7m  [0m[7m  [0m[7m  [0m[7m  [0m
[7m  [0m[49m  [0m[49m  [0m[49m  [0m[49m  [0m[49m  [0m[49m  [0m[49m  [0m[7m  [0m[7m  [0m[7m  [0m[49m  [0m[7m  [0m[7m  [0m[49m  [0m[7m  [0m[7m  [0m[49m  [0m[7m  [0m[49m  [0m[49m  [0m[49m  [0m[49m  [0m[49m  [0m[49m  [0m[49m  [0m[7m  [0m
[7m  [0m[49m  [0m[7m  [0m[7m  [0m[7m  [0m[7m  [0m[7m  [0m[49m  [0m[7m  [0m[7m  [0m[49m  [0m[7m  [0m[7m  [0m[7m  [0m[49m  [0m[7m  [0m[49m  [0m[49m  [0m[7m  [0m[49m  [0m[7m  [0m[7m  [0m[7m  [0m[7m  [0m[7m  [0m[49m  [0m[7m  [0m
[7m  [0m[49m  [0m[7m  [0m[49m  [0m[49m  [0m[49m  [0m[7m  [0m[49m  [0m[7m  [0m[49m  [0m[7m  [0m[7m  [0m[49m  [0m[7m  [0m[49m  [0m[49m  [0m[49m  [0m[49m  [0m[7m  [0m[49m  [0m[7m  [0m[49m  [0m[49m  [0m[49m  [0m[7m  [0m[49m  [0m[7m  [0m
[7m  [0m[49m  [0m[7m  [0m[49m  [0m[49m  [0m[49m  [0m[7m  [0m[49m  [0m[7m  [0m[7m  [0m[49m  [0m[7m  [0m[7m  [0m[49m  [0m[7m  [0m[49m  [0m[7m  [0m[49m  [0m[7m  [0m[49m  [0m[7m  [0m[49m  [0m[49m  [0m[49m  [0m[7m  [0m[49m  [0m[7m  [0m
[7m  [0m[49m  [0m[7m  [0m[49m  [0m[49m  [0m[49m  [0m[7m  [0m[49m  [0m[7m  [0m[7m  [0m[49m  [0m[7m  [0m[7m  [0m[49m  [0m[49m  [0m[49m  [0m[49m  [0m[49m  [0m[7m  [0m[49m  [0m[7m  [0m[49m  [0m[49m  [0m[49m  [0m[7m  [0m[49m  [0m[7m  [0m
[7m  [0m[49m  [0m[7m  [0m[7m  [0m[7m  [0m[7m  [0m[7m  [0m[49m  [0m[7m  [0m[7m  [0m[7m  [0m[49m  [0m[49m  [0m[49m  [0m[7m  [0m[49m  [0m[7m  [0m[49m  [0m[7m  [0m[49m  [0m[7m  [0m[7m  [0m[7m  [0m[7m  [0m[7m  [0m[49m  [0m[7m  [0m
[7m  [0m[49m  [0m[49m  [0m[49m  [0m[49m  [0m[49m  [0m[49m  [0m[49m  [0m[7m  [0m[49m  [0m[7m  [0m[49m  [0m[7m  [0m[49m  [0m[7m  [0m[49m  [0m[7m  [0m[49m  [0m[7m  [0m[49m  [0m[49m  [0m[49m  [0m[49m  [0m[49m  [0m[49m  [0m[49m  [0m[7m  [0m
[7m  [0m[7m  [0m[7m  [0m[7m  [0m[7m  [0m[7m  [0m[7m  [0m[7m  [0m[7m  [0m[49m  [0m[7m  [0m[7m  [0m[49m  [0m[7m  [0m[7m  [0m[7m  [0m[7m  [0m[7m  [0m[7m  [0m[7m  [0m[7m  [0m[7m  [0m[7m  [0m[7m  [0m[7m  [0m[7m  [0m[7m  [0m
[7m  [0m[49m  [0m[49m  [0m[49m  [0m[7m  [0m[49m  [0m[49m  [0m[49m  [0m[49m  [0m[49m  [0m[7m  [0m[7m  [0m[7m  [0m[49m  [0m[49m  [0m[7m  [0m[49m  [0m[7m  [0m[49m  [0m[49m  [0m[7m  [0m[7m  [0m[7m  [0m[49m  [0m[7m  [0m[7m  [0m[7m  [0m
[7m  [0m[7m  [0m[49m  [0m[7m  [0m[49m  [0m[49m  [0m[49m  [0m[7m  [0m[7m  [0m[49m  [0m[49m  [0m[7m  [0m[49m  [0m[49m  [0m[7m  [0m[7m  [0m[7m  [0m[7m  [0m[7m  [0m[7m  [0m[7m  [0m[49m  [0m[7m  [0m[7m  [0m[49m  [0m[49m  [0m[7m  [0m
[7m  [0m[49m  [0m[49m  [0m[7m  [0m[49m  [0m[7m  [0m[49m  [0m[49m  [0m[49m  [0m[49m  [0m[7m  [0m[49m  [0m[49m  [0m[49m  [0m[7m  [0m[7m  [0m[49m  [0m[7m  [0m[7m  [0m[7m  [0m[49m  [0m[49m  [0m[49m  [0m[49m  [0m[49m  [0m[49m  [0m[7m  [0m
[7m  [0m[49m  [0m[7m  [0m[49m  [0m[49m  [0m[49m  [0m[49m  [0m[7m  [0m[49m  [0m[49m  [0m[49m  [0m[49m  [0m[7m  [0m[49m  [0m[7m  [0m[7m  [0m[7m  [0m[7m  [0m[49m  [0m[7m  [0m[7m  [0m[7m  [0m[7m  [0m[7m  [0m[49m  [0m[49m  [0m[7m  [0m
[7m  [0m[49m  [0m[7m  [0m[49m  [0m[49m  [0m[49m  [0m[7m  [0m[49m  [0m[49m  [0m[7m  [0m[7m  [0m[49m  [0m[49m  [0m[7m  [0m[49m  [0m[7m  [0m[49m  [0m[49m  [0m[7m  [0m[7m  [0m[7m  [0m[49m  [0m[7m  [0m[49m  [0m[7m  [0m[7m  [0m[7m  [0m
[7m  [0m[7m  [0m[49m  [0m[49m  [0m[7m  [0m[49m  [0m[7m  [0m[7m  [0m[7m  [0m[7m  [0m[7m  [0m[49m  [0m[49m  [0m[7m  [0m[49m  [0m[7m  [0m[7m  [0m[7m  [0m[49m  [0m[49m  [0m[7m  [0m[49m  [0m[7m  [0m[7m  [0m[49m  [0m[49m  [0m[7m  [0m
[7m  [0m[49m  [0m[7m  [0m[7m  [0m[7m  [0m[49m  [0m[7m  [0m[49m  [0m[7m  [0m[49m  [0m[49m  [0m[7m  [0m[7m  [0m[7m  [0m[7m  [0m[7m  [0m[49m  [0m[49m  [0m[7m  [0m[49m  [0m[7m  [0m[7m  [0m[7m  [0m[7m  [0m[7m  [0m[7m  [0m[7m  [0m
[7m  [0m[7m  [0m[49m  [0m[49m  [0m[49m  [0m[49m  [0m[7m  [0m[7m  [0m[49m  [0m[7m  [0m[49m  [0m[7m  [0m[49m  [0m[7m  [0m[7m  [0m[7m  [0m[49m  [0m[7m  [0m[49m  [0m[7m  [0m[49m  [0m[7m  [0m[49m  [0m[7m  [0m[7m  [0m[7m  [0m[7m  [0m
[7m  [0m[49m  [0m[7m  [0m[49m  [0m[49m  [0m[7m  [0m[49m  [0m[49m  [0m[49m  [0m[49m  [0m[49m  [0m[49m  [0m[7m  [0m[49m  [0m[49m  [0m[7m  [0m[7m  [0m[49m  [0m[49m  [0m[49m  [0m[49m  [0m[49m  [0m[49m  [0m[7m  [0m[7m  [0m[49m  [0m[7m  [0m
[7m  [0m[7m  [0m[7m  [0m[7m  [0m[7m  [0m[7m  [0m[7m  [0m[7m  [0m[7m  [0m[49m  [0m[7m  [0m[7m  [0m[49m  [0m[49m  [0m[49m  [0m[7m  [0m[49m  [0m[49m  [0m[7m  [0m[7m  [0m[7m  [0m[49m  [0m[7m  [0m[49m  [0m[7m  [0m[49m  [0m[7m  [0m
[7m  [0m[49m  [0m[49m  [0m[49m  [0m[49m  [0m[49m  [0m[49m  [0m[49m  [0m[7m  [0m[49m  [0m[7m  [0m[49m  [0m[49m  [0m[49m  [0m[7m  [0m[49m  [0m[7m  [0m[49m  [0m[7m  [0m[49m  [0m[7m  [0m[49m  [0m[49m  [0m[49m  [0m[7m  [0m[7m  [0m[7m  [0m
[7m  [0m[49m  [0m[7m  [0m[7m  [0m[7m  [0m[7m  [0m[7m  [0m[49m  [0m[7m  [0m[49m  [0m[7m  [0m[7m  [0m[7m  [0m[49m  [0m[49m  [0m[7m  [0m[49m  [0m[49m  [0m[7m  [0m[7m  [0m[7m  [0m[49m  [0m[7m  [0m[49m  [0m[7m  [0m[49m  [0m[7m  [0m
[7m  [0m[49m  [0m[7m  [0m[49m  [0m[49m  [0m[49m  [0m[7m  [0m[49m  [0m[7m  [0m[49m  [0m[7m  [0m[49m  [0m[49m  [0m[7m  [0m[7m  [0m[49m  [0m[49m  [0m[49m  [0m[49m  [0m[49m  [0m[49m  [0m[49m  [0m[49m  [0m[49m  [0m[49m  [0m[7m  [0m[7m  [0m
[7m  [0m[49m  [0m[7m  [0m[49m  [0m[49m  [0m[49m  [0m[7m  [0m[49m  [0m[7m  [0m[7m  [0m[49m  [0m[49m  [0m[49m  [0m[7m  [0m[7m  [0m[7m  [0m[49m  [0m[49m  [0m[49m  [0m[49m  [0m[7m  [0m[7m  [0m[49m  [0m[7m  [0m[49m  [0m[7m  [0m[7m  [0m
[7m  [0m[49m  [0m[7m  [0m[49m  [0m[49m  [0m[49m  [0m[7m  [0m[49m  [0m[7m  [0m[49m  [0m[7m  [0m[7m  [0m[7m  [0m[7m  [0m[49m  [0m[7m  [0m[7m  [0m[49m  [0m[7m  [0m[49m  [0m[7m  [0m[49m  [0m[49m  [0m[49m  [0m[7m  [0m[49m  [0m[7m  [0m
[7m  [0m[49m  [0m[7m  [0m[7m  [0m[7m  [0m[7m  [0m[7m  [0m[49m  [0m[7m  [0m[49m  [0m[7m  [0m[7m  [0m[49m  [0m[7m  [0m[7m  [0m[7m  [0m[7m  [0m[49m  [0m[49m  [0m[7m  [0m[7m  [0m[49m  [0m[49m  [0m[7m  [0m[49m  [0m[49m  [0m[7m  [0m
[7m  [0m[49m  [0m[49m  [0m[49m  [0m[49m  [0m[49m  [0m[49m  [0m[49m  [0m[7m  [0m[49m  [0m[49m  [0m[7m  [0m[7m  [0m[49m  [0m[7m  [0m[7m  [0m[7m  [0m[49m  [0m[7m  [0m[49m  [0m[7m  [0m[7m  [0m[49m  [0m[7m  [0m[7m  [0m[49m  [0m[7m  [0m
[7m  [0m[7m  [0m[7m  [0m[7m  [0m[7m  [0m[7m  [0m[7m  [0m[7m  [0m[7m  [0m[7m  [0m[7m  [0m[7m  [0m[7m  [0m[7m  [0m[7m  [0m[7m  [0m[7m  [0m[7m  [0m[7m  [0m[7m  [0m[7m  [0m[7m  [0m[7m  [0m[7m  [0m[7m  [0m[7m  [0m[7m  [0m

69ace5bc93c18c.lhr.life tunneled with tls termination, https://69ace5bc93c18c.lhr.life
create an account and add your key for a longer lasting domain name. see https://localhost.run/docs/forever-free/ for more information.
Open your tunnel address on your mobile with this QR:

[7m  [0m[7m  [0m[7m  [0m[7m  [0m[7m  [0m[7m  [0m[7m  [0m[7m  [0m[7m  [0m[7m  [0m[7m  [0m[7m  [0m[7m  [0m[7m  [0m[7m  [0m[7m  [0m[7m  [0m[7m  [0m[7m  [0m[7m  [0m[7m  [0m[7m  [0m[7m  [0m[7m  [0m[7m  [0m[7m  [0m[7m  [0m
[7m  [0m[49m  [0m[49m  [0m[49m  [0m[49m  [0m[49m  [0m[49m  [0m[49m  [0m[7m  [0m[7m  [0m[7m  [0m[49m  [0m[7m  [0m[7m  [0m[49m  [0m[7m  [0m[7m  [0m[49m  [0m[7m  [0m[49m  [0m[49m  [0m[49m  [0m[49m  [0m[49m  [0m[49m  [0m[49m  [0m[7m  [0m
[7m  [0m[49m  [0m[7m  [0m[7m  [0m[7m  [0m[7m  [0m[7m  [0m[49m  [0m[7m  [0m[49m  [0m[49m  [0m[49m  [0m[7m  [0m[7m  [0m[7m  [0m[7m  [0m[49m  [0m[7m  [0m[7m  [0m[49m  [0m[7m  [0m[7m  [0m[7m  [0m[7m  [0m[7m  [0m[49m  [0m[7m  [0m
[7m  [0m[49m  [0m[7m  [0m[49m  [0m[49m  [0m[49m  [0m[7m  [0m[49m  [0m[7m  [0m[49m  [0m[7m  [0m[7m  [0m[7m  [0m[7m  [0m[49m  [0m[7m  [0m[49m  [0m[49m  [0m[7m  [0m[49m  [0m[7m  [0m[49m  [0m[49m  [0m[49m  [0m[7m  [0m[49m  [0m[7m  [0m
[7m  [0m[49m  [0m[7m  [0m[49m  [0m[49m  [0m[49m  [0m[7m  [0m[49m  [0m[7m  [0m[7m  [0m[49m  [0m[7m  [0m[7m  [0m[49m  [0m[7m  [0m[49m  [0m[7m  [0m[49m  [0m[7m  [0m[49m  [0m[7m  [0m[49m  [0m[49m  [0m[49m  [0m[7m  [0m[49m  [0m[7m  [0m
[7m  [0m[49m  [0m[7m  [0m[49m  [0m[49m  [0m[49m  [0m[7m  [0m[49m  [0m[7m  [0m[49m  [0m[49m  [0m[49m  [0m[7m  [0m[49m  [0m[7m  [0m[49m  [0m[49m  [0m[7m  [0m[7m  [0m[49m  [0m[7m  [0m[49m  [0m[49m  [0m[49m  [0m[7m  [0m[49m  [0m[7m  [0m
[7m  [0m[49m  [0m[7m  [0m[7m  [0m[7m  [0m[7m  [0m[7m  [0m[49m  [0m[7m  [0m[49m  [0m[7m  [0m[49m  [0m[7m  [0m[49m  [0m[7m  [0m[7m  [0m[7m  [0m[49m  [0m[7m  [0m[49m  [0m[7m  [0m[7m  [0m[7m  [0m[7m  [0m[7m  [0m[49m  [0m[7m  [0m
[7m  [0m[49m  [0m[49m  [0m[49m  [0m[49m  [0m[49m  [0m[49m  [0m[49m  [0m[7m  [0m[49m  [0m[7m  [0m[49m  [0m[7m  [0m[49m  [0m[7m  [0m[49m  [0m[7m  [0m[49m  [0m[7m  [0m[49m  [0m[49m  [0m[49m  [0m[49m  [0m[49m  [0m[49m  [0m[49m  [0m[7m  [0m
[7m  [0m[7m  [0m[7m  [0m[7m  [0m[7m  [0m[7m  [0m[7m  [0m[7m  [0m[7m  [0m[49m  [0m[7m  [0m[49m  [0m[49m  [0m[7m  [0m[49m  [0m[7m  [0m[7m  [0m[49m  [0m[7m  [0m[7m  [0m[7m  [0m[7m  [0m[7m  [0m[7m  [0m[7m  [0m[7m  [0m[7m  [0m
[7m  [0m[49m  [0m[49m  [0m[7m  [0m[49m  [0m[7m  [0m[7m  [0m[49m  [0m[49m  [0m[7m  [0m[7m  [0m[7m  [0m[49m  [0m[49m  [0m[49m  [0m[49m  [0m[49m  [0m[7m  [0m[7m  [0m[49m  [0m[49m  [0m[49m  [0m[7m  [0m[49m  [0m[49m  [0m[7m  [0m[7m  [0m
[7m  [0m[49m  [0m[49m  [0m[49m  [0m[7m  [0m[49m  [0m[49m  [0m[7m  [0m[49m  [0m[49m  [0m[49m  [0m[7m  [0m[49m  [0m[49m  [0m[7m  [0m[7m  [0m[7m  [0m[7m  [0m[49m  [0m[49m  [0m[7m  [0m[49m  [0m[7m  [0m[7m  [0m[49m  [0m[49m  [0m[7m  [0m
[7m  [0m[7m  [0m[49m  [0m[49m  [0m[49m  [0m[7m  [0m[7m  [0m[49m  [0m[49m  [0m[7m  [0m[7m  [0m[7m  [0m[49m  [0m[49m  [0m[49m  [0m[7m  [0m[7m  [0m[49m  [0m[49m  [0m[7m  [0m[7m  [0m[49m  [0m[49m  [0m[7m  [0m[49m  [0m[49m  [0m[7m  [0m
[7m  [0m[49m  [0m[7m  [0m[49m  [0m[7m  [0m[49m  [0m[7m  [0m[7m  [0m[7m  [0m[7m  [0m[49m  [0m[49m  [0m[49m  [0m[49m  [0m[7m  [0m[49m  [0m[49m  [0m[49m  [0m[7m  [0m[7m  [0m[49m  [0m[7m  [0m[7m  [0m[7m  [0m[7m  [0m[49m  [0m[7m  [0m
[7m  [0m[49m  [0m[7m  [0m[49m  [0m[49m  [0m[49m  [0m[7m  [0m[49m  [0m[49m  [0m[7m  [0m[7m  [0m[49m  [0m[49m  [0m[7m  [0m[49m  [0m[7m  [0m[49m  [0m[7m  [0m[49m  [0m[7m  [0m[7m  [0m[49m  [0m[7m  [0m[49m  [0m[7m  [0m[7m  [0m[7m  [0m
[7m  [0m[7m  [0m[49m  [0m[49m  [0m[49m  [0m[7m  [0m[7m  [0m[7m  [0m[49m  [0m[7m  [0m[7m  [0m[7m  [0m[49m  [0m[7m  [0m[7m  [0m[7m  [0m[49m  [0m[7m  [0m[7m  [0m[49m  [0m[49m  [0m[49m  [0m[7m  [0m[49m  [0m[49m  [0m[49m  [0m[7m  [0m
[7m  [0m[49m  [0m[7m  [0m[49m  [0m[49m  [0m[49m  [0m[49m  [0m[49m  [0m[7m  [0m[7m  [0m[49m  [0m[49m  [0m[49m  [0m[7m  [0m[7m  [0m[49m  [0m[7m  [0m[49m  [0m[7m  [0m[7m  [0m[49m  [0m[7m  [0m[7m  [0m[7m  [0m[49m  [0m[7m  [0m[7m  [0m
[7m  [0m[7m  [0m[49m  [0m[7m  [0m[49m  [0m[49m  [0m[49m  [0m[7m  [0m[7m  [0m[7m  [0m[7m  [0m[7m  [0m[49m  [0m[7m  [0m[7m  [0m[7m  [0m[7m  [0m[7m  [0m[7m  [0m[7m  [0m[49m  [0m[49m  [0m[49m  [0m[7m  [0m[7m  [0m[7m  [0m[7m  [0m
[7m  [0m[49m  [0m[49m  [0m[7m  [0m[7m  [0m[7m  [0m[7m  [0m[49m  [0m[49m  [0m[7m  [0m[7m  [0m[49m  [0m[7m  [0m[49m  [0m[7m  [0m[7m  [0m[49m  [0m[49m  [0m[49m  [0m[49m  [0m[49m  [0m[49m  [0m[49m  [0m[49m  [0m[7m  [0m[49m  [0m[7m  [0m
[7m  [0m[7m  [0m[7m  [0m[7m  [0m[7m  [0m[7m  [0m[7m  [0m[7m  [0m[7m  [0m[49m  [0m[7m  [0m[49m  [0m[7m  [0m[49m  [0m[49m  [0m[49m  [0m[7m  [0m[49m  [0m[7m  [0m[7m  [0m[7m  [0m[49m  [0m[7m  [0m[49m  [0m[49m  [0m[49m  [0m[7m  [0m
[7m  [0m[49m  [0m[49m  [0m[49m  [0m[49m  [0m[49m  [0m[49m  [0m[49m  [0m[7m  [0m[49m  [0m[7m  [0m[7m  [0m[49m  [0m[49m  [0m[7m  [0m[49m  [0m[49m  [0m[49m  [0m[7m  [0m[49m  [0m[7m  [0m[49m  [0m[49m  [0m[49m  [0m[7m  [0m[7m  [0m[7m  [0m
[7m  [0m[49m  [0m[7m  [0m[7m  [0m[7m  [0m[7m  [0m[7m  [0m[49m  [0m[7m  [0m[7m  [0m[49m  [0m[7m  [0m[7m  [0m[49m  [0m[7m  [0m[7m  [0m[49m  [0m[49m  [0m[7m  [0m[7m  [0m[7m  [0m[49m  [0m[7m  [0m[7m  [0m[7m  [0m[49m  [0m[7m  [0m
[7m  [0m[49m  [0m[7m  [0m[49m  [0m[49m  [0m[49m  [0m[7m  [0m[49m  [0m[7m  [0m[7m  [0m[49m  [0m[49m  [0m[7m  [0m[7m  [0m[7m  [0m[7m  [0m[7m  [0m[49m  [0m[49m  [0m[49m  [0m[49m  [0m[49m  [0m[49m  [0m[49m  [0m[7m  [0m[7m  [0m[7m  [0m
[7m  [0m[49m  [0m[7m  [0m[49m  [0m[49m  [0m[49m  [0m[7m  [0m[49m  [0m[7m  [0m[49m  [0m[7m  [0m[49m  [0m[49m  [0m[7m  [0m[7m  [0m[7m  [0m[49m  [0m[7m  [0m[49m  [0m[49m  [0m[7m  [0m[49m  [0m[49m  [0m[7m  [0m[49m  [0m[7m  [0m[7m  [0m
[7m  [0m[49m  [0m[7m  [0m[49m  [0m[49m  [0m[49m  [0m[7m  [0m[49m  [0m[7m  [0m[7m  [0m[7m  [0m[7m  [0m[7m  [0m[7m  [0m[7m  [0m[7m  [0m[49m  [0m[7m  [0m[49m  [0m[49m  [0m[49m  [0m[49m  [0m[49m  [0m[7m  [0m[7m  [0m[49m  [0m[7m  [0m
[7m  [0m[49m  [0m[7m  [0m[7m  [0m[7m  [0m[7m  [0m[7m  [0m[49m  [0m[7m  [0m[49m  [0m[7m  [0m[49m  [0m[7m  [0m[7m  [0m[7m  [0m[49m  [0m[49m  [0m[7m  [0m[7m  [0m[49m  [0m[7m  [0m[7m  [0m[49m  [0m[7m  [0m[7m  [0m[49m  [0m[7m  [0m
[7m  [0m[49m  [0m[49m  [0m[49m  [0m[49m  [0m[49m  [0m[49m  [0m[49m  [0m[7m  [0m[49m  [0m[7m  [0m[7m  [0m[7m  [0m[49m  [0m[7m  [0m[7m  [0m[7m  [0m[7m  [0m[49m  [0m[49m  [0m[49m  [0m[49m  [0m[49m  [0m[49m  [0m[7m  [0m[49m  [0m[7m  [0m
[7m  [0m[7m  [0m[7m  [0m[7m  [0m[7m  [0m[7m  [0m[7m  [0m[7m  [0m[7m  [0m[7m  [0m[7m  [0m[7m  [0m[7m  [0m[7m  [0m[7m  [0m[7m  [0m[7m  [0m[7m  [0m[7m  [0m[7m  [0m[7m  [0m[7m  [0m[7m  [0m[7m  [0m[7m  [0m[7m  [0m[7m  [0m

771f4a23e0f2b4.lhr.life tunneled with tls termination, https://771f4a23e0f2b4.lhr.life
create an account and add your key for a longer lasting domain name. see https://localhost.run/docs/forever-free/ for more information.
Open your tunnel address on your mobile with this QR:

[7m  [0m[7m  [0m[7m  [0m[7m  [0m[7m  [0m[7m  [0m[7m  [0m[7m  [0m[7m  [0m[7m  [0m[7m  [0m[7m  [0m[7m  [0m[7m  [0m[7m  [0m[7m  [0m[7m  [0m[7m  [0m[7m  [0m[7m  [0m[7m  [0m[7m  [0m[7m  [0m[7m  [0m[7m  [0m[7m  [0m[7m  [0m
[7m  [0m[49m  [0m[49m  [0m[49m  [0m[49m  [0m[49m  [0m[49m  [0m[49m  [0m[7m  [0m[7m  [0m[7m  [0m[49m  [0m[7m  [0m[7m  [0m[49m  [0m[7m  [0m[7m  [0m[49m  [0m[7m  [0m[49m  [0m[49m  [0m[49m  [0m[49m  [0m[49m  [0m[49m  [0m[49m  [0m[7m  [0m
[7m  [0m[49m  [0m[7m  [0m[7m  [0m[7m  [0m[7m  [0m[7m  [0m[49m  [0m[7m  [0m[49m  [0m[49m  [0m[49m  [0m[7m  [0m[7m  [0m[7m  [0m[7m  [0m[49m  [0m[7m  [0m[7m  [0m[49m  [0m[7m  [0m[7m  [0m[7m  [0m[7m  [0m[7m  [0m[49m  [0m[7m  [0m
[7m  [0m[49m  [0m[7m  [0m[49m  [0m[49m  [0m[49m  [0m[7m  [0m[49m  [0m[7m  [0m[49m  [0m[7m  [0m[7m  [0m[7m  [0m[7m  [0m[49m  [0m[7m  [0m[49m  [0m[49m  [0m[7m  [0m[49m  [0m[7m  [0m[49m  [0m[49m  [0m[49m  [0m[7m  [0m[49m  [0m[7m  [0m
[7m  [0m[49m  [0m[7m  [0m[49m  [0m[49m  [0m[49m  [0m[7m  [0m[49m  [0m[7m  [0m[7m  [0m[49m  [0m[7m  [0m[7m  [0m[49m  [0m[7m  [0m[49m  [0m[7m  [0m[49m  [0m[7m  [0m[49m  [0m[7m  [0m[49m  [0m[49m  [0m[49m  [0m[7m  [0m[49m  [0m[7m  [0m
[7m  [0m[49m  [0m[7m  [0m[49m  [0m[49m  [0m[49m  [0m[7m  [0m[49m  [0m[7m  [0m[49m  [0m[49m  [0m[49m  [0m[7m  [0m[49m  [0m[7m  [0m[49m  [0m[49m  [0m[7m  [0m[7m  [0m[49m  [0m[7m  [0m[49m  [0m[49m  [0m[49m  [0m[7m  [0m[49m  [0m[7m  [0m
[7m  [0m[49m  [0m[7m  [0m[7m  [0m[7m  [0m[7m  [0m[7m  [0m[49m  [0m[7m  [0m[49m  [0m[7m  [0m[49m  [0m[7m  [0m[49m  [0m[7m  [0m[7m  [0m[7m  [0m[49m  [0m[7m  [0m[49m  [0m[7m  [0m[7m  [0m[7m  [0m[7m  [0m[7m  [0m[49m  [0m[7m  [0m
[7m  [0m[49m  [0m[49m  [0m[49m  [0m[49m  [0m[49m  [0m[49m  [0m[49m  [0m[7m  [0m[49m  [0m[7m  [0m[49m  [0m[7m  [0m[49m  [0m[7m  [0m[49m  [0m[7m  [0m[49m  [0m[7m  [0m[49m  [0m[49m  [0m[49m  [0m[49m  [0m[49m  [0m[49m  [0m[49m  [0m[7m  [0m
[7m  [0m[7m  [0m[7m  [0m[7m  [0m[7m  [0m[7m  [0m[7m  [0m[7m  [0m[7m  [0m[49m  [0m[7m  [0m[49m  [0m[49m  [0m[7m  [0m[49m  [0m[7m  [0m[7m  [0m[49m  [0m[7m  [0m[7m  [0m[7m  [0m[7m  [0m[7m  [0m[7m  [0m[7m  [0m[7m  [0m[7m  [0m
[7m  [0m[49m  [0m[49m  [0m[7m  [0m[49m  [0m[7m  [0m[7m  [0m[49m  [0m[49m  [0m[7m  [0m[7m  [0m[7m  [0m[49m  [0m[49m  [0m[49m  [0m[49m  [0m[49m  [0m[7m  [0m[7m  [0m[49m  [0m[49m  [0m[49m  [0m[7m  [0m[49m  [0m[49m  [0m[7m  [0m[7m  [0m
[7m  [0m[7m  [0m[7m  [0m[49m  [0m[49m  [0m[49m  [0m[49m  [0m[7m  [0m[7m  [0m[49m  [0m[49m  [0m[7m  [0m[49m  [0m[49m  [0m[7m  [0m[7m  [0m[7m  [0m[49m  [0m[7m  [0m[49m  [0m[7m  [0m[49m  [0m[7m  [0m[7m  [0m[49m  [0m[49m  [0m[7m  [0m
[7m  [0m[49m  [0m[49m  [0m[7m  [0m[7m  [0m[7m  [0m[7m  [0m[49m  [0m[7m  [0m[49m  [0m[7m  [0m[7m  [0m[49m  [0m[49m  [0m[49m  [0m[7m  [0m[49m  [0m[7m  [0m[7m  [0m[7m  [0m[49m  [0m[7m  [0m[49m  [0m[7m  [0m[49m  [0m[49m  [0m[7m  [0m
[7m  [0m[7m  [0m[49m  [0m[49m  [0m[49m  [0m[7m  [0m[49m  [0m[7m  [0m[49m  [0m[49m  [0m[49m  [0m[49m  [0m[49m  [0m[49m  [0m[7m  [0m[49m  [0m[49m  [0m[49m  [0m[7m  [0m[7m  [0m[49m  [0m[49m  [0m[7m  [0m[7m  [0m[7m  [0m[49m  [0m[7m  [0m
[7m  [0m[7m  [0m[49m  [0m[49m  [0m[7m  [0m[49m  [0m[49m  [0m[49m  [0m[49m  [0m[7m  [0m[7m  [0m[49m  [0m[49m  [0m[7m  [0m[49m  [0m[7m  [0m[49m  [0m[7m  [0m[7m  [0m[49m  [0m[7m  [0m[49m  [0m[7m  [0m[49m  [0m[7m  [0m[7m  [0m[7m  [0m
[7m  [0m[7m  [0m[49m  [0m[49m  [0m[7m  [0m[7m  [0m[49m  [0m[7m  [0m[49m  [0m[7m  [0m[7m  [0m[7m  [0m[49m  [0m[7m  [0m[7m  [0m[7m  [0m[7m  [0m[7m  [0m[49m  [0m[49m  [0m[7m  [0m[49m  [0m[7m  [0m[49m  [0m[49m  [0m[49m  [0m[7m  [0m
[7m  [0m[49m  [0m[7m  [0m[49m  [0m[7m  [0m[49m  [0m[49m  [0m[49m  [0m[49m  [0m[49m  [0m[7m  [0m[49m  [0m[49m  [0m[7m  [0m[7m  [0m[49m  [0m[7m  [0m[49m  [0m[7m  [0m[7m  [0m[49m  [0m[49m  [0m[7m  [0m[7m  [0m[49m  [0m[7m  [0m[7m  [0m
[7m  [0m[7m  [0m[49m  [0m[7m  [0m[49m  [0m[49m  [0m[7m  [0m[7m  [0m[7m  [0m[7m  [0m[7m  [0m[49m  [0m[49m  [0m[7m  [0m[7m  [0m[7m  [0m[7m  [0m[7m  [0m[49m  [0m[49m  [0m[7m  [0m[7m  [0m[49m  [0m[7m  [0m[7m  [0m[7m  [0m[7m  [0m
[7m  [0m[49m  [0m[49m  [0m[49m  [0m[49m  [0m[7m  [0m[49m  [0m[49m  [0m[7m  [0m[7m  [0m[49m  [0m[7m  [0m[7m  [0m[49m  [0m[7m  [0m[7m  [0m[49m  [0m[49m  [0m[49m  [0m[49m  [0m[49m  [0m[49m  [0m[49m  [0m[49m  [0m[7m  [0m[49m  [0m[7m  [0m
[7m  [0m[7m  [0m[7m  [0m[7m  [0m[7m  [0m[7m  [0m[7m  [0m[7m  [0m[7m  [0m[49m  [0m[7m  [0m[7m  [0m[7m  [0m[49m  [0m[49m  [0m[49m  [0m[49m  [0m[49m  [0m[7m  [0m[7m  [0m[7m  [0m[49m  [0m[7m  [0m[49m  [0m[49m  [0m[49m  [0m[7m  [0m
[7m  [0m[49m  [0m[49m  [0m[49m  [0m[49m  [0m[49m  [0m[49m  [0m[49m  [0m[7m  [0m[49m  [0m[49m  [0m[49m  [0m[49m  [0m[49m  [0m[7m  [0m[49m  [0m[7m  [0m[49m  [0m[7m  [0m[49m  [0m[7m  [0m[49m  [0m[49m  [0m[49m  [0m[7m  [0m[7m  [0m[7m  [0m
[7m  [0m[49m  [0m[7m  [0m[7m  [0m[7m  [0m[7m  [0m[7m  [0m[49m  [0m[7m  [0m[7m  [0m[7m  [0m[7m  [0m[7m  [0m[49m  [0m[7m  [0m[7m  [0m[7m  [0m[49m  [0m[7m  [0m[7m  [0m[7m  [0m[49m  [0m[7m  [0m[7m  [0m[7m  [0m[49m  [0m[7m  [0m
[7m  [0m[49m  [0m[7m  [0m[49m  [0m[49m  [0m[49m  [0m[7m  [0m[49m  [0m[7m  [0m[7m  [0m[49m  [0m[49m  [0m[7m  [0m[7m  [0m[7m  [0m[7m  [0m[7m  [0m[49m  [0m[49m  [0m[49m  [0m[49m  [0m[49m  [0m[49m  [0m[49m  [0m[7m  [0m[7m  [0m[7m  [0m
[7m  [0m[49m  [0m[7m  [0m[49m  [0m[49m  [0m[49m  [0m[7m  [0m[49m  [0m[7m  [0m[49m  [0m[7m  [0m[7m  [0m[49m  [0m[7m  [0m[7m  [0m[7m  [0m[7m  [0m[7m  [0m[49m  [0m[49m  [0m[49m  [0m[7m  [0m[49m  [0m[7m  [0m[49m  [0m[7m  [0m[7m  [0m
[7m  [0m[49m  [0m[7m  [0m[49m  [0m[49m  [0m[49m  [0m[7m  [0m[49m  [0m[7m  [0m[7m  [0m[7m  [0m[49m  [0m[7m  [0m[7m  [0m[7m  [0m[7m  [0m[49m  [0m[7m  [0m[7m  [0m[7m  [0m[49m  [0m[49m  [0m[49m  [0m[7m  [0m[7m  [0m[49m  [0m[7m  [0m
[7m  [0m[49m  [0m[7m  [0m[7m  [0m[7m  [0m[7m  [0m[7m  [0m[49m  [0m[7m  [0m[49m  [0m[49m  [0m[7m  [0m[7m  [0m[7m  [0m[7m  [0m[49m  [0m[49m  [0m[49m  [0m[49m  [0m[7m  [0m[49m  [0m[7m  [0m[7m  [0m[7m  [0m[7m  [0m[49m  [0m[7m  [0m
[7m  [0m[49m  [0m[49m  [0m[49m  [0m[49m  [0m[49m  [0m[49m  [0m[49m  [0m[7m  [0m[49m  [0m[7m  [0m[7m  [0m[7m  [0m[49m  [0m[7m  [0m[7m  [0m[49m  [0m[49m  [0m[49m  [0m[7m  [0m[7m  [0m[49m  [0m[7m  [0m[49m  [0m[7m  [0m[49m  [0m[7m  [0m
[7m  [0m[7m  [0m[7m  [0m[7m  [0m[7m  [0m[7m  [0m[7m  [0m[7m  [0m[7m  [0m[7m  [0m[7m  [0m[7m  [0m[7m  [0m[7m  [0m[7m  [0m[7m  [0m[7m  [0m[7m  [0m[7m  [0m[7m  [0m[7m  [0m[7m  [0m[7m  [0m[7m  [0m[7m  [0m[7m  [0m[7m  [0m

e3f841380a8f0b.lhr.life tunneled with tls termination, https://e3f841380a8f0b.lhr.life
create an account and add your key for a longer lasting domain name. see https://localhost.run/docs/forever-free/ for more information.
Open your tunnel address on your mobile with this QR:

[7m  [0m[7m  [0m[7m  [0m[7m  [0m[7m  [0m[7m  [0m[7m  [0m[7m  [0m[7m  [0m[7m  [0m[7m  [0m[7m  [0m[7m  [0m[7m  [0m[7m  [0m[7m  [0m[7m  [0m[7m  [0m[7m  [0m[7m  [0m[7m  [0m[7m  [0m[7m  [0m[7m  [0m[7m  [0m[7m  [0m[7m  [0m
[7m  [0m[49m  [0m[49m  [0m[49m  [0m[49m  [0m[49m  [0m[49m  [0m[49m  [0m[7m  [0m[7m  [0m[7m  [0m[49m  [0m[7m  [0m[7m  [0m[49m  [0m[7m  [0m[7m  [0m[49m  [0m[7m  [0m[49m  [0m[49m  [0m[49m  [0m[49m  [0m[49m  [0m[49m  [0m[49m  [0m[7m  [0m
[7m  [0m[49m  [0m[7m  [0m[7m  [0m[7m  [0m[7m  [0m[7m  [0m[49m  [0m[7m  [0m[49m  [0m[49m  [0m[49m  [0m[7m  [0m[7m  [0m[7m  [0m[7m  [0m[49m  [0m[7m  [0m[7m  [0m[49m  [0m[7m  [0m[7m  [0m[7m  [0m[7m  [0m[7m  [0m[49m  [0m[7m  [0m
[7m  [0m[49m  [0m[7m  [0m[49m  [0m[49m  [0m[49m  [0m[7m  [0m[49m  [0m[7m  [0m[49m  [0m[7m  [0m[7m  [0m[7m  [0m[7m  [0m[49m  [0m[7m  [0m[49m  [0m[49m  [0m[7m  [0m[49m  [0m[7m  [0m[49m  [0m[49m  [0m[49m  [0m[7m  [0m[49m  [0m[7m  [0m
[7m  [0m[49m  [0m[7m  [0m[49m  [0m[49m  [0m[49m  [0m[7m  [0m[49m  [0m[7m  [0m[7m  [0m[49m  [0m[7m  [0m[7m  [0m[49m  [0m[7m  [0m[49m  [0m[7m  [0m[49m  [0m[7m  [0m[49m  [0m[7m  [0m[49m  [0m[49m  [0m[49m  [0m[7m  [0m[49m  [0m[7m  [0m
[7m  [0m[49m  [0m[7m  [0m[49m  [0m[49m  [0m[49m  [0m[7m  [0m[49m  [0m[7m  [0m[49m  [0m[49m  [0m[49m  [0m[7m  [0m[49m  [0m[7m  [0m[49m  [0m[49m  [0m[7m  [0m[7m  [0m[49m  [0m[7m  [0m[49m  [0m[49m  [0m[49m  [0m[7m  [0m[49m  [0m[7m  [0m
[7m  [0m[49m  [0m[7m  [0m[7m  [0m[7m  [0m[7m  [0m[7m  [0m[49m  [0m[7m  [0m[49m  [0m[7m  [0m[49m  [0m[7m  [0m[49m  [0m[7m  [0m[7m  [0m[7m  [0m[49m  [0m[7m  [0m[49m  [0m[7m  [0m[7m  [0m[7m  [0m[7m  [0m[7m  [0m[49m  [0m[7m  [0m
[7m  [0m[49m  [0m[49m  [0m[49m  [0m[49m  [0m[49m  [0m[49m  [0m[49m  [0m[7m  [0m[49m  [0m[7m  [0m[49m  [0m[7m  [0m[49m  [0m[7m  [0m[49m  [0m[7m  [0m[49m  [0m[7m  [0m[49m  [0m[49m  [0m[49m  [0m[49m  [0m[49m  [0m[49m  [0m[49m  [0m[7m  [0m
[7m  [0m[7m  [0m[7m  [0m[7m  [0m[7m  [0m[7m  [0m[7m  [0m[7m  [0m[7m  [0m[49m  [0m[7m  [0m[49m  [0m[49m  [0m[7m  [0m[49m  [0m[7m  [0m[7m  [0m[49m  [0m[7m  [0m[7m  [0m[7m  [0m[7m  [0m[7m  [0m[7m  [0m[7m  [0m[7m  [0m[7m  [0m
[7m  [0m[49m  [0m[49m  [0m[7m  [0m[49m  [0m[7m  [0m[7m  [0m[49m  [0m[49m  [0m[7m  [0m[7m  [0m[7m  [0m[49m  [0m[49m  [0m[49m  [0m[49m  [0m[49m  [0m[7m  [0m[7m  [0m[49m  [0m[49m  [0m[49m  [0m[7m  [0m[49m  [0m[49m  [0m[7m  [0m[7m  [0m
[7m  [0m[49m  [0m[49m  [0m[49m  [0m[49m  [0m[49m  [0m[49m  [0m[7m  [0m[7m  [0m[7m  [0m[49m  [0m[7m  [0m[49m  [0m[49m  [0m[7m  [0m[7m  [0m[7m  [0m[49m  [0m[7m  [0m[7m  [0m[7m  [0m[49m  [0m[7m  [0m[7m  [0m[49m  [0m[49m  [0m[7m  [0m
[7m  [0m[7m  [0m[7m  [0m[49m  [0m[49m  [0m[7m  [0m[7m  [0m[49m  [0m[7m  [0m[49m  [0m[7m  [0m[7m  [0m[49m  [0m[49m  [0m[49m  [0m[7m  [0m[49m  [0m[7m  [0m[49m  [0m[49m  [0m[49m  [0m[7m  [0m[49m  [0m[7m  [0m[49m  [0m[49m  [0m[7m  [0m
[7m  [0m[7m  [0m[49m  [0m[7m  [0m[7m  [0m[49m  [0m[49m  [0m[7m  [0m[49m  [0m[7m  [0m[49m  [0m[49m  [0m[49m  [0m[49m  [0m[7m  [0m[49m  [0m[7m  [0m[7m  [0m[7m  [0m[7m  [0m[49m  [0m[49m  [0m[7m  [0m[7m  [0m[7m  [0m[49m  [0m[7m  [0m
[7m  [0m[49m  [0m[49m  [0m[49m  [0m[49m  [0m[7m  [0m[49m  [0m[49m  [0m[7m  [0m[7m  [0m[7m  [0m[49m  [0m[49m  [0m[7m  [0m[49m  [0m[7m  [0m[7m  [0m[49m  [0m[49m  [0m[49m  [0m[7m  [0m[7m  [0m[7m  [0m[49m  [0m[7m  [0m[7m  [0m[7m  [0m
[7m  [0m[7m  [0m[49m  [0m[7m  [0m[49m  [0m[49m  [0m[49m  [0m[7m  [0m[7m  [0m[49m  [0m[7m  [0m[7m  [0m[49m  [0m[7m  [0m[7m  [0m[7m  [0m[49m  [0m[49m  [0m[49m  [0m[7m  [0m[49m  [0m[7m  [0m[7m  [0m[49m  [0m[49m  [0m[49m  [0m[7m  [0m
[7m  [0m[49m  [0m[7m  [0m[7m  [0m[7m  [0m[7m  [0m[49m  [0m[49m  [0m[49m  [0m[49m  [0m[49m  [0m[7m  [0m[49m  [0m[7m  [0m[7m  [0m[49m  [0m[7m  [0m[49m  [0m[7m  [0m[49m  [0m[49m  [0m[7m  [0m[7m  [0m[7m  [0m[49m  [0m[7m  [0m[7m  [0m
[7m  [0m[7m  [0m[49m  [0m[7m  [0m[49m  [0m[49m  [0m[49m  [0m[7m  [0m[49m  [0m[7m  [0m[7m  [0m[7m  [0m[49m  [0m[7m  [0m[7m  [0m[7m  [0m[7m  [0m[49m  [0m[7m  [0m[49m  [0m[7m  [0m[7m  [0m[49m  [0m[7m  [0m[7m  [0m[7m  [0m[7m  [0m
[7m  [0m[49m  [0m[49m  [0m[7m  [0m[49m  [0m[49m  [0m[7m  [0m[49m  [0m[49m  [0m[7m  [0m[49m  [0m[7m  [0m[7m  [0m[49m  [0m[7m  [0m[7m  [0m[49m  [0m[49m  [0m[49m  [0m[49m  [0m[49m  [0m[49m  [0m[49m  [0m[49m  [0m[7m  [0m[49m  [0m[7m  [0m
[7m  [0m[7m  [0m[7m  [0m[7m  [0m[7m  [0m[7m  [0m[7m  [0m[7m  [0m[7m  [0m[49m  [0m[49m  [0m[49m  [0m[7m  [0m[49m  [0m[49m  [0m[49m  [0m[49m  [0m[49m  [0m[7m  [0m[7m  [0m[7m  [0m[49m  [0m[7m  [0m[49m  [0m[49m  [0m[49m  [0m[7m  [0m
[7m  [0m[49m  [0m[49m  [0m[49m  [0m[49m  [0m[49m  [0m[49m  [0m[49m  [0m[7m  [0m[49m  [0m[49m  [0m[49m  [0m[49m  [0m[49m  [0m[7m  [0m[49m  [0m[49m  [0m[49m  [0m[7m  [0m[49m  [0m[7m  [0m[49m  [0m[49m  [0m[49m  [0m[7m  [0m[7m  [0m[7m  [0m
[7m  [0m[49m  [0m[7m  [0m[7m  [0m[7m  [0m[7m  [0m[7m  [0m[49m  [0m[7m  [0m[7m  [0m[7m  [0m[7m  [0m[7m  [0m[49m  [0m[7m  [0m[7m  [0m[7m  [0m[49m  [0m[7m  [0m[7m  [0m[7m  [0m[49m  [0m[7m  [0m[7m  [0m[7m  [0m[49m  [0m[7m  [0m
[7m  [0m[49m  [0m[7m  [0m[49m  [0m[49m  [0m[49m  [0m[7m  [0m[49m  [0m[7m  [0m[7m  [0m[7m  [0m[7m  [0m[7m  [0m[7m  [0m[7m  [0m[7m  [0m[49m  [0m[49m  [0m[49m  [0m[49m  [0m[49m  [0m[49m  [0m[49m  [0m[49m  [0m[7m  [0m[7m  [0m[7m  [0m
[7m  [0m[49m  [0m[7m  [0m[49m  [0m[49m  [0m[49m  [0m[7m  [0m[49m  [0m[7m  [0m[49m  [0m[7m  [0m[7m  [0m[49m  [0m[7m  [0m[7m  [0m[7m  [0m[49m  [0m[49m  [0m[49m  [0m[49m  [0m[7m  [0m[7m  [0m[49m  [0m[7m  [0m[49m  [0m[7m  [0m[7m  [0m
[7m  [0m[49m  [0m[7m  [0m[49m  [0m[49m  [0m[49m  [0m[7m  [0m[49m  [0m[7m  [0m[7m  [0m[49m  [0m[7m  [0m[7m  [0m[7m  [0m[7m  [0m[7m  [0m[7m  [0m[7m  [0m[7m  [0m[49m  [0m[7m  [0m[49m  [0m[7m  [0m[49m  [0m[7m  [0m[49m  [0m[7m  [0m
[7m  [0m[49m  [0m[7m  [0m[7m  [0m[7m  [0m[7m  [0m[7m  [0m[49m  [0m[7m  [0m[49m  [0m[49m  [0m[7m  [0m[7m  [0m[7m  [0m[7m  [0m[49m  [0m[49m  [0m[49m  [0m[7m  [0m[7m  [0m[7m  [0m[49m  [0m[7m  [0m[7m  [0m[7m  [0m[49m  [0m[7m  [0m
[7m  [0m[49m  [0m[49m  [0m[49m  [0m[49m  [0m[49m  [0m[49m  [0m[49m  [0m[7m  [0m[49m  [0m[49m  [0m[7m  [0m[7m  [0m[49m  [0m[7m  [0m[7m  [0m[7m  [0m[7m  [0m[7m  [0m[49m  [0m[7m  [0m[7m  [0m[49m  [0m[7m  [0m[7m  [0m[49m  [0m[7m  [0m
[7m  [0m[7m  [0m[7m  [0m[7m  [0m[7m  [0m[7m  [0m[7m  [0m[7m  [0m[7m  [0m[7m  [0m[7m  [0m[7m  [0m[7m  [0m[7m  [0m[7m  [0m[7m  [0m[7m  [0m[7m  [0m[7m  [0m[7m  [0m[7m  [0m[7m  [0m[7m  [0m[7m  [0m[7m  [0m[7m  [0m[7m  [0m

fed4adfc8e4bb3.lhr.life tunneled with tls termination, https://fed4adfc8e4bb3.lhr.life
create an account and add your key for a longer lasting domain name. see https://localhost.run/docs/forever-free/ for more information.
Open your tunnel address on your mobile with this QR:

[7m  [0m[7m  [0m[7m  [0m[7m  [0m[7m  [0m[7m  [0m[7m  [0m[7m  [0m[7m  [0m[7m  [0m[7m  [0m[7m  [0m[7m  [0m[7m  [0m[7m  [0m[7m  [0m[7m  [0m[7m  [0m[7m  [0m[7m  [0m[7m  [0m[7m  [0m[7m  [0m[7m  [0m[7m  [0m[7m  [0m[7m  [0m
[7m  [0m[49m  [0m[49m  [0m[49m  [0m[49m  [0m[49m  [0m[49m  [0m[49m  [0m[7m  [0m[49m  [0m[7m  [0m[7m  [0m[7m  [0m[7m  [0m[7m  [0m[7m  [0m[7m  [0m[7m  [0m[7m  [0m[49m  [0m[49m  [0m[49m  [0m[49m  [0m[49m  [0m[49m  [0m[49m  [0m[7m  [0m
[7m  [0m[49m  [0m[7m  [0m[7m  [0m[7m  [0m[7m  [0m[7m  [0m[49m  [0m[7m  [0m[49m  [0m[7m  [0m[7m  [0m[49m  [0m[49m  [0m[49m  [0m[49m  [0m[7m  [0m[49m  [0m[7m  [0m[49m  [0m[7m  [0m[7m  [0m[7m  [0m[7m  [0m[7m  [0m[49m  [0m[7m  [0m
[7m  [0m[49m  [0m[7m  [0m[49m  [0m[49m  [0m[49m  [0m[7m  [0m[49m  [0m[7m  [0m[49m  [0m[49m  [0m[7m  [0m[7m  [0m[49m  [0m[49m  [0m[7m  [0m[7m  [0m[49m  [0m[7m  [0m[49m  [0m[7m  [0m[49m  [0m[49m  [0m[49m  [0m[7m  [0m[49m  [0m[7m  [0m
[7m  [0m[49m  [0m[7m  [0m[49m  [0m[49m  [0m[49m  [0m[7m  [0m[49m  [0m[7m  [0m[49m  [0m[49m  [0m[49m  [0m[7m  [0m[49m  [0m[49m  [0m[49m  [0m[7m  [0m[7m  [0m[7m  [0m[49m  [0m[7m  [0m[49m  [0m[49m  [0m[49m  [0m[7m  [0m[49m  [0m[7m  [0m
[7m  [0m[49m  [0m[7m  [0m[49m  [0m[49m  [0m[49m  [0m[7m  [0m[49m  [0m[7m  [0m[7m  [0m[49m  [0m[49m  [0m[7m  [0m[49m  [0m[7m  [0m[49m  [0m[49m  [0m[7m  [0m[7m  [0m[49m  [0m[7m  [0m[49m  [0m[49m  [0m[49m  [0m[7m  [0m[49m  [0m[7m  [0m
[7m  [0m[49m  [0m[7m  [0m[7m  [0m[7m  [0m[7m  [0m[7m  [0m[49m  [0m[7m  [0m[49m  [0m[49m  [0m[49m  [0m[7m  [0m[7m  [0m[7m  [0m[7m  [0m[49m  [0m[49m  [0m[7m  [0m[49m  [0m[7m  [0m[7m  [0m[7m  [0m[7m  [0m[7m  [0m[49m  [0m[7m  [0m
[7m  [0m[49m  [0m[49m  [0m[49m  [0m[49m  [0m[49m  [0m[49m  [0m[49m  [0m[7m  [0m[49m  [0m[7m  [0m[49m  [0m[7m  [0m[49m  [0m[7m  [0m[49m  [0m[7m  [0m[49m  [0m[7m  [0m[49m  [0m[49m  [0m[49m  [0m[49m  [0m[49m  [0m[49m  [0m[49m  [0m[7m  [0m
[7m  [0m[7m  [0m[7m  [0m[7m  [0m[7m  [0m[7m  [0m[7m  [0m[7m  [0m[7m  [0m[7m  [0m[7m  [0m[49m  [0m[49m  [0m[7m  [0m[49m  [0m[7m  [0m[7m  [0m[49m  [0m[7m  [0m[7m  [0m[7m  [0m[7m  [0m[7m  [0m[7m  [0m[7m  [0m[7m  [0m[7m  [0m
[7m  [0m[49m  [0m[49m  [0m[7m  [0m[7m  [0m[49m  [0m[49m  [0m[49m  [0m[7m  [0m[7m  [0m[7m  [0m[49m  [0m[7m  [0m[49m  [0m[7m  [0m[7m  [0m[49m  [0m[49m  [0m[7m  [0m[7m  [0m[49m  [0m[7m  [0m[49m  [0m[49m  [0m[49m  [0m[49m  [0m[7m  [0m
[7m  [0m[49m  [0m[49m  [0m[49m  [0m[49m  [0m[49m  [0m[49m  [0m[7m  [0m[49m  [0m[49m  [0m[7m  [0m[7m  [0m[7m  [0m[7m  [0m[7m  [0m[49m  [0m[49m  [0m[7m  [0m[49m  [0m[7m  [0m[49m  [0m[49m  [0m[49m  [0m[7m  [0m[7m  [0m[7m  [0m[7m  [0m
[7m  [0m[7m  [0m[49m  [0m[7m  [0m[49m  [0m[7m  [0m[49m  [0m[49m  [0m[49m  [0m[7m  [0m[49m  [0m[49m  [0m[7m  [0m[7m  [0m[7m  [0m[49m  [0m[7m  [0m[49m  [0m[7m  [0m[49m  [0m[49m  [0m[49m  [0m[7m  [0m[49m  [0m[7m  [0m[7m  [0m[7m  [0m
[7m  [0m[49m  [0m[49m  [0m[49m  [0m[7m  [0m[7m  [0m[49m  [0m[7m  [0m[49m  [0m[49m  [0m[49m  [0m[7m  [0m[7m  [0m[49m  [0m[49m  [0m[7m  [0m[49m  [0m[7m  [0m[7m  [0m[7m  [0m[49m  [0m[7m  [0m[7m  [0m[49m  [0m[49m  [0m[49m  [0m[7m  [0m
[7m  [0m[7m  [0m[7m  [0m[49m  [0m[7m  [0m[7m  [0m[49m  [0m[49m  [0m[7m  [0m[49m  [0m[7m  [0m[7m  [0m[49m  [0m[7m  [0m[7m  [0m[7m  [0m[49m  [0m[49m  [0m[49m  [0m[49m  [0m[49m  [0m[7m  [0m[7m  [0m[7m  [0m[7m  [0m[7m  [0m[7m  [0m
[7m  [0m[49m  [0m[7m  [0m[7m  [0m[7m  [0m[7m  [0m[49m  [0m[7m  [0m[7m  [0m[49m  [0m[7m  [0m[49m  [0m[7m  [0m[49m  [0m[49m  [0m[49m  [0m[49m  [0m[49m  [0m[49m  [0m[49m  [0m[49m  [0m[7m  [0m[49m  [0m[7m  [0m[7m  [0m[7m  [0m[7m  [0m
[7m  [0m[7m  [0m[7m  [0m[7m  [0m[7m  [0m[49m  [0m[49m  [0m[49m  [0m[49m  [0m[7m  [0m[49m  [0m[7m  [0m[49m  [0m[49m  [0m[7m  [0m[49m  [0m[49m  [0m[49m  [0m[7m  [0m[7m  [0m[49m  [0m[7m  [0m[49m  [0m[7m  [0m[49m  [0m[49m  [0m[7m  [0m
[7m  [0m[7m  [0m[7m  [0m[49m  [0m[49m  [0m[7m  [0m[7m  [0m[7m  [0m[49m  [0m[49m  [0m[7m  [0m[49m  [0m[49m  [0m[7m  [0m[49m  [0m[7m  [0m[7m  [0m[7m  [0m[7m  [0m[49m  [0m[7m  [0m[49m  [0m[49m  [0m[49m  [0m[7m  [0m[7m  [0m[7m  [0m
[7m  [0m[49m  [0m[49m  [0m[49m  [0m[49m  [0m[49m  [0m[49m  [0m[49m  [0m[49m  [0m[7m  [0m[7m  [0m[49m  [0m[7m  [0m[49m  [0m[7m  [0m[7m  [0m[49m  [0m[49m  [0m[49m  [0m[49m  [0m[49m  [0m[49m  [0m[49m  [0m[49m  [0m[7m  [0m[49m  [0m[7m  [0m
[7m  [0m[7m  [0m[7m  [0m[7m  [0m[7m  [0m[7m  [0m[7m  [0m[7m  [0m[7m  [0m[49m  [0m[7m  [0m[49m  [0m[7m  [0m[7m  [0m[49m  [0m[49m  [0m[49m  [0m[49m  [0m[7m  [0m[7m  [0m[7m  [0m[49m  [0m[49m  [0m[49m  [0m[49m  [0m[7m  [0m[7m  [0m
[7m  [0m[49m  [0m[49m  [0m[49m  [0m[49m  [0m[49m  [0m[49m  [0m[49m  [0m[7m  [0m[7m  [0m[49m  [0m[7m  [0m[7m  [0m[7m  [0m[7m  [0m[7m  [0m[7m  [0m[49m  [0m[7m  [0m[49m  [0m[7m  [0m[49m  [0m[7m  [0m[49m  [0m[49m  [0m[49m  [0m[7m  [0m
[7m  [0m[49m  [0m[7m  [0m[7m  [0m[7m  [0m[7m  [0m[7m  [0m[49m  [0m[7m  [0m[49m  [0m[49m  [0m[7m  [0m[7m  [0m[49m  [0m[7m  [0m[7m  [0m[7m  [0m[49m  [0m[7m  [0m[7m  [0m[7m  [0m[49m  [0m[7m  [0m[7m  [0m[7m  [0m[49m  [0m[7m  [0m
[7m  [0m[49m  [0m[7m  [0m[49m  [0m[49m  [0m[49m  [0m[7m  [0m[49m  [0m[7m  [0m[49m  [0m[7m  [0m[49m  [0m[49m  [0m[7m  [0m[49m  [0m[49m  [0m[7m  [0m[49m  [0m[49m  [0m[49m  [0m[49m  [0m[49m  [0m[49m  [0m[7m  [0m[49m  [0m[7m  [0m[7m  [0m
[7m  [0m[49m  [0m[7m  [0m[49m  [0m[49m  [0m[49m  [0m[7m  [0m[49m  [0m[7m  [0m[7m  [0m[49m  [0m[49m  [0m[7m  [0m[49m  [0m[7m  [0m[49m  [0m[49m  [0m[7m  [0m[7m  [0m[7m  [0m[49m  [0m[49m  [0m[7m  [0m[7m  [0m[7m  [0m[49m  [0m[7m  [0m
[7m  [0m[49m  [0m[7m  [0m[49m  [0m[49m  [0m[49m  [0m[7m  [0m[49m  [0m[7m  [0m[7m  [0m[49m  [0m[49m  [0m[49m  [0m[49m  [0m[49m  [0m[49m  [0m[49m  [0m[49m  [0m[7m  [0m[7m  [0m[49m  [0m[7m  [0m[49m  [0m[7m  [0m[49m  [0m[7m  [0m[7m  [0m
[7m  [0m[49m  [0m[7m  [0m[7m  [0m[7m  [0m[7m  [0m[7m  [0m[49m  [0m[7m  [0m[49m  [0m[7m  [0m[49m  [0m[49m  [0m[7m  [0m[49m  [0m[7m  [0m[49m  [0m[7m  [0m[7m  [0m[7m  [0m[49m  [0m[7m  [0m[49m  [0m[7m  [0m[49m  [0m[49m  [0m[7m  [0m
[7m  [0m[49m  [0m[49m  [0m[49m  [0m[49m  [0m[49m  [0m[49m  [0m[49m  [0m[7m  [0m[49m  [0m[7m  [0m[49m  [0m[7m  [0m[49m  [0m[49m  [0m[7m  [0m[49m  [0m[7m  [0m[49m  [0m[7m  [0m[49m  [0m[49m  [0m[49m  [0m[49m  [0m[7m  [0m[49m  [0m[7m  [0m
[7m  [0m[7m  [0m[7m  [0m[7m  [0m[7m  [0m[7m  [0m[7m  [0m[7m  [0m[7m  [0m[7m  [0m[7m  [0m[7m  [0m[7m  [0m[7m  [0m[7m  [0m[7m  [0m[7m  [0m[7m  [0m[7m  [0m[7m  [0m[7m  [0m[7m  [0m[7m  [0m[7m  [0m[7m  [0m[7m  [0m[7m  [0m

4640b3973c83a3.lhr.life tunneled with tls termination, https://4640b3973c83a3.lhr.life
create an account and add your key for a longer lasting domain name. see https://localhost.run/docs/forever-free/ for more information.
Open your tunnel address on your mobile with this QR:

[7m  [0m[7m  [0m[7m  [0m[7m  [0m[7m  [0m[7m  [0m[7m  [0m[7m  [0m[7m  [0m[7m  [0m[7m  [0m[7m  [0m[7m  [0m[7m  [0m[7m  [0m[7m  [0m[7m  [0m[7m  [0m[7m  [0m[7m  [0m[7m  [0m[7m  [0m[7m  [0m[7m  [0m[7m  [0m[7m  [0m[7m  [0m
[7m  [0m[49m  [0m[49m  [0m[49m  [0m[49m  [0m[49m  [0m[49m  [0m[49m  [0m[7m  [0m[49m  [0m[7m  [0m[7m  [0m[7m  [0m[7m  [0m[7m  [0m[7m  [0m[7m  [0m[7m  [0m[7m  [0m[49m  [0m[49m  [0m[49m  [0m[49m  [0m[49m  [0m[49m  [0m[49m  [0m[7m  [0m
[7m  [0m[49m  [0m[7m  [0m[7m  [0m[7m  [0m[7m  [0m[7m  [0m[49m  [0m[7m  [0m[49m  [0m[7m  [0m[7m  [0m[49m  [0m[49m  [0m[49m  [0m[49m  [0m[7m  [0m[49m  [0m[7m  [0m[49m  [0m[7m  [0m[7m  [0m[7m  [0m[7m  [0m[7m  [0m[49m  [0m[7m  [0m
[7m  [0m[49m  [0m[7m  [0m[49m  [0m[49m  [0m[49m  [0m[7m  [0m[49m  [0m[7m  [0m[49m  [0m[49m  [0m[7m  [0m[7m  [0m[49m  [0m[49m  [0m[7m  [0m[7m  [0m[49m  [0m[7m  [0m[49m  [0m[7m  [0m[49m  [0m[49m  [0m[49m  [0m[7m  [0m[49m  [0m[7m  [0m
[7m  [0m[49m  [0m[7m  [0m[49m  [0m[49m  [0m[49m  [0m[7m  [0m[49m  [0m[7m  [0m[49m  [0m[49m  [0m[49m  [0m[7m  [0m[49m  [0m[49m  [0m[49m  [0m[7m  [0m[7m  [0m[7m  [0m[49m  [0m[7m  [0m[49m  [0m[49m  [0m[49m  [0m[7m  [0m[49m  [0m[7m  [0m
[7m  [0m[49m  [0m[7m  [0m[49m  [0m[49m  [0m[49m  [0m[7m  [0m[49m  [0m[7m  [0m[7m  [0m[49m  [0m[49m  [0m[7m  [0m[49m  [0m[7m  [0m[49m  [0m[49m  [0m[7m  [0m[7m  [0m[49m  [0m[7m  [0m[49m  [0m[49m  [0m[49m  [0m[7m  [0m[49m  [0m[7m  [0m
[7m  [0m[49m  [0m[7m  [0m[7m  [0m[7m  [0m[7m  [0m[7m  [0m[49m  [0m[7m  [0m[49m  [0m[49m  [0m[49m  [0m[7m  [0m[7m  [0m[7m  [0m[7m  [0m[49m  [0m[49m  [0m[7m  [0m[49m  [0m[7m  [0m[7m  [0m[7m  [0m[7m  [0m[7m  [0m[49m  [0m[7m  [0m
[7m  [0m[49m  [0m[49m  [0m[49m  [0m[49m  [0m[49m  [0m[49m  [0m[49m  [0m[7m  [0m[49m  [0m[7m  [0m[49m  [0m[7m  [0m[49m  [0m[7m  [0m[49m  [0m[7m  [0m[49m  [0m[7m  [0m[49m  [0m[49m  [0m[49m  [0m[49m  [0m[49m  [0m[49m  [0m[49m  [0m[7m  [0m
[7m  [0m[7m  [0m[7m  [0m[7m  [0m[7m  [0m[7m  [0m[7m  [0m[7m  [0m[7m  [0m[7m  [0m[7m  [0m[49m  [0m[49m  [0m[7m  [0m[49m  [0m[7m  [0m[7m  [0m[49m  [0m[7m  [0m[7m  [0m[7m  [0m[7m  [0m[7m  [0m[7m  [0m[7m  [0m[7m  [0m[7m  [0m
[7m  [0m[49m  [0m[49m  [0m[7m  [0m[7m  [0m[49m  [0m[49m  [0m[49m  [0m[7m  [0m[7m  [0m[7m  [0m[49m  [0m[7m  [0m[49m  [0m[7m  [0m[7m  [0m[49m  [0m[49m  [0m[7m  [0m[7m  [0m[49m  [0m[7m  [0m[49m  [0m[49m  [0m[49m  [0m[49m  [0m[7m  [0m
[7m  [0m[7m  [0m[7m  [0m[7m  [0m[49m  [0m[7m  [0m[7m  [0m[7m  [0m[49m  [0m[49m  [0m[7m  [0m[7m  [0m[7m  [0m[7m  [0m[7m  [0m[49m  [0m[49m  [0m[49m  [0m[7m  [0m[49m  [0m[7m  [0m[7m  [0m[49m  [0m[7m  [0m[7m  [0m[7m  [0m[7m  [0m
[7m  [0m[7m  [0m[7m  [0m[7m  [0m[49m  [0m[7m  [0m[49m  [0m[49m  [0m[7m  [0m[7m  [0m[49m  [0m[49m  [0m[7m  [0m[7m  [0m[7m  [0m[49m  [0m[49m  [0m[7m  [0m[49m  [0m[49m  [0m[49m  [0m[49m  [0m[7m  [0m[49m  [0m[7m  [0m[7m  [0m[7m  [0m
[7m  [0m[49m  [0m[7m  [0m[49m  [0m[49m  [0m[7m  [0m[49m  [0m[7m  [0m[49m  [0m[49m  [0m[49m  [0m[7m  [0m[7m  [0m[49m  [0m[49m  [0m[7m  [0m[49m  [0m[49m  [0m[49m  [0m[7m  [0m[49m  [0m[7m  [0m[7m  [0m[49m  [0m[49m  [0m[49m  [0m[7m  [0m
[7m  [0m[49m  [0m[7m  [0m[7m  [0m[7m  [0m[49m  [0m[49m  [0m[49m  [0m[49m  [0m[7m  [0m[7m  [0m[7m  [0m[49m  [0m[7m  [0m[7m  [0m[7m  [0m[7m  [0m[49m  [0m[49m  [0m[7m  [0m[49m  [0m[49m  [0m[7m  [0m[7m  [0m[7m  [0m[7m  [0m[7m  [0m
[7m  [0m[49m  [0m[49m  [0m[49m  [0m[49m  [0m[7m  [0m[7m  [0m[7m  [0m[7m  [0m[7m  [0m[49m  [0m[49m  [0m[7m  [0m[49m  [0m[49m  [0m[49m  [0m[49m  [0m[49m  [0m[7m  [0m[49m  [0m[49m  [0m[7m  [0m[49m  [0m[7m  [0m[7m  [0m[7m  [0m[7m  [0m
[7m  [0m[7m  [0m[7m  [0m[49m  [0m[49m  [0m[7m  [0m[7m  [0m[49m  [0m[49m  [0m[49m  [0m[7m  [0m[49m  [0m[49m  [0m[49m  [0m[7m  [0m[49m  [0m[49m  [0m[49m  [0m[7m  [0m[49m  [0m[7m  [0m[49m  [0m[49m  [0m[7m  [0m[49m  [0m[49m  [0m[7m  [0m
[7m  [0m[7m  [0m[7m  [0m[49m  [0m[49m  [0m[49m  [0m[7m  [0m[7m  [0m[49m  [0m[49m  [0m[49m  [0m[7m  [0m[49m  [0m[7m  [0m[49m  [0m[7m  [0m[7m  [0m[7m  [0m[49m  [0m[49m  [0m[49m  [0m[7m  [0m[49m  [0m[49m  [0m[7m  [0m[7m  [0m[7m  [0m
[7m  [0m[49m  [0m[49m  [0m[7m  [0m[7m  [0m[49m  [0m[7m  [0m[49m  [0m[7m  [0m[7m  [0m[7m  [0m[49m  [0m[7m  [0m[49m  [0m[7m  [0m[7m  [0m[7m  [0m[49m  [0m[49m  [0m[49m  [0m[49m  [0m[49m  [0m[49m  [0m[49m  [0m[7m  [0m[49m  [0m[7m  [0m
[7m  [0m[7m  [0m[7m  [0m[7m  [0m[7m  [0m[7m  [0m[7m  [0m[7m  [0m[7m  [0m[49m  [0m[49m  [0m[7m  [0m[7m  [0m[7m  [0m[49m  [0m[49m  [0m[49m  [0m[49m  [0m[7m  [0m[7m  [0m[7m  [0m[49m  [0m[49m  [0m[49m  [0m[49m  [0m[7m  [0m[7m  [0m
[7m  [0m[49m  [0m[49m  [0m[49m  [0m[49m  [0m[49m  [0m[49m  [0m[49m  [0m[7m  [0m[7m  [0m[49m  [0m[7m  [0m[7m  [0m[7m  [0m[7m  [0m[7m  [0m[49m  [0m[49m  [0m[7m  [0m[49m  [0m[7m  [0m[49m  [0m[7m  [0m[49m  [0m[49m  [0m[49m  [0m[7m  [0m
[7m  [0m[49m  [0m[7m  [0m[7m  [0m[7m  [0m[7m  [0m[7m  [0m[49m  [0m[7m  [0m[49m  [0m[49m  [0m[7m  [0m[7m  [0m[49m  [0m[7m  [0m[7m  [0m[7m  [0m[49m  [0m[7m  [0m[7m  [0m[7m  [0m[49m  [0m[7m  [0m[7m  [0m[7m  [0m[49m  [0m[7m  [0m
[7m  [0m[49m  [0m[7m  [0m[49m  [0m[49m  [0m[49m  [0m[7m  [0m[49m  [0m[7m  [0m[49m  [0m[7m  [0m[49m  [0m[49m  [0m[7m  [0m[49m  [0m[49m  [0m[49m  [0m[49m  [0m[49m  [0m[49m  [0m[49m  [0m[49m  [0m[49m  [0m[7m  [0m[49m  [0m[7m  [0m[7m  [0m
[7m  [0m[49m  [0m[7m  [0m[49m  [0m[49m  [0m[49m  [0m[7m  [0m[49m  [0m[7m  [0m[7m  [0m[49m  [0m[49m  [0m[7m  [0m[49m  [0m[7m  [0m[49m  [0m[7m  [0m[49m  [0m[7m  [0m[49m  [0m[7m  [0m[49m  [0m[7m  [0m[7m  [0m[7m  [0m[49m  [0m[7m  [0m
[7m  [0m[49m  [0m[7m  [0m[49m  [0m[49m  [0m[49m  [0m[7m  [0m[49m  [0m[7m  [0m[7m  [0m[7m  [0m[49m  [0m[49m  [0m[49m  [0m[49m  [0m[49m  [0m[49m  [0m[49m  [0m[49m  [0m[7m  [0m[7m  [0m[7m  [0m[49m  [0m[49m  [0m[49m  [0m[7m  [0m[7m  [0m
[7m  [0m[49m  [0m[7m  [0m[7m  [0m[7m  [0m[7m  [0m[7m  [0m[49m  [0m[7m  [0m[49m  [0m[49m  [0m[49m  [0m[49m  [0m[7m  [0m[49m  [0m[7m  [0m[7m  [0m[7m  [0m[49m  [0m[49m  [0m[7m  [0m[49m  [0m[49m  [0m[7m  [0m[49m  [0m[49m  [0m[7m  [0m
[7m  [0m[49m  [0m[49m  [0m[49m  [0m[49m  [0m[49m  [0m[49m  [0m[49m  [0m[7m  [0m[49m  [0m[49m  [0m[7m  [0m[7m  [0m[49m  [0m[49m  [0m[7m  [0m[7m  [0m[7m  [0m[49m  [0m[49m  [0m[49m  [0m[7m  [0m[49m  [0m[49m  [0m[7m  [0m[49m  [0m[7m  [0m
[7m  [0m[7m  [0m[7m  [0m[7m  [0m[7m  [0m[7m  [0m[7m  [0m[7m  [0m[7m  [0m[7m  [0m[7m  [0m[7m  [0m[7m  [0m[7m  [0m[7m  [0m[7m  [0m[7m  [0m[7m  [0m[7m  [0m[7m  [0m[7m  [0m[7m  [0m[7m  [0m[7m  [0m[7m  [0m[7m  [0m[7m  [0m

92b7b8cb8f62a3.lhr.life tunneled with tls termination, https://92b7b8cb8f62a3.lhr.life
create an account and add your key for a longer lasting domain name. see https://localhost.run/docs/forever-free/ for more information.
Open your tunnel address on your mobile with this QR:

[7m  [0m[7m  [0m[7m  [0m[7m  [0m[7m  [0m[7m  [0m[7m  [0m[7m  [0m[7m  [0m[7m  [0m[7m  [0m[7m  [0m[7m  [0m[7m  [0m[7m  [0m[7m  [0m[7m  [0m[7m  [0m[7m  [0m[7m  [0m[7m  [0m[7m  [0m[7m  [0m[7m  [0m[7m  [0m[7m  [0m[7m  [0m
[7m  [0m[49m  [0m[49m  [0m[49m  [0m[49m  [0m[49m  [0m[49m  [0m[49m  [0m[7m  [0m[49m  [0m[7m  [0m[7m  [0m[7m  [0m[7m  [0m[7m  [0m[7m  [0m[7m  [0m[7m  [0m[7m  [0m[49m  [0m[49m  [0m[49m  [0m[49m  [0m[49m  [0m[49m  [0m[49m  [0m[7m  [0m
[7m  [0m[49m  [0m[7m  [0m[7m  [0m[7m  [0m[7m  [0m[7m  [0m[49m  [0m[7m  [0m[49m  [0m[7m  [0m[7m  [0m[49m  [0m[49m  [0m[49m  [0m[49m  [0m[7m  [0m[49m  [0m[7m  [0m[49m  [0m[7m  [0m[7m  [0m[7m  [0m[7m  [0m[7m  [0m[49m  [0m[7m  [0m
[7m  [0m[49m  [0m[7m  [0m[49m  [0m[49m  [0m[49m  [0m[7m  [0m[49m  [0m[7m  [0m[49m  [0m[49m  [0m[7m  [0m[7m  [0m[49m  [0m[49m  [0m[7m  [0m[7m  [0m[49m  [0m[7m  [0m[49m  [0m[7m  [0m[49m  [0m[49m  [0m[49m  [0m[7m  [0m[49m  [0m[7m  [0m
[7m  [0m[49m  [0m[7m  [0m[49m  [0m[49m  [0m[49m  [0m[7m  [0m[49m  [0m[7m  [0m[49m  [0m[49m  [0m[49m  [0m[7m  [0m[49m  [0m[49m  [0m[49m  [0m[7m  [0m[7m  [0m[7m  [0m[49m  [0m[7m  [0m[49m  [0m[49m  [0m[49m  [0m[7m  [0m[49m  [0m[7m  [0m
[7m  [0m[49m  [0m[7m  [0m[49m  [0m[49m  [0m[49m  [0m[7m  [0m[49m  [0m[7m  [0m[7m  [0m[49m  [0m[49m  [0m[7m  [0m[49m  [0m[7m  [0m[49m  [0m[49m  [0m[7m  [0m[7m  [0m[49m  [0m[7m  [0m[49m  [0m[49m  [0m[49m  [0m[7m  [0m[49m  [0m[7m  [0m
[7m  [0m[49m  [0m[7m  [0m[7m  [0m[7m  [0m[7m  [0m[7m  [0m[49m  [0m[7m  [0m[49m  [0m[49m  [0m[49m  [0m[7m  [0m[7m  [0m[7m  [0m[7m  [0m[49m  [0m[49m  [0m[7m  [0m[49m  [0m[7m  [0m[7m  [0m[7m  [0m[7m  [0m[7m  [0m[49m  [0m[7m  [0m
[7m  [0m[49m  [0m[49m  [0m[49m  [0m[49m  [0m[49m  [0m[49m  [0m[49m  [0m[7m  [0m[49m  [0m[7m  [0m[49m  [0m[7m  [0m[49m  [0m[7m  [0m[49m  [0m[7m  [0m[49m  [0m[7m  [0m[49m  [0m[49m  [0m[49m  [0m[49m  [0m[49m  [0m[49m  [0m[49m  [0m[7m  [0m
[7m  [0m[7m  [0m[7m  [0m[7m  [0m[7m  [0m[7m  [0m[7m  [0m[7m  [0m[7m  [0m[7m  [0m[7m  [0m[49m  [0m[49m  [0m[7m  [0m[49m  [0m[7m  [0m[7m  [0m[49m  [0m[7m  [0m[7m  [0m[7m  [0m[7m  [0m[7m  [0m[7m  [0m[7m  [0m[7m  [0m[7m  [0m
[7m  [0m[49m  [0m[49m  [0m[7m  [0m[7m  [0m[49m  [0m[49m  [0m[49m  [0m[7m  [0m[7m  [0m[7m  [0m[49m  [0m[7m  [0m[49m  [0m[7m  [0m[7m  [0m[49m  [0m[49m  [0m[7m  [0m[7m  [0m[49m  [0m[7m  [0m[49m  [0m[49m  [0m[49m  [0m[49m  [0m[7m  [0m
[7m  [0m[49m  [0m[7m  [0m[7m  [0m[49m  [0m[7m  [0m[7m  [0m[7m  [0m[7m  [0m[49m  [0m[7m  [0m[7m  [0m[7m  [0m[7m  [0m[7m  [0m[49m  [0m[49m  [0m[49m  [0m[49m  [0m[49m  [0m[7m  [0m[7m  [0m[49m  [0m[7m  [0m[7m  [0m[7m  [0m[7m  [0m
[7m  [0m[7m  [0m[49m  [0m[49m  [0m[7m  [0m[49m  [0m[49m  [0m[49m  [0m[7m  [0m[7m  [0m[49m  [0m[49m  [0m[7m  [0m[7m  [0m[7m  [0m[49m  [0m[49m  [0m[7m  [0m[7m  [0m[49m  [0m[49m  [0m[49m  [0m[7m  [0m[49m  [0m[7m  [0m[7m  [0m[7m  [0m
[7m  [0m[49m  [0m[49m  [0m[7m  [0m[49m  [0m[7m  [0m[49m  [0m[7m  [0m[49m  [0m[49m  [0m[49m  [0m[7m  [0m[7m  [0m[49m  [0m[49m  [0m[7m  [0m[49m  [0m[49m  [0m[7m  [0m[7m  [0m[49m  [0m[7m  [0m[7m  [0m[49m  [0m[49m  [0m[49m  [0m[7m  [0m
[7m  [0m[7m  [0m[49m  [0m[7m  [0m[49m  [0m[7m  [0m[49m  [0m[49m  [0m[49m  [0m[7m  [0m[7m  [0m[7m  [0m[49m  [0m[7m  [0m[7m  [0m[7m  [0m[7m  [0m[49m  [0m[7m  [0m[49m  [0m[49m  [0m[49m  [0m[7m  [0m[7m  [0m[7m  [0m[7m  [0m[7m  [0m
[7m  [0m[49m  [0m[49m  [0m[49m  [0m[49m  [0m[7m  [0m[7m  [0m[7m  [0m[49m  [0m[7m  [0m[49m  [0m[49m  [0m[7m  [0m[49m  [0m[49m  [0m[49m  [0m[49m  [0m[49m  [0m[49m  [0m[49m  [0m[7m  [0m[7m  [0m[49m  [0m[7m  [0m[7m  [0m[7m  [0m[7m  [0m
[7m  [0m[7m  [0m[7m  [0m[7m  [0m[49m  [0m[7m  [0m[7m  [0m[49m  [0m[7m  [0m[49m  [0m[7m  [0m[49m  [0m[49m  [0m[49m  [0m[7m  [0m[49m  [0m[49m  [0m[49m  [0m[49m  [0m[7m  [0m[7m  [0m[49m  [0m[49m  [0m[7m  [0m[49m  [0m[49m  [0m[7m  [0m
[7m  [0m[7m  [0m[7m  [0m[7m  [0m[49m  [0m[49m  [0m[49m  [0m[7m  [0m[49m  [0m[7m  [0m[7m  [0m[7m  [0m[49m  [0m[7m  [0m[49m  [0m[7m  [0m[49m  [0m[49m  [0m[7m  [0m[49m  [0m[49m  [0m[49m  [0m[49m  [0m[49m  [0m[7m  [0m[7m  [0m[7m  [0m
[7m  [0m[49m  [0m[49m  [0m[49m  [0m[49m  [0m[7m  [0m[7m  [0m[49m  [0m[7m  [0m[49m  [0m[7m  [0m[7m  [0m[7m  [0m[49m  [0m[7m  [0m[7m  [0m[7m  [0m[49m  [0m[49m  [0m[49m  [0m[49m  [0m[49m  [0m[49m  [0m[49m  [0m[7m  [0m[49m  [0m[7m  [0m
[7m  [0m[7m  [0m[7m  [0m[7m  [0m[7m  [0m[7m  [0m[7m  [0m[7m  [0m[7m  [0m[49m  [0m[7m  [0m[49m  [0m[7m  [0m[7m  [0m[49m  [0m[49m  [0m[7m  [0m[49m  [0m[7m  [0m[7m  [0m[7m  [0m[49m  [0m[49m  [0m[49m  [0m[49m  [0m[7m  [0m[7m  [0m
[7m  [0m[49m  [0m[49m  [0m[49m  [0m[49m  [0m[49m  [0m[49m  [0m[49m  [0m[7m  [0m[7m  [0m[49m  [0m[7m  [0m[7m  [0m[7m  [0m[7m  [0m[7m  [0m[7m  [0m[49m  [0m[7m  [0m[49m  [0m[7m  [0m[49m  [0m[7m  [0m[49m  [0m[49m  [0m[49m  [0m[7m  [0m
[7m  [0m[49m  [0m[7m  [0m[7m  [0m[7m  [0m[7m  [0m[7m  [0m[49m  [0m[7m  [0m[49m  [0m[49m  [0m[7m  [0m[7m  [0m[49m  [0m[7m  [0m[7m  [0m[49m  [0m[49m  [0m[7m  [0m[7m  [0m[7m  [0m[49m  [0m[7m  [0m[7m  [0m[7m  [0m[49m  [0m[7m  [0m
[7m  [0m[49m  [0m[7m  [0m[49m  [0m[49m  [0m[49m  [0m[7m  [0m[49m  [0m[7m  [0m[49m  [0m[7m  [0m[7m  [0m[49m  [0m[7m  [0m[49m  [0m[49m  [0m[7m  [0m[49m  [0m[49m  [0m[49m  [0m[49m  [0m[49m  [0m[49m  [0m[7m  [0m[49m  [0m[7m  [0m[7m  [0m
[7m  [0m[49m  [0m[7m  [0m[49m  [0m[49m  [0m[49m  [0m[7m  [0m[49m  [0m[7m  [0m[7m  [0m[7m  [0m[49m  [0m[7m  [0m[49m  [0m[7m  [0m[49m  [0m[7m  [0m[49m  [0m[7m  [0m[7m  [0m[7m  [0m[7m  [0m[7m  [0m[7m  [0m[7m  [0m[49m  [0m[7m  [0m
[7m  [0m[49m  [0m[7m  [0m[49m  [0m[49m  [0m[49m  [0m[7m  [0m[49m  [0m[7m  [0m[7m  [0m[49m  [0m[7m  [0m[49m  [0m[49m  [0m[49m  [0m[49m  [0m[49m  [0m[49m  [0m[7m  [0m[7m  [0m[7m  [0m[7m  [0m[7m  [0m[49m  [0m[49m  [0m[7m  [0m[7m  [0m
[7m  [0m[49m  [0m[7m  [0m[7m  [0m[7m  [0m[7m  [0m[7m  [0m[49m  [0m[7m  [0m[49m  [0m[7m  [0m[7m  [0m[49m  [0m[7m  [0m[49m  [0m[7m  [0m[7m  [0m[7m  [0m[7m  [0m[7m  [0m[49m  [0m[49m  [0m[49m  [0m[7m  [0m[49m  [0m[49m  [0m[7m  [0m
[7m  [0m[49m  [0m[49m  [0m[49m  [0m[49m  [0m[49m  [0m[49m  [0m[49m  [0m[7m  [0m[49m  [0m[49m  [0m[49m  [0m[7m  [0m[49m  [0m[49m  [0m[7m  [0m[49m  [0m[7m  [0m[49m  [0m[7m  [0m[7m  [0m[49m  [0m[49m  [0m[7m  [0m[7m  [0m[49m  [0m[7m  [0m
[7m  [0m[7m  [0m[7m  [0m[7m  [0m[7m  [0m[7m  [0m[7m  [0m[7m  [0m[7m  [0m[7m  [0m[7m  [0m[7m  [0m[7m  [0m[7m  [0m[7m  [0m[7m  [0m[7m  [0m[7m  [0m[7m  [0m[7m  [0m[7m  [0m[7m  [0m[7m  [0m[7m  [0m[7m  [0m[7m  [0m[7m  [0m

ab502b0bf92f6a.lhr.life tunneled with tls termination, https://ab502b0bf92f6a.lhr.life
create an account and add your key for a longer lasting domain name. see https://localhost.run/docs/forever-free/ for more information.
Open your tunnel address on your mobile with this QR:

[7m  [0m[7m  [0m[7m  [0m[7m  [0m[7m  [0m[7m  [0m[7m  [0m[7m  [0m[7m  [0m[7m  [0m[7m  [0m[7m  [0m[7m  [0m[7m  [0m[7m  [0m[7m  [0m[7m  [0m[7m  [0m[7m  [0m[7m  [0m[7m  [0m[7m  [0m[7m  [0m[7m  [0m[7m  [0m[7m  [0m[7m  [0m
[7m  [0m[49m  [0m[49m  [0m[49m  [0m[49m  [0m[49m  [0m[49m  [0m[49m  [0m[7m  [0m[7m  [0m[7m  [0m[49m  [0m[7m  [0m[7m  [0m[49m  [0m[7m  [0m[7m  [0m[49m  [0m[7m  [0m[49m  [0m[49m  [0m[49m  [0m[49m  [0m[49m  [0m[49m  [0m[49m  [0m[7m  [0m
[7m  [0m[49m  [0m[7m  [0m[7m  [0m[7m  [0m[7m  [0m[7m  [0m[49m  [0m[7m  [0m[49m  [0m[49m  [0m[49m  [0m[7m  [0m[7m  [0m[7m  [0m[7m  [0m[49m  [0m[7m  [0m[7m  [0m[49m  [0m[7m  [0m[7m  [0m[7m  [0m[7m  [0m[7m  [0m[49m  [0m[7m  [0m
[7m  [0m[49m  [0m[7m  [0m[49m  [0m[49m  [0m[49m  [0m[7m  [0m[49m  [0m[7m  [0m[49m  [0m[7m  [0m[7m  [0m[7m  [0m[7m  [0m[49m  [0m[7m  [0m[49m  [0m[49m  [0m[7m  [0m[49m  [0m[7m  [0m[49m  [0m[49m  [0m[49m  [0m[7m  [0m[49m  [0m[7m  [0m
[7m  [0m[49m  [0m[7m  [0m[49m  [0m[49m  [0m[49m  [0m[7m  [0m[49m  [0m[7m  [0m[7m  [0m[49m  [0m[7m  [0m[7m  [0m[49m  [0m[7m  [0m[49m  [0m[7m  [0m[49m  [0m[7m  [0m[49m  [0m[7m  [0m[49m  [0m[49m  [0m[49m  [0m[7m  [0m[49m  [0m[7m  [0m
[7m  [0m[49m  [0m[7m  [0m[49m  [0m[49m  [0m[49m  [0m[7m  [0m[49m  [0m[7m  [0m[49m  [0m[49m  [0m[49m  [0m[7m  [0m[49m  [0m[7m  [0m[49m  [0m[49m  [0m[7m  [0m[7m  [0m[49m  [0m[7m  [0m[49m  [0m[49m  [0m[49m  [0m[7m  [0m[49m  [0m[7m  [0m
[7m  [0m[49m  [0m[7m  [0m[7m  [0m[7m  [0m[7m  [0m[7m  [0m[49m  [0m[7m  [0m[49m  [0m[7m  [0m[49m  [0m[7m  [0m[49m  [0m[7m  [0m[7m  [0m[7m  [0m[49m  [0m[7m  [0m[49m  [0m[7m  [0m[7m  [0m[7m  [0m[7m  [0m[7m  [0m[49m  [0m[7m  [0m
[7m  [0m[49m  [0m[49m  [0m[49m  [0m[49m  [0m[49m  [0m[49m  [0m[49m  [0m[7m  [0m[49m  [0m[7m  [0m[49m  [0m[7m  [0m[49m  [0m[7m  [0m[49m  [0m[7m  [0m[49m  [0m[7m  [0m[49m  [0m[49m  [0m[49m  [0m[49m  [0m[49m  [0m[49m  [0m[49m  [0m[7m  [0m
[7m  [0m[7m  [0m[7m  [0m[7m  [0m[7m  [0m[7m  [0m[7m  [0m[7m  [0m[7m  [0m[49m  [0m[7m  [0m[49m  [0m[49m  [0m[7m  [0m[49m  [0m[7m  [0m[7m  [0m[49m  [0m[7m  [0m[7m  [0m[7m  [0m[7m  [0m[7m  [0m[7m  [0m[7m  [0m[7m  [0m[7m  [0m
[7m  [0m[49m  [0m[49m  [0m[7m  [0m[49m  [0m[7m  [0m[7m  [0m[49m  [0m[49m  [0m[7m  [0m[7m  [0m[7m  [0m[49m  [0m[49m  [0m[49m  [0m[49m  [0m[49m  [0m[7m  [0m[7m  [0m[49m  [0m[49m  [0m[49m  [0m[7m  [0m[49m  [0m[49m  [0m[7m  [0m[7m  [0m
[7m  [0m[7m  [0m[7m  [0m[7m  [0m[7m  [0m[7m  [0m[7m  [0m[7m  [0m[7m  [0m[7m  [0m[49m  [0m[7m  [0m[49m  [0m[49m  [0m[7m  [0m[7m  [0m[7m  [0m[7m  [0m[7m  [0m[7m  [0m[49m  [0m[49m  [0m[7m  [0m[7m  [0m[49m  [0m[49m  [0m[7m  [0m
[7m  [0m[49m  [0m[49m  [0m[49m  [0m[49m  [0m[7m  [0m[7m  [0m[49m  [0m[49m  [0m[49m  [0m[7m  [0m[7m  [0m[49m  [0m[49m  [0m[49m  [0m[7m  [0m[7m  [0m[7m  [0m[49m  [0m[49m  [0m[7m  [0m[49m  [0m[49m  [0m[7m  [0m[49m  [0m[49m  [0m[7m  [0m
[7m  [0m[7m  [0m[49m  [0m[49m  [0m[49m  [0m[49m  [0m[7m  [0m[7m  [0m[7m  [0m[7m  [0m[49m  [0m[49m  [0m[49m  [0m[49m  [0m[7m  [0m[49m  [0m[7m  [0m[49m  [0m[7m  [0m[7m  [0m[49m  [0m[49m  [0m[7m  [0m[7m  [0m[7m  [0m[49m  [0m[7m  [0m
[7m  [0m[49m  [0m[7m  [0m[49m  [0m[7m  [0m[49m  [0m[7m  [0m[49m  [0m[7m  [0m[7m  [0m[7m  [0m[49m  [0m[49m  [0m[7m  [0m[49m  [0m[7m  [0m[7m  [0m[49m  [0m[7m  [0m[49m  [0m[7m  [0m[7m  [0m[7m  [0m[49m  [0m[7m  [0m[7m  [0m[7m  [0m
[7m  [0m[7m  [0m[49m  [0m[49m  [0m[49m  [0m[49m  [0m[49m  [0m[7m  [0m[7m  [0m[7m  [0m[7m  [0m[7m  [0m[49m  [0m[7m  [0m[7m  [0m[7m  [0m[49m  [0m[7m  [0m[49m  [0m[7m  [0m[7m  [0m[7m  [0m[7m  [0m[49m  [0m[49m  [0m[49m  [0m[7m  [0m
[7m  [0m[49m  [0m[7m  [0m[7m  [0m[49m  [0m[7m  [0m[7m  [0m[49m  [0m[49m  [0m[7m  [0m[7m  [0m[49m  [0m[49m  [0m[7m  [0m[7m  [0m[49m  [0m[7m  [0m[49m  [0m[7m  [0m[49m  [0m[7m  [0m[7m  [0m[7m  [0m[7m  [0m[49m  [0m[7m  [0m[7m  [0m
[7m  [0m[7m  [0m[49m  [0m[7m  [0m[49m  [0m[49m  [0m[49m  [0m[7m  [0m[7m  [0m[49m  [0m[49m  [0m[49m  [0m[49m  [0m[7m  [0m[7m  [0m[7m  [0m[7m  [0m[7m  [0m[7m  [0m[7m  [0m[7m  [0m[49m  [0m[49m  [0m[7m  [0m[7m  [0m[7m  [0m[7m  [0m
[7m  [0m[49m  [0m[49m  [0m[49m  [0m[49m  [0m[49m  [0m[7m  [0m[49m  [0m[7m  [0m[49m  [0m[49m  [0m[7m  [0m[7m  [0m[49m  [0m[7m  [0m[7m  [0m[7m  [0m[49m  [0m[49m  [0m[49m  [0m[49m  [0m[49m  [0m[49m  [0m[49m  [0m[7m  [0m[49m  [0m[7m  [0m
[7m  [0m[7m  [0m[7m  [0m[7m  [0m[7m  [0m[7m  [0m[7m  [0m[7m  [0m[7m  [0m[49m  [0m[7m  [0m[49m  [0m[7m  [0m[49m  [0m[49m  [0m[49m  [0m[7m  [0m[49m  [0m[7m  [0m[7m  [0m[7m  [0m[49m  [0m[7m  [0m[49m  [0m[49m  [0m[49m  [0m[7m  [0m
[7m  [0m[49m  [0m[49m  [0m[49m  [0m[49m  [0m[49m  [0m[49m  [0m[49m  [0m[7m  [0m[49m  [0m[49m  [0m[49m  [0m[49m  [0m[49m  [0m[7m  [0m[49m  [0m[7m  [0m[49m  [0m[7m  [0m[49m  [0m[7m  [0m[49m  [0m[49m  [0m[49m  [0m[7m  [0m[7m  [0m[7m  [0m
[7m  [0m[49m  [0m[7m  [0m[7m  [0m[7m  [0m[7m  [0m[7m  [0m[49m  [0m[7m  [0m[7m  [0m[49m  [0m[7m  [0m[7m  [0m[49m  [0m[7m  [0m[7m  [0m[7m  [0m[49m  [0m[7m  [0m[7m  [0m[7m  [0m[49m  [0m[7m  [0m[7m  [0m[7m  [0m[49m  [0m[7m  [0m
[7m  [0m[49m  [0m[7m  [0m[49m  [0m[49m  [0m[49m  [0m[7m  [0m[49m  [0m[7m  [0m[7m  [0m[7m  [0m[7m  [0m[7m  [0m[7m  [0m[7m  [0m[7m  [0m[49m  [0m[49m  [0m[49m  [0m[49m  [0m[49m  [0m[49m  [0m[49m  [0m[49m  [0m[7m  [0m[7m  [0m[7m  [0m
[7m  [0m[49m  [0m[7m  [0m[49m  [0m[49m  [0m[49m  [0m[7m  [0m[49m  [0m[7m  [0m[49m  [0m[7m  [0m[7m  [0m[49m  [0m[7m  [0m[7m  [0m[7m  [0m[49m  [0m[7m  [0m[49m  [0m[49m  [0m[7m  [0m[7m  [0m[49m  [0m[7m  [0m[49m  [0m[7m  [0m[7m  [0m
[7m  [0m[49m  [0m[7m  [0m[49m  [0m[49m  [0m[49m  [0m[7m  [0m[49m  [0m[7m  [0m[7m  [0m[49m  [0m[7m  [0m[7m  [0m[7m  [0m[7m  [0m[7m  [0m[7m  [0m[7m  [0m[7m  [0m[7m  [0m[49m  [0m[49m  [0m[49m  [0m[7m  [0m[7m  [0m[49m  [0m[7m  [0m
[7m  [0m[49m  [0m[7m  [0m[7m  [0m[7m  [0m[7m  [0m[7m  [0m[49m  [0m[7m  [0m[49m  [0m[7m  [0m[49m  [0m[7m  [0m[7m  [0m[7m  [0m[49m  [0m[49m  [0m[7m  [0m[7m  [0m[49m  [0m[7m  [0m[49m  [0m[7m  [0m[49m  [0m[7m  [0m[49m  [0m[7m  [0m
[7m  [0m[49m  [0m[49m  [0m[49m  [0m[49m  [0m[49m  [0m[49m  [0m[49m  [0m[7m  [0m[49m  [0m[7m  [0m[49m  [0m[7m  [0m[49m  [0m[7m  [0m[7m  [0m[49m  [0m[7m  [0m[7m  [0m[7m  [0m[49m  [0m[7m  [0m[7m  [0m[49m  [0m[7m  [0m[49m  [0m[7m  [0m
[7m  [0m[7m  [0m[7m  [0m[7m  [0m[7m  [0m[7m  [0m[7m  [0m[7m  [0m[7m  [0m[7m  [0m[7m  [0m[7m  [0m[7m  [0m[7m  [0m[7m  [0m[7m  [0m[7m  [0m[7m  [0m[7m  [0m[7m  [0m[7m  [0m[7m  [0m[7m  [0m[7m  [0m[7m  [0m[7m  [0m[7m  [0m

c4b45f39ee01ef.lhr.life tunneled with tls termination, https://c4b45f39ee01ef.lhr.life
create an account and add your key for a longer lasting domain name. see https://localhost.run/docs/forever-free/ for more information.
Open your tunnel address on your mobile with this QR:

[7m  [0m[7m  [0m[7m  [0m[7m  [0m[7m  [0m[7m  [0m[7m  [0m[7m  [0m[7m  [0m[7m  [0m[7m  [0m[7m  [0m[7m  [0m[7m  [0m[7m  [0m[7m  [0m[7m  [0m[7m  [0m[7m  [0m[7m  [0m[7m  [0m[7m  [0m[7m  [0m[7m  [0m[7m  [0m[7m  [0m[7m  [0m
[7m  [0m[49m  [0m[49m  [0m[49m  [0m[49m  [0m[49m  [0m[49m  [0m[49m  [0m[7m  [0m[7m  [0m[7m  [0m[49m  [0m[7m  [0m[7m  [0m[49m  [0m[7m  [0m[7m  [0m[49m  [0m[7m  [0m[49m  [0m[49m  [0m[49m  [0m[49m  [0m[49m  [0m[49m  [0m[49m  [0m[7m  [0m
[7m  [0m[49m  [0m[7m  [0m[7m  [0m[7m  [0m[7m  [0m[7m  [0m[49m  [0m[7m  [0m[49m  [0m[49m  [0m[49m  [0m[7m  [0m[7m  [0m[7m  [0m[7m  [0m[49m  [0m[7m  [0m[7m  [0m[49m  [0m[7m  [0m[7m  [0m[7m  [0m[7m  [0m[7m  [0m[49m  [0m[7m  [0m
[7m  [0m[49m  [0m[7m  [0m[49m  [0m[49m  [0m[49m  [0m[7m  [0m[49m  [0m[7m  [0m[49m  [0m[7m  [0m[7m  [0m[7m  [0m[7m  [0m[49m  [0m[7m  [0m[49m  [0m[49m  [0m[7m  [0m[49m  [0m[7m  [0m[49m  [0m[49m  [0m[49m  [0m[7m  [0m[49m  [0m[7m  [0m
[7m  [0m[49m  [0m[7m  [0m[49m  [0m[49m  [0m[49m  [0m[7m  [0m[49m  [0m[7m  [0m[7m  [0m[49m  [0m[7m  [0m[7m  [0m[49m  [0m[7m  [0m[49m  [0m[7m  [0m[49m  [0m[7m  [0m[49m  [0m[7m  [0m[49m  [0m[49m  [0m[49m  [0m[7m  [0m[49m  [0m[7m  [0m
[7m  [0m[49m  [0m[7m  [0m[49m  [0m[49m  [0m[49m  [0m[7m  [0m[49m  [0m[7m  [0m[49m  [0m[49m  [0m[49m  [0m[7m  [0m[49m  [0m[7m  [0m[49m  [0m[49m  [0m[7m  [0m[7m  [0m[49m  [0m[7m  [0m[49m  [0m[49m  [0m[49m  [0m[7m  [0m[49m  [0m[7m  [0m
[7m  [0m[49m  [0m[7m  [0m[7m  [0m[7m  [0m[7m  [0m[7m  [0m[49m  [0m[7m  [0m[49m  [0m[7m  [0m[49m  [0m[7m  [0m[49m  [0m[7m  [0m[7m  [0m[7m  [0m[49m  [0m[7m  [0m[49m  [0m[7m  [0m[7m  [0m[7m  [0m[7m  [0m[7m  [0m[49m  [0m[7m  [0m
[7m  [0m[49m  [0m[49m  [0m[49m  [0m[49m  [0m[49m  [0m[49m  [0m[49m  [0m[7m  [0m[49m  [0m[7m  [0m[49m  [0m[7m  [0m[49m  [0m[7m  [0m[49m  [0m[7m  [0m[49m  [0m[7m  [0m[49m  [0m[49m  [0m[49m  [0m[49m  [0m[49m  [0m[49m  [0m[49m  [0m[7m  [0m
[7m  [0m[7m  [0m[7m  [0m[7m  [0m[7m  [0m[7m  [0m[7m  [0m[7m  [0m[7m  [0m[49m  [0m[7m  [0m[49m  [0m[49m  [0m[7m  [0m[49m  [0m[7m  [0m[7m  [0m[49m  [0m[7m  [0m[7m  [0m[7m  [0m[7m  [0m[7m  [0m[7m  [0m[7m  [0m[7m  [0m[7m  [0m
[7m  [0m[49m  [0m[49m  [0m[7m  [0m[49m  [0m[7m  [0m[7m  [0m[49m  [0m[49m  [0m[7m  [0m[7m  [0m[7m  [0m[49m  [0m[49m  [0m[49m  [0m[49m  [0m[49m  [0m[7m  [0m[7m  [0m[49m  [0m[49m  [0m[49m  [0m[7m  [0m[49m  [0m[49m  [0m[7m  [0m[7m  [0m
[7m  [0m[49m  [0m[7m  [0m[49m  [0m[7m  [0m[7m  [0m[49m  [0m[7m  [0m[7m  [0m[49m  [0m[49m  [0m[7m  [0m[49m  [0m[49m  [0m[7m  [0m[7m  [0m[7m  [0m[49m  [0m[49m  [0m[7m  [0m[7m  [0m[49m  [0m[7m  [0m[7m  [0m[49m  [0m[49m  [0m[7m  [0m
[7m  [0m[49m  [0m[49m  [0m[49m  [0m[49m  [0m[7m  [0m[49m  [0m[49m  [0m[7m  [0m[49m  [0m[7m  [0m[7m  [0m[49m  [0m[49m  [0m[49m  [0m[7m  [0m[7m  [0m[49m  [0m[7m  [0m[49m  [0m[7m  [0m[7m  [0m[49m  [0m[7m  [0m[49m  [0m[49m  [0m[7m  [0m
[7m  [0m[49m  [0m[7m  [0m[49m  [0m[7m  [0m[49m  [0m[49m  [0m[7m  [0m[49m  [0m[49m  [0m[49m  [0m[49m  [0m[49m  [0m[49m  [0m[7m  [0m[49m  [0m[49m  [0m[7m  [0m[7m  [0m[7m  [0m[49m  [0m[49m  [0m[7m  [0m[7m  [0m[7m  [0m[49m  [0m[7m  [0m
[7m  [0m[7m  [0m[7m  [0m[49m  [0m[7m  [0m[7m  [0m[49m  [0m[49m  [0m[49m  [0m[49m  [0m[7m  [0m[49m  [0m[49m  [0m[7m  [0m[49m  [0m[7m  [0m[7m  [0m[49m  [0m[49m  [0m[49m  [0m[7m  [0m[7m  [0m[7m  [0m[49m  [0m[7m  [0m[7m  [0m[7m  [0m
[7m  [0m[7m  [0m[49m  [0m[7m  [0m[7m  [0m[7m  [0m[7m  [0m[7m  [0m[7m  [0m[7m  [0m[7m  [0m[7m  [0m[49m  [0m[7m  [0m[7m  [0m[7m  [0m[7m  [0m[49m  [0m[49m  [0m[7m  [0m[49m  [0m[7m  [0m[7m  [0m[49m  [0m[49m  [0m[49m  [0m[7m  [0m
[7m  [0m[49m  [0m[7m  [0m[7m  [0m[49m  [0m[7m  [0m[7m  [0m[49m  [0m[49m  [0m[7m  [0m[49m  [0m[49m  [0m[49m  [0m[7m  [0m[7m  [0m[49m  [0m[49m  [0m[49m  [0m[49m  [0m[7m  [0m[7m  [0m[49m  [0m[7m  [0m[7m  [0m[49m  [0m[7m  [0m[7m  [0m
[7m  [0m[7m  [0m[49m  [0m[7m  [0m[49m  [0m[49m  [0m[49m  [0m[7m  [0m[49m  [0m[7m  [0m[7m  [0m[49m  [0m[49m  [0m[7m  [0m[7m  [0m[7m  [0m[7m  [0m[7m  [0m[49m  [0m[7m  [0m[7m  [0m[49m  [0m[49m  [0m[7m  [0m[7m  [0m[7m  [0m[7m  [0m
[7m  [0m[49m  [0m[49m  [0m[7m  [0m[49m  [0m[7m  [0m[7m  [0m[49m  [0m[49m  [0m[49m  [0m[7m  [0m[7m  [0m[7m  [0m[49m  [0m[7m  [0m[7m  [0m[7m  [0m[49m  [0m[49m  [0m[49m  [0m[49m  [0m[49m  [0m[49m  [0m[49m  [0m[7m  [0m[49m  [0m[7m  [0m
[7m  [0m[7m  [0m[7m  [0m[7m  [0m[7m  [0m[7m  [0m[7m  [0m[7m  [0m[7m  [0m[49m  [0m[49m  [0m[49m  [0m[7m  [0m[49m  [0m[49m  [0m[49m  [0m[49m  [0m[49m  [0m[7m  [0m[7m  [0m[7m  [0m[49m  [0m[7m  [0m[49m  [0m[49m  [0m[49m  [0m[7m  [0m
[7m  [0m[49m  [0m[49m  [0m[49m  [0m[49m  [0m[49m  [0m[49m  [0m[49m  [0m[7m  [0m[49m  [0m[49m  [0m[49m  [0m[49m  [0m[49m  [0m[7m  [0m[49m  [0m[7m  [0m[49m  [0m[7m  [0m[49m  [0m[7m  [0m[49m  [0m[49m  [0m[49m  [0m[7m  [0m[7m  [0m[7m  [0m
[7m  [0m[49m  [0m[7m  [0m[7m  [0m[7m  [0m[7m  [0m[7m  [0m[49m  [0m[7m  [0m[7m  [0m[49m  [0m[49m  [0m[7m  [0m[49m  [0m[7m  [0m[7m  [0m[49m  [0m[49m  [0m[7m  [0m[7m  [0m[7m  [0m[49m  [0m[7m  [0m[7m  [0m[7m  [0m[49m  [0m[7m  [0m
[7m  [0m[49m  [0m[7m  [0m[49m  [0m[49m  [0m[49m  [0m[7m  [0m[49m  [0m[7m  [0m[7m  [0m[49m  [0m[7m  [0m[7m  [0m[7m  [0m[7m  [0m[7m  [0m[7m  [0m[49m  [0m[49m  [0m[49m  [0m[49m  [0m[49m  [0m[49m  [0m[49m  [0m[7m  [0m[7m  [0m[7m  [0m
[7m  [0m[49m  [0m[7m  [0m[49m  [0m[49m  [0m[49m  [0m[7m  [0m[49m  [0m[7m  [0m[49m  [0m[7m  [0m[49m  [0m[49m  [0m[7m  [0m[7m  [0m[7m  [0m[49m  [0m[7m  [0m[49m  [0m[7m  [0m[7m  [0m[49m  [0m[49m  [0m[7m  [0m[49m  [0m[7m  [0m[7m  [0m
[7m  [0m[49m  [0m[7m  [0m[49m  [0m[49m  [0m[49m  [0m[7m  [0m[49m  [0m[7m  [0m[7m  [0m[49m  [0m[7m  [0m[7m  [0m[7m  [0m[7m  [0m[7m  [0m[7m  [0m[7m  [0m[7m  [0m[7m  [0m[49m  [0m[49m  [0m[7m  [0m[49m  [0m[7m  [0m[49m  [0m[7m  [0m
[7m  [0m[49m  [0m[7m  [0m[7m  [0m[7m  [0m[7m  [0m[7m  [0m[49m  [0m[7m  [0m[49m  [0m[7m  [0m[7m  [0m[7m  [0m[7m  [0m[7m  [0m[49m  [0m[49m  [0m[7m  [0m[7m  [0m[49m  [0m[49m  [0m[49m  [0m[49m  [0m[7m  [0m[7m  [0m[49m  [0m[7m  [0m
[7m  [0m[49m  [0m[49m  [0m[49m  [0m[49m  [0m[49m  [0m[49m  [0m[49m  [0m[7m  [0m[49m  [0m[7m  [0m[49m  [0m[7m  [0m[49m  [0m[7m  [0m[7m  [0m[49m  [0m[49m  [0m[7m  [0m[49m  [0m[7m  [0m[49m  [0m[7m  [0m[7m  [0m[7m  [0m[49m  [0m[7m  [0m
[7m  [0m[7m  [0m[7m  [0m[7m  [0m[7m  [0m[7m  [0m[7m  [0m[7m  [0m[7m  [0m[7m  [0m[7m  [0m[7m  [0m[7m  [0m[7m  [0m[7m  [0m[7m  [0m[7m  [0m[7m  [0m[7m  [0m[7m  [0m[7m  [0m[7m  [0m[7m  [0m[7m  [0m[7m  [0m[7m  [0m[7m  [0m

0f2eb7dbb5d394.lhr.life tunneled with tls termination, https://0f2eb7dbb5d394.lhr.life
create an account and add your key for a longer lasting domain name. see https://localhost.run/docs/forever-free/ for more information.
Open your tunnel address on your mobile with this QR:

[7m  [0m[7m  [0m[7m  [0m[7m  [0m[7m  [0m[7m  [0m[7m  [0m[7m  [0m[7m  [0m[7m  [0m[7m  [0m[7m  [0m[7m  [0m[7m  [0m[7m  [0m[7m  [0m[7m  [0m[7m  [0m[7m  [0m[7m  [0m[7m  [0m[7m  [0m[7m  [0m[7m  [0m[7m  [0m[7m  [0m[7m  [0m
[7m  [0m[49m  [0m[49m  [0m[49m  [0m[49m  [0m[49m  [0m[49m  [0m[49m  [0m[7m  [0m[7m  [0m[7m  [0m[49m  [0m[7m  [0m[7m  [0m[49m  [0m[7m  [0m[7m  [0m[49m  [0m[7m  [0m[49m  [0m[49m  [0m[49m  [0m[49m  [0m[49m  [0m[49m  [0m[49m  [0m[7m  [0m
[7m  [0m[49m  [0m[7m  [0m[7m  [0m[7m  [0m[7m  [0m[7m  [0m[49m  [0m[7m  [0m[7m  [0m[49m  [0m[7m  [0m[7m  [0m[7m  [0m[49m  [0m[7m  [0m[49m  [0m[49m  [0m[7m  [0m[49m  [0m[7m  [0m[7m  [0m[7m  [0m[7m  [0m[7m  [0m[49m  [0m[7m  [0m
[7m  [0m[49m  [0m[7m  [0m[49m  [0m[49m  [0m[49m  [0m[7m  [0m[49m  [0m[7m  [0m[49m  [0m[7m  [0m[7m  [0m[49m  [0m[7m  [0m[49m  [0m[49m  [0m[49m  [0m[49m  [0m[7m  [0m[49m  [0m[7m  [0m[49m  [0m[49m  [0m[49m  [0m[7m  [0m[49m  [0m[7m  [0m
[7m  [0m[49m  [0m[7m  [0m[49m  [0m[49m  [0m[49m  [0m[7m  [0m[49m  [0m[7m  [0m[7m  [0m[49m  [0m[7m  [0m[7m  [0m[49m  [0m[7m  [0m[49m  [0m[7m  [0m[49m  [0m[7m  [0m[49m  [0m[7m  [0m[49m  [0m[49m  [0m[49m  [0m[7m  [0m[49m  [0m[7m  [0m
[7m  [0m[49m  [0m[7m  [0m[49m  [0m[49m  [0m[49m  [0m[7m  [0m[49m  [0m[7m  [0m[7m  [0m[49m  [0m[7m  [0m[7m  [0m[49m  [0m[49m  [0m[49m  [0m[49m  [0m[49m  [0m[7m  [0m[49m  [0m[7m  [0m[49m  [0m[49m  [0m[49m  [0m[7m  [0m[49m  [0m[7m  [0m
[7m  [0m[49m  [0m[7m  [0m[7m  [0m[7m  [0m[7m  [0m[7m  [0m[49m  [0m[7m  [0m[7m  [0m[7m  [0m[49m  [0m[49m  [0m[49m  [0m[7m  [0m[49m  [0m[7m  [0m[49m  [0m[7m  [0m[49m  [0m[7m  [0m[7m  [0m[7m  [0m[7m  [0m[7m  [0m[49m  [0m[7m  [0m
[7m  [0m[49m  [0m[49m  [0m[49m  [0m[49m  [0m[49m  [0m[49m  [0m[49m  [0m[7m  [0m[49m  [0m[7m  [0m[49m  [0m[7m  [0m[49m  [0m[7m  [0m[49m  [0m[7m  [0m[49m  [0m[7m  [0m[49m  [0m[49m  [0m[49m  [0m[49m  [0m[49m  [0m[49m  [0m[49m  [0m[7m  [0m
[7m  [0m[7m  [0m[7m  [0m[7m  [0m[7m  [0m[7m  [0m[7m  [0m[7m  [0m[7m  [0m[49m  [0m[7m  [0m[7m  [0m[49m  [0m[7m  [0m[7m  [0m[7m  [0m[7m  [0m[7m  [0m[7m  [0m[7m  [0m[7m  [0m[7m  [0m[7m  [0m[7m  [0m[7m  [0m[7m  [0m[7m  [0m
[7m  [0m[49m  [0m[49m  [0m[49m  [0m[7m  [0m[49m  [0m[49m  [0m[49m  [0m[49m  [0m[49m  [0m[7m  [0m[7m  [0m[7m  [0m[49m  [0m[49m  [0m[7m  [0m[49m  [0m[7m  [0m[49m  [0m[49m  [0m[7m  [0m[7m  [0m[7m  [0m[49m  [0m[7m  [0m[7m  [0m[7m  [0m
[7m  [0m[7m  [0m[7m  [0m[49m  [0m[49m  [0m[7m  [0m[7m  [0m[7m  [0m[7m  [0m[7m  [0m[49m  [0m[7m  [0m[49m  [0m[49m  [0m[7m  [0m[7m  [0m[7m  [0m[49m  [0m[7m  [0m[7m  [0m[7m  [0m[49m  [0m[7m  [0m[7m  [0m[49m  [0m[49m  [0m[7m  [0m
[7m  [0m[7m  [0m[7m  [0m[49m  [0m[49m  [0m[7m  [0m[49m  [0m[49m  [0m[7m  [0m[7m  [0m[7m  [0m[49m  [0m[49m  [0m[49m  [0m[7m  [0m[7m  [0m[7m  [0m[49m  [0m[7m  [0m[7m  [0m[49m  [0m[7m  [0m[49m  [0m[49m  [0m[49m  [0m[49m  [0m[7m  [0m
[7m  [0m[7m  [0m[7m  [0m[7m  [0m[49m  [0m[49m  [0m[7m  [0m[7m  [0m[49m  [0m[49m  [0m[49m  [0m[49m  [0m[7m  [0m[49m  [0m[7m  [0m[7m  [0m[7m  [0m[49m  [0m[7m  [0m[7m  [0m[7m  [0m[7m  [0m[7m  [0m[7m  [0m[49m  [0m[49m  [0m[7m  [0m
[7m  [0m[7m  [0m[7m  [0m[7m  [0m[7m  [0m[49m  [0m[7m  [0m[49m  [0m[49m  [0m[7m  [0m[7m  [0m[49m  [0m[49m  [0m[7m  [0m[49m  [0m[7m  [0m[7m  [0m[49m  [0m[7m  [0m[49m  [0m[7m  [0m[49m  [0m[7m  [0m[49m  [0m[7m  [0m[7m  [0m[7m  [0m
[7m  [0m[7m  [0m[49m  [0m[49m  [0m[7m  [0m[49m  [0m[49m  [0m[7m  [0m[7m  [0m[49m  [0m[49m  [0m[49m  [0m[49m  [0m[7m  [0m[49m  [0m[7m  [0m[7m  [0m[49m  [0m[49m  [0m[49m  [0m[49m  [0m[7m  [0m[7m  [0m[7m  [0m[49m  [0m[49m  [0m[7m  [0m
[7m  [0m[49m  [0m[7m  [0m[7m  [0m[7m  [0m[49m  [0m[7m  [0m[49m  [0m[7m  [0m[7m  [0m[7m  [0m[49m  [0m[7m  [0m[7m  [0m[7m  [0m[7m  [0m[7m  [0m[49m  [0m[7m  [0m[7m  [0m[49m  [0m[49m  [0m[7m  [0m[7m  [0m[7m  [0m[7m  [0m[7m  [0m
[7m  [0m[7m  [0m[49m  [0m[49m  [0m[49m  [0m[49m  [0m[7m  [0m[7m  [0m[49m  [0m[7m  [0m[7m  [0m[49m  [0m[49m  [0m[7m  [0m[7m  [0m[7m  [0m[49m  [0m[7m  [0m[49m  [0m[49m  [0m[7m  [0m[49m  [0m[49m  [0m[7m  [0m[7m  [0m[7m  [0m[7m  [0m
[7m  [0m[49m  [0m[7m  [0m[49m  [0m[7m  [0m[49m  [0m[49m  [0m[49m  [0m[7m  [0m[7m  [0m[7m  [0m[7m  [0m[7m  [0m[49m  [0m[49m  [0m[7m  [0m[49m  [0m[49m  [0m[49m  [0m[49m  [0m[49m  [0m[49m  [0m[49m  [0m[7m  [0m[7m  [0m[49m  [0m[7m  [0m
[7m  [0m[7m  [0m[7m  [0m[7m  [0m[7m  [0m[7m  [0m[7m  [0m[7m  [0m[7m  [0m[49m  [0m[49m  [0m[7m  [0m[49m  [0m[49m  [0m[49m  [0m[7m  [0m[7m  [0m[49m  [0m[7m  [0m[7m  [0m[7m  [0m[49m  [0m[7m  [0m[49m  [0m[7m  [0m[49m  [0m[7m  [0m
[7m  [0m[49m  [0m[49m  [0m[49m  [0m[49m  [0m[49m  [0m[49m  [0m[49m  [0m[7m  [0m[49m  [0m[49m  [0m[7m  [0m[49m  [0m[49m  [0m[7m  [0m[49m  [0m[7m  [0m[49m  [0m[7m  [0m[49m  [0m[7m  [0m[49m  [0m[49m  [0m[49m  [0m[7m  [0m[7m  [0m[7m  [0m
[7m  [0m[49m  [0m[7m  [0m[7m  [0m[7m  [0m[7m  [0m[7m  [0m[49m  [0m[7m  [0m[49m  [0m[49m  [0m[7m  [0m[7m  [0m[49m  [0m[49m  [0m[7m  [0m[49m  [0m[49m  [0m[7m  [0m[7m  [0m[7m  [0m[49m  [0m[7m  [0m[49m  [0m[7m  [0m[49m  [0m[7m  [0m
[7m  [0m[49m  [0m[7m  [0m[49m  [0m[49m  [0m[49m  [0m[7m  [0m[49m  [0m[7m  [0m[49m  [0m[7m  [0m[7m  [0m[49m  [0m[7m  [0m[7m  [0m[49m  [0m[49m  [0m[49m  [0m[49m  [0m[49m  [0m[49m  [0m[49m  [0m[49m  [0m[49m  [0m[49m  [0m[7m  [0m[7m  [0m
[7m  [0m[49m  [0m[7m  [0m[49m  [0m[49m  [0m[49m  [0m[7m  [0m[49m  [0m[7m  [0m[7m  [0m[49m  [0m[7m  [0m[49m  [0m[7m  [0m[7m  [0m[7m  [0m[49m  [0m[7m  [0m[49m  [0m[7m  [0m[49m  [0m[7m  [0m[49m  [0m[7m  [0m[49m  [0m[7m  [0m[7m  [0m
[7m  [0m[49m  [0m[7m  [0m[49m  [0m[49m  [0m[49m  [0m[7m  [0m[49m  [0m[7m  [0m[49m  [0m[49m  [0m[7m  [0m[7m  [0m[7m  [0m[49m  [0m[7m  [0m[49m  [0m[49m  [0m[49m  [0m[49m  [0m[7m  [0m[49m  [0m[7m  [0m[49m  [0m[7m  [0m[49m  [0m[7m  [0m
[7m  [0m[49m  [0m[7m  [0m[7m  [0m[7m  [0m[7m  [0m[7m  [0m[49m  [0m[7m  [0m[49m  [0m[7m  [0m[49m  [0m[49m  [0m[7m  [0m[7m  [0m[7m  [0m[49m  [0m[7m  [0m[7m  [0m[49m  [0m[7m  [0m[49m  [0m[49m  [0m[7m  [0m[49m  [0m[49m  [0m[7m  [0m
[7m  [0m[49m  [0m[49m  [0m[49m  [0m[49m  [0m[49m  [0m[49m  [0m[49m  [0m[7m  [0m[49m  [0m[49m  [0m[7m  [0m[7m  [0m[49m  [0m[7m  [0m[7m  [0m[49m  [0m[49m  [0m[49m  [0m[7m  [0m[49m  [0m[7m  [0m[7m  [0m[49m  [0m[7m  [0m[49m  [0m[7m  [0m
[7m  [0m[7m  [0m[7m  [0m[7m  [0m[7m  [0m[7m  [0m[7m  [0m[7m  [0m[7m  [0m[7m  [0m[7m  [0m[7m  [0m[7m  [0m[7m  [0m[7m  [0m[7m  [0m[7m  [0m[7m  [0m[7m  [0m[7m  [0m[7m  [0m[7m  [0m[7m  [0m[7m  [0m[7m  [0m[7m  [0m[7m  [0m

0f5adb4ea9790e.lhr.life tunneled with tls termination, https://0f5adb4ea9790e.lhr.life
create an account and add your key for a longer lasting domain name. see https://localhost.run/docs/forever-free/ for more information.
Open your tunnel address on your mobile with this QR:

[7m  [0m[7m  [0m[7m  [0m[7m  [0m[7m  [0m[7m  [0m[7m  [0m[7m  [0m[7m  [0m[7m  [0m[7m  [0m[7m  [0m[7m  [0m[7m  [0m[7m  [0m[7m  [0m[7m  [0m[7m  [0m[7m  [0m[7m  [0m[7m  [0m[7m  [0m[7m  [0m[7m  [0m[7m  [0m[7m  [0m[7m  [0m
[7m  [0m[49m  [0m[49m  [0m[49m  [0m[49m  [0m[49m  [0m[49m  [0m[49m  [0m[7m  [0m[7m  [0m[7m  [0m[49m  [0m[7m  [0m[7m  [0m[49m  [0m[7m  [0m[7m  [0m[49m  [0m[7m  [0m[49m  [0m[49m  [0m[49m  [0m[49m  [0m[49m  [0m[49m  [0m[49m  [0m[7m  [0m
[7m  [0m[49m  [0m[7m  [0m[7m  [0m[7m  [0m[7m  [0m[7m  [0m[49m  [0m[7m  [0m[7m  [0m[49m  [0m[7m  [0m[7m  [0m[7m  [0m[49m  [0m[7m  [0m[49m  [0m[49m  [0m[7m  [0m[49m  [0m[7m  [0m[7m  [0m[7m  [0m[7m  [0m[7m  [0m[49m  [0m[7m  [0m
[7m  [0m[49m  [0m[7m  [0m[49m  [0m[49m  [0m[49m  [0m[7m  [0m[49m  [0m[7m  [0m[49m  [0m[7m  [0m[7m  [0m[49m  [0m[7m  [0m[49m  [0m[49m  [0m[49m  [0m[49m  [0m[7m  [0m[49m  [0m[7m  [0m[49m  [0m[49m  [0m[49m  [0m[7m  [0m[49m  [0m[7m  [0m
[7m  [0m[49m  [0m[7m  [0m[49m  [0m[49m  [0m[49m  [0m[7m  [0m[49m  [0m[7m  [0m[7m  [0m[49m  [0m[7m  [0m[7m  [0m[49m  [0m[7m  [0m[49m  [0m[7m  [0m[49m  [0m[7m  [0m[49m  [0m[7m  [0m[49m  [0m[49m  [0m[49m  [0m[7m  [0m[49m  [0m[7m  [0m
[7m  [0m[49m  [0m[7m  [0m[49m  [0m[49m  [0m[49m  [0m[7m  [0m[49m  [0m[7m  [0m[7m  [0m[49m  [0m[7m  [0m[7m  [0m[49m  [0m[49m  [0m[49m  [0m[49m  [0m[49m  [0m[7m  [0m[49m  [0m[7m  [0m[49m  [0m[49m  [0m[49m  [0m[7m  [0m[49m  [0m[7m  [0m
[7m  [0m[49m  [0m[7m  [0m[7m  [0m[7m  [0m[7m  [0m[7m  [0m[49m  [0m[7m  [0m[7m  [0m[7m  [0m[49m  [0m[49m  [0m[49m  [0m[7m  [0m[49m  [0m[7m  [0m[49m  [0m[7m  [0m[49m  [0m[7m  [0m[7m  [0m[7m  [0m[7m  [0m[7m  [0m[49m  [0m[7m  [0m
[7m  [0m[49m  [0m[49m  [0m[49m  [0m[49m  [0m[49m  [0m[49m  [0m[49m  [0m[7m  [0m[49m  [0m[7m  [0m[49m  [0m[7m  [0m[49m  [0m[7m  [0m[49m  [0m[7m  [0m[49m  [0m[7m  [0m[49m  [0m[49m  [0m[49m  [0m[49m  [0m[49m  [0m[49m  [0m[49m  [0m[7m  [0m
[7m  [0m[7m  [0m[7m  [0m[7m  [0m[7m  [0m[7m  [0m[7m  [0m[7m  [0m[7m  [0m[49m  [0m[7m  [0m[7m  [0m[49m  [0m[7m  [0m[7m  [0m[7m  [0m[7m  [0m[7m  [0m[7m  [0m[7m  [0m[7m  [0m[7m  [0m[7m  [0m[7m  [0m[7m  [0m[7m  [0m[7m  [0m
[7m  [0m[49m  [0m[49m  [0m[49m  [0m[7m  [0m[49m  [0m[49m  [0m[49m  [0m[49m  [0m[49m  [0m[7m  [0m[7m  [0m[7m  [0m[49m  [0m[49m  [0m[7m  [0m[49m  [0m[7m  [0m[49m  [0m[49m  [0m[7m  [0m[7m  [0m[7m  [0m[49m  [0m[7m  [0m[7m  [0m[7m  [0m
[7m  [0m[7m  [0m[49m  [0m[7m  [0m[7m  [0m[49m  [0m[7m  [0m[7m  [0m[49m  [0m[7m  [0m[49m  [0m[7m  [0m[49m  [0m[49m  [0m[7m  [0m[7m  [0m[7m  [0m[7m  [0m[7m  [0m[7m  [0m[7m  [0m[7m  [0m[7m  [0m[7m  [0m[49m  [0m[49m  [0m[7m  [0m
[7m  [0m[7m  [0m[7m  [0m[49m  [0m[49m  [0m[49m  [0m[49m  [0m[49m  [0m[49m  [0m[49m  [0m[7m  [0m[49m  [0m[49m  [0m[49m  [0m[7m  [0m[7m  [0m[49m  [0m[7m  [0m[7m  [0m[49m  [0m[49m  [0m[49m  [0m[49m  [0m[49m  [0m[49m  [0m[49m  [0m[7m  [0m
[7m  [0m[49m  [0m[49m  [0m[49m  [0m[49m  [0m[49m  [0m[7m  [0m[7m  [0m[49m  [0m[7m  [0m[49m  [0m[49m  [0m[7m  [0m[49m  [0m[7m  [0m[7m  [0m[7m  [0m[7m  [0m[49m  [0m[7m  [0m[49m  [0m[49m  [0m[7m  [0m[7m  [0m[49m  [0m[49m  [0m[7m  [0m
[7m  [0m[7m  [0m[7m  [0m[7m  [0m[7m  [0m[7m  [0m[7m  [0m[49m  [0m[49m  [0m[7m  [0m[7m  [0m[49m  [0m[49m  [0m[7m  [0m[49m  [0m[7m  [0m[7m  [0m[49m  [0m[49m  [0m[49m  [0m[7m  [0m[7m  [0m[7m  [0m[49m  [0m[7m  [0m[7m  [0m[7m  [0m
[7m  [0m[7m  [0m[49m  [0m[7m  [0m[49m  [0m[7m  [0m[49m  [0m[7m  [0m[7m  [0m[49m  [0m[7m  [0m[49m  [0m[49m  [0m[7m  [0m[49m  [0m[7m  [0m[49m  [0m[7m  [0m[49m  [0m[49m  [0m[7m  [0m[7m  [0m[7m  [0m[7m  [0m[49m  [0m[49m  [0m[7m  [0m
[7m  [0m[49m  [0m[7m  [0m[49m  [0m[49m  [0m[49m  [0m[7m  [0m[49m  [0m[7m  [0m[49m  [0m[7m  [0m[49m  [0m[7m  [0m[7m  [0m[7m  [0m[7m  [0m[7m  [0m[49m  [0m[7m  [0m[49m  [0m[49m  [0m[49m  [0m[7m  [0m[7m  [0m[7m  [0m[7m  [0m[7m  [0m
[7m  [0m[7m  [0m[49m  [0m[49m  [0m[49m  [0m[49m  [0m[49m  [0m[7m  [0m[7m  [0m[49m  [0m[49m  [0m[7m  [0m[49m  [0m[7m  [0m[7m  [0m[7m  [0m[49m  [0m[7m  [0m[7m  [0m[7m  [0m[7m  [0m[49m  [0m[49m  [0m[7m  [0m[7m  [0m[7m  [0m[7m  [0m
[7m  [0m[49m  [0m[7m  [0m[7m  [0m[49m  [0m[49m  [0m[49m  [0m[49m  [0m[49m  [0m[49m  [0m[49m  [0m[49m  [0m[7m  [0m[49m  [0m[49m  [0m[7m  [0m[49m  [0m[49m  [0m[49m  [0m[49m  [0m[49m  [0m[49m  [0m[49m  [0m[7m  [0m[7m  [0m[49m  [0m[7m  [0m
[7m  [0m[7m  [0m[7m  [0m[7m  [0m[7m  [0m[7m  [0m[7m  [0m[7m  [0m[7m  [0m[49m  [0m[7m  [0m[49m  [0m[49m  [0m[49m  [0m[49m  [0m[7m  [0m[49m  [0m[49m  [0m[7m  [0m[7m  [0m[7m  [0m[49m  [0m[7m  [0m[49m  [0m[7m  [0m[49m  [0m[7m  [0m
[7m  [0m[49m  [0m[49m  [0m[49m  [0m[49m  [0m[49m  [0m[49m  [0m[49m  [0m[7m  [0m[49m  [0m[49m  [0m[7m  [0m[49m  [0m[49m  [0m[7m  [0m[49m  [0m[7m  [0m[49m  [0m[7m  [0m[49m  [0m[7m  [0m[49m  [0m[49m  [0m[49m  [0m[7m  [0m[7m  [0m[7m  [0m
[7m  [0m[49m  [0m[7m  [0m[7m  [0m[7m  [0m[7m  [0m[7m  [0m[49m  [0m[7m  [0m[49m  [0m[49m  [0m[7m  [0m[7m  [0m[49m  [0m[49m  [0m[7m  [0m[49m  [0m[49m  [0m[7m  [0m[7m  [0m[7m  [0m[49m  [0m[7m  [0m[49m  [0m[7m  [0m[49m  [0m[7m  [0m
[7m  [0m[49m  [0m[7m  [0m[49m  [0m[49m  [0m[49m  [0m[7m  [0m[49m  [0m[7m  [0m[49m  [0m[7m  [0m[7m  [0m[49m  [0m[7m  [0m[7m  [0m[49m  [0m[49m  [0m[49m  [0m[49m  [0m[49m  [0m[49m  [0m[49m  [0m[49m  [0m[49m  [0m[49m  [0m[7m  [0m[7m  [0m
[7m  [0m[49m  [0m[7m  [0m[49m  [0m[49m  [0m[49m  [0m[7m  [0m[49m  [0m[7m  [0m[7m  [0m[7m  [0m[49m  [0m[49m  [0m[7m  [0m[7m  [0m[7m  [0m[49m  [0m[49m  [0m[49m  [0m[7m  [0m[7m  [0m[7m  [0m[49m  [0m[7m  [0m[49m  [0m[7m  [0m[7m  [0m
[7m  [0m[49m  [0m[7m  [0m[49m  [0m[49m  [0m[49m  [0m[7m  [0m[49m  [0m[7m  [0m[49m  [0m[7m  [0m[49m  [0m[7m  [0m[7m  [0m[49m  [0m[7m  [0m[7m  [0m[49m  [0m[49m  [0m[49m  [0m[7m  [0m[49m  [0m[7m  [0m[49m  [0m[7m  [0m[49m  [0m[7m  [0m
[7m  [0m[49m  [0m[7m  [0m[7m  [0m[7m  [0m[7m  [0m[7m  [0m[49m  [0m[7m  [0m[49m  [0m[49m  [0m[49m  [0m[49m  [0m[7m  [0m[7m  [0m[7m  [0m[7m  [0m[49m  [0m[7m  [0m[49m  [0m[7m  [0m[49m  [0m[49m  [0m[7m  [0m[49m  [0m[49m  [0m[7m  [0m
[7m  [0m[49m  [0m[49m  [0m[49m  [0m[49m  [0m[49m  [0m[49m  [0m[49m  [0m[7m  [0m[49m  [0m[49m  [0m[7m  [0m[7m  [0m[49m  [0m[7m  [0m[7m  [0m[7m  [0m[7m  [0m[7m  [0m[49m  [0m[49m  [0m[7m  [0m[7m  [0m[49m  [0m[7m  [0m[49m  [0m[7m  [0m
[7m  [0m[7m  [0m[7m  [0m[7m  [0m[7m  [0m[7m  [0m[7m  [0m[7m  [0m[7m  [0m[7m  [0m[7m  [0m[7m  [0m[7m  [0m[7m  [0m[7m  [0m[7m  [0m[7m  [0m[7m  [0m[7m  [0m[7m  [0m[7m  [0m[7m  [0m[7m  [0m[7m  [0m[7m  [0m[7m  [0m[7m  [0m

5a8d6a56396400.lhr.life tunneled with tls termination, https://5a8d6a56396400.lhr.life
create an account and add your key for a longer lasting domain name. see https://localhost.run/docs/forever-free/ for more information.
Open your tunnel address on your mobile with this QR:

[7m  [0m[7m  [0m[7m  [0m[7m  [0m[7m  [0m[7m  [0m[7m  [0m[7m  [0m[7m  [0m[7m  [0m[7m  [0m[7m  [0m[7m  [0m[7m  [0m[7m  [0m[7m  [0m[7m  [0m[7m  [0m[7m  [0m[7m  [0m[7m  [0m[7m  [0m[7m  [0m[7m  [0m[7m  [0m[7m  [0m[7m  [0m
[7m  [0m[49m  [0m[49m  [0m[49m  [0m[49m  [0m[49m  [0m[49m  [0m[49m  [0m[7m  [0m[7m  [0m[7m  [0m[49m  [0m[7m  [0m[7m  [0m[49m  [0m[7m  [0m[7m  [0m[49m  [0m[7m  [0m[49m  [0m[49m  [0m[49m  [0m[49m  [0m[49m  [0m[49m  [0m[49m  [0m[7m  [0m
[7m  [0m[49m  [0m[7m  [0m[7m  [0m[7m  [0m[7m  [0m[7m  [0m[49m  [0m[7m  [0m[49m  [0m[49m  [0m[49m  [0m[7m  [0m[7m  [0m[7m  [0m[7m  [0m[49m  [0m[7m  [0m[7m  [0m[49m  [0m[7m  [0m[7m  [0m[7m  [0m[7m  [0m[7m  [0m[49m  [0m[7m  [0m
[7m  [0m[49m  [0m[7m  [0m[49m  [0m[49m  [0m[49m  [0m[7m  [0m[49m  [0m[7m  [0m[49m  [0m[7m  [0m[7m  [0m[7m  [0m[7m  [0m[49m  [0m[7m  [0m[49m  [0m[49m  [0m[7m  [0m[49m  [0m[7m  [0m[49m  [0m[49m  [0m[49m  [0m[7m  [0m[49m  [0m[7m  [0m
[7m  [0m[49m  [0m[7m  [0m[49m  [0m[49m  [0m[49m  [0m[7m  [0m[49m  [0m[7m  [0m[7m  [0m[49m  [0m[7m  [0m[7m  [0m[49m  [0m[7m  [0m[49m  [0m[7m  [0m[49m  [0m[7m  [0m[49m  [0m[7m  [0m[49m  [0m[49m  [0m[49m  [0m[7m  [0m[49m  [0m[7m  [0m
[7m  [0m[49m  [0m[7m  [0m[49m  [0m[49m  [0m[49m  [0m[7m  [0m[49m  [0m[7m  [0m[49m  [0m[49m  [0m[49m  [0m[7m  [0m[49m  [0m[7m  [0m[49m  [0m[49m  [0m[7m  [0m[7m  [0m[49m  [0m[7m  [0m[49m  [0m[49m  [0m[49m  [0m[7m  [0m[49m  [0m[7m  [0m
[7m  [0m[49m  [0m[7m  [0m[7m  [0m[7m  [0m[7m  [0m[7m  [0m[49m  [0m[7m  [0m[49m  [0m[7m  [0m[49m  [0m[7m  [0m[49m  [0m[7m  [0m[7m  [0m[7m  [0m[49m  [0m[7m  [0m[49m  [0m[7m  [0m[7m  [0m[7m  [0m[7m  [0m[7m  [0m[49m  [0m[7m  [0m
[7m  [0m[49m  [0m[49m  [0m[49m  [0m[49m  [0m[49m  [0m[49m  [0m[49m  [0m[7m  [0m[49m  [0m[7m  [0m[49m  [0m[7m  [0m[49m  [0m[7m  [0m[49m  [0m[7m  [0m[49m  [0m[7m  [0m[49m  [0m[49m  [0m[49m  [0m[49m  [0m[49m  [0m[49m  [0m[49m  [0m[7m  [0m
[7m  [0m[7m  [0m[7m  [0m[7m  [0m[7m  [0m[7m  [0m[7m  [0m[7m  [0m[7m  [0m[49m  [0m[7m  [0m[49m  [0m[49m  [0m[7m  [0m[49m  [0m[7m  [0m[7m  [0m[49m  [0m[7m  [0m[7m  [0m[7m  [0m[7m  [0m[7m  [0m[7m  [0m[7m  [0m[7m  [0m[7m  [0m
[7m  [0m[49m  [0m[49m  [0m[7m  [0m[49m  [0m[7m  [0m[7m  [0m[49m  [0m[49m  [0m[7m  [0m[7m  [0m[7m  [0m[49m  [0m[49m  [0m[49m  [0m[49m  [0m[49m  [0m[7m  [0m[7m  [0m[49m  [0m[49m  [0m[49m  [0m[7m  [0m[49m  [0m[49m  [0m[7m  [0m[7m  [0m
[7m  [0m[49m  [0m[49m  [0m[7m  [0m[7m  [0m[7m  [0m[7m  [0m[7m  [0m[7m  [0m[49m  [0m[49m  [0m[7m  [0m[49m  [0m[49m  [0m[7m  [0m[7m  [0m[7m  [0m[7m  [0m[49m  [0m[49m  [0m[7m  [0m[7m  [0m[7m  [0m[7m  [0m[49m  [0m[49m  [0m[7m  [0m
[7m  [0m[49m  [0m[49m  [0m[49m  [0m[7m  [0m[49m  [0m[7m  [0m[49m  [0m[49m  [0m[49m  [0m[7m  [0m[7m  [0m[49m  [0m[49m  [0m[49m  [0m[7m  [0m[7m  [0m[7m  [0m[7m  [0m[49m  [0m[49m  [0m[49m  [0m[49m  [0m[7m  [0m[49m  [0m[49m  [0m[7m  [0m
[7m  [0m[49m  [0m[49m  [0m[7m  [0m[7m  [0m[49m  [0m[49m  [0m[7m  [0m[49m  [0m[7m  [0m[49m  [0m[49m  [0m[49m  [0m[49m  [0m[7m  [0m[49m  [0m[49m  [0m[7m  [0m[7m  [0m[7m  [0m[7m  [0m[49m  [0m[7m  [0m[7m  [0m[7m  [0m[49m  [0m[7m  [0m
[7m  [0m[7m  [0m[7m  [0m[49m  [0m[7m  [0m[7m  [0m[7m  [0m[49m  [0m[49m  [0m[7m  [0m[7m  [0m[49m  [0m[49m  [0m[7m  [0m[49m  [0m[7m  [0m[7m  [0m[49m  [0m[49m  [0m[49m  [0m[7m  [0m[7m  [0m[7m  [0m[49m  [0m[7m  [0m[7m  [0m[7m  [0m
[7m  [0m[7m  [0m[7m  [0m[7m  [0m[49m  [0m[49m  [0m[7m  [0m[7m  [0m[7m  [0m[7m  [0m[49m  [0m[7m  [0m[49m  [0m[7m  [0m[7m  [0m[7m  [0m[49m  [0m[49m  [0m[7m  [0m[49m  [0m[7m  [0m[49m  [0m[7m  [0m[49m  [0m[49m  [0m[49m  [0m[7m  [0m
[7m  [0m[49m  [0m[7m  [0m[49m  [0m[49m  [0m[7m  [0m[49m  [0m[49m  [0m[7m  [0m[49m  [0m[7m  [0m[49m  [0m[49m  [0m[7m  [0m[7m  [0m[49m  [0m[7m  [0m[49m  [0m[49m  [0m[49m  [0m[7m  [0m[49m  [0m[7m  [0m[7m  [0m[49m  [0m[7m  [0m[7m  [0m
[7m  [0m[7m  [0m[49m  [0m[49m  [0m[49m  [0m[7m  [0m[49m  [0m[7m  [0m[49m  [0m[49m  [0m[49m  [0m[7m  [0m[49m  [0m[7m  [0m[7m  [0m[7m  [0m[49m  [0m[49m  [0m[7m  [0m[49m  [0m[7m  [0m[49m  [0m[49m  [0m[7m  [0m[7m  [0m[7m  [0m[7m  [0m
[7m  [0m[49m  [0m[49m  [0m[49m  [0m[49m  [0m[49m  [0m[7m  [0m[49m  [0m[49m  [0m[7m  [0m[7m  [0m[49m  [0m[7m  [0m[49m  [0m[7m  [0m[7m  [0m[7m  [0m[49m  [0m[49m  [0m[49m  [0m[49m  [0m[49m  [0m[49m  [0m[49m  [0m[7m  [0m[49m  [0m[7m  [0m
[7m  [0m[7m  [0m[7m  [0m[7m  [0m[7m  [0m[7m  [0m[7m  [0m[7m  [0m[7m  [0m[49m  [0m[7m  [0m[49m  [0m[7m  [0m[49m  [0m[49m  [0m[49m  [0m[49m  [0m[49m  [0m[7m  [0m[7m  [0m[7m  [0m[49m  [0m[7m  [0m[49m  [0m[49m  [0m[49m  [0m[7m  [0m
[7m  [0m[49m  [0m[49m  [0m[49m  [0m[49m  [0m[49m  [0m[49m  [0m[49m  [0m[7m  [0m[49m  [0m[49m  [0m[49m  [0m[49m  [0m[49m  [0m[7m  [0m[49m  [0m[49m  [0m[49m  [0m[7m  [0m[49m  [0m[7m  [0m[49m  [0m[49m  [0m[49m  [0m[7m  [0m[7m  [0m[7m  [0m
[7m  [0m[49m  [0m[7m  [0m[7m  [0m[7m  [0m[7m  [0m[7m  [0m[49m  [0m[7m  [0m[7m  [0m[49m  [0m[49m  [0m[7m  [0m[49m  [0m[7m  [0m[7m  [0m[49m  [0m[49m  [0m[7m  [0m[7m  [0m[7m  [0m[49m  [0m[7m  [0m[7m  [0m[7m  [0m[49m  [0m[7m  [0m
[7m  [0m[49m  [0m[7m  [0m[49m  [0m[49m  [0m[49m  [0m[7m  [0m[49m  [0m[7m  [0m[7m  [0m[49m  [0m[49m  [0m[7m  [0m[7m  [0m[7m  [0m[7m  [0m[7m  [0m[49m  [0m[49m  [0m[49m  [0m[49m  [0m[49m  [0m[49m  [0m[49m  [0m[7m  [0m[7m  [0m[7m  [0m
[7m  [0m[49m  [0m[7m  [0m[49m  [0m[49m  [0m[49m  [0m[7m  [0m[49m  [0m[7m  [0m[49m  [0m[7m  [0m[7m  [0m[49m  [0m[7m  [0m[7m  [0m[7m  [0m[49m  [0m[49m  [0m[49m  [0m[49m  [0m[49m  [0m[49m  [0m[49m  [0m[7m  [0m[49m  [0m[7m  [0m[7m  [0m
[7m  [0m[49m  [0m[7m  [0m[49m  [0m[49m  [0m[49m  [0m[7m  [0m[49m  [0m[7m  [0m[7m  [0m[49m  [0m[7m  [0m[7m  [0m[7m  [0m[7m  [0m[7m  [0m[7m  [0m[7m  [0m[7m  [0m[49m  [0m[49m  [0m[49m  [0m[7m  [0m[7m  [0m[7m  [0m[49m  [0m[7m  [0m
[7m  [0m[49m  [0m[7m  [0m[7m  [0m[7m  [0m[7m  [0m[7m  [0m[49m  [0m[7m  [0m[49m  [0m[7m  [0m[49m  [0m[7m  [0m[7m  [0m[7m  [0m[49m  [0m[49m  [0m[7m  [0m[7m  [0m[49m  [0m[7m  [0m[7m  [0m[7m  [0m[49m  [0m[7m  [0m[49m  [0m[7m  [0m
[7m  [0m[49m  [0m[49m  [0m[49m  [0m[49m  [0m[49m  [0m[49m  [0m[49m  [0m[7m  [0m[49m  [0m[49m  [0m[49m  [0m[7m  [0m[49m  [0m[7m  [0m[7m  [0m[7m  [0m[49m  [0m[49m  [0m[49m  [0m[7m  [0m[7m  [0m[7m  [0m[7m  [0m[7m  [0m[49m  [0m[7m  [0m
[7m  [0m[7m  [0m[7m  [0m[7m  [0m[7m  [0m[7m  [0m[7m  [0m[7m  [0m[7m  [0m[7m  [0m[7m  [0m[7m  [0m[7m  [0m[7m  [0m[7m  [0m[7m  [0m[7m  [0m[7m  [0m[7m  [0m[7m  [0m[7m  [0m[7m  [0m[7m  [0m[7m  [0m[7m  [0m[7m  [0m[7m  [0m

5553e8ca1b6122.lhr.life tunneled with tls termination, https://5553e8ca1b6122.lhr.life
create an account and add your key for a longer lasting domain name. see https://localhost.run/docs/forever-free/ for more information.
Open your tunnel address on your mobile with this QR:

[7m  [0m[7m  [0m[7m  [0m[7m  [0m[7m  [0m[7m  [0m[7m  [0m[7m  [0m[7m  [0m[7m  [0m[7m  [0m[7m  [0m[7m  [0m[7m  [0m[7m  [0m[7m  [0m[7m  [0m[7m  [0m[7m  [0m[7m  [0m[7m  [0m[7m  [0m[7m  [0m[7m  [0m[7m  [0m[7m  [0m[7m  [0m
[7m  [0m[49m  [0m[49m  [0m[49m  [0m[49m  [0m[49m  [0m[49m  [0m[49m  [0m[7m  [0m[7m  [0m[7m  [0m[49m  [0m[7m  [0m[7m  [0m[49m  [0m[7m  [0m[7m  [0m[49m  [0m[7m  [0m[49m  [0m[49m  [0m[49m  [0m[49m  [0m[49m  [0m[49m  [0m[49m  [0m[7m  [0m
[7m  [0m[49m  [0m[7m  [0m[7m  [0m[7m  [0m[7m  [0m[7m  [0m[49m  [0m[7m  [0m[49m  [0m[49m  [0m[49m  [0m[7m  [0m[7m  [0m[7m  [0m[7m  [0m[49m  [0m[7m  [0m[7m  [0m[49m  [0m[7m  [0m[7m  [0m[7m  [0m[7m  [0m[7m  [0m[49m  [0m[7m  [0m
[7m  [0m[49m  [0m[7m  [0m[49m  [0m[49m  [0m[49m  [0m[7m  [0m[49m  [0m[7m  [0m[49m  [0m[7m  [0m[7m  [0m[7m  [0m[7m  [0m[49m  [0m[7m  [0m[49m  [0m[49m  [0m[7m  [0m[49m  [0m[7m  [0m[49m  [0m[49m  [0m[49m  [0m[7m  [0m[49m  [0m[7m  [0m
[7m  [0m[49m  [0m[7m  [0m[49m  [0m[49m  [0m[49m  [0m[7m  [0m[49m  [0m[7m  [0m[7m  [0m[49m  [0m[7m  [0m[7m  [0m[49m  [0m[7m  [0m[49m  [0m[7m  [0m[49m  [0m[7m  [0m[49m  [0m[7m  [0m[49m  [0m[49m  [0m[49m  [0m[7m  [0m[49m  [0m[7m  [0m
[7m  [0m[49m  [0m[7m  [0m[49m  [0m[49m  [0m[49m  [0m[7m  [0m[49m  [0m[7m  [0m[49m  [0m[49m  [0m[49m  [0m[7m  [0m[49m  [0m[7m  [0m[49m  [0m[49m  [0m[7m  [0m[7m  [0m[49m  [0m[7m  [0m[49m  [0m[49m  [0m[49m  [0m[7m  [0m[49m  [0m[7m  [0m
[7m  [0m[49m  [0m[7m  [0m[7m  [0m[7m  [0m[7m  [0m[7m  [0m[49m  [0m[7m  [0m[49m  [0m[7m  [0m[49m  [0m[7m  [0m[49m  [0m[7m  [0m[7m  [0m[7m  [0m[49m  [0m[7m  [0m[49m  [0m[7m  [0m[7m  [0m[7m  [0m[7m  [0m[7m  [0m[49m  [0m[7m  [0m
[7m  [0m[49m  [0m[49m  [0m[49m  [0m[49m  [0m[49m  [0m[49m  [0m[49m  [0m[7m  [0m[49m  [0m[7m  [0m[49m  [0m[7m  [0m[49m  [0m[7m  [0m[49m  [0m[7m  [0m[49m  [0m[7m  [0m[49m  [0m[49m  [0m[49m  [0m[49m  [0m[49m  [0m[49m  [0m[49m  [0m[7m  [0m
[7m  [0m[7m  [0m[7m  [0m[7m  [0m[7m  [0m[7m  [0m[7m  [0m[7m  [0m[7m  [0m[49m  [0m[7m  [0m[49m  [0m[49m  [0m[7m  [0m[49m  [0m[7m  [0m[7m  [0m[49m  [0m[7m  [0m[7m  [0m[7m  [0m[7m  [0m[7m  [0m[7m  [0m[7m  [0m[7m  [0m[7m  [0m
[7m  [0m[49m  [0m[49m  [0m[7m  [0m[49m  [0m[7m  [0m[7m  [0m[49m  [0m[49m  [0m[7m  [0m[7m  [0m[7m  [0m[49m  [0m[49m  [0m[49m  [0m[49m  [0m[49m  [0m[7m  [0m[7m  [0m[49m  [0m[49m  [0m[49m  [0m[7m  [0m[49m  [0m[49m  [0m[7m  [0m[7m  [0m
[7m  [0m[7m  [0m[49m  [0m[49m  [0m[7m  [0m[7m  [0m[7m  [0m[7m  [0m[49m  [0m[7m  [0m[49m  [0m[7m  [0m[49m  [0m[49m  [0m[7m  [0m[7m  [0m[7m  [0m[7m  [0m[7m  [0m[49m  [0m[7m  [0m[49m  [0m[7m  [0m[7m  [0m[49m  [0m[49m  [0m[7m  [0m
[7m  [0m[7m  [0m[7m  [0m[49m  [0m[7m  [0m[49m  [0m[7m  [0m[49m  [0m[7m  [0m[49m  [0m[7m  [0m[7m  [0m[49m  [0m[49m  [0m[49m  [0m[7m  [0m[7m  [0m[49m  [0m[7m  [0m[7m  [0m[7m  [0m[49m  [0m[49m  [0m[7m  [0m[49m  [0m[49m  [0m[7m  [0m
[7m  [0m[49m  [0m[7m  [0m[49m  [0m[7m  [0m[49m  [0m[49m  [0m[7m  [0m[7m  [0m[49m  [0m[49m  [0m[49m  [0m[49m  [0m[49m  [0m[7m  [0m[49m  [0m[7m  [0m[49m  [0m[49m  [0m[7m  [0m[49m  [0m[7m  [0m[7m  [0m[7m  [0m[7m  [0m[49m  [0m[7m  [0m
[7m  [0m[7m  [0m[7m  [0m[7m  [0m[49m  [0m[49m  [0m[7m  [0m[49m  [0m[49m  [0m[7m  [0m[7m  [0m[49m  [0m[49m  [0m[7m  [0m[49m  [0m[7m  [0m[7m  [0m[7m  [0m[7m  [0m[49m  [0m[7m  [0m[49m  [0m[7m  [0m[49m  [0m[7m  [0m[7m  [0m[7m  [0m
[7m  [0m[7m  [0m[49m  [0m[49m  [0m[49m  [0m[7m  [0m[49m  [0m[7m  [0m[7m  [0m[49m  [0m[7m  [0m[7m  [0m[49m  [0m[7m  [0m[7m  [0m[7m  [0m[49m  [0m[49m  [0m[7m  [0m[7m  [0m[7m  [0m[49m  [0m[7m  [0m[49m  [0m[49m  [0m[49m  [0m[7m  [0m
[7m  [0m[49m  [0m[7m  [0m[7m  [0m[7m  [0m[49m  [0m[49m  [0m[49m  [0m[7m  [0m[49m  [0m[7m  [0m[7m  [0m[49m  [0m[7m  [0m[7m  [0m[49m  [0m[7m  [0m[49m  [0m[49m  [0m[49m  [0m[7m  [0m[7m  [0m[7m  [0m[7m  [0m[49m  [0m[7m  [0m[7m  [0m
[7m  [0m[7m  [0m[49m  [0m[49m  [0m[7m  [0m[49m  [0m[7m  [0m[7m  [0m[7m  [0m[49m  [0m[49m  [0m[49m  [0m[49m  [0m[7m  [0m[7m  [0m[7m  [0m[7m  [0m[49m  [0m[7m  [0m[49m  [0m[7m  [0m[49m  [0m[49m  [0m[7m  [0m[7m  [0m[7m  [0m[7m  [0m
[7m  [0m[49m  [0m[49m  [0m[7m  [0m[49m  [0m[49m  [0m[7m  [0m[49m  [0m[7m  [0m[7m  [0m[49m  [0m[7m  [0m[7m  [0m[49m  [0m[7m  [0m[7m  [0m[49m  [0m[49m  [0m[49m  [0m[49m  [0m[49m  [0m[49m  [0m[49m  [0m[49m  [0m[7m  [0m[49m  [0m[7m  [0m
[7m  [0m[7m  [0m[7m  [0m[7m  [0m[7m  [0m[7m  [0m[7m  [0m[7m  [0m[7m  [0m[49m  [0m[49m  [0m[49m  [0m[7m  [0m[49m  [0m[49m  [0m[49m  [0m[7m  [0m[49m  [0m[7m  [0m[7m  [0m[7m  [0m[49m  [0m[7m  [0m[49m  [0m[49m  [0m[49m  [0m[7m  [0m
[7m  [0m[49m  [0m[49m  [0m[49m  [0m[49m  [0m[49m  [0m[49m  [0m[49m  [0m[7m  [0m[49m  [0m[7m  [0m[49m  [0m[49m  [0m[49m  [0m[7m  [0m[49m  [0m[7m  [0m[49m  [0m[7m  [0m[49m  [0m[7m  [0m[49m  [0m[49m  [0m[49m  [0m[7m  [0m[7m  [0m[7m  [0m
[7m  [0m[49m  [0m[7m  [0m[7m  [0m[7m  [0m[7m  [0m[7m  [0m[49m  [0m[7m  [0m[7m  [0m[49m  [0m[7m  [0m[7m  [0m[49m  [0m[7m  [0m[7m  [0m[49m  [0m[49m  [0m[7m  [0m[7m  [0m[7m  [0m[49m  [0m[7m  [0m[7m  [0m[7m  [0m[49m  [0m[7m  [0m
[7m  [0m[49m  [0m[7m  [0m[49m  [0m[49m  [0m[49m  [0m[7m  [0m[49m  [0m[7m  [0m[7m  [0m[7m  [0m[49m  [0m[7m  [0m[7m  [0m[7m  [0m[7m  [0m[7m  [0m[49m  [0m[49m  [0m[49m  [0m[49m  [0m[49m  [0m[49m  [0m[49m  [0m[7m  [0m[7m  [0m[7m  [0m
[7m  [0m[49m  [0m[7m  [0m[49m  [0m[49m  [0m[49m  [0m[7m  [0m[49m  [0m[7m  [0m[49m  [0m[7m  [0m[49m  [0m[49m  [0m[7m  [0m[7m  [0m[7m  [0m[49m  [0m[49m  [0m[49m  [0m[7m  [0m[7m  [0m[7m  [0m[49m  [0m[7m  [0m[49m  [0m[7m  [0m[7m  [0m
[7m  [0m[49m  [0m[7m  [0m[49m  [0m[49m  [0m[49m  [0m[7m  [0m[49m  [0m[7m  [0m[7m  [0m[49m  [0m[49m  [0m[7m  [0m[7m  [0m[7m  [0m[7m  [0m[7m  [0m[7m  [0m[7m  [0m[49m  [0m[49m  [0m[49m  [0m[7m  [0m[7m  [0m[7m  [0m[49m  [0m[7m  [0m
[7m  [0m[49m  [0m[7m  [0m[7m  [0m[7m  [0m[7m  [0m[7m  [0m[49m  [0m[7m  [0m[49m  [0m[7m  [0m[7m  [0m[7m  [0m[7m  [0m[7m  [0m[49m  [0m[49m  [0m[7m  [0m[7m  [0m[7m  [0m[49m  [0m[7m  [0m[7m  [0m[49m  [0m[7m  [0m[49m  [0m[7m  [0m
[7m  [0m[49m  [0m[49m  [0m[49m  [0m[49m  [0m[49m  [0m[49m  [0m[49m  [0m[7m  [0m[49m  [0m[49m  [0m[49m  [0m[7m  [0m[49m  [0m[7m  [0m[7m  [0m[7m  [0m[7m  [0m[49m  [0m[7m  [0m[49m  [0m[49m  [0m[7m  [0m[7m  [0m[7m  [0m[49m  [0m[7m  [0m
[7m  [0m[7m  [0m[7m  [0m[7m  [0m[7m  [0m[7m  [0m[7m  [0m[7m  [0m[7m  [0m[7m  [0m[7m  [0m[7m  [0m[7m  [0m[7m  [0m[7m  [0m[7m  [0m[7m  [0m[7m  [0m[7m  [0m[7m  [0m[7m  [0m[7m  [0m[7m  [0m[7m  [0m[7m  [0m[7m  [0m[7m  [0m

e1574d79de0e87.lhr.life tunneled with tls termination, https://e1574d79de0e87.lhr.life
create an account and add your key for a longer lasting domain name. see https://localhost.run/docs/forever-free/ for more information.
Open your tunnel address on your mobile with this QR:

[7m  [0m[7m  [0m[7m  [0m[7m  [0m[7m  [0m[7m  [0m[7m  [0m[7m  [0m[7m  [0m[7m  [0m[7m  [0m[7m  [0m[7m  [0m[7m  [0m[7m  [0m[7m  [0m[7m  [0m[7m  [0m[7m  [0m[7m  [0m[7m  [0m[7m  [0m[7m  [0m[7m  [0m[7m  [0m[7m  [0m[7m  [0m
[7m  [0m[49m  [0m[49m  [0m[49m  [0m[49m  [0m[49m  [0m[49m  [0m[49m  [0m[7m  [0m[7m  [0m[7m  [0m[49m  [0m[7m  [0m[7m  [0m[49m  [0m[7m  [0m[7m  [0m[49m  [0m[7m  [0m[49m  [0m[49m  [0m[49m  [0m[49m  [0m[49m  [0m[49m  [0m[49m  [0m[7m  [0m
[7m  [0m[49m  [0m[7m  [0m[7m  [0m[7m  [0m[7m  [0m[7m  [0m[49m  [0m[7m  [0m[49m  [0m[49m  [0m[49m  [0m[7m  [0m[7m  [0m[7m  [0m[7m  [0m[49m  [0m[7m  [0m[7m  [0m[49m  [0m[7m  [0m[7m  [0m[7m  [0m[7m  [0m[7m  [0m[49m  [0m[7m  [0m
[7m  [0m[49m  [0m[7m  [0m[49m  [0m[49m  [0m[49m  [0m[7m  [0m[49m  [0m[7m  [0m[49m  [0m[7m  [0m[7m  [0m[7m  [0m[7m  [0m[49m  [0m[7m  [0m[49m  [0m[49m  [0m[7m  [0m[49m  [0m[7m  [0m[49m  [0m[49m  [0m[49m  [0m[7m  [0m[49m  [0m[7m  [0m
[7m  [0m[49m  [0m[7m  [0m[49m  [0m[49m  [0m[49m  [0m[7m  [0m[49m  [0m[7m  [0m[7m  [0m[49m  [0m[7m  [0m[7m  [0m[49m  [0m[7m  [0m[49m  [0m[7m  [0m[49m  [0m[7m  [0m[49m  [0m[7m  [0m[49m  [0m[49m  [0m[49m  [0m[7m  [0m[49m  [0m[7m  [0m
[7m  [0m[49m  [0m[7m  [0m[49m  [0m[49m  [0m[49m  [0m[7m  [0m[49m  [0m[7m  [0m[49m  [0m[49m  [0m[49m  [0m[7m  [0m[49m  [0m[7m  [0m[49m  [0m[49m  [0m[7m  [0m[7m  [0m[49m  [0m[7m  [0m[49m  [0m[49m  [0m[49m  [0m[7m  [0m[49m  [0m[7m  [0m
[7m  [0m[49m  [0m[7m  [0m[7m  [0m[7m  [0m[7m  [0m[7m  [0m[49m  [0m[7m  [0m[49m  [0m[7m  [0m[49m  [0m[7m  [0m[49m  [0m[7m  [0m[7m  [0m[7m  [0m[49m  [0m[7m  [0m[49m  [0m[7m  [0m[7m  [0m[7m  [0m[7m  [0m[7m  [0m[49m  [0m[7m  [0m
[7m  [0m[49m  [0m[49m  [0m[49m  [0m[49m  [0m[49m  [0m[49m  [0m[49m  [0m[7m  [0m[49m  [0m[7m  [0m[49m  [0m[7m  [0m[49m  [0m[7m  [0m[49m  [0m[7m  [0m[49m  [0m[7m  [0m[49m  [0m[49m  [0m[49m  [0m[49m  [0m[49m  [0m[49m  [0m[49m  [0m[7m  [0m
[7m  [0m[7m  [0m[7m  [0m[7m  [0m[7m  [0m[7m  [0m[7m  [0m[7m  [0m[7m  [0m[49m  [0m[7m  [0m[49m  [0m[49m  [0m[7m  [0m[49m  [0m[7m  [0m[7m  [0m[49m  [0m[7m  [0m[7m  [0m[7m  [0m[7m  [0m[7m  [0m[7m  [0m[7m  [0m[7m  [0m[7m  [0m
[7m  [0m[49m  [0m[49m  [0m[7m  [0m[49m  [0m[7m  [0m[7m  [0m[49m  [0m[49m  [0m[7m  [0m[7m  [0m[7m  [0m[49m  [0m[49m  [0m[49m  [0m[49m  [0m[49m  [0m[7m  [0m[7m  [0m[49m  [0m[49m  [0m[49m  [0m[7m  [0m[49m  [0m[49m  [0m[7m  [0m[7m  [0m
[7m  [0m[7m  [0m[49m  [0m[7m  [0m[7m  [0m[7m  [0m[49m  [0m[7m  [0m[49m  [0m[7m  [0m[49m  [0m[7m  [0m[49m  [0m[49m  [0m[7m  [0m[7m  [0m[7m  [0m[49m  [0m[49m  [0m[7m  [0m[49m  [0m[7m  [0m[7m  [0m[7m  [0m[49m  [0m[49m  [0m[7m  [0m
[7m  [0m[49m  [0m[7m  [0m[49m  [0m[49m  [0m[7m  [0m[7m  [0m[49m  [0m[7m  [0m[49m  [0m[7m  [0m[7m  [0m[49m  [0m[49m  [0m[49m  [0m[7m  [0m[49m  [0m[49m  [0m[49m  [0m[49m  [0m[7m  [0m[7m  [0m[49m  [0m[7m  [0m[49m  [0m[49m  [0m[7m  [0m
[7m  [0m[7m  [0m[7m  [0m[49m  [0m[7m  [0m[7m  [0m[49m  [0m[7m  [0m[7m  [0m[7m  [0m[49m  [0m[49m  [0m[49m  [0m[49m  [0m[7m  [0m[49m  [0m[7m  [0m[7m  [0m[7m  [0m[7m  [0m[49m  [0m[49m  [0m[7m  [0m[7m  [0m[7m  [0m[49m  [0m[7m  [0m
[7m  [0m[7m  [0m[7m  [0m[49m  [0m[49m  [0m[49m  [0m[49m  [0m[49m  [0m[7m  [0m[49m  [0m[7m  [0m[49m  [0m[49m  [0m[7m  [0m[49m  [0m[7m  [0m[49m  [0m[7m  [0m[7m  [0m[7m  [0m[7m  [0m[49m  [0m[7m  [0m[49m  [0m[7m  [0m[7m  [0m[7m  [0m
[7m  [0m[7m  [0m[49m  [0m[7m  [0m[49m  [0m[49m  [0m[49m  [0m[7m  [0m[7m  [0m[7m  [0m[7m  [0m[7m  [0m[49m  [0m[7m  [0m[7m  [0m[7m  [0m[49m  [0m[7m  [0m[49m  [0m[49m  [0m[7m  [0m[7m  [0m[7m  [0m[49m  [0m[49m  [0m[49m  [0m[7m  [0m
[7m  [0m[49m  [0m[7m  [0m[49m  [0m[49m  [0m[49m  [0m[49m  [0m[49m  [0m[49m  [0m[49m  [0m[7m  [0m[7m  [0m[49m  [0m[7m  [0m[7m  [0m[49m  [0m[7m  [0m[49m  [0m[49m  [0m[49m  [0m[49m  [0m[7m  [0m[7m  [0m[7m  [0m[49m  [0m[7m  [0m[7m  [0m
[7m  [0m[7m  [0m[49m  [0m[7m  [0m[7m  [0m[7m  [0m[7m  [0m[7m  [0m[49m  [0m[49m  [0m[7m  [0m[7m  [0m[49m  [0m[7m  [0m[7m  [0m[7m  [0m[49m  [0m[49m  [0m[49m  [0m[49m  [0m[7m  [0m[49m  [0m[49m  [0m[7m  [0m[7m  [0m[7m  [0m[7m  [0m
[7m  [0m[49m  [0m[49m  [0m[7m  [0m[7m  [0m[49m  [0m[49m  [0m[49m  [0m[49m  [0m[49m  [0m[49m  [0m[49m  [0m[7m  [0m[49m  [0m[7m  [0m[7m  [0m[49m  [0m[49m  [0m[49m  [0m[49m  [0m[49m  [0m[49m  [0m[49m  [0m[49m  [0m[7m  [0m[49m  [0m[7m  [0m
[7m  [0m[7m  [0m[7m  [0m[7m  [0m[7m  [0m[7m  [0m[7m  [0m[7m  [0m[7m  [0m[49m  [0m[7m  [0m[49m  [0m[7m  [0m[49m  [0m[49m  [0m[49m  [0m[7m  [0m[49m  [0m[7m  [0m[7m  [0m[7m  [0m[49m  [0m[7m  [0m[49m  [0m[49m  [0m[49m  [0m[7m  [0m
[7m  [0m[49m  [0m[49m  [0m[49m  [0m[49m  [0m[49m  [0m[49m  [0m[49m  [0m[7m  [0m[49m  [0m[7m  [0m[49m  [0m[49m  [0m[49m  [0m[7m  [0m[49m  [0m[7m  [0m[49m  [0m[7m  [0m[49m  [0m[7m  [0m[49m  [0m[49m  [0m[49m  [0m[7m  [0m[7m  [0m[7m  [0m
[7m  [0m[49m  [0m[7m  [0m[7m  [0m[7m  [0m[7m  [0m[7m  [0m[49m  [0m[7m  [0m[7m  [0m[49m  [0m[49m  [0m[7m  [0m[49m  [0m[7m  [0m[7m  [0m[49m  [0m[49m  [0m[7m  [0m[7m  [0m[7m  [0m[49m  [0m[7m  [0m[7m  [0m[7m  [0m[49m  [0m[7m  [0m
[7m  [0m[49m  [0m[7m  [0m[49m  [0m[49m  [0m[49m  [0m[7m  [0m[49m  [0m[7m  [0m[7m  [0m[49m  [0m[49m  [0m[7m  [0m[7m  [0m[7m  [0m[7m  [0m[7m  [0m[49m  [0m[49m  [0m[49m  [0m[49m  [0m[49m  [0m[49m  [0m[49m  [0m[7m  [0m[7m  [0m[7m  [0m
[7m  [0m[49m  [0m[7m  [0m[49m  [0m[49m  [0m[49m  [0m[7m  [0m[49m  [0m[7m  [0m[49m  [0m[7m  [0m[49m  [0m[49m  [0m[7m  [0m[7m  [0m[7m  [0m[49m  [0m[7m  [0m[49m  [0m[7m  [0m[7m  [0m[7m  [0m[49m  [0m[7m  [0m[49m  [0m[7m  [0m[7m  [0m
[7m  [0m[49m  [0m[7m  [0m[49m  [0m[49m  [0m[49m  [0m[7m  [0m[49m  [0m[7m  [0m[7m  [0m[7m  [0m[49m  [0m[7m  [0m[7m  [0m[7m  [0m[7m  [0m[7m  [0m[7m  [0m[7m  [0m[7m  [0m[49m  [0m[49m  [0m[7m  [0m[49m  [0m[7m  [0m[49m  [0m[7m  [0m
[7m  [0m[49m  [0m[7m  [0m[7m  [0m[7m  [0m[7m  [0m[7m  [0m[49m  [0m[7m  [0m[49m  [0m[7m  [0m[7m  [0m[7m  [0m[7m  [0m[7m  [0m[49m  [0m[7m  [0m[49m  [0m[49m  [0m[7m  [0m[7m  [0m[7m  [0m[7m  [0m[7m  [0m[7m  [0m[49m  [0m[7m  [0m
[7m  [0m[49m  [0m[49m  [0m[49m  [0m[49m  [0m[49m  [0m[49m  [0m[49m  [0m[7m  [0m[49m  [0m[7m  [0m[49m  [0m[7m  [0m[49m  [0m[7m  [0m[7m  [0m[49m  [0m[49m  [0m[49m  [0m[49m  [0m[49m  [0m[49m  [0m[49m  [0m[7m  [0m[7m  [0m[49m  [0m[7m  [0m
[7m  [0m[7m  [0m[7m  [0m[7m  [0m[7m  [0m[7m  [0m[7m  [0m[7m  [0m[7m  [0m[7m  [0m[7m  [0m[7m  [0m[7m  [0m[7m  [0m[7m  [0m[7m  [0m[7m  [0m[7m  [0m[7m  [0m[7m  [0m[7m  [0m[7m  [0m[7m  [0m[7m  [0m[7m  [0m[7m  [0m[7m  [0m

f4ccf1dec7ace8.lhr.life tunneled with tls termination, https://f4ccf1dec7ace8.lhr.life
create an account and add your key for a longer lasting domain name. see https://localhost.run/docs/forever-free/ for more information.
Open your tunnel address on your mobile with this QR:

[7m  [0m[7m  [0m[7m  [0m[7m  [0m[7m  [0m[7m  [0m[7m  [0m[7m  [0m[7m  [0m[7m  [0m[7m  [0m[7m  [0m[7m  [0m[7m  [0m[7m  [0m[7m  [0m[7m  [0m[7m  [0m[7m  [0m[7m  [0m[7m  [0m[7m  [0m[7m  [0m[7m  [0m[7m  [0m[7m  [0m[7m  [0m
[7m  [0m[49m  [0m[49m  [0m[49m  [0m[49m  [0m[49m  [0m[49m  [0m[49m  [0m[7m  [0m[7m  [0m[7m  [0m[49m  [0m[7m  [0m[7m  [0m[49m  [0m[7m  [0m[7m  [0m[49m  [0m[7m  [0m[49m  [0m[49m  [0m[49m  [0m[49m  [0m[49m  [0m[49m  [0m[49m  [0m[7m  [0m
[7m  [0m[49m  [0m[7m  [0m[7m  [0m[7m  [0m[7m  [0m[7m  [0m[49m  [0m[7m  [0m[7m  [0m[49m  [0m[7m  [0m[7m  [0m[7m  [0m[49m  [0m[7m  [0m[49m  [0m[49m  [0m[7m  [0m[49m  [0m[7m  [0m[7m  [0m[7m  [0m[7m  [0m[7m  [0m[49m  [0m[7m  [0m
[7m  [0m[49m  [0m[7m  [0m[49m  [0m[49m  [0m[49m  [0m[7m  [0m[49m  [0m[7m  [0m[49m  [0m[7m  [0m[7m  [0m[49m  [0m[7m  [0m[49m  [0m[49m  [0m[49m  [0m[49m  [0m[7m  [0m[49m  [0m[7m  [0m[49m  [0m[49m  [0m[49m  [0m[7m  [0m[49m  [0m[7m  [0m
[7m  [0m[49m  [0m[7m  [0m[49m  [0m[49m  [0m[49m  [0m[7m  [0m[49m  [0m[7m  [0m[7m  [0m[49m  [0m[7m  [0m[7m  [0m[49m  [0m[7m  [0m[49m  [0m[7m  [0m[49m  [0m[7m  [0m[49m  [0m[7m  [0m[49m  [0m[49m  [0m[49m  [0m[7m  [0m[49m  [0m[7m  [0m
[7m  [0m[49m  [0m[7m  [0m[49m  [0m[49m  [0m[49m  [0m[7m  [0m[49m  [0m[7m  [0m[7m  [0m[49m  [0m[7m  [0m[7m  [0m[49m  [0m[49m  [0m[49m  [0m[49m  [0m[49m  [0m[7m  [0m[49m  [0m[7m  [0m[49m  [0m[49m  [0m[49m  [0m[7m  [0m[49m  [0m[7m  [0m
[7m  [0m[49m  [0m[7m  [0m[7m  [0m[7m  [0m[7m  [0m[7m  [0m[49m  [0m[7m  [0m[7m  [0m[7m  [0m[49m  [0m[49m  [0m[49m  [0m[7m  [0m[49m  [0m[7m  [0m[49m  [0m[7m  [0m[49m  [0m[7m  [0m[7m  [0m[7m  [0m[7m  [0m[7m  [0m[49m  [0m[7m  [0m
[7m  [0m[49m  [0m[49m  [0m[49m  [0m[49m  [0m[49m  [0m[49m  [0m[49m  [0m[7m  [0m[49m  [0m[7m  [0m[49m  [0m[7m  [0m[49m  [0m[7m  [0m[49m  [0m[7m  [0m[49m  [0m[7m  [0m[49m  [0m[49m  [0m[49m  [0m[49m  [0m[49m  [0m[49m  [0m[49m  [0m[7m  [0m
[7m  [0m[7m  [0m[7m  [0m[7m  [0m[7m  [0m[7m  [0m[7m  [0m[7m  [0m[7m  [0m[49m  [0m[7m  [0m[7m  [0m[49m  [0m[7m  [0m[7m  [0m[7m  [0m[7m  [0m[7m  [0m[7m  [0m[7m  [0m[7m  [0m[7m  [0m[7m  [0m[7m  [0m[7m  [0m[7m  [0m[7m  [0m
[7m  [0m[49m  [0m[49m  [0m[49m  [0m[7m  [0m[49m  [0m[49m  [0m[49m  [0m[49m  [0m[49m  [0m[7m  [0m[7m  [0m[7m  [0m[49m  [0m[49m  [0m[7m  [0m[49m  [0m[7m  [0m[49m  [0m[49m  [0m[7m  [0m[7m  [0m[7m  [0m[49m  [0m[7m  [0m[7m  [0m[7m  [0m
[7m  [0m[49m  [0m[49m  [0m[49m  [0m[7m  [0m[49m  [0m[49m  [0m[7m  [0m[7m  [0m[7m  [0m[49m  [0m[7m  [0m[49m  [0m[49m  [0m[7m  [0m[7m  [0m[7m  [0m[7m  [0m[7m  [0m[7m  [0m[49m  [0m[49m  [0m[7m  [0m[7m  [0m[49m  [0m[49m  [0m[7m  [0m
[7m  [0m[49m  [0m[7m  [0m[7m  [0m[49m  [0m[49m  [0m[7m  [0m[49m  [0m[7m  [0m[49m  [0m[7m  [0m[49m  [0m[49m  [0m[49m  [0m[7m  [0m[7m  [0m[49m  [0m[7m  [0m[7m  [0m[49m  [0m[7m  [0m[7m  [0m[49m  [0m[49m  [0m[49m  [0m[49m  [0m[7m  [0m
[7m  [0m[49m  [0m[7m  [0m[49m  [0m[7m  [0m[49m  [0m[49m  [0m[7m  [0m[49m  [0m[49m  [0m[49m  [0m[49m  [0m[7m  [0m[49m  [0m[7m  [0m[7m  [0m[7m  [0m[49m  [0m[7m  [0m[7m  [0m[49m  [0m[49m  [0m[7m  [0m[7m  [0m[49m  [0m[49m  [0m[7m  [0m
[7m  [0m[7m  [0m[7m  [0m[7m  [0m[7m  [0m[7m  [0m[7m  [0m[49m  [0m[49m  [0m[7m  [0m[7m  [0m[49m  [0m[49m  [0m[7m  [0m[49m  [0m[7m  [0m[49m  [0m[7m  [0m[7m  [0m[49m  [0m[7m  [0m[49m  [0m[7m  [0m[49m  [0m[7m  [0m[7m  [0m[7m  [0m
[7m  [0m[7m  [0m[49m  [0m[7m  [0m[7m  [0m[7m  [0m[7m  [0m[7m  [0m[49m  [0m[49m  [0m[49m  [0m[49m  [0m[49m  [0m[7m  [0m[49m  [0m[7m  [0m[49m  [0m[7m  [0m[49m  [0m[49m  [0m[49m  [0m[7m  [0m[7m  [0m[7m  [0m[49m  [0m[49m  [0m[7m  [0m
[7m  [0m[49m  [0m[7m  [0m[7m  [0m[7m  [0m[49m  [0m[49m  [0m[49m  [0m[7m  [0m[7m  [0m[49m  [0m[7m  [0m[7m  [0m[7m  [0m[7m  [0m[7m  [0m[49m  [0m[49m  [0m[7m  [0m[7m  [0m[49m  [0m[49m  [0m[7m  [0m[7m  [0m[7m  [0m[7m  [0m[7m  [0m
[7m  [0m[7m  [0m[49m  [0m[7m  [0m[49m  [0m[7m  [0m[7m  [0m[7m  [0m[7m  [0m[49m  [0m[7m  [0m[49m  [0m[49m  [0m[7m  [0m[7m  [0m[7m  [0m[49m  [0m[49m  [0m[7m  [0m[49m  [0m[7m  [0m[7m  [0m[49m  [0m[7m  [0m[7m  [0m[7m  [0m[7m  [0m
[7m  [0m[49m  [0m[7m  [0m[49m  [0m[7m  [0m[49m  [0m[7m  [0m[49m  [0m[49m  [0m[49m  [0m[49m  [0m[49m  [0m[7m  [0m[49m  [0m[49m  [0m[7m  [0m[49m  [0m[49m  [0m[49m  [0m[49m  [0m[49m  [0m[49m  [0m[49m  [0m[7m  [0m[7m  [0m[49m  [0m[7m  [0m
[7m  [0m[7m  [0m[7m  [0m[7m  [0m[7m  [0m[7m  [0m[7m  [0m[7m  [0m[7m  [0m[49m  [0m[49m  [0m[7m  [0m[49m  [0m[49m  [0m[49m  [0m[7m  [0m[7m  [0m[49m  [0m[7m  [0m[7m  [0m[7m  [0m[49m  [0m[7m  [0m[49m  [0m[7m  [0m[49m  [0m[7m  [0m
[7m  [0m[49m  [0m[49m  [0m[49m  [0m[49m  [0m[49m  [0m[49m  [0m[49m  [0m[7m  [0m[49m  [0m[49m  [0m[49m  [0m[49m  [0m[49m  [0m[7m  [0m[49m  [0m[7m  [0m[49m  [0m[7m  [0m[49m  [0m[7m  [0m[49m  [0m[49m  [0m[49m  [0m[7m  [0m[7m  [0m[7m  [0m
[7m  [0m[49m  [0m[7m  [0m[7m  [0m[7m  [0m[7m  [0m[7m  [0m[49m  [0m[7m  [0m[49m  [0m[7m  [0m[49m  [0m[7m  [0m[49m  [0m[49m  [0m[7m  [0m[49m  [0m[49m  [0m[7m  [0m[7m  [0m[7m  [0m[49m  [0m[7m  [0m[49m  [0m[7m  [0m[49m  [0m[7m  [0m
[7m  [0m[49m  [0m[7m  [0m[49m  [0m[49m  [0m[49m  [0m[7m  [0m[49m  [0m[7m  [0m[49m  [0m[49m  [0m[7m  [0m[49m  [0m[7m  [0m[7m  [0m[49m  [0m[49m  [0m[49m  [0m[49m  [0m[49m  [0m[49m  [0m[49m  [0m[49m  [0m[49m  [0m[49m  [0m[7m  [0m[7m  [0m
[7m  [0m[49m  [0m[7m  [0m[49m  [0m[49m  [0m[49m  [0m[7m  [0m[49m  [0m[7m  [0m[7m  [0m[49m  [0m[49m  [0m[49m  [0m[7m  [0m[7m  [0m[7m  [0m[7m  [0m[49m  [0m[49m  [0m[49m  [0m[49m  [0m[7m  [0m[49m  [0m[7m  [0m[49m  [0m[7m  [0m[7m  [0m
[7m  [0m[49m  [0m[7m  [0m[49m  [0m[49m  [0m[49m  [0m[7m  [0m[49m  [0m[7m  [0m[49m  [0m[49m  [0m[7m  [0m[7m  [0m[7m  [0m[49m  [0m[7m  [0m[7m  [0m[49m  [0m[7m  [0m[7m  [0m[49m  [0m[49m  [0m[7m  [0m[7m  [0m[7m  [0m[49m  [0m[7m  [0m
[7m  [0m[49m  [0m[7m  [0m[7m  [0m[7m  [0m[7m  [0m[7m  [0m[49m  [0m[7m  [0m[49m  [0m[7m  [0m[49m  [0m[49m  [0m[7m  [0m[7m  [0m[7m  [0m[7m  [0m[49m  [0m[49m  [0m[7m  [0m[7m  [0m[49m  [0m[49m  [0m[49m  [0m[49m  [0m[49m  [0m[7m  [0m
[7m  [0m[49m  [0m[49m  [0m[49m  [0m[49m  [0m[49m  [0m[49m  [0m[49m  [0m[7m  [0m[49m  [0m[7m  [0m[7m  [0m[7m  [0m[49m  [0m[7m  [0m[7m  [0m[7m  [0m[49m  [0m[7m  [0m[7m  [0m[49m  [0m[49m  [0m[7m  [0m[7m  [0m[7m  [0m[49m  [0m[7m  [0m
[7m  [0m[7m  [0m[7m  [0m[7m  [0m[7m  [0m[7m  [0m[7m  [0m[7m  [0m[7m  [0m[7m  [0m[7m  [0m[7m  [0m[7m  [0m[7m  [0m[7m  [0m[7m  [0m[7m  [0m[7m  [0m[7m  [0m[7m  [0m[7m  [0m[7m  [0m[7m  [0m[7m  [0m[7m  [0m[7m  [0m[7m  [0m

7e5f758bd448a3.lhr.life tunneled with tls termination, https://7e5f758bd448a3.lhr.life
create an account and add your key for a longer lasting domain name. see https://localhost.run/docs/forever-free/ for more information.
Open your tunnel address on your mobile with this QR:

[7m  [0m[7m  [0m[7m  [0m[7m  [0m[7m  [0m[7m  [0m[7m  [0m[7m  [0m[7m  [0m[7m  [0m[7m  [0m[7m  [0m[7m  [0m[7m  [0m[7m  [0m[7m  [0m[7m  [0m[7m  [0m[7m  [0m[7m  [0m[7m  [0m[7m  [0m[7m  [0m[7m  [0m[7m  [0m[7m  [0m[7m  [0m
[7m  [0m[49m  [0m[49m  [0m[49m  [0m[49m  [0m[49m  [0m[49m  [0m[49m  [0m[7m  [0m[49m  [0m[49m  [0m[7m  [0m[7m  [0m[7m  [0m[49m  [0m[49m  [0m[49m  [0m[7m  [0m[7m  [0m[49m  [0m[49m  [0m[49m  [0m[49m  [0m[49m  [0m[49m  [0m[49m  [0m[7m  [0m
[7m  [0m[49m  [0m[7m  [0m[7m  [0m[7m  [0m[7m  [0m[7m  [0m[49m  [0m[7m  [0m[7m  [0m[7m  [0m[7m  [0m[7m  [0m[7m  [0m[7m  [0m[49m  [0m[7m  [0m[49m  [0m[7m  [0m[49m  [0m[7m  [0m[7m  [0m[7m  [0m[7m  [0m[7m  [0m[49m  [0m[7m  [0m
[7m  [0m[49m  [0m[7m  [0m[49m  [0m[49m  [0m[49m  [0m[7m  [0m[49m  [0m[7m  [0m[49m  [0m[7m  [0m[7m  [0m[49m  [0m[49m  [0m[7m  [0m[7m  [0m[49m  [0m[49m  [0m[7m  [0m[49m  [0m[7m  [0m[49m  [0m[49m  [0m[49m  [0m[7m  [0m[49m  [0m[7m  [0m
[7m  [0m[49m  [0m[7m  [0m[49m  [0m[49m  [0m[49m  [0m[7m  [0m[49m  [0m[7m  [0m[49m  [0m[49m  [0m[7m  [0m[49m  [0m[7m  [0m[49m  [0m[49m  [0m[7m  [0m[49m  [0m[7m  [0m[49m  [0m[7m  [0m[49m  [0m[49m  [0m[49m  [0m[7m  [0m[49m  [0m[7m  [0m
[7m  [0m[49m  [0m[7m  [0m[49m  [0m[49m  [0m[49m  [0m[7m  [0m[49m  [0m[7m  [0m[49m  [0m[49m  [0m[49m  [0m[49m  [0m[7m  [0m[49m  [0m[49m  [0m[49m  [0m[7m  [0m[7m  [0m[49m  [0m[7m  [0m[49m  [0m[49m  [0m[49m  [0m[7m  [0m[49m  [0m[7m  [0m
[7m  [0m[49m  [0m[7m  [0m[7m  [0m[7m  [0m[7m  [0m[7m  [0m[49m  [0m[7m  [0m[7m  [0m[49m  [0m[7m  [0m[7m  [0m[49m  [0m[7m  [0m[49m  [0m[49m  [0m[7m  [0m[7m  [0m[49m  [0m[7m  [0m[7m  [0m[7m  [0m[7m  [0m[7m  [0m[49m  [0m[7m  [0m
[7m  [0m[49m  [0m[49m  [0m[49m  [0m[49m  [0m[49m  [0m[49m  [0m[49m  [0m[7m  [0m[49m  [0m[7m  [0m[49m  [0m[7m  [0m[49m  [0m[7m  [0m[49m  [0m[7m  [0m[49m  [0m[7m  [0m[49m  [0m[49m  [0m[49m  [0m[49m  [0m[49m  [0m[49m  [0m[49m  [0m[7m  [0m
[7m  [0m[7m  [0m[7m  [0m[7m  [0m[7m  [0m[7m  [0m[7m  [0m[7m  [0m[7m  [0m[7m  [0m[49m  [0m[7m  [0m[49m  [0m[7m  [0m[49m  [0m[49m  [0m[49m  [0m[7m  [0m[7m  [0m[7m  [0m[7m  [0m[7m  [0m[7m  [0m[7m  [0m[7m  [0m[7m  [0m[7m  [0m
[7m  [0m[49m  [0m[49m  [0m[49m  [0m[49m  [0m[7m  [0m[7m  [0m[49m  [0m[7m  [0m[49m  [0m[7m  [0m[7m  [0m[7m  [0m[7m  [0m[7m  [0m[49m  [0m[49m  [0m[7m  [0m[49m  [0m[7m  [0m[7m  [0m[49m  [0m[49m  [0m[49m  [0m[7m  [0m[49m  [0m[7m  [0m
[7m  [0m[49m  [0m[7m  [0m[49m  [0m[7m  [0m[7m  [0m[49m  [0m[7m  [0m[7m  [0m[7m  [0m[49m  [0m[7m  [0m[7m  [0m[7m  [0m[49m  [0m[7m  [0m[7m  [0m[49m  [0m[7m  [0m[49m  [0m[7m  [0m[7m  [0m[7m  [0m[7m  [0m[7m  [0m[7m  [0m[7m  [0m
[7m  [0m[7m  [0m[49m  [0m[7m  [0m[7m  [0m[7m  [0m[49m  [0m[49m  [0m[7m  [0m[49m  [0m[7m  [0m[7m  [0m[7m  [0m[7m  [0m[7m  [0m[7m  [0m[7m  [0m[49m  [0m[49m  [0m[7m  [0m[49m  [0m[49m  [0m[49m  [0m[7m  [0m[7m  [0m[7m  [0m[7m  [0m
[7m  [0m[7m  [0m[49m  [0m[49m  [0m[49m  [0m[49m  [0m[7m  [0m[7m  [0m[49m  [0m[7m  [0m[7m  [0m[7m  [0m[49m  [0m[49m  [0m[7m  [0m[7m  [0m[7m  [0m[49m  [0m[7m  [0m[7m  [0m[7m  [0m[7m  [0m[49m  [0m[49m  [0m[7m  [0m[49m  [0m[7m  [0m
[7m  [0m[7m  [0m[7m  [0m[49m  [0m[49m  [0m[49m  [0m[49m  [0m[49m  [0m[49m  [0m[49m  [0m[49m  [0m[7m  [0m[49m  [0m[7m  [0m[49m  [0m[49m  [0m[49m  [0m[49m  [0m[7m  [0m[7m  [0m[7m  [0m[7m  [0m[49m  [0m[7m  [0m[7m  [0m[7m  [0m[7m  [0m
[7m  [0m[7m  [0m[49m  [0m[7m  [0m[7m  [0m[49m  [0m[49m  [0m[7m  [0m[7m  [0m[49m  [0m[7m  [0m[49m  [0m[49m  [0m[7m  [0m[7m  [0m[49m  [0m[49m  [0m[49m  [0m[7m  [0m[49m  [0m[7m  [0m[49m  [0m[49m  [0m[7m  [0m[49m  [0m[49m  [0m[7m  [0m
[7m  [0m[7m  [0m[49m  [0m[49m  [0m[49m  [0m[7m  [0m[49m  [0m[49m  [0m[49m  [0m[49m  [0m[7m  [0m[7m  [0m[7m  [0m[49m  [0m[49m  [0m[49m  [0m[7m  [0m[49m  [0m[7m  [0m[49m  [0m[49m  [0m[49m  [0m[7m  [0m[7m  [0m[7m  [0m[49m  [0m[7m  [0m
[7m  [0m[49m  [0m[7m  [0m[49m  [0m[7m  [0m[7m  [0m[49m  [0m[7m  [0m[49m  [0m[49m  [0m[49m  [0m[7m  [0m[7m  [0m[49m  [0m[49m  [0m[7m  [0m[49m  [0m[7m  [0m[49m  [0m[49m  [0m[49m  [0m[49m  [0m[49m  [0m[7m  [0m[49m  [0m[49m  [0m[7m  [0m
[7m  [0m[7m  [0m[7m  [0m[49m  [0m[7m  [0m[49m  [0m[49m  [0m[49m  [0m[49m  [0m[49m  [0m[7m  [0m[49m  [0m[49m  [0m[7m  [0m[49m  [0m[7m  [0m[49m  [0m[49m  [0m[49m  [0m[49m  [0m[49m  [0m[49m  [0m[49m  [0m[49m  [0m[49m  [0m[7m  [0m[7m  [0m
[7m  [0m[7m  [0m[7m  [0m[7m  [0m[7m  [0m[7m  [0m[7m  [0m[7m  [0m[7m  [0m[49m  [0m[7m  [0m[49m  [0m[7m  [0m[49m  [0m[49m  [0m[7m  [0m[49m  [0m[49m  [0m[7m  [0m[7m  [0m[7m  [0m[49m  [0m[49m  [0m[7m  [0m[49m  [0m[49m  [0m[7m  [0m
[7m  [0m[49m  [0m[49m  [0m[49m  [0m[49m  [0m[49m  [0m[49m  [0m[49m  [0m[7m  [0m[7m  [0m[7m  [0m[49m  [0m[49m  [0m[49m  [0m[7m  [0m[7m  [0m[7m  [0m[49m  [0m[7m  [0m[49m  [0m[7m  [0m[49m  [0m[7m  [0m[7m  [0m[7m  [0m[7m  [0m[7m  [0m
[7m  [0m[49m  [0m[7m  [0m[7m  [0m[7m  [0m[7m  [0m[7m  [0m[49m  [0m[7m  [0m[7m  [0m[7m  [0m[49m  [0m[7m  [0m[49m  [0m[7m  [0m[49m  [0m[49m  [0m[49m  [0m[7m  [0m[7m  [0m[7m  [0m[49m  [0m[49m  [0m[49m  [0m[7m  [0m[49m  [0m[7m  [0m
[7m  [0m[49m  [0m[7m  [0m[49m  [0m[49m  [0m[49m  [0m[7m  [0m[49m  [0m[7m  [0m[7m  [0m[49m  [0m[49m  [0m[49m  [0m[49m  [0m[49m  [0m[7m  [0m[7m  [0m[49m  [0m[49m  [0m[49m  [0m[49m  [0m[49m  [0m[49m  [0m[49m  [0m[49m  [0m[49m  [0m[7m  [0m
[7m  [0m[49m  [0m[7m  [0m[49m  [0m[49m  [0m[49m  [0m[7m  [0m[49m  [0m[7m  [0m[49m  [0m[7m  [0m[49m  [0m[7m  [0m[49m  [0m[49m  [0m[7m  [0m[7m  [0m[7m  [0m[7m  [0m[7m  [0m[49m  [0m[7m  [0m[49m  [0m[7m  [0m[7m  [0m[49m  [0m[7m  [0m
[7m  [0m[49m  [0m[7m  [0m[49m  [0m[49m  [0m[49m  [0m[7m  [0m[49m  [0m[7m  [0m[49m  [0m[7m  [0m[7m  [0m[49m  [0m[49m  [0m[49m  [0m[7m  [0m[7m  [0m[7m  [0m[49m  [0m[49m  [0m[7m  [0m[49m  [0m[49m  [0m[7m  [0m[49m  [0m[7m  [0m[7m  [0m
[7m  [0m[49m  [0m[7m  [0m[7m  [0m[7m  [0m[7m  [0m[7m  [0m[49m  [0m[7m  [0m[49m  [0m[7m  [0m[7m  [0m[7m  [0m[7m  [0m[7m  [0m[7m  [0m[49m  [0m[49m  [0m[49m  [0m[7m  [0m[7m  [0m[7m  [0m[49m  [0m[49m  [0m[7m  [0m[49m  [0m[7m  [0m
[7m  [0m[49m  [0m[49m  [0m[49m  [0m[49m  [0m[49m  [0m[49m  [0m[49m  [0m[7m  [0m[49m  [0m[49m  [0m[7m  [0m[7m  [0m[49m  [0m[7m  [0m[49m  [0m[7m  [0m[49m  [0m[7m  [0m[49m  [0m[7m  [0m[49m  [0m[49m  [0m[7m  [0m[7m  [0m[49m  [0m[7m  [0m
[7m  [0m[7m  [0m[7m  [0m[7m  [0m[7m  [0m[7m  [0m[7m  [0m[7m  [0m[7m  [0m[7m  [0m[7m  [0m[7m  [0m[7m  [0m[7m  [0m[7m  [0m[7m  [0m[7m  [0m[7m  [0m[7m  [0m[7m  [0m[7m  [0m[7m  [0m[7m  [0m[7m  [0m[7m  [0m[7m  [0m[7m  [0m

6ed88e15f8c0c7.lhr.life tunneled with tls termination, https://6ed88e15f8c0c7.lhr.life
create an account and add your key for a longer lasting domain name. see https://localhost.run/docs/forever-free/ for more information.
Open your tunnel address on your mobile with this QR:

[7m  [0m[7m  [0m[7m  [0m[7m  [0m[7m  [0m[7m  [0m[7m  [0m[7m  [0m[7m  [0m[7m  [0m[7m  [0m[7m  [0m[7m  [0m[7m  [0m[7m  [0m[7m  [0m[7m  [0m[7m  [0m[7m  [0m[7m  [0m[7m  [0m[7m  [0m[7m  [0m[7m  [0m[7m  [0m[7m  [0m[7m  [0m
[7m  [0m[49m  [0m[49m  [0m[49m  [0m[49m  [0m[49m  [0m[49m  [0m[49m  [0m[7m  [0m[49m  [0m[49m  [0m[49m  [0m[49m  [0m[7m  [0m[7m  [0m[7m  [0m[49m  [0m[49m  [0m[7m  [0m[49m  [0m[49m  [0m[49m  [0m[49m  [0m[49m  [0m[49m  [0m[49m  [0m[7m  [0m
[7m  [0m[49m  [0m[7m  [0m[7m  [0m[7m  [0m[7m  [0m[7m  [0m[49m  [0m[7m  [0m[7m  [0m[7m  [0m[7m  [0m[49m  [0m[49m  [0m[49m  [0m[49m  [0m[7m  [0m[49m  [0m[7m  [0m[49m  [0m[7m  [0m[7m  [0m[7m  [0m[7m  [0m[7m  [0m[49m  [0m[7m  [0m
[7m  [0m[49m  [0m[7m  [0m[49m  [0m[49m  [0m[49m  [0m[7m  [0m[49m  [0m[7m  [0m[7m  [0m[49m  [0m[7m  [0m[49m  [0m[7m  [0m[7m  [0m[7m  [0m[7m  [0m[49m  [0m[7m  [0m[49m  [0m[7m  [0m[49m  [0m[49m  [0m[49m  [0m[7m  [0m[49m  [0m[7m  [0m
[7m  [0m[49m  [0m[7m  [0m[49m  [0m[49m  [0m[49m  [0m[7m  [0m[49m  [0m[7m  [0m[7m  [0m[7m  [0m[49m  [0m[49m  [0m[7m  [0m[49m  [0m[7m  [0m[49m  [0m[7m  [0m[7m  [0m[49m  [0m[7m  [0m[49m  [0m[49m  [0m[49m  [0m[7m  [0m[49m  [0m[7m  [0m
[7m  [0m[49m  [0m[7m  [0m[49m  [0m[49m  [0m[49m  [0m[7m  [0m[49m  [0m[7m  [0m[7m  [0m[7m  [0m[49m  [0m[49m  [0m[49m  [0m[49m  [0m[49m  [0m[7m  [0m[7m  [0m[7m  [0m[49m  [0m[7m  [0m[49m  [0m[49m  [0m[49m  [0m[7m  [0m[49m  [0m[7m  [0m
[7m  [0m[49m  [0m[7m  [0m[7m  [0m[7m  [0m[7m  [0m[7m  [0m[49m  [0m[7m  [0m[7m  [0m[49m  [0m[7m  [0m[49m  [0m[7m  [0m[49m  [0m[49m  [0m[49m  [0m[7m  [0m[7m  [0m[49m  [0m[7m  [0m[7m  [0m[7m  [0m[7m  [0m[7m  [0m[49m  [0m[7m  [0m
[7m  [0m[49m  [0m[49m  [0m[49m  [0m[49m  [0m[49m  [0m[49m  [0m[49m  [0m[7m  [0m[49m  [0m[7m  [0m[49m  [0m[7m  [0m[49m  [0m[7m  [0m[49m  [0m[7m  [0m[49m  [0m[7m  [0m[49m  [0m[49m  [0m[49m  [0m[49m  [0m[49m  [0m[49m  [0m[49m  [0m[7m  [0m
[7m  [0m[7m  [0m[7m  [0m[7m  [0m[7m  [0m[7m  [0m[7m  [0m[7m  [0m[7m  [0m[49m  [0m[49m  [0m[7m  [0m[7m  [0m[49m  [0m[7m  [0m[49m  [0m[49m  [0m[7m  [0m[7m  [0m[7m  [0m[7m  [0m[7m  [0m[7m  [0m[7m  [0m[7m  [0m[7m  [0m[7m  [0m
[7m  [0m[49m  [0m[49m  [0m[7m  [0m[49m  [0m[49m  [0m[7m  [0m[49m  [0m[7m  [0m[7m  [0m[49m  [0m[7m  [0m[7m  [0m[49m  [0m[7m  [0m[49m  [0m[7m  [0m[7m  [0m[7m  [0m[49m  [0m[7m  [0m[7m  [0m[7m  [0m[7m  [0m[7m  [0m[49m  [0m[7m  [0m
[7m  [0m[7m  [0m[49m  [0m[7m  [0m[7m  [0m[49m  [0m[7m  [0m[7m  [0m[49m  [0m[7m  [0m[7m  [0m[49m  [0m[7m  [0m[7m  [0m[49m  [0m[49m  [0m[49m  [0m[7m  [0m[49m  [0m[49m  [0m[49m  [0m[7m  [0m[49m  [0m[49m  [0m[7m  [0m[7m  [0m[7m  [0m
[7m  [0m[7m  [0m[7m  [0m[49m  [0m[7m  [0m[7m  [0m[7m  [0m[49m  [0m[49m  [0m[7m  [0m[49m  [0m[7m  [0m[7m  [0m[49m  [0m[7m  [0m[7m  [0m[7m  [0m[7m  [0m[49m  [0m[7m  [0m[49m  [0m[49m  [0m[7m  [0m[7m  [0m[7m  [0m[49m  [0m[7m  [0m
[7m  [0m[49m  [0m[7m  [0m[7m  [0m[7m  [0m[49m  [0m[7m  [0m[7m  [0m[7m  [0m[7m  [0m[7m  [0m[7m  [0m[7m  [0m[7m  [0m[49m  [0m[7m  [0m[7m  [0m[49m  [0m[49m  [0m[49m  [0m[49m  [0m[7m  [0m[49m  [0m[49m  [0m[49m  [0m[7m  [0m[7m  [0m
[7m  [0m[49m  [0m[49m  [0m[7m  [0m[7m  [0m[7m  [0m[49m  [0m[49m  [0m[49m  [0m[7m  [0m[49m  [0m[49m  [0m[7m  [0m[7m  [0m[7m  [0m[7m  [0m[7m  [0m[49m  [0m[49m  [0m[49m  [0m[49m  [0m[7m  [0m[49m  [0m[49m  [0m[49m  [0m[7m  [0m[7m  [0m
[7m  [0m[49m  [0m[49m  [0m[49m  [0m[7m  [0m[49m  [0m[7m  [0m[7m  [0m[7m  [0m[49m  [0m[49m  [0m[49m  [0m[7m  [0m[49m  [0m[49m  [0m[49m  [0m[7m  [0m[7m  [0m[49m  [0m[49m  [0m[49m  [0m[49m  [0m[49m  [0m[7m  [0m[7m  [0m[7m  [0m[7m  [0m
[7m  [0m[49m  [0m[49m  [0m[49m  [0m[49m  [0m[49m  [0m[7m  [0m[49m  [0m[7m  [0m[49m  [0m[7m  [0m[7m  [0m[7m  [0m[7m  [0m[49m  [0m[49m  [0m[7m  [0m[49m  [0m[7m  [0m[7m  [0m[49m  [0m[49m  [0m[49m  [0m[7m  [0m[7m  [0m[7m  [0m[7m  [0m
[7m  [0m[49m  [0m[7m  [0m[49m  [0m[49m  [0m[7m  [0m[49m  [0m[7m  [0m[49m  [0m[7m  [0m[49m  [0m[49m  [0m[7m  [0m[49m  [0m[49m  [0m[49m  [0m[7m  [0m[49m  [0m[49m  [0m[49m  [0m[7m  [0m[7m  [0m[7m  [0m[49m  [0m[49m  [0m[49m  [0m[7m  [0m
[7m  [0m[49m  [0m[7m  [0m[7m  [0m[7m  [0m[49m  [0m[7m  [0m[49m  [0m[7m  [0m[49m  [0m[49m  [0m[7m  [0m[49m  [0m[49m  [0m[49m  [0m[7m  [0m[7m  [0m[49m  [0m[49m  [0m[49m  [0m[49m  [0m[49m  [0m[7m  [0m[49m  [0m[49m  [0m[49m  [0m[7m  [0m
[7m  [0m[7m  [0m[7m  [0m[7m  [0m[7m  [0m[7m  [0m[7m  [0m[7m  [0m[7m  [0m[49m  [0m[7m  [0m[7m  [0m[49m  [0m[7m  [0m[7m  [0m[7m  [0m[49m  [0m[49m  [0m[7m  [0m[7m  [0m[7m  [0m[49m  [0m[49m  [0m[7m  [0m[7m  [0m[7m  [0m[7m  [0m
[7m  [0m[49m  [0m[49m  [0m[49m  [0m[49m  [0m[49m  [0m[49m  [0m[49m  [0m[7m  [0m[7m  [0m[7m  [0m[49m  [0m[7m  [0m[49m  [0m[49m  [0m[49m  [0m[7m  [0m[49m  [0m[7m  [0m[49m  [0m[7m  [0m[49m  [0m[7m  [0m[49m  [0m[49m  [0m[7m  [0m[7m  [0m
[7m  [0m[49m  [0m[7m  [0m[7m  [0m[7m  [0m[7m  [0m[7m  [0m[49m  [0m[7m  [0m[7m  [0m[7m  [0m[7m  [0m[49m  [0m[7m  [0m[49m  [0m[49m  [0m[7m  [0m[49m  [0m[7m  [0m[7m  [0m[7m  [0m[49m  [0m[49m  [0m[49m  [0m[49m  [0m[7m  [0m[7m  [0m
[7m  [0m[49m  [0m[7m  [0m[49m  [0m[49m  [0m[49m  [0m[7m  [0m[49m  [0m[7m  [0m[49m  [0m[7m  [0m[49m  [0m[49m  [0m[7m  [0m[49m  [0m[7m  [0m[49m  [0m[49m  [0m[49m  [0m[49m  [0m[49m  [0m[49m  [0m[7m  [0m[49m  [0m[49m  [0m[7m  [0m[7m  [0m
[7m  [0m[49m  [0m[7m  [0m[49m  [0m[49m  [0m[49m  [0m[7m  [0m[49m  [0m[7m  [0m[49m  [0m[49m  [0m[7m  [0m[7m  [0m[49m  [0m[49m  [0m[49m  [0m[7m  [0m[49m  [0m[7m  [0m[49m  [0m[7m  [0m[49m  [0m[7m  [0m[49m  [0m[7m  [0m[49m  [0m[7m  [0m
[7m  [0m[49m  [0m[7m  [0m[49m  [0m[49m  [0m[49m  [0m[7m  [0m[49m  [0m[7m  [0m[7m  [0m[49m  [0m[49m  [0m[49m  [0m[7m  [0m[49m  [0m[7m  [0m[7m  [0m[7m  [0m[49m  [0m[7m  [0m[49m  [0m[49m  [0m[7m  [0m[7m  [0m[49m  [0m[49m  [0m[7m  [0m
[7m  [0m[49m  [0m[7m  [0m[7m  [0m[7m  [0m[7m  [0m[7m  [0m[49m  [0m[7m  [0m[49m  [0m[7m  [0m[7m  [0m[49m  [0m[49m  [0m[49m  [0m[7m  [0m[49m  [0m[7m  [0m[49m  [0m[7m  [0m[7m  [0m[7m  [0m[7m  [0m[49m  [0m[49m  [0m[7m  [0m[7m  [0m
[7m  [0m[49m  [0m[49m  [0m[49m  [0m[49m  [0m[49m  [0m[49m  [0m[49m  [0m[7m  [0m[49m  [0m[49m  [0m[7m  [0m[49m  [0m[49m  [0m[49m  [0m[7m  [0m[49m  [0m[7m  [0m[49m  [0m[7m  [0m[7m  [0m[7m  [0m[7m  [0m[49m  [0m[49m  [0m[49m  [0m[7m  [0m
[7m  [0m[7m  [0m[7m  [0m[7m  [0m[7m  [0m[7m  [0m[7m  [0m[7m  [0m[7m  [0m[7m  [0m[7m  [0m[7m  [0m[7m  [0m[7m  [0m[7m  [0m[7m  [0m[7m  [0m[7m  [0m[7m  [0m[7m  [0m[7m  [0m[7m  [0m[7m  [0m[7m  [0m[7m  [0m[7m  [0m[7m  [0m

